[11/02/2025 12:03:19.233 AM] Action   || Name: send_suppressed     || Trigger: ch=1341696618688286720               || Output: Gmail authorization needed. Open and approve, then reply: 'TomCat, au...
[11/02/2025 12:03:19.233 AM] Action   || Name: gmail_auth_url      || Trigger:                                      || Output: https://accounts.google.com/o/oauth2/auth?response_type=code&client_i...
[11/02/2025 12:03:19.249 AM] Action   || Name: gmail_log_scheduler || Trigger: auth                                 || Output: pending
[11/02/2025 12:06:25.304 AM] Action   || Name: send_suppressed     || Trigger: ch=1341696618688286720               || Output: Gmail authorization needed. Open and approve, then reply: 'TomCat, au...
[11/02/2025 12:06:25.441 AM] Action   || Name: gmail_auth_url      || Trigger:                                      || Output: https://accounts.google.com/o/oauth2/auth?response_type=code&client_i...
[11/02/2025 12:06:25.441 AM] Action   || Name: gmail_log_scheduler || Trigger: auth                                 || Output: pending
[11/02/2025 12:06:29.011 AM] Action   || Name: send_suppressed     || Trigger: ch=1341696618688286720               || Output: Gmail authorization needed. Open and approve, then reply: 'TomCat, au...
[11/02/2025 12:06:29.011 AM] Action   || Name: gmail_auth_url      || Trigger:                                      || Output: https://accounts.google.com/o/oauth2/auth?response_type=code&client_i...
[11/02/2025 12:06:29.011 AM] Action   || Name: gmail_log_scheduler || Trigger: auth                                 || Output: pending
[11/02/2025 12:13:14.714 AM] Message  || User: slayc127            || Channel: #purrley-pawsitive-pussy-pals        || Content: went on tumblr for 2 minutes and i feel worse than when i would scro...
[11/02/2025 12:14:04.303 AM] Message  || User: celeryiscelery      || Channel: #purrley-pawsitive-pussy-pals        || Content: who’s broke ass😭😭😭
[11/02/2025 12:19:56.915 AM] React+   || User: .bettercalljack     || Channel: #yapper-committee                    || emoji=😭; msg=1434312929850818713
[11/02/2025 12:20:09.318 AM] React+   || User: .bettercalljack     || Channel: #pictures-of-the-cats                || emoji=‼️; msg=1434308949678620775
[11/02/2025 12:20:10.276 AM] React+   || User: .bettercalljack     || Channel: #pictures-of-the-cats                || emoji=‼️; msg="SHES SO PRETTY" by _costco_wholesale_
[11/02/2025 12:20:12.651 AM] React+   || User: .bettercalljack     || Channel: #pictures-of-the-cats                || emoji=😭; msg=1434311198836527194
[11/02/2025 12:20:16.465 AM] React+   || User: .bettercalljack     || Channel: #pictures-of-the-cats                || emoji=‼️; msg="itchy lady" by _costco_wholesale_
[11/02/2025 12:20:18.985 AM] React+   || User: .bettercalljack     || Channel: #pictures-of-the-cats                || emoji=‼️; msg="because she is" by _costco_wholesale_
[11/02/2025 12:20:36.241 AM] Message  || User: .bettercalljack     || Channel: #pictures-of-the-cats                || Content: https://tenor.com/view/squid-game-squid-game-season-3-player-456-sta...
[11/02/2025 12:20:38.560 AM] Message  || User: .bettercalljack     || Channel: #pictures-of-the-cats                || Content: Like
[11/02/2025 12:21:03.776 AM] Message  || User: .bettercalljack     || Channel: #pictures-of-the-cats                || Content: This one is like the above gif
[11/02/2025 12:22:09.129 AM] React+   || User: coziidruid          || Channel: #purrley-pawsitive-pussy-pals        || emoji=😭; msg="who’s broke ass😭😭😭" by celeryiscelery
[11/02/2025 12:23:27.816 AM] Message  || User: lemonelon_          || Channel: #itty-bitty-kitty-commitee           || Content: sob
[11/02/2025 12:23:30.634 AM] React+   || User: lemonelon_          || Channel: #itty-bitty-kitty-commitee           || emoji=<:sad_cat:828777514335600641>; msg="https://tenor.com/view/under-the-wa...
[11/02/2025 12:23:54.405 AM] Message  || User: lemonelon_          || Channel: #itty-bitty-kitty-commitee           || Content: i dont like doing schoolwork
[11/02/2025 12:24:09.464 AM] Message  || User: lemonelon_          || Channel: #itty-bitty-kitty-commitee           || Content: 20 minute break in between each paragraph
[11/02/2025 12:28:29.234 AM] Leave    || User: succywuccy (4171... || Guild: Campus Cat Coalition                  
[11/02/2025 12:28:50.446 AM] Edit     || User: celeryiscelery      || Channel: #purrley-pawsitive-pussy-pals        || who’s broke ass😭😭😭 -> whose broke ass😭😭😭
[11/02/2025 12:30:04.691 AM] Action   || Name: send_suppressed     || Trigger: ch=1341696618688286720               || Output: Gmail authorization needed. Open and approve, then reply: 'TomCat, au...
[11/02/2025 12:30:04.691 AM] Action   || Name: gmail_auth_url      || Trigger:                                      || Output: https://accounts.google.com/o/oauth2/auth?response_type=code&client_i...
[11/02/2025 12:30:04.693 AM] Action   || Name: gmail_log_scheduler || Trigger: auth                                 || Output: pending
[11/02/2025 12:34:21.674 AM] Message  || User: .bettercalljack     || Channel: #itty-bitty-kitty-commitee           || Content: 20 minute break per SENTENCE how bout
[11/02/2025 12:34:28.281 AM] Message  || User: .bettercalljack     || Channel: #itty-bitty-kitty-commitee           || Content: Peak productivity
[11/02/2025 12:52:14.512 AM] Action   || Name: send_suppressed     || Trigger: ch=1341696618688286720               || Output: Gmail authorization needed. Open and approve, then reply: 'TomCat, au...
[11/02/2025 12:52:14.512 AM] Action   || Name: gmail_auth_url      || Trigger:                                      || Output: https://accounts.google.com/o/oauth2/auth?response_type=code&client_i...
[11/02/2025 12:52:14.512 AM] Action   || Name: gmail_log_scheduler || Trigger: auth                                 || Output: pending
[11/02/2025 12:59:10.293 AM] Message  || User: kitadan             || Channel: #yapper-committee                    || Content: Reminder to set analog clocks back one hour.  Also if you have a sma...
[11/02/2025 01:00:47.472 AM] Action   || Name: send_suppressed     || Trigger: ch=1341696618688286720               || Output: Gmail authorization needed. Open and approve, then reply: 'TomCat, au...
[11/02/2025 01:00:47.472 AM] Action   || Name: gmail_auth_url      || Trigger:                                      || Output: https://accounts.google.com/o/oauth2/auth?response_type=code&client_i...
[11/02/2025 01:00:47.472 AM] Action   || Name: gmail_log_scheduler || Trigger: auth                                 || Output: pending
[11/02/2025 01:02:36.337 AM] Message  || User: izzyballz           || Channel: #yapper-committee                    || Content: (no text; attachments=1)
[11/02/2025 01:06:44.004 AM] React+   || User: lemonelon_          || Channel: #itty-bitty-kitty-commitee           || emoji=❤️; msg="20 minute break per SENTENCE how bout" by .bettercalljack
[11/02/2025 01:06:46.717 AM] React+   || User: lemonelon_          || Channel: #itty-bitty-kitty-commitee           || emoji=❤️; msg="Peak productivity" by .bettercalljack
[11/02/2025 01:11:33.400 AM] Message  || User: spitonme            || Channel: #bot-spam                            || Content: RAHHHH
[11/02/2025 01:11:35.212 AM] Message  || User: spitonme            || Channel: #bot-spam                            || Content: IM DA GOAT
[11/02/2025 01:19:14.968 AM] Message  || User: mochenoch           || Channel: #bot-spam                            || Content: (no text; attachments=0)
[11/02/2025 01:19:35.647 AM] Message  || User: mochenoch           || Channel: #yapper-committee                    || Content: (no text; attachments=0)
[11/02/2025 01:19:44.053 AM] Message  || User: mochenoch           || Channel: #yapper-committee                    || Content: Chat I hate daylight savings
[11/02/2025 01:20:16.372 AM] React+   || User: mochenoch           || Channel: #itty-bitty-kitty-commitee           || emoji=❤️; msg="20 minute break per SENTENCE how bout" by .bettercalljack
[11/02/2025 01:20:18.885 AM] React+   || User: mochenoch           || Channel: #itty-bitty-kitty-commitee           || emoji=❤️; msg="Peak productivity" by .bettercalljack
[11/02/2025 01:23:19.671 AM] React+   || User: cici4f3             || Channel: #itty-bitty-kitty-commitee           || emoji=❤️; msg="20 minute break per SENTENCE how bout" by .bettercalljack
[11/02/2025 01:23:20.285 AM] React+   || User: cici4f3             || Channel: #itty-bitty-kitty-commitee           || emoji=❤️; msg="Peak productivity" by .bettercalljack
[11/02/2025 01:24:22.774 AM] Message  || User: .bettercalljack     || Channel: #yapper-committee                    || Content: Same
[11/02/2025 01:24:38.483 AM] Message  || User: .bettercalljack     || Channel: #yapper-committee                    || Content: Get ready for your circadian rhythm to get fucked up
[11/02/2025 01:39:56.143 AM] Message  || User: kitadan             || Channel: #yapper-committee                    || Content: You hate normal time.  Daylight savings is what ends this evening.
[11/02/2025 01:44:32.193 AM] Message  || User: izzyballz           || Channel: #yapper-committee                    || Content: hey guys do any of you have recommendations for trying to trim/dull ...
[11/02/2025 01:45:13.171 AM] Message  || User: izzyballz           || Channel: #yapper-committee                    || Content: it’s a miserable experience for all parties involved but it’s time a...
[11/02/2025 01:45:18.261 AM] Action   || Name: send_suppressed     || Trigger: ch=1341696618688286720               || Output: Gmail authorization needed. Open and approve, then reply: 'TomCat, au...
[11/02/2025 01:45:18.261 AM] Action   || Name: gmail_auth_url      || Trigger:                                      || Output: https://accounts.google.com/o/oauth2/auth?response_type=code&client_i...
[11/02/2025 01:45:18.261 AM] Action   || Name: gmail_log_scheduler || Trigger: auth                                 || Output: pending
[11/02/2025 01:45:22.976 AM] Message  || User: izzyballz           || Channel: #yapper-committee                    || Content: treats don’t even help he really hates it
[11/02/2025 01:47:21.813 AM] Message  || User: kitadan             || Channel: #yapper-committee                    || Content: Does he scratch anything in the house?
[11/02/2025 01:49:36.098 AM] Message  || User: izzyballz           || Channel: #yapper-committee                    || Content: he has scratching posts (rope + cardboard) both vertical and horizon...
[11/02/2025 01:51:30.614 AM] Message  || User: kitadan             || Channel: #yapper-committee                    || Content: Having them doesn't mean he is using them.  So again does he scratch...
[11/02/2025 01:52:13.142 AM] Message  || User: izzyballz           || Channel: #yapper-committee                    || Content: yes he definitely uses them we see it regularly and often
[11/02/2025 01:54:52.815 AM] Message  || User: kitadan             || Channel: #yapper-committee                    || Content: How old is your cat?
[11/02/2025 01:55:18.510 AM] Message  || User: izzyballz           || Channel: #yapper-committee                    || Content: one and a half
[11/02/2025 01:02:33.796 AM] Message  || User: kitadan             || Channel: #yapper-committee                    || Content: Touch paws just to touch them on all four paws.  Do this for a coupl...
[11/02/2025 01:06:38.656 AM] Message  || User: mochenoch           || Channel: #yapper-committee                    || Content: Bro I just grab em and and make them sit like a human between my leg...
[11/02/2025 01:06:58.587 AM] Message  || User: mochenoch           || Channel: #yapper-committee                    || Content: If they move or wiggle I just ball up to force them to stay still
[11/02/2025 01:07:53.345 AM] Message  || User: mochenoch           || Channel: #yapper-committee                    || Content: Sometimes burrito wrapping helps
[11/02/2025 01:08:14.497 AM] Message  || User: izzyballz           || Channel: #yapper-committee                    || Content: last time we got him done he didn’t come downstairs for like 4-5 day...
[11/02/2025 01:08:19.013 AM] Message  || User: izzyballz           || Channel: #yapper-committee                    || Content: we had to bring his food up to him
[11/02/2025 01:08:46.030 AM] Message  || User: izzyballz           || Channel: #yapper-committee                    || Content: might just be an it is what is thing though cause they have to be cut
[11/02/2025 01:09:33.262 AM] Message  || User: mochenoch           || Channel: #yapper-committee                    || Content: Yeah it isn’t something you can ignore since they can hurt him and o...
[11/02/2025 01:09:42.685 AM] Message  || User: mochenoch           || Channel: #yapper-committee                    || Content: The more you do it the more you desensitize him
[11/02/2025 01:10:08.557 AM] Action   || Name: profiles_error      || Trigger: sheet_read                           || Output: APIError: [429]: Quota exceeded for quota metric 'Read requests' and ...
[11/02/2025 01:10:08.557 AM] Action   || Name: profiles_scheduler  || Trigger: update_all                           || Output: ran
[11/02/2025 01:10:08.760 AM] Action   || Name: profiles_error      || Trigger: sheet_read                           || Output: APIError: [429]: Quota exceeded for quota metric 'Read requests' and ...
[11/02/2025 01:10:08.760 AM] Action   || Name: profiles_scheduler  || Trigger: update_all                           || Output: ran
[11/02/2025 01:10:08.955 AM] Action   || Name: profiles_error      || Trigger: sheet_read                           || Output: APIError: [429]: Quota exceeded for quota metric 'Read requests' and ...
[11/02/2025 01:10:08.955 AM] Action   || Name: profiles_scheduler  || Trigger: update_all                           || Output: ran
[11/02/2025 01:10:09.133 AM] Action   || Name: profiles_error      || Trigger: sheet_read                           || Output: APIError: [429]: Quota exceeded for quota metric 'Read requests' and ...
[11/02/2025 01:10:09.133 AM] Action   || Name: profiles_scheduler  || Trigger: update_all                           || Output: ran
[11/02/2025 01:10:09.336 AM] Action   || Name: profiles_error      || Trigger: sheet_read                           || Output: APIError: [429]: Quota exceeded for quota metric 'Read requests' and ...
[11/02/2025 01:10:09.338 AM] Action   || Name: profiles_scheduler  || Trigger: update_all                           || Output: ran
[11/02/2025 01:10:09.522 AM] Action   || Name: profiles_error      || Trigger: sheet_read                           || Output: APIError: [429]: Quota exceeded for quota metric 'Read requests' and ...
[11/02/2025 01:10:09.522 AM] Action   || Name: profiles_scheduler  || Trigger: update_all                           || Output: ran
[11/02/2025 01:10:09.712 AM] Action   || Name: profiles_error      || Trigger: sheet_read                           || Output: APIError: [429]: Quota exceeded for quota metric 'Read requests' and ...
[11/02/2025 01:10:09.712 AM] Action   || Name: profiles_scheduler  || Trigger: update_all                           || Output: ran
[11/02/2025 01:10:09.906 AM] Action   || Name: profiles_error      || Trigger: sheet_read                           || Output: APIError: [429]: Quota exceeded for quota metric 'Read requests' and ...
[11/02/2025 01:10:09.906 AM] Action   || Name: profiles_scheduler  || Trigger: update_all                           || Output: ran
[11/02/2025 01:10:10.098 AM] Action   || Name: profiles_error      || Trigger: sheet_read                           || Output: APIError: [429]: Quota exceeded for quota metric 'Read requests' and ...
[11/02/2025 01:10:10.098 AM] Action   || Name: profiles_scheduler  || Trigger: update_all                           || Output: ran
[11/02/2025 01:10:10.202 AM] Action   || Name: profiles_error      || Trigger: sheet_read                           || Output: APIError: [429]: Quota exceeded for quota metric 'Read requests' and ...
[11/02/2025 01:10:10.202 AM] Action   || Name: profiles_scheduler  || Trigger: update_all                           || Output: ran
[11/02/2025 01:10:10.763 AM] Action   || Name: profile_update_e... || Trigger: id=1                                 || Output: 404 Not Found (error code: 10008): Unknown Message
[11/02/2025 01:10:10.780 AM] Action   || Name: profile_update_e... || Trigger: id=2                                 || Output: APIError: [429]: Quota exceeded for quota metric 'Read requests' and ...
[11/02/2025 01:10:10.812 AM] Action   || Name: profile_update_e... || Trigger: id=4                                 || Output: APIError: [429]: Quota exceeded for quota metric 'Read requests' and ...
[11/02/2025 01:10:10.844 AM] Action   || Name: profile_update_e... || Trigger: id=5                                 || Output: APIError: [429]: Quota exceeded for quota metric 'Read requests' and ...
[11/02/2025 01:10:10.876 AM] Action   || Name: profile_update_e... || Trigger: id=6                                 || Output: APIError: [429]: Quota exceeded for quota metric 'Read requests' and ...
[11/02/2025 01:10:10.908 AM] Action   || Name: profile_update_e... || Trigger: id=7                                 || Output: APIError: [429]: Quota exceeded for quota metric 'Read requests' and ...
[11/02/2025 01:10:10.924 AM] Action   || Name: profile_update_e... || Trigger: id=9                                 || Output: APIError: [429]: Quota exceeded for quota metric 'Read requests' and ...
[11/02/2025 01:10:10.972 AM] Action   || Name: profile_update_e... || Trigger: id=17                                || Output: APIError: [429]: Quota exceeded for quota metric 'Read requests' and ...
[11/02/2025 01:10:11.008 AM] Action   || Name: profile_update_e... || Trigger: id=67                                || Output: APIError: [429]: Quota exceeded for quota metric 'Read requests' and ...
[11/02/2025 01:10:11.008 AM] Action   || Name: profile_update_f... || Trigger: count=9                              || Output: 1,2,4,5,6,7,9,17,67
[11/02/2025 01:10:11.008 AM] Action   || Name: profiles_scheduler  || Trigger: update_all                           || Output: ran
[11/02/2025 01:10:11.008 AM] Action   || Name: profile_update_e... || Trigger: id=1                                 || Output: 404 Not Found (error code: 10008): Unknown Message
[11/02/2025 01:10:11.039 AM] Action   || Name: profile_update_e... || Trigger: id=2                                 || Output: APIError: [429]: Quota exceeded for quota metric 'Read requests' and ...
[11/02/2025 01:10:11.053 AM] Action   || Name: profile_update_e... || Trigger: id=4                                 || Output: APIError: [429]: Quota exceeded for quota metric 'Read requests' and ...
[11/02/2025 01:10:11.085 AM] Action   || Name: profile_update_e... || Trigger: id=5                                 || Output: APIError: [429]: Quota exceeded for quota metric 'Read requests' and ...
[11/02/2025 01:10:11.117 AM] Action   || Name: profile_update_e... || Trigger: id=6                                 || Output: APIError: [429]: Quota exceeded for quota metric 'Read requests' and ...
[11/02/2025 01:10:11.150 AM] Action   || Name: profile_update_e... || Trigger: id=7                                 || Output: APIError: [429]: Quota exceeded for quota metric 'Read requests' and ...
[11/02/2025 01:10:11.182 AM] Action   || Name: profile_update_e... || Trigger: id=9                                 || Output: APIError: [429]: Quota exceeded for quota metric 'Read requests' and ...
[11/02/2025 01:10:11.214 AM] Action   || Name: profile_update_e... || Trigger: id=17                                || Output: APIError: [429]: Quota exceeded for quota metric 'Read requests' and ...
[11/02/2025 01:10:11.230 AM] Action   || Name: profile_update_e... || Trigger: id=67                                || Output: APIError: [429]: Quota exceeded for quota metric 'Read requests' and ...
[11/02/2025 01:10:11.230 AM] Action   || Name: profile_update_f... || Trigger: count=9                              || Output: 1,2,4,5,6,7,9,17,67
[11/02/2025 01:10:11.230 AM] Action   || Name: profiles_scheduler  || Trigger: update_all                           || Output: ran
[11/02/2025 01:10:11.230 AM] Action   || Name: profile_update_e... || Trigger: id=1                                 || Output: 404 Not Found (error code: 10008): Unknown Message
[11/02/2025 01:10:11.262 AM] Action   || Name: profile_update_e... || Trigger: id=2                                 || Output: APIError: [429]: Quota exceeded for quota metric 'Read requests' and ...
[11/02/2025 01:10:11.295 AM] Action   || Name: profile_update_e... || Trigger: id=4                                 || Output: APIError: [429]: Quota exceeded for quota metric 'Read requests' and ...
[11/02/2025 01:10:11.327 AM] Action   || Name: profile_update_e... || Trigger: id=5                                 || Output: APIError: [429]: Quota exceeded for quota metric 'Read requests' and ...
[11/02/2025 01:10:11.370 AM] Action   || Name: profile_update_e... || Trigger: id=6                                 || Output: APIError: [429]: Quota exceeded for quota metric 'Read requests' and ...
[11/02/2025 01:10:11.392 AM] Action   || Name: profile_update_e... || Trigger: id=7                                 || Output: APIError: [429]: Quota exceeded for quota metric 'Read requests' and ...
[11/02/2025 01:10:11.431 AM] Action   || Name: profile_update_e... || Trigger: id=9                                 || Output: APIError: [429]: Quota exceeded for quota metric 'Read requests' and ...
[11/02/2025 01:10:11.471 AM] Action   || Name: profile_update_e... || Trigger: id=17                                || Output: APIError: [429]: Quota exceeded for quota metric 'Read requests' and ...
[11/02/2025 01:10:11.505 AM] Action   || Name: profile_update_e... || Trigger: id=67                                || Output: APIError: [429]: Quota exceeded for quota metric 'Read requests' and ...
[11/02/2025 01:10:11.505 AM] Action   || Name: profile_update_f... || Trigger: count=9                              || Output: 1,2,4,5,6,7,9,17,67
[11/02/2025 01:10:11.505 AM] Action   || Name: profiles_scheduler  || Trigger: update_all                           || Output: ran
[11/02/2025 01:10:11.505 AM] Action   || Name: profile_update_e... || Trigger: id=1                                 || Output: 404 Not Found (error code: 10008): Unknown Message
[11/02/2025 01:10:11.537 AM] Action   || Name: profile_update_e... || Trigger: id=2                                 || Output: APIError: [429]: Quota exceeded for quota metric 'Read requests' and ...
[11/02/2025 01:10:11.567 AM] Action   || Name: profile_update_e... || Trigger: id=4                                 || Output: APIError: [429]: Quota exceeded for quota metric 'Read requests' and ...
[11/02/2025 01:10:11.818 AM] Action   || Name: profile_update_e... || Trigger: id=5                                 || Output: APIError: [429]: Quota exceeded for quota metric 'Read requests' and ...
[11/02/2025 01:10:11.848 AM] Action   || Name: profile_update_e... || Trigger: id=6                                 || Output: APIError: [429]: Quota exceeded for quota metric 'Read requests' and ...
[11/02/2025 01:10:11.870 AM] Action   || Name: profile_update_e... || Trigger: id=7                                 || Output: APIError: [429]: Quota exceeded for quota metric 'Read requests' and ...
[11/02/2025 01:10:11.901 AM] Action   || Name: profile_update_e... || Trigger: id=9                                 || Output: APIError: [429]: Quota exceeded for quota metric 'Read requests' and ...
[11/02/2025 01:10:11.934 AM] Action   || Name: profile_update_e... || Trigger: id=17                                || Output: APIError: [429]: Quota exceeded for quota metric 'Read requests' and ...
[11/02/2025 01:10:11.966 AM] Action   || Name: profile_update_e... || Trigger: id=67                                || Output: APIError: [429]: Quota exceeded for quota metric 'Read requests' and ...
[11/02/2025 01:10:11.966 AM] Action   || Name: profile_update_f... || Trigger: count=9                              || Output: 1,2,4,5,6,7,9,17,67
[11/02/2025 01:10:11.966 AM] Action   || Name: profiles_scheduler  || Trigger: update_all                           || Output: ran
[11/02/2025 01:10:11.966 AM] Action   || Name: profile_update_e... || Trigger: id=1                                 || Output: 404 Not Found (error code: 10008): Unknown Message
[11/02/2025 01:10:11.999 AM] Action   || Name: profile_update_e... || Trigger: id=2                                 || Output: APIError: [429]: Quota exceeded for quota metric 'Read requests' and ...
[11/02/2025 01:10:12.033 AM] Action   || Name: profile_update_e... || Trigger: id=4                                 || Output: APIError: [429]: Quota exceeded for quota metric 'Read requests' and ...
[11/02/2025 01:10:12.062 AM] Action   || Name: profile_update_e... || Trigger: id=5                                 || Output: APIError: [429]: Quota exceeded for quota metric 'Read requests' and ...
[11/02/2025 01:10:12.100 AM] Action   || Name: profile_update_e... || Trigger: id=6                                 || Output: APIError: [429]: Quota exceeded for quota metric 'Read requests' and ...
[11/02/2025 01:10:12.130 AM] Action   || Name: profile_update_e... || Trigger: id=7                                 || Output: APIError: [429]: Quota exceeded for quota metric 'Read requests' and ...
[11/02/2025 01:10:12.157 AM] Action   || Name: profile_update_e... || Trigger: id=9                                 || Output: APIError: [429]: Quota exceeded for quota metric 'Read requests' and ...
[11/02/2025 01:10:12.173 AM] Action   || Name: profile_update_e... || Trigger: id=17                                || Output: APIError: [429]: Quota exceeded for quota metric 'Read requests' and ...
[11/02/2025 01:10:12.221 AM] Action   || Name: profile_update_e... || Trigger: id=67                                || Output: APIError: [429]: Quota exceeded for quota metric 'Read requests' and ...
[11/02/2025 01:10:12.221 AM] Action   || Name: profile_update_f... || Trigger: count=9                              || Output: 1,2,4,5,6,7,9,17,67
[11/02/2025 01:10:12.221 AM] Action   || Name: profiles_scheduler  || Trigger: update_all                           || Output: ran
[11/02/2025 01:10:12.921 AM] Action   || Name: profile_update_e... || Trigger: id=1                                 || Output: 404 Not Found (error code: 10008): Unknown Message
[11/02/2025 01:10:12.971 AM] Action   || Name: profile_update_e... || Trigger: id=2                                 || Output: APIError: [429]: Quota exceeded for quota metric 'Read requests' and ...
[11/02/2025 01:10:12.985 AM] Action   || Name: profile_update_e... || Trigger: id=4                                 || Output: APIError: [429]: Quota exceeded for quota metric 'Read requests' and ...
[11/02/2025 01:10:13.020 AM] Action   || Name: profile_update_e... || Trigger: id=5                                 || Output: APIError: [429]: Quota exceeded for quota metric 'Read requests' and ...
[11/02/2025 01:10:13.056 AM] Action   || Name: profile_update_e... || Trigger: id=6                                 || Output: APIError: [429]: Quota exceeded for quota metric 'Read requests' and ...
[11/02/2025 01:10:13.082 AM] Action   || Name: profile_update_e... || Trigger: id=7                                 || Output: APIError: [429]: Quota exceeded for quota metric 'Read requests' and ...
[11/02/2025 01:10:13.114 AM] Action   || Name: profile_update_e... || Trigger: id=9                                 || Output: APIError: [429]: Quota exceeded for quota metric 'Read requests' and ...
[11/02/2025 01:10:13.146 AM] Action   || Name: profile_update_e... || Trigger: id=17                                || Output: APIError: [429]: Quota exceeded for quota metric 'Read requests' and ...
[11/02/2025 01:10:13.178 AM] Action   || Name: profile_update_e... || Trigger: id=67                                || Output: APIError: [429]: Quota exceeded for quota metric 'Read requests' and ...
[11/02/2025 01:10:13.178 AM] Action   || Name: profile_update_f... || Trigger: count=9                              || Output: 1,2,4,5,6,7,9,17,67
[11/02/2025 01:10:13.178 AM] Action   || Name: profiles_scheduler  || Trigger: update_all                           || Output: ran
[11/02/2025 01:10:16.470 AM] Action   || Name: profile_update_e... || Trigger: id=1                                 || Output: 404 Not Found (error code: 10008): Unknown Message
[11/02/2025 01:10:16.502 AM] Action   || Name: profile_update_e... || Trigger: id=2                                 || Output: APIError: [429]: Quota exceeded for quota metric 'Read requests' and ...
[11/02/2025 01:10:16.711 AM] Action   || Name: profile_update_e... || Trigger: id=4                                 || Output: APIError: [429]: Quota exceeded for quota metric 'Read requests' and ...
[11/02/2025 01:10:17.635 AM] Action   || Name: profile_update_e... || Trigger: id=5                                 || Output: 404 Not Found (error code: 10008): Unknown Message
[11/02/2025 01:10:18.470 AM] Action   || Name: profile_update_e... || Trigger: id=6                                 || Output: 404 Not Found (error code: 10008): Unknown Message
[11/02/2025 01:10:19.287 AM] Action   || Name: profile_update_e... || Trigger: id=7                                 || Output: 404 Not Found (error code: 10008): Unknown Message
[11/02/2025 01:10:20.069 AM] Action   || Name: profile_update_e... || Trigger: id=9                                 || Output: 404 Not Found (error code: 10008): Unknown Message
[11/02/2025 01:10:20.800 AM] Action   || Name: profile_update_e... || Trigger: id=17                                || Output: 404 Not Found (error code: 10008): Unknown Message
[11/02/2025 01:10:21.645 AM] Action   || Name: profile_update_e... || Trigger: id=67                                || Output: 404 Not Found (error code: 10008): Unknown Message
[11/02/2025 01:10:21.646 AM] Action   || Name: profile_update_f... || Trigger: count=9                              || Output: 1,2,4,5,6,7,9,17,67
[11/02/2025 01:10:21.646 AM] Action   || Name: profiles_scheduler  || Trigger: update_all                           || Output: ran
[11/02/2025 01:10:23.289 AM] Message  || User: mochenoch           || Channel: #yapper-committee                    || Content: He’ll most likely stop ignoring and hiding the more you mess with hi...
[11/02/2025 01:12:43.615 AM] Message  || User: kitadan             || Channel: #yapper-committee                    || Content: This is why the fake Mama neck pull helps.  It triggers a I'm safe w...
[11/02/2025 01:33:32.169 AM] Action   || Name: send_suppressed     || Trigger: ch=1341696618688286720               || Output: Gmail authorization needed. Open and approve, then reply: 'TomCat, au...
[11/02/2025 01:33:32.169 AM] Action   || Name: gmail_auth_url      || Trigger:                                      || Output: https://accounts.google.com/o/oauth2/auth?response_type=code&client_i...
[11/02/2025 01:33:32.169 AM] Action   || Name: gmail_log_scheduler || Trigger: auth                                 || Output: pending
[11/02/2025 01:43:59.787 AM] Action   || Name: send_suppressed     || Trigger: ch=1341696618688286720               || Output: Gmail authorization needed. Open and approve, then reply: 'TomCat, au...
[11/02/2025 01:43:59.787 AM] Action   || Name: gmail_auth_url      || Trigger:                                      || Output: https://accounts.google.com/o/oauth2/auth?response_type=code&client_i...
[11/02/2025 01:43:59.787 AM] Action   || Name: gmail_log_scheduler || Trigger: auth                                 || Output: pending
[11/02/2025 01:44:03.936 AM] Action   || Name: send_suppressed     || Trigger: ch=1341696618688286720               || Output: Gmail authorization needed. Open and approve, then reply: 'TomCat, au...
[11/02/2025 01:44:03.936 AM] Action   || Name: gmail_auth_url      || Trigger:                                      || Output: https://accounts.google.com/o/oauth2/auth?response_type=code&client_i...
[11/02/2025 01:44:03.941 AM] Action   || Name: gmail_log_scheduler || Trigger: auth                                 || Output: pending
[11/02/2025 01:51:23.499 AM] Action   || Name: send_suppressed     || Trigger: ch=1341696618688286720               || Output: Gmail authorization needed. Open and approve, then reply: 'TomCat, au...
[11/02/2025 01:51:23.499 AM] Action   || Name: gmail_auth_url      || Trigger:                                      || Output: https://accounts.google.com/o/oauth2/auth?response_type=code&client_i...
[11/02/2025 01:51:23.501 AM] Action   || Name: gmail_log_scheduler || Trigger: auth                                 || Output: pending
[11/02/2025 02:00:01.621 AM] Action   || Name: dues_membership_... || Trigger: sheet=1PBvCd6gTwc1_aqlCtn93xPW7XJ... || Output: ws=Membership Application List
[11/02/2025 02:00:04.517 AM] Action   || Name: dues_membership_... || Trigger: row=2                                || Output: Date|Mavorgs Invite|Semester|Email|Full Name|Discord Username|Payment...
[11/02/2025 02:00:04.521 AM] Action   || Name: dues_membership_... || Trigger: total=1002                           || Output: usable=858
[11/02/2025 02:00:04.523 AM] Action   || Name: dues_scheduler      || Trigger: count=0                              || Output: done
[11/02/2025 02:00:04.525 AM] Action   || Name: dues_membership_... || Trigger: sheet=1PBvCd6gTwc1_aqlCtn93xPW7XJ... || Output: ws=Membership Application List
[11/02/2025 02:00:04.527 AM] Action   || Name: dues_scheduler      || Trigger: count=0                              || Output: done
[11/02/2025 02:00:04.529 AM] Action   || Name: dues_membership_... || Trigger: sheet=1PBvCd6gTwc1_aqlCtn93xPW7XJ... || Output: ws=Membership Application List
[11/02/2025 02:00:04.531 AM] Action   || Name: dues_scheduler      || Trigger: count=0                              || Output: done
[11/02/2025 02:00:04.531 AM] Action   || Name: dues_membership_... || Trigger: sheet=1PBvCd6gTwc1_aqlCtn93xPW7XJ... || Output: ws=Membership Application List
[11/02/2025 02:00:04.533 AM] Action   || Name: dues_scheduler      || Trigger: count=0                              || Output: done
[11/02/2025 02:00:04.535 AM] Action   || Name: dues_membership_... || Trigger: sheet=1PBvCd6gTwc1_aqlCtn93xPW7XJ... || Output: ws=Membership Application List
[11/02/2025 02:00:04.535 AM] Action   || Name: dues_scheduler      || Trigger: count=0                              || Output: done
[11/02/2025 02:00:04.696 AM] Action   || Name: dues_membership_... || Trigger: sheet=1PBvCd6gTwc1_aqlCtn93xPW7XJ... || Output: ws=Membership Application List
[11/02/2025 02:00:04.696 AM] Action   || Name: dues_scheduler      || Trigger: count=0                              || Output: done
[11/02/2025 02:00:04.704 AM] Action   || Name: dues_membership_... || Trigger: sheet=1PBvCd6gTwc1_aqlCtn93xPW7XJ... || Output: ws=Membership Application List
[11/02/2025 02:00:04.704 AM] Action   || Name: dues_scheduler      || Trigger: count=0                              || Output: done
[11/02/2025 02:00:05.515 AM] Action   || Name: dues_membership_... || Trigger: sheet=1PBvCd6gTwc1_aqlCtn93xPW7XJ... || Output: ws=Membership Application List
[11/02/2025 02:00:05.515 AM] Action   || Name: dues_scheduler      || Trigger: count=0                              || Output: done
[11/02/2025 02:00:06.470 AM] Action   || Name: dues_membership_... || Trigger: sheet=1PBvCd6gTwc1_aqlCtn93xPW7XJ... || Output: ws=Membership Application List
[11/02/2025 02:00:06.470 AM] Action   || Name: dues_scheduler      || Trigger: count=0                              || Output: done
[11/02/2025 02:00:07.374 AM] Action   || Name: dues_membership_... || Trigger: sheet=1PBvCd6gTwc1_aqlCtn93xPW7XJ... || Output: ws=Membership Application List
[11/02/2025 02:00:07.374 AM] Action   || Name: dues_scheduler      || Trigger: count=0                              || Output: done
[11/02/2025 02:00:08.550 AM] Action   || Name: dues_membership_... || Trigger: sheet=1PBvCd6gTwc1_aqlCtn93xPW7XJ... || Output: ws=Membership Application List
[11/02/2025 02:00:08.550 AM] Action   || Name: dues_scheduler      || Trigger: count=0                              || Output: done
[11/02/2025 02:00:09.624 AM] Action   || Name: dues_membership_... || Trigger: sheet=1PBvCd6gTwc1_aqlCtn93xPW7XJ... || Output: ws=Membership Application List
[11/02/2025 02:00:09.624 AM] Action   || Name: dues_scheduler      || Trigger: count=0                              || Output: done
[11/02/2025 02:00:10.500 AM] Action   || Name: dues_membership_... || Trigger: sheet=1PBvCd6gTwc1_aqlCtn93xPW7XJ... || Output: ws=Membership Application List
[11/02/2025 02:00:10.500 AM] Action   || Name: dues_scheduler      || Trigger: count=0                              || Output: done
[11/02/2025 02:00:11.524 AM] Action   || Name: dues_membership_... || Trigger: sheet=1PBvCd6gTwc1_aqlCtn93xPW7XJ... || Output: ws=Membership Application List
[11/02/2025 02:00:11.526 AM] Action   || Name: dues_scheduler      || Trigger: count=0                              || Output: done
[11/02/2025 02:00:12.351 AM] Action   || Name: dues_membership_... || Trigger: sheet=1PBvCd6gTwc1_aqlCtn93xPW7XJ... || Output: ws=Membership Application List
[11/02/2025 02:00:12.351 AM] Action   || Name: dues_scheduler      || Trigger: count=0                              || Output: done
[11/02/2025 02:00:13.474 AM] Action   || Name: dues_membership_... || Trigger: sheet=1PBvCd6gTwc1_aqlCtn93xPW7XJ... || Output: ws=Membership Application List
[11/02/2025 02:00:13.474 AM] Action   || Name: dues_scheduler      || Trigger: count=0                              || Output: done
[11/02/2025 02:00:17.416 AM] Action   || Name: dues_membership_... || Trigger: sheet=1PBvCd6gTwc1_aqlCtn93xPW7XJ... || Output: ws=Membership Application List
[11/02/2025 02:00:17.416 AM] Action   || Name: dues_scheduler      || Trigger: count=0                              || Output: done
[11/02/2025 02:05:39.866 AM] Message  || User: kitadan             || Channel: #yapper-committee                    || Content: And we are back on normal time.
[11/02/2025 02:10:09.298 AM] Action   || Name: profiles_error      || Trigger: sheet_read                           || Output: APIError: [429]: Quota exceeded for quota metric 'Read requests' and ...
[11/02/2025 02:10:09.314 AM] Action   || Name: profiles_scheduler  || Trigger: update_all                           || Output: ran
[11/02/2025 02:10:09.346 AM] Action   || Name: profiles_error      || Trigger: sheet_read                           || Output: APIError: [429]: Quota exceeded for quota metric 'Read requests' and ...
[11/02/2025 02:10:09.346 AM] Action   || Name: profiles_scheduler  || Trigger: update_all                           || Output: ran
[11/02/2025 02:10:09.378 AM] Action   || Name: profiles_error      || Trigger: sheet_read                           || Output: APIError: [429]: Quota exceeded for quota metric 'Read requests' and ...
[11/02/2025 02:10:09.378 AM] Action   || Name: profiles_scheduler  || Trigger: update_all                           || Output: ran
[11/02/2025 02:10:09.394 AM] Action   || Name: profiles_error      || Trigger: sheet_read                           || Output: APIError: [429]: Quota exceeded for quota metric 'Read requests' and ...
[11/02/2025 02:10:09.394 AM] Action   || Name: profiles_scheduler  || Trigger: update_all                           || Output: ran
[11/02/2025 02:10:09.426 AM] Action   || Name: profiles_error      || Trigger: sheet_read                           || Output: APIError: [429]: Quota exceeded for quota metric 'Read requests' and ...
[11/02/2025 02:10:09.441 AM] Action   || Name: profiles_scheduler  || Trigger: update_all                           || Output: ran
[11/02/2025 02:10:09.474 AM] Action   || Name: profiles_error      || Trigger: sheet_read                           || Output: APIError: [429]: Quota exceeded for quota metric 'Read requests' and ...
[11/02/2025 02:10:09.474 AM] Action   || Name: profiles_scheduler  || Trigger: update_all                           || Output: ran
[11/02/2025 02:10:09.510 AM] Action   || Name: profiles_error      || Trigger: sheet_read                           || Output: APIError: [429]: Quota exceeded for quota metric 'Read requests' and ...
[11/02/2025 02:10:09.510 AM] Action   || Name: profiles_scheduler  || Trigger: update_all                           || Output: ran
[11/02/2025 02:10:09.557 AM] Action   || Name: profiles_error      || Trigger: sheet_read                           || Output: APIError: [429]: Quota exceeded for quota metric 'Read requests' and ...
[11/02/2025 02:10:09.557 AM] Action   || Name: profiles_scheduler  || Trigger: update_all                           || Output: ran
[11/02/2025 02:10:09.591 AM] Action   || Name: profiles_error      || Trigger: sheet_read                           || Output: APIError: [429]: Quota exceeded for quota metric 'Read requests' and ...
[11/02/2025 02:10:09.591 AM] Action   || Name: profiles_scheduler  || Trigger: update_all                           || Output: ran
[11/02/2025 02:10:09.817 AM] Action   || Name: profile_update_e... || Trigger: id=1                                 || Output: 404 Not Found (error code: 10008): Unknown Message
[11/02/2025 02:10:09.849 AM] Action   || Name: profile_update_e... || Trigger: id=2                                 || Output: APIError: [429]: Quota exceeded for quota metric 'Read requests' and ...
[11/02/2025 02:10:09.889 AM] Action   || Name: profile_update_e... || Trigger: id=4                                 || Output: APIError: [429]: Quota exceeded for quota metric 'Read requests' and ...
[11/02/2025 02:10:09.922 AM] Action   || Name: profile_update_e... || Trigger: id=5                                 || Output: APIError: [429]: Quota exceeded for quota metric 'Read requests' and ...
[11/02/2025 02:10:09.960 AM] Action   || Name: profile_update_e... || Trigger: id=6                                 || Output: APIError: [429]: Quota exceeded for quota metric 'Read requests' and ...
[11/02/2025 02:10:09.991 AM] Action   || Name: profile_update_e... || Trigger: id=7                                 || Output: APIError: [429]: Quota exceeded for quota metric 'Read requests' and ...
[11/02/2025 02:10:10.025 AM] Action   || Name: profile_update_e... || Trigger: id=9                                 || Output: APIError: [429]: Quota exceeded for quota metric 'Read requests' and ...
[11/02/2025 02:10:10.039 AM] Action   || Name: profile_update_e... || Trigger: id=17                                || Output: APIError: [429]: Quota exceeded for quota metric 'Read requests' and ...
[11/02/2025 02:10:10.071 AM] Action   || Name: profile_update_e... || Trigger: id=67                                || Output: APIError: [429]: Quota exceeded for quota metric 'Read requests' and ...
[11/02/2025 02:10:10.071 AM] Action   || Name: profile_update_f... || Trigger: count=9                              || Output: 1,2,4,5,6,7,9,17,67
[11/02/2025 02:10:10.071 AM] Action   || Name: profiles_scheduler  || Trigger: update_all                           || Output: ran
[11/02/2025 02:10:10.071 AM] Action   || Name: profile_update_e... || Trigger: id=1                                 || Output: 404 Not Found (error code: 10008): Unknown Message
[11/02/2025 02:10:10.103 AM] Action   || Name: profile_update_e... || Trigger: id=2                                 || Output: APIError: [429]: Quota exceeded for quota metric 'Read requests' and ...
[11/02/2025 02:10:10.139 AM] Action   || Name: profile_update_e... || Trigger: id=4                                 || Output: APIError: [429]: Quota exceeded for quota metric 'Read requests' and ...
[11/02/2025 02:10:10.168 AM] Action   || Name: profile_update_e... || Trigger: id=5                                 || Output: APIError: [429]: Quota exceeded for quota metric 'Read requests' and ...
[11/02/2025 02:10:10.200 AM] Action   || Name: profile_update_e... || Trigger: id=6                                 || Output: APIError: [429]: Quota exceeded for quota metric 'Read requests' and ...
[11/02/2025 02:10:10.231 AM] Action   || Name: profile_update_e... || Trigger: id=7                                 || Output: APIError: [429]: Quota exceeded for quota metric 'Read requests' and ...
[11/02/2025 02:10:10.279 AM] Action   || Name: profile_update_e... || Trigger: id=9                                 || Output: APIError: [429]: Quota exceeded for quota metric 'Read requests' and ...
[11/02/2025 02:10:10.312 AM] Action   || Name: profile_update_e... || Trigger: id=17                                || Output: APIError: [429]: Quota exceeded for quota metric 'Read requests' and ...
[11/02/2025 02:10:10.351 AM] Action   || Name: profile_update_e... || Trigger: id=67                                || Output: APIError: [429]: Quota exceeded for quota metric 'Read requests' and ...
[11/02/2025 02:10:10.351 AM] Action   || Name: profile_update_f... || Trigger: count=9                              || Output: 1,2,4,5,6,7,9,17,67
[11/02/2025 02:10:10.351 AM] Action   || Name: profiles_scheduler  || Trigger: update_all                           || Output: ran
[11/02/2025 02:10:10.351 AM] Action   || Name: profile_update_e... || Trigger: id=1                                 || Output: 404 Not Found (error code: 10008): Unknown Message
[11/02/2025 02:10:10.390 AM] Action   || Name: profile_update_e... || Trigger: id=2                                 || Output: APIError: [429]: Quota exceeded for quota metric 'Read requests' and ...
[11/02/2025 02:10:10.421 AM] Action   || Name: profile_update_e... || Trigger: id=4                                 || Output: APIError: [429]: Quota exceeded for quota metric 'Read requests' and ...
[11/02/2025 02:10:10.453 AM] Action   || Name: profile_update_e... || Trigger: id=5                                 || Output: APIError: [429]: Quota exceeded for quota metric 'Read requests' and ...
[11/02/2025 02:10:10.486 AM] Action   || Name: profile_update_e... || Trigger: id=6                                 || Output: APIError: [429]: Quota exceeded for quota metric 'Read requests' and ...
[11/02/2025 02:10:10.518 AM] Action   || Name: profile_update_e... || Trigger: id=7                                 || Output: APIError: [429]: Quota exceeded for quota metric 'Read requests' and ...
[11/02/2025 02:10:10.550 AM] Action   || Name: profile_update_e... || Trigger: id=9                                 || Output: APIError: [429]: Quota exceeded for quota metric 'Read requests' and ...
[11/02/2025 02:10:10.582 AM] Action   || Name: profile_update_e... || Trigger: id=17                                || Output: APIError: [429]: Quota exceeded for quota metric 'Read requests' and ...
[11/02/2025 02:10:10.614 AM] Action   || Name: profile_update_e... || Trigger: id=67                                || Output: APIError: [429]: Quota exceeded for quota metric 'Read requests' and ...
[11/02/2025 02:10:10.630 AM] Action   || Name: profile_update_f... || Trigger: count=9                              || Output: 1,2,4,5,6,7,9,17,67
[11/02/2025 02:10:10.630 AM] Action   || Name: profiles_scheduler  || Trigger: update_all                           || Output: ran
[11/02/2025 02:10:10.630 AM] Action   || Name: profile_update_e... || Trigger: id=1                                 || Output: 404 Not Found (error code: 10008): Unknown Message
[11/02/2025 02:10:10.666 AM] Action   || Name: profile_update_e... || Trigger: id=2                                 || Output: APIError: [429]: Quota exceeded for quota metric 'Read requests' and ...
[11/02/2025 02:10:10.698 AM] Action   || Name: profile_update_e... || Trigger: id=4                                 || Output: APIError: [429]: Quota exceeded for quota metric 'Read requests' and ...
[11/02/2025 02:10:10.741 AM] Action   || Name: profile_update_e... || Trigger: id=5                                 || Output: APIError: [429]: Quota exceeded for quota metric 'Read requests' and ...
[11/02/2025 02:10:10.759 AM] Action   || Name: profile_update_e... || Trigger: id=6                                 || Output: APIError: [429]: Quota exceeded for quota metric 'Read requests' and ...
[11/02/2025 02:10:10.791 AM] Action   || Name: profile_update_e... || Trigger: id=7                                 || Output: APIError: [429]: Quota exceeded for quota metric 'Read requests' and ...
[11/02/2025 02:10:10.839 AM] Action   || Name: profile_update_e... || Trigger: id=9                                 || Output: APIError: [429]: Quota exceeded for quota metric 'Read requests' and ...
[11/02/2025 02:10:10.871 AM] Action   || Name: profile_update_e... || Trigger: id=17                                || Output: APIError: [429]: Quota exceeded for quota metric 'Read requests' and ...
[11/02/2025 02:10:10.903 AM] Action   || Name: profile_update_e... || Trigger: id=67                                || Output: APIError: [429]: Quota exceeded for quota metric 'Read requests' and ...
[11/02/2025 02:10:10.903 AM] Action   || Name: profile_update_f... || Trigger: count=9                              || Output: 1,2,4,5,6,7,9,17,67
[11/02/2025 02:10:10.915 AM] Action   || Name: profiles_scheduler  || Trigger: update_all                           || Output: ran
[11/02/2025 02:10:12.834 AM] Action   || Name: profile_update_e... || Trigger: id=1                                 || Output: 404 Not Found (error code: 10008): Unknown Message
[11/02/2025 02:10:12.869 AM] Action   || Name: profile_update_e... || Trigger: id=2                                 || Output: APIError: [429]: Quota exceeded for quota metric 'Read requests' and ...
[11/02/2025 02:10:12.914 AM] Action   || Name: profile_update_e... || Trigger: id=4                                 || Output: APIError: [429]: Quota exceeded for quota metric 'Read requests' and ...
[11/02/2025 02:10:12.946 AM] Action   || Name: profile_update_e... || Trigger: id=5                                 || Output: APIError: [429]: Quota exceeded for quota metric 'Read requests' and ...
[11/02/2025 02:10:13.009 AM] Action   || Name: profile_update_e... || Trigger: id=6                                 || Output: APIError: [429]: Quota exceeded for quota metric 'Read requests' and ...
[11/02/2025 02:10:13.073 AM] Action   || Name: profile_update_e... || Trigger: id=7                                 || Output: APIError: [429]: Quota exceeded for quota metric 'Read requests' and ...
[11/02/2025 02:10:13.121 AM] Action   || Name: profile_update_e... || Trigger: id=9                                 || Output: APIError: [429]: Quota exceeded for quota metric 'Read requests' and ...
[11/02/2025 02:10:13.169 AM] Action   || Name: profile_update_e... || Trigger: id=17                                || Output: APIError: [429]: Quota exceeded for quota metric 'Read requests' and ...
[11/02/2025 02:10:13.217 AM] Action   || Name: profile_update_e... || Trigger: id=67                                || Output: APIError: [429]: Quota exceeded for quota metric 'Read requests' and ...
[11/02/2025 02:10:13.233 AM] Action   || Name: profile_update_f... || Trigger: count=9                              || Output: 1,2,4,5,6,7,9,17,67
[11/02/2025 02:10:13.233 AM] Action   || Name: profiles_scheduler  || Trigger: update_all                           || Output: ran
[11/02/2025 02:10:13.468 AM] Action   || Name: profile_update_e... || Trigger: id=1                                 || Output: 404 Not Found (error code: 10008): Unknown Message
[11/02/2025 02:10:13.512 AM] Action   || Name: profile_update_e... || Trigger: id=2                                 || Output: APIError: [429]: Quota exceeded for quota metric 'Read requests' and ...
[11/02/2025 02:10:13.560 AM] Action   || Name: profile_update_e... || Trigger: id=4                                 || Output: APIError: [429]: Quota exceeded for quota metric 'Read requests' and ...
[11/02/2025 02:10:13.624 AM] Action   || Name: profile_update_e... || Trigger: id=5                                 || Output: APIError: [429]: Quota exceeded for quota metric 'Read requests' and ...
[11/02/2025 02:10:13.672 AM] Action   || Name: profile_update_e... || Trigger: id=6                                 || Output: APIError: [429]: Quota exceeded for quota metric 'Read requests' and ...
[11/02/2025 02:10:13.736 AM] Action   || Name: profile_update_e... || Trigger: id=7                                 || Output: APIError: [429]: Quota exceeded for quota metric 'Read requests' and ...
[11/02/2025 02:10:13.800 AM] Action   || Name: profile_update_e... || Trigger: id=9                                 || Output: APIError: [429]: Quota exceeded for quota metric 'Read requests' and ...
[11/02/2025 02:10:13.832 AM] Action   || Name: profile_update_e... || Trigger: id=17                                || Output: APIError: [429]: Quota exceeded for quota metric 'Read requests' and ...
[11/02/2025 02:10:13.896 AM] Action   || Name: profile_update_e... || Trigger: id=67                                || Output: APIError: [429]: Quota exceeded for quota metric 'Read requests' and ...
[11/02/2025 02:10:13.896 AM] Action   || Name: profile_update_f... || Trigger: count=9                              || Output: 1,2,4,5,6,7,9,17,67
[11/02/2025 02:10:13.896 AM] Action   || Name: profiles_scheduler  || Trigger: update_all                           || Output: ran
[11/02/2025 02:10:13.896 AM] Action   || Name: profile_update_e... || Trigger: id=1                                 || Output: 404 Not Found (error code: 10008): Unknown Message
[11/02/2025 02:10:14.007 AM] Action   || Name: profile_update_e... || Trigger: id=2                                 || Output: APIError: [429]: Quota exceeded for quota metric 'Read requests' and ...
[11/02/2025 02:10:14.039 AM] Action   || Name: profile_update_e... || Trigger: id=4                                 || Output: APIError: [429]: Quota exceeded for quota metric 'Read requests' and ...
[11/02/2025 02:10:14.121 AM] Action   || Name: profile_update_e... || Trigger: id=5                                 || Output: APIError: [429]: Quota exceeded for quota metric 'Read requests' and ...
[11/02/2025 02:10:14.182 AM] Action   || Name: profile_update_e... || Trigger: id=6                                 || Output: APIError: [429]: Quota exceeded for quota metric 'Read requests' and ...
[11/02/2025 02:10:14.246 AM] Action   || Name: profile_update_e... || Trigger: id=7                                 || Output: APIError: [429]: Quota exceeded for quota metric 'Read requests' and ...
[11/02/2025 02:10:14.326 AM] Action   || Name: profile_update_e... || Trigger: id=9                                 || Output: APIError: [429]: Quota exceeded for quota metric 'Read requests' and ...
[11/02/2025 02:10:14.390 AM] Action   || Name: profile_update_e... || Trigger: id=17                                || Output: APIError: [429]: Quota exceeded for quota metric 'Read requests' and ...
[11/02/2025 02:10:14.453 AM] Action   || Name: profile_update_e... || Trigger: id=67                                || Output: APIError: [429]: Quota exceeded for quota metric 'Read requests' and ...
[11/02/2025 02:10:14.453 AM] Action   || Name: profile_update_f... || Trigger: count=9                              || Output: 1,2,4,5,6,7,9,17,67
[11/02/2025 02:10:14.467 AM] Action   || Name: profiles_scheduler  || Trigger: update_all                           || Output: ran
[11/02/2025 02:10:15.831 AM] Action   || Name: profile_update_e... || Trigger: id=1                                 || Output: 404 Not Found (error code: 10008): Unknown Message
[11/02/2025 02:10:15.878 AM] Action   || Name: profile_update_e... || Trigger: id=2                                 || Output: APIError: [429]: Quota exceeded for quota metric 'Read requests' and ...
[11/02/2025 02:10:16.165 AM] Action   || Name: profile_update_e... || Trigger: id=4                                 || Output: APIError: [429]: Quota exceeded for quota metric 'Read requests' and ...
[11/02/2025 02:10:16.544 AM] Action   || Name: profile_update_e... || Trigger: id=5                                 || Output: APIError: [429]: Quota exceeded for quota metric 'Read requests' and ...
[11/02/2025 02:10:17.149 AM] Action   || Name: profile_update_e... || Trigger: id=6                                 || Output: APIError: [429]: Quota exceeded for quota metric 'Read requests' and ...
[11/02/2025 02:10:18.073 AM] Action   || Name: profile_update_e... || Trigger: id=7                                 || Output: 404 Not Found (error code: 10008): Unknown Message
[11/02/2025 02:10:19.181 AM] Action   || Name: profile_update_e... || Trigger: id=9                                 || Output: 404 Not Found (error code: 10008): Unknown Message
[11/02/2025 02:10:19.997 AM] Action   || Name: profile_update_e... || Trigger: id=17                                || Output: 404 Not Found (error code: 10008): Unknown Message
[11/02/2025 02:10:20.876 AM] Action   || Name: profile_update_e... || Trigger: id=67                                || Output: 404 Not Found (error code: 10008): Unknown Message
[11/02/2025 02:10:20.885 AM] Action   || Name: profile_update_f... || Trigger: count=9                              || Output: 1,2,4,5,6,7,9,17,67
[11/02/2025 02:10:20.885 AM] Action   || Name: profiles_scheduler  || Trigger: update_all                           || Output: ran
[11/02/2025 02:13:49.641 AM] Action   || Name: send_suppressed     || Trigger: ch=1341696618688286720               || Output: Gmail authorization needed. Open and approve, then reply: 'TomCat, au...
[11/02/2025 02:13:49.641 AM] Action   || Name: gmail_auth_url      || Trigger:                                      || Output: https://accounts.google.com/o/oauth2/auth?response_type=code&client_i...
[11/02/2025 02:13:49.641 AM] Action   || Name: gmail_log_scheduler || Trigger: auth                                 || Output: pending
[11/02/2025 02:16:39.752 AM] Message  || User: izzyballz           || Channel: #yapper-committee                    || Content: wasted my extra hour of sleep 💔
[11/02/2025 02:16:45.068 AM] Message  || User: austinbaustinb      || Channel: #purrley-pawsitive-pussy-pals        || Content: I’m alright
[11/02/2025 02:16:56.967 AM] Message  || User: austinbaustinb      || Channel: #purrley-pawsitive-pussy-pals        || Content: Anything that says otherwise is wrong
[11/02/2025 02:17:49.399 AM] Message  || User: austinbaustinb      || Channel: #purrley-pawsitive-pussy-pals        || Content: Sleeping on a hotel room floor drunk rn. Surrounded by friends and d...
[11/02/2025 02:18:04.023 AM] Message  || User: austinbaustinb      || Channel: #purrley-pawsitive-pussy-pals        || Content: (no text; attachments=1)
[11/02/2025 02:18:15.432 AM] Message  || User: austinbaustinb      || Channel: #purrley-pawsitive-pussy-pals        || Content: Took this pic earlier
[11/02/2025 02:19:02.378 AM] Message  || User: austinbaustinb      || Channel: #yapper-committee                    || Content: So it’s CST now instead of CDT
[11/02/2025 02:19:12.266 AM] Edit     || User: austinbaustinb      || Channel: #yapper-committee                    || So it’s CST now instead of CDT -> So it’s CST now instead of CDT?
[11/02/2025 02:20:09.196 AM] Message  || User: austinbaustinb      || Channel: #purrley-pawsitive-pussy-pals        || Content: <a:CatInsanity:1405692631203315893>
[11/02/2025 02:20:46.477 AM] Message  || User: izzyballz           || Channel: #yapper-committee                    || Content: yeah
[11/02/2025 02:20:55.697 AM] Action   || Name: send_suppressed     || Trigger: ch=1341696618688286720               || Output: Gmail authorization needed. Open and approve, then reply: 'TomCat, au...
[11/02/2025 02:20:55.697 AM] Action   || Name: gmail_auth_url      || Trigger:                                      || Output: https://accounts.google.com/o/oauth2/auth?response_type=code&client_i...
[11/02/2025 02:20:55.697 AM] Action   || Name: gmail_log_scheduler || Trigger: auth                                 || Output: pending
[11/02/2025 02:20:59.913 AM] Action   || Name: send_suppressed     || Trigger: ch=1341696618688286720               || Output: Gmail authorization needed. Open and approve, then reply: 'TomCat, au...
[11/02/2025 02:20:59.913 AM] Action   || Name: gmail_auth_url      || Trigger:                                      || Output: https://accounts.google.com/o/oauth2/auth?response_type=code&client_i...
[11/02/2025 02:20:59.916 AM] Action   || Name: gmail_log_scheduler || Trigger: auth                                 || Output: pending
[11/02/2025 02:22:06.380 AM] Action   || Name: send_suppressed     || Trigger: ch=1341696618688286720               || Output: Gmail authorization needed. Open and approve, then reply: 'TomCat, au...
[11/02/2025 02:22:06.380 AM] Action   || Name: gmail_auth_url      || Trigger:                                      || Output: https://accounts.google.com/o/oauth2/auth?response_type=code&client_i...
[11/02/2025 02:22:06.382 AM] Action   || Name: gmail_log_scheduler || Trigger: auth                                 || Output: pending
[11/02/2025 02:24:39.036 AM] React+   || User: spitonme            || Channel: #yapper-committee                    || emoji=🐙; msg="This is why the fake Mama neck pull help..." by kitadan
[11/02/2025 02:24:43.269 AM] React+   || User: spitonme            || Channel: #yapper-committee                    || emoji=🐙; msg="wasted my extra hour of sleep 💔" by izzyballz
[11/02/2025 02:28:46.088 AM] Action   || Name: send_suppressed     || Trigger: ch=1341696618688286720               || Output: Gmail authorization needed. Open and approve, then reply: 'TomCat, au...
[11/02/2025 02:28:46.091 AM] Action   || Name: gmail_auth_url      || Trigger:                                      || Output: https://accounts.google.com/o/oauth2/auth?response_type=code&client_i...
[11/02/2025 02:28:46.091 AM] Action   || Name: gmail_log_scheduler || Trigger: auth                                 || Output: pending
[11/02/2025 02:34:03.005 AM] Action   || Name: send_suppressed     || Trigger: ch=1341696618688286720               || Output: Gmail authorization needed. Open and approve, then reply: 'TomCat, au...
[11/02/2025 02:34:03.005 AM] Action   || Name: gmail_auth_url      || Trigger:                                      || Output: https://accounts.google.com/o/oauth2/auth?response_type=code&client_i...
[11/02/2025 02:34:03.005 AM] Action   || Name: gmail_log_scheduler || Trigger: auth                                 || Output: pending
[11/02/2025 03:00:00.215 AM] Action   || Name: dues_membership_... || Trigger: sheet=1PBvCd6gTwc1_aqlCtn93xPW7XJ... || Output: ws=Membership Application List
[11/02/2025 03:00:04.113 AM] Action   || Name: dues_membership_... || Trigger: row=2                                || Output: Date|Mavorgs Invite|Semester|Email|Full Name|Discord Username|Payment...
[11/02/2025 03:00:04.113 AM] Action   || Name: dues_membership_... || Trigger: total=1002                           || Output: usable=858
[11/02/2025 03:00:04.113 AM] Action   || Name: dues_scheduler      || Trigger: count=0                              || Output: done
[11/02/2025 03:00:04.129 AM] Action   || Name: dues_membership_... || Trigger: sheet=1PBvCd6gTwc1_aqlCtn93xPW7XJ... || Output: ws=Membership Application List
[11/02/2025 03:00:04.129 AM] Action   || Name: dues_scheduler      || Trigger: count=0                              || Output: done
[11/02/2025 03:00:04.129 AM] Action   || Name: dues_membership_... || Trigger: sheet=1PBvCd6gTwc1_aqlCtn93xPW7XJ... || Output: ws=Membership Application List
[11/02/2025 03:00:04.129 AM] Action   || Name: dues_scheduler      || Trigger: count=0                              || Output: done
[11/02/2025 03:00:04.129 AM] Action   || Name: dues_membership_... || Trigger: sheet=1PBvCd6gTwc1_aqlCtn93xPW7XJ... || Output: ws=Membership Application List
[11/02/2025 03:00:04.129 AM] Action   || Name: dues_scheduler      || Trigger: count=0                              || Output: done
[11/02/2025 03:00:04.129 AM] Action   || Name: dues_membership_... || Trigger: sheet=1PBvCd6gTwc1_aqlCtn93xPW7XJ... || Output: ws=Membership Application List
[11/02/2025 03:00:04.129 AM] Action   || Name: dues_scheduler      || Trigger: count=0                              || Output: done
[11/02/2025 03:00:04.256 AM] Action   || Name: dues_membership_... || Trigger: sheet=1PBvCd6gTwc1_aqlCtn93xPW7XJ... || Output: ws=Membership Application List
[11/02/2025 03:00:04.256 AM] Action   || Name: dues_scheduler      || Trigger: count=0                              || Output: done
[11/02/2025 03:00:04.335 AM] Action   || Name: dues_membership_... || Trigger: sheet=1PBvCd6gTwc1_aqlCtn93xPW7XJ... || Output: ws=Membership Application List
[11/02/2025 03:00:04.335 AM] Action   || Name: dues_scheduler      || Trigger: count=0                              || Output: done
[11/02/2025 03:00:04.436 AM] Action   || Name: dues_membership_... || Trigger: sheet=1PBvCd6gTwc1_aqlCtn93xPW7XJ... || Output: ws=Membership Application List
[11/02/2025 03:00:04.436 AM] Action   || Name: dues_scheduler      || Trigger: count=0                              || Output: done
[11/02/2025 03:00:05.277 AM] Action   || Name: dues_membership_... || Trigger: sheet=1PBvCd6gTwc1_aqlCtn93xPW7XJ... || Output: ws=Membership Application List
[11/02/2025 03:00:05.277 AM] Action   || Name: dues_scheduler      || Trigger: count=0                              || Output: done
[11/02/2025 03:00:07.161 AM] Action   || Name: dues_membership_... || Trigger: sheet=1PBvCd6gTwc1_aqlCtn93xPW7XJ... || Output: ws=Membership Application List
[11/02/2025 03:00:07.161 AM] Action   || Name: dues_scheduler      || Trigger: count=0                              || Output: done
[11/02/2025 03:00:07.405 AM] Action   || Name: dues_membership_... || Trigger: sheet=1PBvCd6gTwc1_aqlCtn93xPW7XJ... || Output: ws=Membership Application List
[11/02/2025 03:00:07.407 AM] Action   || Name: dues_scheduler      || Trigger: count=0                              || Output: done
[11/02/2025 03:00:08.289 AM] Action   || Name: dues_membership_... || Trigger: sheet=1PBvCd6gTwc1_aqlCtn93xPW7XJ... || Output: ws=Membership Application List
[11/02/2025 03:00:08.289 AM] Action   || Name: dues_scheduler      || Trigger: count=0                              || Output: done
[11/02/2025 03:00:09.257 AM] Action   || Name: dues_membership_... || Trigger: sheet=1PBvCd6gTwc1_aqlCtn93xPW7XJ... || Output: ws=Membership Application List
[11/02/2025 03:00:09.268 AM] Action   || Name: dues_scheduler      || Trigger: count=0                              || Output: done
[11/02/2025 03:00:10.281 AM] Action   || Name: dues_membership_... || Trigger: sheet=1PBvCd6gTwc1_aqlCtn93xPW7XJ... || Output: ws=Membership Application List
[11/02/2025 03:00:10.281 AM] Action   || Name: dues_scheduler      || Trigger: count=0                              || Output: done
[11/02/2025 03:00:11.183 AM] Action   || Name: dues_membership_... || Trigger: sheet=1PBvCd6gTwc1_aqlCtn93xPW7XJ... || Output: ws=Membership Application List
[11/02/2025 03:00:11.183 AM] Action   || Name: dues_scheduler      || Trigger: count=0                              || Output: done
[11/02/2025 03:00:12.369 AM] Action   || Name: dues_membership_... || Trigger: sheet=1PBvCd6gTwc1_aqlCtn93xPW7XJ... || Output: ws=Membership Application List
[11/02/2025 03:00:12.369 AM] Action   || Name: dues_scheduler      || Trigger: count=0                              || Output: done
[11/02/2025 03:00:16.195 AM] Action   || Name: dues_membership_... || Trigger: sheet=1PBvCd6gTwc1_aqlCtn93xPW7XJ... || Output: ws=Membership Application List
[11/02/2025 03:00:16.197 AM] Action   || Name: dues_scheduler      || Trigger: count=0                              || Output: done
[11/02/2025 03:03:19.301 AM] Action   || Name: send_suppressed     || Trigger: ch=1341696618688286720               || Output: Gmail authorization needed. Open and approve, then reply: 'TomCat, au...
[11/02/2025 03:03:19.301 AM] Action   || Name: gmail_auth_url      || Trigger:                                      || Output: https://accounts.google.com/o/oauth2/auth?response_type=code&client_i...
[11/02/2025 03:03:19.301 AM] Action   || Name: gmail_log_scheduler || Trigger: auth                                 || Output: pending
[11/02/2025 03:04:19.403 AM] Message  || User: .bettercalljack     || Channel: #yapper-committee                    || Content: https://tenor.com/view/no-sleep-spongebob-squarepants-insomnia-tired...
[11/02/2025 03:04:20.078 AM] Edit     || User: .bettercalljack     || Channel: #yapper-committee                    || https://tenor.com/view/no-sleep-spongebob-squarepants-insomnia-tired-gif-5395...
[11/02/2025 03:06:25.510 AM] Action   || Name: send_suppressed     || Trigger: ch=1341696618688286720               || Output: Gmail authorization needed. Open and approve, then reply: 'TomCat, au...
[11/02/2025 03:06:25.510 AM] Action   || Name: gmail_auth_url      || Trigger:                                      || Output: https://accounts.google.com/o/oauth2/auth?response_type=code&client_i...
[11/02/2025 03:06:25.510 AM] Action   || Name: gmail_log_scheduler || Trigger: auth                                 || Output: pending
[11/02/2025 03:06:29.064 AM] Action   || Name: send_suppressed     || Trigger: ch=1341696618688286720               || Output: Gmail authorization needed. Open and approve, then reply: 'TomCat, au...
[11/02/2025 03:06:29.064 AM] Action   || Name: gmail_auth_url      || Trigger:                                      || Output: https://accounts.google.com/o/oauth2/auth?response_type=code&client_i...
[11/02/2025 03:06:29.064 AM] Action   || Name: gmail_log_scheduler || Trigger: auth                                 || Output: pending
[11/02/2025 03:30:04.762 AM] Action   || Name: send_suppressed     || Trigger: ch=1341696618688286720               || Output: Gmail authorization needed. Open and approve, then reply: 'TomCat, au...
[11/02/2025 03:30:04.764 AM] Action   || Name: gmail_auth_url      || Trigger:                                      || Output: https://accounts.google.com/o/oauth2/auth?response_type=code&client_i...
[11/02/2025 03:30:04.766 AM] Action   || Name: gmail_log_scheduler || Trigger: auth                                 || Output: pending
[11/02/2025 03:43:03.072 AM] Join     || User: sophie041844 (14... || Guild: Campus Cat Coalition                   || age_days=8; invite=rAEFDeT
[11/02/2025 03:52:14.591 AM] Action   || Name: send_suppressed     || Trigger: ch=1341696618688286720               || Output: Gmail authorization needed. Open and approve, then reply: 'TomCat, au...
[11/02/2025 03:52:14.591 AM] Action   || Name: gmail_auth_url      || Trigger:                                      || Output: https://accounts.google.com/o/oauth2/auth?response_type=code&client_i...
[11/02/2025 03:52:14.591 AM] Action   || Name: gmail_log_scheduler || Trigger: auth                                 || Output: pending
[11/02/2025 04:00:47.524 AM] Action   || Name: send_suppressed     || Trigger: ch=1341696618688286720               || Output: Gmail authorization needed. Open and approve, then reply: 'TomCat, au...
[11/02/2025 04:00:47.524 AM] Action   || Name: gmail_auth_url      || Trigger:                                      || Output: https://accounts.google.com/o/oauth2/auth?response_type=code&client_i...
[11/02/2025 04:00:47.524 AM] Action   || Name: gmail_log_scheduler || Trigger: auth                                 || Output: pending
[11/02/2025 04:18:25.161 AM] Message  || User: .bettercalljack     || Channel: #itty-bitty-kitty-commitee           || Content: Pierci g update
[11/02/2025 04:18:29.093 AM] Message  || User: .bettercalljack     || Channel: #itty-bitty-kitty-commitee           || Content: Do not get it during coughing season
[11/02/2025 04:18:37.185 AM] Message  || User: .bettercalljack     || Channel: #itty-bitty-kitty-commitee           || Content: Has veen the death of me everything else is manageable
[11/02/2025 04:45:18.341 AM] Action   || Name: send_suppressed     || Trigger: ch=1341696618688286720               || Output: Gmail authorization needed. Open and approve, then reply: 'TomCat, au...
[11/02/2025 04:45:18.341 AM] Action   || Name: gmail_auth_url      || Trigger:                                      || Output: https://accounts.google.com/o/oauth2/auth?response_type=code&client_i...
[11/02/2025 04:45:18.341 AM] Action   || Name: gmail_log_scheduler || Trigger: auth                                 || Output: pending
[11/02/2025 05:33:32.263 AM] Action   || Name: send_suppressed     || Trigger: ch=1341696618688286720               || Output: Gmail authorization needed. Open and approve, then reply: 'TomCat, au...
[11/02/2025 05:33:32.268 AM] Action   || Name: gmail_auth_url      || Trigger:                                      || Output: https://accounts.google.com/o/oauth2/auth?response_type=code&client_i...
[11/02/2025 05:33:32.268 AM] Action   || Name: gmail_log_scheduler || Trigger: auth                                 || Output: pending
[11/02/2025 05:38:59.819 AM] Message  || User: adeyumii            || Channel: #yapper-committee                    || Content: no wonder I woke up at 3am feeling okay
[11/02/2025 05:43:59.861 AM] Action   || Name: send_suppressed     || Trigger: ch=1341696618688286720               || Output: Gmail authorization needed. Open and approve, then reply: 'TomCat, au...
[11/02/2025 05:43:59.861 AM] Action   || Name: gmail_auth_url      || Trigger:                                      || Output: https://accounts.google.com/o/oauth2/auth?response_type=code&client_i...
[11/02/2025 05:43:59.863 AM] Action   || Name: gmail_log_scheduler || Trigger: auth                                 || Output: pending
[11/02/2025 05:44:04.011 AM] Action   || Name: send_suppressed     || Trigger: ch=1341696618688286720               || Output: Gmail authorization needed. Open and approve, then reply: 'TomCat, au...
[11/02/2025 05:44:04.011 AM] Action   || Name: gmail_auth_url      || Trigger:                                      || Output: https://accounts.google.com/o/oauth2/auth?response_type=code&client_i...
[11/02/2025 05:44:04.011 AM] Action   || Name: gmail_log_scheduler || Trigger: auth                                 || Output: pending
[11/02/2025 05:51:23.553 AM] Action   || Name: send_suppressed     || Trigger: ch=1341696618688286720               || Output: Gmail authorization needed. Open and approve, then reply: 'TomCat, au...
[11/02/2025 05:51:23.553 AM] Action   || Name: gmail_auth_url      || Trigger:                                      || Output: https://accounts.google.com/o/oauth2/auth?response_type=code&client_i...
[11/02/2025 05:51:23.553 AM] Action   || Name: gmail_log_scheduler || Trigger: auth                                 || Output: pending
[11/02/2025 06:13:49.694 AM] Action   || Name: send_suppressed     || Trigger: ch=1341696618688286720               || Output: Gmail authorization needed. Open and approve, then reply: 'TomCat, au...
[11/02/2025 06:13:49.694 AM] Action   || Name: gmail_auth_url      || Trigger:                                      || Output: https://accounts.google.com/o/oauth2/auth?response_type=code&client_i...
[11/02/2025 06:13:49.694 AM] Action   || Name: gmail_log_scheduler || Trigger: auth                                 || Output: pending
[11/02/2025 06:20:55.776 AM] Action   || Name: send_suppressed     || Trigger: ch=1341696618688286720               || Output: Gmail authorization needed. Open and approve, then reply: 'TomCat, au...
[11/02/2025 06:20:55.776 AM] Action   || Name: gmail_auth_url      || Trigger:                                      || Output: https://accounts.google.com/o/oauth2/auth?response_type=code&client_i...
[11/02/2025 06:20:55.776 AM] Action   || Name: gmail_log_scheduler || Trigger: auth                                 || Output: pending
[11/02/2025 06:20:59.974 AM] Action   || Name: send_suppressed     || Trigger: ch=1341696618688286720               || Output: Gmail authorization needed. Open and approve, then reply: 'TomCat, au...
[11/02/2025 06:20:59.974 AM] Action   || Name: gmail_auth_url      || Trigger:                                      || Output: https://accounts.google.com/o/oauth2/auth?response_type=code&client_i...
[11/02/2025 06:20:59.974 AM] Action   || Name: gmail_log_scheduler || Trigger: auth                                 || Output: pending
[11/02/2025 06:22:06.406 AM] Action   || Name: send_suppressed     || Trigger: ch=1341696618688286720               || Output: Gmail authorization needed. Open and approve, then reply: 'TomCat, au...
[11/02/2025 06:22:06.419 AM] Action   || Name: gmail_auth_url      || Trigger:                                      || Output: https://accounts.google.com/o/oauth2/auth?response_type=code&client_i...
[11/02/2025 06:22:06.419 AM] Action   || Name: gmail_log_scheduler || Trigger: auth                                 || Output: pending
[11/02/2025 06:28:46.176 AM] Action   || Name: send_suppressed     || Trigger: ch=1341696618688286720               || Output: Gmail authorization needed. Open and approve, then reply: 'TomCat, au...
[11/02/2025 06:28:46.176 AM] Action   || Name: gmail_auth_url      || Trigger:                                      || Output: https://accounts.google.com/o/oauth2/auth?response_type=code&client_i...
[11/02/2025 06:28:46.176 AM] Action   || Name: gmail_log_scheduler || Trigger: auth                                 || Output: pending
[11/02/2025 06:34:03.165 AM] Action   || Name: send_suppressed     || Trigger: ch=1341696618688286720               || Output: Gmail authorization needed. Open and approve, then reply: 'TomCat, au...
[11/02/2025 06:34:03.165 AM] Action   || Name: gmail_auth_url      || Trigger:                                      || Output: https://accounts.google.com/o/oauth2/auth?response_type=code&client_i...
[11/02/2025 06:34:03.168 AM] Action   || Name: gmail_log_scheduler || Trigger: auth                                 || Output: pending
[11/02/2025 06:58:44.487 AM] React+   || User: slayc127            || Channel: #purrley-pawsitive-pussy-pals        || emoji=😭; msg="whose broke ass😭😭😭" by celeryiscelery
[11/02/2025 06:58:47.566 AM] React+   || User: .s3j                || Channel: #yapper-committee                    || emoji=😭; msg="last time we got him done he didn’t come..." by izzyballz
[11/02/2025 07:03:19.368 AM] Action   || Name: send_suppressed     || Trigger: ch=1341696618688286720               || Output: Gmail authorization needed. Open and approve, then reply: 'TomCat, au...
[11/02/2025 07:03:19.368 AM] Action   || Name: gmail_auth_url      || Trigger:                                      || Output: https://accounts.google.com/o/oauth2/auth?response_type=code&client_i...
[11/02/2025 07:03:19.371 AM] Action   || Name: gmail_log_scheduler || Trigger: auth                                 || Output: pending
[11/02/2025 07:05:07.683 AM] Message  || User: a1darek             || Channel: #purrley-pawsitive-pussy-pals        || Content: (no text; attachments=1)
[11/02/2025 07:06:25.604 AM] Action   || Name: send_suppressed     || Trigger: ch=1341696618688286720               || Output: Gmail authorization needed. Open and approve, then reply: 'TomCat, au...
[11/02/2025 07:06:25.604 AM] Action   || Name: gmail_auth_url      || Trigger:                                      || Output: https://accounts.google.com/o/oauth2/auth?response_type=code&client_i...
[11/02/2025 07:06:25.604 AM] Action   || Name: gmail_log_scheduler || Trigger: auth                                 || Output: pending
[11/02/2025 07:06:29.119 AM] Action   || Name: send_suppressed     || Trigger: ch=1341696618688286720               || Output: Gmail authorization needed. Open and approve, then reply: 'TomCat, au...
[11/02/2025 07:06:29.119 AM] Action   || Name: gmail_auth_url      || Trigger:                                      || Output: https://accounts.google.com/o/oauth2/auth?response_type=code&client_i...
[11/02/2025 07:06:29.119 AM] Action   || Name: gmail_log_scheduler || Trigger: auth                                 || Output: pending
[11/02/2025 07:23:02.118 AM] Message  || User: adeyumii            || Channel: #itty-bitty-kitty-commitee           || Content: I would like everyone to know that Ariel at lot 50 (one of rubbers k...
[11/02/2025 07:23:02.118 AM] Action   || Name: send_suppressed     || Trigger: ch=551082419768393731                || Output: meow meow
[11/02/2025 07:23:02.118 AM] Action   || Name: handle_misc         || Trigger: trigger=meow                         || Output: meow meow
[11/02/2025 07:23:05.470 AM] Message  || User: adeyumii            || Channel: #itty-bitty-kitty-commitee           || Content: he's quite the yapper
[11/02/2025 07:23:23.156 AM] Message  || User: adeyumii            || Channel: #itty-bitty-kitty-commitee           || Content: also I saw boots make biscuits yesterday. I almost pet him, he got s...
[11/02/2025 07:30:04.819 AM] Action   || Name: send_suppressed     || Trigger: ch=1341696618688286720               || Output: Gmail authorization needed. Open and approve, then reply: 'TomCat, au...
[11/02/2025 07:30:04.819 AM] Action   || Name: gmail_auth_url      || Trigger:                                      || Output: https://accounts.google.com/o/oauth2/auth?response_type=code&client_i...
[11/02/2025 07:30:04.819 AM] Action   || Name: gmail_log_scheduler || Trigger: auth                                 || Output: pending
[11/02/2025 07:35:58.826 AM] React+   || User: slayc127            || Channel: #itty-bitty-kitty-commitee           || emoji=😆; msg="also I saw boots make biscuits yesterday..." by adeyumii
[11/02/2025 07:35:59.917 AM] React+   || User: slayc127            || Channel: #itty-bitty-kitty-commitee           || emoji=‼️; msg="also I saw boots make biscuits yesterday..." by adeyumii
[11/02/2025 07:36:01.008 AM] React+   || User: slayc127            || Channel: #itty-bitty-kitty-commitee           || emoji=‼️; msg="I would like everyone to know that Ariel..." by adeyumii
[11/02/2025 07:47:35.306 AM] Message  || User: slayc127            || Channel: #purrley-pawsitive-pussy-pals        || Content: i am so happy and love my life
[11/02/2025 07:47:42.151 AM] Message  || User: slayc127            || Channel: #purrley-pawsitive-pussy-pals        || Content: gdrive wont let me open any of my documents
[11/02/2025 07:50:37.560 AM] React+   || User: simplyshadow171295  || Channel: #itty-bitty-kitty-commitee           || emoji=‼️; msg="I would like everyone to know that Ariel..." by adeyumii
[11/02/2025 07:50:39.074 AM] React+   || User: simplyshadow171295  || Channel: #itty-bitty-kitty-commitee           || emoji=😆; msg="also I saw boots make biscuits yesterday..." by adeyumii
[11/02/2025 07:50:39.424 AM] React+   || User: simplyshadow171295  || Channel: #itty-bitty-kitty-commitee           || emoji=‼️; msg="also I saw boots make biscuits yesterday..." by adeyumii
[11/02/2025 07:52:14.664 AM] Action   || Name: send_suppressed     || Trigger: ch=1341696618688286720               || Output: Gmail authorization needed. Open and approve, then reply: 'TomCat, au...
[11/02/2025 07:52:14.664 AM] Action   || Name: gmail_auth_url      || Trigger:                                      || Output: https://accounts.google.com/o/oauth2/auth?response_type=code&client_i...
[11/02/2025 07:52:14.664 AM] Action   || Name: gmail_log_scheduler || Trigger: auth                                 || Output: pending
[11/02/2025 07:54:12.667 AM] React+   || User: austinbaustinb      || Channel: #itty-bitty-kitty-commitee           || emoji=‼️; msg="I would like everyone to know that Ariel..." by adeyumii
[11/02/2025 08:00:40.987 AM] React+   || User: m_digio             || Channel: #purrley-pawsitive-pussy-pals        || emoji=❤️; msg="Sleeping on a hotel room floor drunk rn...." by austinbaustinb
[11/02/2025 08:00:47.570 AM] Action   || Name: send_suppressed     || Trigger: ch=1341696618688286720               || Output: Gmail authorization needed. Open and approve, then reply: 'TomCat, au...
[11/02/2025 08:00:47.575 AM] Action   || Name: gmail_auth_url      || Trigger:                                      || Output: https://accounts.google.com/o/oauth2/auth?response_type=code&client_i...
[11/02/2025 08:00:47.575 AM] Action   || Name: gmail_log_scheduler || Trigger: auth                                 || Output: pending
[11/02/2025 08:12:09.633 AM] React+   || User: a1darek             || Channel: #purrley-pawsitive-pussy-pals        || emoji=❤️; msg=1434456515628105749
[11/02/2025 08:12:12.046 AM] React+   || User: a1darek             || Channel: #purrley-pawsitive-pussy-pals        || emoji=❤️; msg="Sleeping on a hotel room floor drunk rn...." by austinbaustinb
[11/02/2025 08:23:49.584 AM] Message  || User: reyesthighs         || Channel: #yapper-committee                    || Content: Help me lock in chat
[11/02/2025 08:23:58.071 AM] Message  || User: reyesthighs         || Channel: #yapper-committee                    || Content: I need to make a pursuasive essay
[11/02/2025 08:24:11.851 AM] Message  || User: reyesthighs         || Channel: #yapper-committee                    || Content: I am going to have to do it on "don't pick up the kittens" omg aren'...
[11/02/2025 08:24:21.108 AM] Message  || User: reyesthighs         || Channel: #yapper-committee                    || Content: I wanted to get away from the CCC
[11/02/2025 08:25:23.076 AM] Message  || User: a1darek             || Channel: #yapper-committee                    || Content: hey so you're not actually allowed to do that
[11/02/2025 08:25:39.752 AM] Message  || User: reyesthighs         || Channel: #yapper-committee                    || Content: I cant write every speech about the ccc derek
[11/02/2025 08:26:26.951 AM] Message  || User: reyesthighs         || Channel: #yapper-committee                    || Content: hmm, what about stop using AI
[11/02/2025 08:28:03.052 AM] Message  || User: a1darek             || Channel: #yapper-committee                    || Content: of course u can !! <:smilecat:836868602220380160>
[11/02/2025 08:28:25.831 AM] Message  || User: reyesthighs         || Channel: #yapper-committee                    || Content: I can't <:pensiveprawn:853169005002489856>
[11/02/2025 08:28:31.661 AM] Message  || User: reyesthighs         || Channel: #yapper-committee                    || Content: I also need like 6 sources for this
[11/02/2025 08:29:02.373 AM] Message  || User: a1darek             || Channel: #yapper-committee                    || Content: you have at least 6 officers <:balloonboi:933099871257382983>
[11/02/2025 08:29:12.417 AM] React+   || User: slayc127            || Channel: #yapper-committee                    || emoji=‼️; msg="you have at least 6 officers <:balloonbo..." by a1darek
[11/02/2025 08:29:17.066 AM] Message  || User: reyesthighs         || Channel: #yapper-committee                    || Content: <a:bonk_cat:1034639558387707924>
[11/02/2025 08:29:27.332 AM] Message  || User: reyesthighs         || Channel: #yapper-committee                    || Content: How am I going to relate this to the students they don't care
[11/02/2025 08:29:58.358 AM] React+   || User: slayc127            || Channel: #yapper-committee                    || emoji=😭; msg="How am I going to relate this to the stu..." by reyesthighs
[11/02/2025 08:31:06.553 AM] Message  || User: austinbaustinb      || Channel: #yapper-committee                    || Content: Students don’t care about anything
[11/02/2025 08:31:17.841 AM] Message  || User: austinbaustinb      || Channel: #yapper-committee                    || Content: Unless it’s vapes or reels
[11/02/2025 08:31:27.477 AM] Message  || User: reyesthighs         || Channel: #yapper-committee                    || Content: I need it to be audience specific to my class unforch
[11/02/2025 08:31:28.568 AM] Message  || User: a1darek             || Channel: #executive-board                     || Content: (no text; attachments=1)
[11/02/2025 08:32:07.058 AM] Message  || User: a1darek             || Channel: #executive-board                     || Content: Potential injured ginger somewhere <:wuuh:1331331057076932750>
[11/02/2025 08:33:14.122 AM] React+   || User: izzyballz           || Channel: #yapper-committee                    || emoji=‼️; msg="Unless it’s vapes or reels" by austinbaustinb
[11/02/2025 08:33:55.220 AM] React+   || User: simplyshadow171295  || Channel: #yapper-committee                    || emoji=‼️; msg="Unless it’s vapes or reels" by austinbaustinb
[11/02/2025 08:34:19.282 AM] Message  || User: simplyshadow171295  || Channel: #yapper-committee                    || Content: surely not everyone in the room hates cats
[11/02/2025 08:35:14.063 AM] Message  || User: reyesthighs         || Channel: #yapper-committee                    || Content: Well yes but they don't exactly care either. They are very indifferent.
[11/02/2025 08:35:45.618 AM] Message  || User: adeyumii            || Channel: #yapper-committee                    || Content: say 67 at least once and you'll have them hooked
[11/02/2025 08:35:53.795 AM] React+   || User: slayc127            || Channel: #yapper-committee                    || emoji=‼️; msg="Unless it’s vapes or reels" by austinbaustinb
[11/02/2025 08:35:57.622 AM] React+   || User: slayc127            || Channel: #yapper-committee                    || emoji=‼️; msg="say 67 at least once and you'll have the..." by adeyumii
[11/02/2025 08:36:16.017 AM] React+   || User: slayc127            || Channel: #executive-board                     || emoji=😭; msg=1434550487646208030
[11/02/2025 08:37:16.046 AM] Message  || User: reyesthighs         || Channel: #yapper-committee                    || Content: Miranda this is a professional setting 😭
[11/02/2025 08:37:27.585 AM] Message  || User: reyesthighs         || Channel: #yapper-committee                    || Content: you people are being real hambuger hinderances /silly
[11/02/2025 08:38:21.144 AM] Message  || User: slayc127            || Channel: #yapper-committee                    || Content: considering what that one classmate does for their speeches i think ...
[11/02/2025 08:38:40.014 AM] Message  || User: reyesthighs         || Channel: #yapper-committee                    || Content: I am doing a very vague "don't touch any of the animals" pulling on ...
[11/02/2025 08:38:48.819 AM] React+   || User: slayc127            || Channel: #yapper-committee                    || emoji=‼️; msg="I am doing a very vague "don't touch any..." by reyesthighs
[11/02/2025 08:38:50.159 AM] Edit     || User: reyesthighs         || Channel: #yapper-committee                    || I am doing a very vague "don't touch any of the animals" pulling on my experi...
[11/02/2025 08:45:18.430 AM] Action   || Name: send_suppressed     || Trigger: ch=1341696618688286720               || Output: Gmail authorization needed. Open and approve, then reply: 'TomCat, au...
[11/02/2025 08:45:18.430 AM] Action   || Name: gmail_auth_url      || Trigger:                                      || Output: https://accounts.google.com/o/oauth2/auth?response_type=code&client_i...
[11/02/2025 08:45:18.430 AM] Action   || Name: gmail_log_scheduler || Trigger: auth                                 || Output: pending
[11/02/2025 08:48:11.633 AM] React+   || User: kitadan             || Channel: #yapper-committee                    || emoji=‼️; msg="say 67 at least once and you'll have the..." by adeyumii
[11/02/2025 08:50:40.139 AM] Message  || User: kitadan             || Channel: #yapper-committee                    || Content: If you want a humorous persuasive essay, do a "why you should smoke ...
[11/02/2025 08:51:34.521 AM] React+   || User: reyesthighs         || Channel: #yapper-committee                    || emoji=😭; msg="If you want a humorous persuasive essay,..." by kitadan
[11/02/2025 08:51:59.215 AM] Message  || User: reyesthighs         || Channel: #yapper-committee                    || Content: Unforch, I would lose credit for citing out of date studies, and fai...
[11/02/2025 08:52:14.710 AM] Message  || User: reyesthighs         || Channel: #yapper-committee                    || Content: the "leave wild animals alone" idea is going well, though. Lots of c...
[11/02/2025 08:55:49.490 AM] Message  || User: kitadan             || Channel: #yapper-committee                    || Content: Oklahoma Department of Wildlife Conservation on Twitter has several ...
[11/02/2025 08:56:47.256 AM] React+   || User: kitadan             || Channel: #itty-bitty-kitty-commitee           || emoji=‼️; msg="I would like everyone to know that Ariel..." by adeyumii
[11/02/2025 08:56:55.846 AM] React+   || User: kitadan             || Channel: #itty-bitty-kitty-commitee           || emoji=😆; msg="also I saw boots make biscuits yesterday..." by adeyumii
[11/02/2025 09:01:46.802 AM] React+   || User: coziidruid          || Channel: #executive-board                     || emoji=😭; msg=1434550487646208030
[11/02/2025 09:13:54.281 AM] Message  || User: reyesthighs         || Channel: #yapper-committee                    || Content: oooo I love that account
[11/02/2025 09:14:01.072 AM] Message  || User: reyesthighs         || Channel: #yapper-committee                    || Content: those are going to make great visual aids lol
[11/02/2025 09:27:54.772 AM] React+   || User: simplyshadow171295  || Channel: #yapper-committee                    || emoji=‼️; msg="say 67 at least once and you'll have the..." by adeyumii
[11/02/2025 09:28:10.391 AM] React+   || User: simplyshadow171295  || Channel: #yapper-committee                    || emoji=😭; msg="If you want a humorous persuasive essay,..." by kitadan
[11/02/2025 09:31:15.742 AM] React+   || User: moineau_l.oiseau    || Channel: #itty-bitty-kitty-commitee           || emoji=‼️; msg="20 minute break in between each paragrap..." by lemonelon_
[11/02/2025 09:31:19.217 AM] React+   || User: moineau_l.oiseau    || Channel: #itty-bitty-kitty-commitee           || emoji=❤️; msg="20 minute break per SENTENCE how bout" by .bettercalljack
[11/02/2025 09:31:19.641 AM] React+   || User: moineau_l.oiseau    || Channel: #itty-bitty-kitty-commitee           || emoji=❤️; msg="Peak productivity" by .bettercalljack
[11/02/2025 09:31:22.343 AM] React+   || User: moineau_l.oiseau    || Channel: #itty-bitty-kitty-commitee           || emoji=🤣; msg="Peak productivity" by .bettercalljack
[11/02/2025 09:31:33.009 AM] React+   || User: moineau_l.oiseau    || Channel: #itty-bitty-kitty-commitee           || emoji=‼️; msg="I would like everyone to know that Ariel..." by adeyumii
[11/02/2025 09:31:35.306 AM] React-   || User: unknown             || Channel: #itty-bitty-kitty-commitee           || emoji=‼️; msg="I would like everyone to know that Ariel..." by adeyumii
[11/02/2025 09:31:37.341 AM] React+   || User: moineau_l.oiseau    || Channel: #itty-bitty-kitty-commitee           || emoji=🥹; msg="I would like everyone to know that Ariel..." by adeyumii
[11/02/2025 09:32:13.794 AM] React+   || User: moineau_l.oiseau    || Channel: #itty-bitty-kitty-commitee           || emoji=😆; msg="also I saw boots make biscuits yesterday..." by adeyumii
[11/02/2025 09:32:14.639 AM] React+   || User: moineau_l.oiseau    || Channel: #itty-bitty-kitty-commitee           || emoji=‼️; msg="also I saw boots make biscuits yesterday..." by adeyumii
[11/02/2025 09:32:15.161 AM] React-   || User: unknown             || Channel: #itty-bitty-kitty-commitee           || emoji=‼️; msg="also I saw boots make biscuits yesterday..." by adeyumii
[11/02/2025 09:32:32.227 AM] React+   || User: moineau_l.oiseau    || Channel: #yapper-committee                    || emoji=‼️; msg="you have at least 6 officers <:balloonbo..." by a1darek
[11/02/2025 09:33:32.361 AM] Action   || Name: send_suppressed     || Trigger: ch=1341696618688286720               || Output: Gmail authorization needed. Open and approve, then reply: 'TomCat, au...
[11/02/2025 09:33:32.361 AM] Action   || Name: gmail_auth_url      || Trigger:                                      || Output: https://accounts.google.com/o/oauth2/auth?response_type=code&client_i...
[11/02/2025 09:33:32.361 AM] Action   || Name: gmail_log_scheduler || Trigger: auth                                 || Output: pending
[11/02/2025 09:34:32.836 AM] React+   || User: moineau_l.oiseau    || Channel: #yapper-committee                    || emoji=🤣; msg="If you want a humorous persuasive essay,..." by kitadan
[11/02/2025 09:34:33.454 AM] React+   || User: moineau_l.oiseau    || Channel: #yapper-committee                    || emoji=😭; msg="If you want a humorous persuasive essay,..." by kitadan
[11/02/2025 09:36:46.808 AM] React+   || User: moineau_l.oiseau    || Channel: #pictures-of-the-cats                || emoji=‼️; msg=1434308949678620775
[11/02/2025 09:36:48.184 AM] React+   || User: moineau_l.oiseau    || Channel: #pictures-of-the-cats                || emoji=‼️; msg="SHES SO PRETTY" by _costco_wholesale_
[11/02/2025 09:36:53.074 AM] React+   || User: moineau_l.oiseau    || Channel: #pictures-of-the-cats                || emoji=😭; msg=1434311198836527194
[11/02/2025 09:36:57.432 AM] React+   || User: moineau_l.oiseau    || Channel: #pictures-of-the-cats                || emoji=‼️; msg="itchy lady" by _costco_wholesale_
[11/02/2025 09:37:00.758 AM] React+   || User: moineau_l.oiseau    || Channel: #pictures-of-the-cats                || emoji=‼️; msg="because she is" by _costco_wholesale_
[11/02/2025 09:37:42.769 AM] React+   || User: reyesthighs         || Channel: #itty-bitty-kitty-commitee           || emoji=‼️; msg="I would like everyone to know that Ariel..." by adeyumii
[11/02/2025 09:37:44.135 AM] React+   || User: reyesthighs         || Channel: #itty-bitty-kitty-commitee           || emoji=🥹; msg="I would like everyone to know that Ariel..." by adeyumii
[11/02/2025 09:37:46.079 AM] React+   || User: reyesthighs         || Channel: #itty-bitty-kitty-commitee           || emoji=😆; msg="also I saw boots make biscuits yesterday..." by adeyumii
[11/02/2025 09:37:46.913 AM] React+   || User: reyesthighs         || Channel: #itty-bitty-kitty-commitee           || emoji=‼️; msg="also I saw boots make biscuits yesterday..." by adeyumii
[11/02/2025 09:39:05.264 AM] React+   || User: gupguppy            || Channel: #yapper-committee                    || emoji=‼️; msg="Unless it’s vapes or reels" by austinbaustinb
[11/02/2025 09:39:11.057 AM] React+   || User: gupguppy            || Channel: #yapper-committee                    || emoji=‼️; msg="say 67 at least once and you'll have the..." by adeyumii
[11/02/2025 09:39:24.570 AM] React+   || User: gupguppy            || Channel: #yapper-committee                    || emoji=😭; msg="If you want a humorous persuasive essay,..." by kitadan
[11/02/2025 09:43:59.914 AM] Action   || Name: send_suppressed     || Trigger: ch=1341696618688286720               || Output: Gmail authorization needed. Open and approve, then reply: 'TomCat, au...
[11/02/2025 09:43:59.914 AM] Action   || Name: gmail_auth_url      || Trigger:                                      || Output: https://accounts.google.com/o/oauth2/auth?response_type=code&client_i...
[11/02/2025 09:43:59.914 AM] Action   || Name: gmail_log_scheduler || Trigger: auth                                 || Output: pending
[11/02/2025 09:44:04.099 AM] Action   || Name: send_suppressed     || Trigger: ch=1341696618688286720               || Output: Gmail authorization needed. Open and approve, then reply: 'TomCat, au...
[11/02/2025 09:44:04.099 AM] Action   || Name: gmail_auth_url      || Trigger:                                      || Output: https://accounts.google.com/o/oauth2/auth?response_type=code&client_i...
[11/02/2025 09:44:04.102 AM] Action   || Name: gmail_log_scheduler || Trigger: auth                                 || Output: pending
[11/02/2025 09:51:23.592 AM] Action   || Name: send_suppressed     || Trigger: ch=1341696618688286720               || Output: Gmail authorization needed. Open and approve, then reply: 'TomCat, au...
[11/02/2025 09:51:23.592 AM] Action   || Name: gmail_auth_url      || Trigger:                                      || Output: https://accounts.google.com/o/oauth2/auth?response_type=code&client_i...
[11/02/2025 09:51:23.592 AM] Action   || Name: gmail_log_scheduler || Trigger: auth                                 || Output: pending
[11/02/2025 09:51:36.085 AM] Message  || User: reyesthighs         || Channel: #yapper-committee                    || Content: Ok "don't touch the wildlife" is actually going very well
[11/02/2025 09:54:40.017 AM] React+   || User: slayc127            || Channel: #yapper-committee                    || emoji=‼️; msg="Ok "don't touch the wildlife" is actuall..." by reyesthighs
[11/02/2025 10:01:01.536 AM] React+   || User: simplyshadow171295  || Channel: #yapper-committee                    || emoji=‼️; msg="Ok "don't touch the wildlife" is actuall..." by reyesthighs
[11/02/2025 10:08:47.774 AM] Message  || User: thedan5000          || Channel: #pictures-of-the-cats                || Content: Uuuuuuuuh
[11/02/2025 10:08:48.713 AM] Action   || Name: image_intake        || Trigger: channel=551084964318543904           || Output: rows=1
[11/02/2025 10:09:15.429 AM] Message  || User: thedan5000          || Channel: #pictures-of-the-cats                || Content: Is this a problem
[11/02/2025 10:09:18.455 AM] Message  || User: racerdg             || Channel: #pictures-of-the-cats                || Content: nah
[11/02/2025 10:11:00.352 AM] Message  || User: pancakemixteamdj    || Channel: #pictures-of-the-cats                || Content: Eraser looking different today
[11/02/2025 10:12:01.962 AM] React+   || User: pancakemixteamdj    || Channel: #itty-bitty-kitty-commitee           || emoji=😆; msg="also I saw boots make biscuits yesterday..." by adeyumii
[11/02/2025 10:13:49.743 AM] Action   || Name: send_suppressed     || Trigger: ch=1341696618688286720               || Output: Gmail authorization needed. Open and approve, then reply: 'TomCat, au...
[11/02/2025 10:13:49.743 AM] Action   || Name: gmail_auth_url      || Trigger:                                      || Output: https://accounts.google.com/o/oauth2/auth?response_type=code&client_i...
[11/02/2025 10:13:49.743 AM] Action   || Name: gmail_log_scheduler || Trigger: auth                                 || Output: pending
[11/02/2025 10:16:06.914 AM] Message  || User: adeyumii            || Channel: #pictures-of-the-cats                || Content: did eraser lose weight?
[11/02/2025 10:17:32.211 AM] React+   || User: kitadan             || Channel: #yapper-committee                    || emoji=‼️; msg="Ok "don't touch the wildlife" is actuall..." by reyesthighs
[11/02/2025 10:20:55.845 AM] Action   || Name: send_suppressed     || Trigger: ch=1341696618688286720               || Output: Gmail authorization needed. Open and approve, then reply: 'TomCat, au...
[11/02/2025 10:20:55.845 AM] Action   || Name: gmail_auth_url      || Trigger:                                      || Output: https://accounts.google.com/o/oauth2/auth?response_type=code&client_i...
[11/02/2025 10:20:55.848 AM] Action   || Name: gmail_log_scheduler || Trigger: auth                                 || Output: pending
[11/02/2025 10:21:00.056 AM] Action   || Name: send_suppressed     || Trigger: ch=1341696618688286720               || Output: Gmail authorization needed. Open and approve, then reply: 'TomCat, au...
[11/02/2025 10:21:00.056 AM] Action   || Name: gmail_auth_url      || Trigger:                                      || Output: https://accounts.google.com/o/oauth2/auth?response_type=code&client_i...
[11/02/2025 10:21:00.056 AM] Action   || Name: gmail_log_scheduler || Trigger: auth                                 || Output: pending
[11/02/2025 10:22:06.494 AM] Action   || Name: send_suppressed     || Trigger: ch=1341696618688286720               || Output: Gmail authorization needed. Open and approve, then reply: 'TomCat, au...
[11/02/2025 10:22:06.494 AM] Action   || Name: gmail_auth_url      || Trigger:                                      || Output: https://accounts.google.com/o/oauth2/auth?response_type=code&client_i...
[11/02/2025 10:22:06.494 AM] Action   || Name: gmail_log_scheduler || Trigger: auth                                 || Output: pending
[11/02/2025 10:28:46.227 AM] Action   || Name: send_suppressed     || Trigger: ch=1341696618688286720               || Output: Gmail authorization needed. Open and approve, then reply: 'TomCat, au...
[11/02/2025 10:28:46.227 AM] Action   || Name: gmail_auth_url      || Trigger:                                      || Output: https://accounts.google.com/o/oauth2/auth?response_type=code&client_i...
[11/02/2025 10:28:46.227 AM] Action   || Name: gmail_log_scheduler || Trigger: auth                                 || Output: pending
[11/02/2025 10:30:01.504 AM] Message  || User: simplyshadow171295  || Channel: #pictures-of-the-cats                || Content: eraser took a bath
[11/02/2025 10:34:03.222 AM] Action   || Name: send_suppressed     || Trigger: ch=1341696618688286720               || Output: Gmail authorization needed. Open and approve, then reply: 'TomCat, au...
[11/02/2025 10:34:03.235 AM] Action   || Name: gmail_auth_url      || Trigger:                                      || Output: https://accounts.google.com/o/oauth2/auth?response_type=code&client_i...
[11/02/2025 10:34:03.235 AM] Action   || Name: gmail_log_scheduler || Trigger: auth                                 || Output: pending
[11/02/2025 10:34:06.311 AM] React+   || User: moineau_l.oiseau    || Channel: #yapper-committee                    || emoji=‼️; msg="Ok "don't touch the wildlife" is actuall..." by reyesthighs
[11/02/2025 10:34:52.564 AM] React+   || User: moineau_l.oiseau    || Channel: #yapper-committee                    || emoji=🎉; msg="Ok "don't touch the wildlife" is actuall..." by reyesthighs
[11/02/2025 10:39:44.611 AM] Message  || User: kitadan             || Channel: #pictures-of-the-cats                || Content: Stinker
[11/02/2025 10:39:56.809 AM] React+   || User: kitadan             || Channel: #yapper-committee                    || emoji=🎉; msg="Ok "don't touch the wildlife" is actuall..." by reyesthighs
[11/02/2025 10:40:59.920 AM] Message  || User: kitadan             || Channel: #yapper-committee                    || Content: Why not friend if friend shaped?
[11/02/2025 10:41:28.165 AM] Message  || User: reyesthighs         || Channel: #yapper-committee                    || Content: Because the rabies post exposure treatment is suuuuuuper fucking exp...
[11/02/2025 10:43:17.946 AM] Message  || User: reyesthighs         || Channel: #yapper-committee                    || Content: Ok now I just need to make the powerpoint. That should only take a f...
[11/02/2025 10:45:11.810 AM] Message  || User: simplyshadow171295  || Channel: #pictures-of-the-cats                || Content: that’s actually the label for them in tom
[11/02/2025 10:47:19.466 AM] React+   || User: kitadan             || Channel: #yapper-committee                    || emoji=😆; msg="Because the rabies post exposure treatme..." by reyesthighs
[11/02/2025 10:47:26.875 AM] Message  || User: a1darek             || Channel: #yapper-committee                    || Content: Anyone got 3 bands they can slide me
[11/02/2025 10:47:43.089 AM] Message  || User: kitadan             || Channel: #yapper-committee                    || Content: Some beautiful Irish Baseball Poetry here.
[11/02/2025 10:50:53.286 AM] Message  || User: ludavis             || Channel: #yapper-committee                    || Content: what's your zelle
[11/02/2025 10:51:13.086 AM] Message  || User: adeyumii            || Channel: #yapper-committee                    || Content: axel is just giving away money
[11/02/2025 10:51:22.708 AM] Edit     || User: ludavis             || Channel: #yapper-committee                    || what's your zelle -> what's your zelle <:guh:1305328147503513630>
[11/02/2025 10:51:48.053 AM] Message  || User: a1darek             || Channel: #yapper-committee                    || Content: https://tenor.com/view/birdman-hand-rub-thinking-dance-gif-17449632
[11/02/2025 10:57:07.451 AM] React+   || User: _costco_wholesale_  || Channel: #itty-bitty-kitty-commitee           || emoji=‼️; msg="I would like everyone to know that Ariel..." by adeyumii
[11/02/2025 10:57:08.846 AM] React+   || User: _costco_wholesale_  || Channel: #itty-bitty-kitty-commitee           || emoji=‼️; msg="also I saw boots make biscuits yesterday..." by adeyumii
[11/02/2025 10:57:09.236 AM] React+   || User: _costco_wholesale_  || Channel: #itty-bitty-kitty-commitee           || emoji=🥹; msg="I would like everyone to know that Ariel..." by adeyumii
[11/02/2025 10:57:10.148 AM] React+   || User: _costco_wholesale_  || Channel: #itty-bitty-kitty-commitee           || emoji=😆; msg="also I saw boots make biscuits yesterday..." by adeyumii
[11/02/2025 10:59:45.701 AM] React+   || User: _costco_wholesale_  || Channel: #feeding-team                        || emoji=‼️; msg="Meow meow meow I'm tomcat.

### This is ..." by adeyumii
[11/02/2025 11:00:27.964 AM] React+   || User: _costco_wholesale_  || Channel: #feeding-team                        || emoji=🫡; msg="word too gulp 🥹🥺" by spitonme
[11/02/2025 11:03:19.426 AM] Action   || Name: send_suppressed     || Trigger: ch=1341696618688286720               || Output: Gmail authorization needed. Open and approve, then reply: 'TomCat, au...
[11/02/2025 11:03:19.426 AM] Action   || Name: gmail_auth_url      || Trigger:                                      || Output: https://accounts.google.com/o/oauth2/auth?response_type=code&client_i...
[11/02/2025 11:03:19.441 AM] Action   || Name: gmail_log_scheduler || Trigger: auth                                 || Output: pending
[11/02/2025 11:06:25.679 AM] Action   || Name: send_suppressed     || Trigger: ch=1341696618688286720               || Output: Gmail authorization needed. Open and approve, then reply: 'TomCat, au...
[11/02/2025 11:06:25.681 AM] Action   || Name: gmail_auth_url      || Trigger:                                      || Output: https://accounts.google.com/o/oauth2/auth?response_type=code&client_i...
[11/02/2025 11:06:25.683 AM] Action   || Name: gmail_log_scheduler || Trigger: auth                                 || Output: pending
[11/02/2025 11:06:29.178 AM] Action   || Name: send_suppressed     || Trigger: ch=1341696618688286720               || Output: Gmail authorization needed. Open and approve, then reply: 'TomCat, au...
[11/02/2025 11:06:29.178 AM] Action   || Name: gmail_auth_url      || Trigger:                                      || Output: https://accounts.google.com/o/oauth2/auth?response_type=code&client_i...
[11/02/2025 11:06:29.178 AM] Action   || Name: gmail_log_scheduler || Trigger: auth                                 || Output: pending
[11/02/2025 11:08:18.519 AM] React+   || User: slayc127            || Channel: #yapper-committee                    || emoji=😆; msg="Because the rabies post exposure treatme..." by reyesthighs
[11/02/2025 11:08:18.831 AM] React-   || User: unknown             || Channel: #yapper-committee                    || emoji=😆; msg="Because the rabies post exposure treatme..." by reyesthighs
[11/02/2025 11:08:19.358 AM] React+   || User: slayc127            || Channel: #yapper-committee                    || emoji=😆; msg="Because the rabies post exposure treatme..." by reyesthighs
[11/02/2025 11:10:29.214 AM] React+   || User: cici4f3             || Channel: #itty-bitty-kitty-commitee           || emoji=‼️; msg="I would like everyone to know that Ariel..." by adeyumii
[11/02/2025 11:10:35.790 AM] React+   || User: cici4f3             || Channel: #itty-bitty-kitty-commitee           || emoji=😆; msg="also I saw boots make biscuits yesterday..." by adeyumii
[11/02/2025 11:30:04.889 AM] Action   || Name: send_suppressed     || Trigger: ch=1341696618688286720               || Output: Gmail authorization needed. Open and approve, then reply: 'TomCat, au...
[11/02/2025 11:30:04.889 AM] Action   || Name: gmail_auth_url      || Trigger:                                      || Output: https://accounts.google.com/o/oauth2/auth?response_type=code&client_i...
[11/02/2025 11:30:04.892 AM] Action   || Name: gmail_log_scheduler || Trigger: auth                                 || Output: pending
[11/02/2025 11:32:55.516 AM] Message  || User: m_digio             || Channel: #purrley-pawsitive-pussy-pals        || Content: ||Dead cat on cooper right off campus||
[11/02/2025 11:33:12.270 AM] React+   || User: nostalgicsapphic    || Channel: #purrley-pawsitive-pussy-pals        || emoji=❤️; msg=1434456515628105749
[11/02/2025 11:37:47.772 AM] React+   || User: spitonme            || Channel: #yapper-committee                    || emoji=‼️; msg="you have at least 6 officers <:balloonbo..." by a1darek
[11/02/2025 11:37:51.414 AM] Message  || User: spitonme            || Channel: #yapper-committee                    || Content: im fucking dead
[11/02/2025 11:38:12.216 AM] React+   || User: spitonme            || Channel: #yapper-committee                    || emoji=🐙; msg="say 67 at least once and you'll have the..." by adeyumii
[11/02/2025 11:42:46.271 AM] Message  || User: adeyumii            || Channel: #feeding-team                        || Content: does ANYONE need ANYTHING covered today
[11/02/2025 11:52:14.714 AM] Action   || Name: send_suppressed     || Trigger: ch=1341696618688286720               || Output: Gmail authorization needed. Open and approve, then reply: 'TomCat, au...
[11/02/2025 11:52:14.714 AM] Action   || Name: gmail_auth_url      || Trigger:                                      || Output: https://accounts.google.com/o/oauth2/auth?response_type=code&client_i...
[11/02/2025 11:52:14.727 AM] Action   || Name: gmail_log_scheduler || Trigger: auth                                 || Output: pending
[11/02/2025 11:53:25.063 AM] Message  || User: reyesthighs         || Channel: #yapper-committee                    || Content: Chat. I found a fanfic that is literally Derry girls X IT crossover....
[11/02/2025 11:54:05.738 AM] React+   || User: celeryiscelery      || Channel: #purrley-pawsitive-pussy-pals        || emoji=😭; msg=1434528758240645211
[11/02/2025 11:55:55.730 AM] Message  || User: m_digio             || Channel: #feeding-team                        || Content: Ur mom
[11/02/2025 12:00:47.657 PM] Action   || Name: send_suppressed     || Trigger: ch=1341696618688286720               || Output: Gmail authorization needed. Open and approve, then reply: 'TomCat, au...
[11/02/2025 12:00:47.657 PM] Action   || Name: gmail_auth_url      || Trigger:                                      || Output: https://accounts.google.com/o/oauth2/auth?response_type=code&client_i...
[11/02/2025 12:00:47.660 PM] Action   || Name: gmail_log_scheduler || Trigger: auth                                 || Output: pending
[11/02/2025 12:04:08.057 PM] Message  || User: izzyballz           || Channel: #yapper-committee                    || Content: another mid week concert on tuesday …..
[11/02/2025 12:04:49.183 PM] Message  || User: izzyballz           || Channel: #yapper-committee                    || Content: and i think another next week
[11/02/2025 12:04:52.155 PM] Message  || User: adeyumii            || Channel: #feeding-team                        || Content: sigh
[11/02/2025 12:05:12.463 PM] Message  || User: adeyumii            || Channel: #feeding-team                        || Content: I'm using the ccc food to feed lot 50 now thanks to you /lh
[11/02/2025 12:05:12.478 PM] Action   || Name: feed_pending_set    || Trigger: ch=643586809166561310; user=47432... || Output: stations=Lot 50; text=I'm using the ccc food to feed lot 50 now thank...
[11/02/2025 12:06:54.686 PM] React+   || User: .bettercalljack     || Channel: #feeding-team                        || emoji=‼️; msg="updated picture from earlier 💪" by _costco_wholesale_
[11/02/2025 12:06:55.053 PM] React+   || User: .bettercalljack     || Channel: #feeding-team                        || emoji=🎉; msg="updated picture from earlier 💪" by _costco_wholesale_
[11/02/2025 12:13:43.601 PM] Message  || User: m_digio             || Channel: #pet-pictures                        || Content: Old man
[11/02/2025 12:14:55.126 PM] Message  || User: a1darek             || Channel: #yapper-committee                    || Content: In hindsight I should’ve said you have 6 to 7 officers
[11/02/2025 12:15:11.591 PM] Message  || User: a1darek             || Channel: #purrley-pawsitive-pussy-pals        || Content: R they ginger?
[11/02/2025 12:19:52.516 PM] Message  || User: slayc127            || Channel: #purrley-pawsitive-pussy-pals        || Content: 20 minutes into my shift and i think this is in my top 5 worst shift...
[11/02/2025 12:19:54.330 PM] Message  || User: slayc127            || Channel: #purrley-pawsitive-pussy-pals        || Content: fml
[11/02/2025 12:20:19.255 PM] Message  || User: m_digio             || Channel: #purrley-pawsitive-pussy-pals        || Content: Yes
[11/02/2025 12:20:44.974 PM] Message  || User: slayc127            || Channel: #feeding-team                        || Content: u should come work my shift
[11/02/2025 12:20:51.972 PM] Message  || User: austinbaustinb      || Channel: #purrley-pawsitive-pussy-pals        || Content: Where at?
[11/02/2025 12:21:15.935 PM] Message  || User: austinbaustinb      || Channel: #purrley-pawsitive-pussy-pals        || Content: Or just in the middle of the road
[11/02/2025 12:22:00.864 PM] Message  || User: m_digio             || Channel: #purrley-pawsitive-pussy-pals        || Content: Around the walgreens in the road but it didn't look hit
[11/02/2025 12:22:12.993 PM] Message  || User: adeyumii            || Channel: #feeding-team                        || Content: hmph
[11/02/2025 12:23:10.319 PM] Message  || User: reyesthighs         || Channel: #yapper-committee                    || Content: Marcelo has come to beg for attention now
[11/02/2025 12:34:47.711 PM] React+   || User: hatshura            || Channel: #itty-bitty-kitty-commitee           || emoji=🥹; msg="I would like everyone to know that Ariel..." by adeyumii
[11/02/2025 12:36:33.105 PM] Message  || User: reyesthighs         || Channel: #yapper-committee                    || Content: MARCELO IS BITING ME
[11/02/2025 12:42:33.193 PM] React+   || User: moineau_l.oiseau    || Channel: #yapper-committee                    || emoji=🤣; msg="axel is just giving away money" by adeyumii
[11/02/2025 12:43:12.077 PM] React+   || User: moineau_l.oiseau    || Channel: #pet-pictures                        || emoji=🥹; msg="Old man" by m_digio
[11/02/2025 12:43:58.837 PM] React+   || User: gupguppy            || Channel: #pet-pictures                        || emoji=🥹; msg="Old man" by m_digio
[11/02/2025 12:44:00.278 PM] React+   || User: gupguppy            || Channel: #pet-pictures                        || emoji=❤️; msg="He's going to an art market with Soraya ..." by reyesthighs
[11/02/2025 12:44:01.385 PM] React+   || User: gupguppy            || Channel: #pet-pictures                        || emoji=<:smilecat:836868602220380160>; msg="He's going to an art market with S...
[11/02/2025 12:44:32.805 PM] React+   || User: gupguppy            || Channel: #itty-bitty-kitty-commitee           || emoji=🥹; msg="I would like everyone to know that Ariel..." by adeyumii
[11/02/2025 12:44:33.793 PM] React+   || User: gupguppy            || Channel: #itty-bitty-kitty-commitee           || emoji=‼️; msg="I would like everyone to know that Ariel..." by adeyumii
[11/02/2025 12:44:34.272 PM] React+   || User: gupguppy            || Channel: #itty-bitty-kitty-commitee           || emoji=😆; msg="also I saw boots make biscuits yesterday..." by adeyumii
[11/02/2025 12:44:36.187 PM] React+   || User: gupguppy            || Channel: #itty-bitty-kitty-commitee           || emoji=‼️; msg="also I saw boots make biscuits yesterday..." by adeyumii
[11/02/2025 12:44:36.548 PM] React+   || User: nostalgicsapphic    || Channel: #purrley-pawsitive-pussy-pals        || emoji=😭; msg="20 minutes into my shift and i think thi..." by slayc127
[11/02/2025 12:44:37.567 PM] React+   || User: moineau_l.oiseau    || Channel: #executive-board                     || emoji=💪; msg="okie dokie, i can help as well bc thankf..." by celeryiscelery
[11/02/2025 12:44:42.422 PM] React+   || User: nostalgicsapphic    || Channel: #purrley-pawsitive-pussy-pals        || emoji=😭; msg="Around the walgreens in the road but it ..." by m_digio
[11/02/2025 12:45:04.533 PM] React+   || User: moineau_l.oiseau    || Channel: #executive-board                     || emoji=😭; msg=1434550487646208030
[11/02/2025 12:45:17.254 PM] React+   || User: moineau_l.oiseau    || Channel: #purrley-pawsitive-pussy-pals        || emoji=😆; msg="second round of cupcakes in the oven #pr..." by slayc127
[11/02/2025 12:45:18.514 PM] Action   || Name: send_suppressed     || Trigger: ch=1341696618688286720               || Output: Gmail authorization needed. Open and approve, then reply: 'TomCat, au...
[11/02/2025 12:45:18.514 PM] Action   || Name: gmail_auth_url      || Trigger:                                      || Output: https://accounts.google.com/o/oauth2/auth?response_type=code&client_i...
[11/02/2025 12:45:18.514 PM] Action   || Name: gmail_log_scheduler || Trigger: auth                                 || Output: pending
[11/02/2025 12:45:18.815 PM] React+   || User: moineau_l.oiseau    || Channel: #purrley-pawsitive-pussy-pals        || emoji=‼️; msg="second round of cupcakes in the oven #pr..." by slayc127
[11/02/2025 12:45:48.189 PM] React+   || User: moineau_l.oiseau    || Channel: #purrley-pawsitive-pussy-pals        || emoji=😭; msg="whose broke ass😭😭😭" by celeryiscelery
[11/02/2025 12:46:03.114 PM] React+   || User: moineau_l.oiseau    || Channel: #purrley-pawsitive-pussy-pals        || emoji=❤️; msg="Sleeping on a hotel room floor drunk rn...." by austinbaustinb
[11/02/2025 12:46:05.433 PM] React+   || User: moineau_l.oiseau    || Channel: #purrley-pawsitive-pussy-pals        || emoji=❤️; msg=1434456515628105749
[11/02/2025 12:46:12.302 PM] React+   || User: moineau_l.oiseau    || Channel: #purrley-pawsitive-pussy-pals        || emoji=🔥; msg=1434456515628105749
[11/02/2025 12:46:12.824 PM] React-   || User: unknown             || Channel: #purrley-pawsitive-pussy-pals        || emoji=🔥; msg=1434456515628105749
[11/02/2025 12:46:14.895 PM] React+   || User: moineau_l.oiseau    || Channel: #purrley-pawsitive-pussy-pals        || emoji=✨; msg=1434456515628105749
[11/02/2025 12:46:43.398 PM] React+   || User: moineau_l.oiseau    || Channel: #purrley-pawsitive-pussy-pals        || emoji=😭; msg="Around the walgreens in the road but it ..." by m_digio
[11/02/2025 12:47:13.139 PM] React+   || User: moineau_l.oiseau    || Channel: #feeding-team                        || emoji=😭; msg="tree 1 Miranda 0 but HOP has been fed" by adeyumii
[11/02/2025 12:47:16.327 PM] React+   || User: moineau_l.oiseau    || Channel: #feeding-team                        || emoji=😆; msg="wampus pregnant ladies club fed" by adeyumii
[11/02/2025 12:47:37.217 PM] React+   || User: moineau_l.oiseau    || Channel: #feeding-team                        || emoji=😭; msg="It broke. Someone jammed the adapter the..." by austinbaustinb
[11/02/2025 12:47:39.860 PM] React+   || User: moineau_l.oiseau    || Channel: #feeding-team                        || emoji=💀; msg="how are you in college and not able to f..." by simplyshadow171295
[11/02/2025 12:47:43.818 PM] React+   || User: moineau_l.oiseau    || Channel: #feeding-team                        || emoji=‼️; msg="how are you in college and not able to f..." by simplyshadow17...
[11/02/2025 12:47:54.190 PM] React+   || User: moineau_l.oiseau    || Channel: #feeding-team                        || emoji=😆; msg="Slaytenance" by adeyumii
[11/02/2025 12:48:01.222 PM] React+   || User: moineau_l.oiseau    || Channel: #feeding-team                        || emoji=👏; msg="i made it home. applause please" by adeyumii
[11/02/2025 12:48:02.146 PM] React+   || User: moineau_l.oiseau    || Channel: #feeding-team                        || emoji=‼️; msg="i made it home. applause please" by adeyumii
[11/02/2025 12:48:06.167 PM] React+   || User: moineau_l.oiseau    || Channel: #feeding-team                        || emoji=‼️; msg="Meow meow meow I'm tomcat.

### This is ..." by adeyumii
[11/02/2025 12:48:10.616 PM] React+   || User: moineau_l.oiseau    || Channel: #feeding-team                        || emoji=🤣; msg="https://tenor.com/view/cat-cats-celebrat..." by adeyumii
[11/02/2025 12:48:13.900 PM] React+   || User: moineau_l.oiseau    || Channel: #feeding-team                        || emoji=<:cute:933104767348134018>; msg="https://tenor.com/view/cat-cats-celebr...
[11/02/2025 12:48:48.870 PM] React+   || User: moineau_l.oiseau    || Channel: #feeding-team                        || emoji=<:ree:813284570161086465>; msg="Ur mom" by m_digio
[11/02/2025 01:15:28.012 PM] React+   || User: skelehusk           || Channel: #external-adoption-ads               || emoji=💖; msg="Hey guys!! My friend's looking to rehome..." by .s3j
[11/02/2025 01:15:28.670 PM] React+   || User: skelehusk           || Channel: #external-adoption-ads               || emoji=🐙; msg="Hey guys!! My friend's looking to rehome..." by .s3j
[11/02/2025 01:19:06.855 PM] Message  || User: ludavis             || Channel: #memes                               || Content: https://x.com/PunchingCat/status/1984422137915212285?t=KydMyKgiIeV_L...
[11/02/2025 01:19:07.465 PM] Edit     || User: ludavis             || Channel: #memes                               || https://x.com/PunchingCat/status/1984422137915212285?t=KydMyKgiIeV_L1vayZOEuw...
[11/02/2025 01:19:48.058 PM] React+   || User: gupguppy            || Channel: #memes                               || emoji=😭; msg="https://x.com/PunchingCat/status/1984422..." by ludavis
[11/02/2025 01:20:07.171 PM] Message  || User: slayc127            || Channel: #purrley-pawsitive-pussy-pals        || Content: i should adopt them yes
[11/02/2025 01:20:16.705 PM] Message  || User: nostalgicsapphic    || Channel: #purrley-pawsitive-pussy-pals        || Content: YES
[11/02/2025 01:20:17.766 PM] Message  || User: nostalgicsapphic    || Channel: #purrley-pawsitive-pussy-pals        || Content: BOTH
[11/02/2025 01:20:19.254 PM] Message  || User: nostalgicsapphic    || Channel: #purrley-pawsitive-pussy-pals        || Content: TAKE THEM
[11/02/2025 01:21:04.776 PM] Message  || User: ludavis             || Channel: #memes                               || Content: https://x.com/literallymecats/status/1985033023939907708?t=Q2WLOkVwu...
[11/02/2025 01:21:05.262 PM] Edit     || User: ludavis             || Channel: #memes                               || https://x.com/literallymecats/status/1985033023939907708?t=Q2WLOkVwu4Wl_swlbv...
[11/02/2025 01:24:08.307 PM] React+   || User: simplyshadow171295  || Channel: #yapper-committee                    || emoji=😭; msg="In hindsight I should’ve said you have 6..." by a1darek
[11/02/2025 01:24:14.887 PM] React+   || User: simplyshadow171295  || Channel: #pet-pictures                        || emoji=🥹; msg="Old man" by m_digio
[11/02/2025 01:24:51.108 PM] React+   || User: simplyshadow171295  || Channel: #feeding-team                        || emoji=<:balls:949786884979167253>; msg="Ur mom" by m_digio
[11/02/2025 01:25:00.534 PM] React+   || User: simplyshadow171295  || Channel: #feeding-team                        || emoji=<:evilook:933102011124187166>; msg="Ur mom" by m_digio
[11/02/2025 01:25:01.778 PM] React-   || User: unknown             || Channel: #feeding-team                        || emoji=<:balls:949786884979167253>; msg="Ur mom" by m_digio
[11/02/2025 01:25:17.685 PM] Message  || User: slayc127            || Channel: #purrley-pawsitive-pussy-pals        || Content: itz so tempting....
[11/02/2025 01:29:08.140 PM] Message  || User: baseketballin       || Channel: #feeding-team                        || Content: im so sorry yall could anyone feed west hall for me td please ? i we...
[11/02/2025 01:29:08.140 PM] Intent   || sub_request               ||                                               || station=West Hall
[11/02/2025 01:29:08.309 PM] Action   || Name: sub_request         || Trigger: station=West Hall; dates=2025-11-02  || Output: status=logged; trigger=could anyone feed; text=im so sorry yall could...
[11/02/2025 01:30:05.774 PM] Message  || User: baseketballin       || Channel: #feeding-team                        || Content: if not im okay to feed, i have to do it around 9pm tho 😞
[11/02/2025 01:30:05.794 PM] Action   || Name: feed_pending_set    || Trigger: ch=643586809166561310; user=41372... || Output: stations=Mary Kay and Zen; text=if not im okay to feed, i have to do ...
[11/02/2025 01:30:13.005 PM] Message  || User: .bettercalljack     || Channel: #feeding-team                        || Content: I can
[11/02/2025 01:30:39.327 PM] React+   || User: baseketballin       || Channel: #feeding-team                        || emoji=👍; msg="I can" by .bettercalljack
[11/02/2025 01:30:41.444 PM] React-   || User: unknown             || Channel: #feeding-team                        || emoji=👍; msg="I can" by .bettercalljack
[11/02/2025 01:30:43.353 PM] React+   || User: baseketballin       || Channel: #feeding-team                        || emoji=❤️; msg="I can" by .bettercalljack
[11/02/2025 01:30:49.537 PM] Message  || User: adeyumii            || Channel: #pictures-of-the-cats                || Content: (no text; attachments=3)
[11/02/2025 01:30:50.336 PM] Action   || Name: image_intake        || Trigger: channel=551084964318543904           || Output: rows=3
[11/02/2025 01:31:12.504 PM] Message  || User: adeyumii            || Channel: #pictures-of-the-cats                || Content: He was being admired some folks but the moment I came by he ran to me
[11/02/2025 01:31:26.458 PM] Message  || User: adeyumii            || Channel: #pictures-of-the-cats                || Content: And then he led me to a picnic table so he could lay down and be pet...
[11/02/2025 01:31:51.127 PM] Message  || User: hatshura            || Channel: #yapper-committee                    || Content: STOP, DROP, AND ROLL
[11/02/2025 01:31:55.879 PM] Message  || User: adeyumii            || Channel: #pictures-of-the-cats                || Content: his thang was swanging
[11/02/2025 01:31:59.424 PM] Message  || User: hatshura            || Channel: #yapper-committee                    || Content: https://tenor.com/view/elden-ring-gif-2520491561162238565
[11/02/2025 01:31:59.731 PM] Edit     || User: hatshura            || Channel: #yapper-committee                    || https://tenor.com/view/elden-ring-gif-2520491561162238565 -> https://tenor.co...
[11/02/2025 01:32:03.686 PM] React+   || User: reyesthighs         || Channel: #yapper-committee                    || emoji=😭; msg="https://tenor.com/view/elden-ring-gif-25..." by hatshura
[11/02/2025 01:32:14.282 PM] Message  || User: slayc127            || Channel: #purrley-pawsitive-pussy-pals        || Content: i do not think this class is coming in
[11/02/2025 01:32:17.268 PM] Message  || User: slayc127            || Channel: #purrley-pawsitive-pussy-pals        || Content: kazius should be HOME
[11/02/2025 01:33:32.437 PM] Action   || Name: send_suppressed     || Trigger: ch=1341696618688286720               || Output: Gmail authorization needed. Open and approve, then reply: 'TomCat, au...
[11/02/2025 01:33:32.437 PM] Action   || Name: gmail_auth_url      || Trigger:                                      || Output: https://accounts.google.com/o/oauth2/auth?response_type=code&client_i...
[11/02/2025 01:33:32.437 PM] Action   || Name: gmail_log_scheduler || Trigger: auth                                 || Output: pending
[11/02/2025 01:34:28.163 PM] Message  || User: adeyumii            || Channel: #pictures-of-the-cats                || Content: his size cannot be exaggerated
[11/02/2025 01:34:28.970 PM] Action   || Name: image_intake        || Trigger: channel=551084964318543904           || Output: rows=1
[11/02/2025 01:35:28.003 PM] Message  || User: slayc127            || Channel: #purrley-pawsitive-pussy-pals        || Content: (no text; attachments=3)
[11/02/2025 01:35:39.390 PM] React+   || User: nostalgicsapphic    || Channel: #purrley-pawsitive-pussy-pals        || emoji=‼️; msg="kazius should be HOME" by slayc127
[11/02/2025 01:35:41.832 PM] React+   || User: nostalgicsapphic    || Channel: #purrley-pawsitive-pussy-pals        || emoji=🔥; msg=1434626988953436181
[11/02/2025 01:35:53.972 PM] Message  || User: slayc127            || Channel: #purrley-pawsitive-pussy-pals        || Content: (no text; attachments=2)
[11/02/2025 01:38:00.330 PM] Message  || User: void_now            || Channel: #yapper-committee                    || Content: detonate a neutronium warhead on him
[11/02/2025 01:38:20.268 PM] Message  || User: slayc127            || Channel: #purrley-pawsitive-pussy-pals        || Content: mck i wont them
[11/02/2025 01:38:21.398 PM] Message  || User: reyesthighs         || Channel: #yapper-committee                    || Content: omg you hate that cat so much /silly
[11/02/2025 01:38:42.896 PM] Message  || User: nostalgicsapphic    || Channel: #purrley-pawsitive-pussy-pals        || Content: adopt them :3 so i can see them whenever :3
[11/02/2025 01:38:49.726 PM] Message  || User: void_now            || Channel: #yapper-committee                    || Content: I do not‼️
[11/02/2025 01:39:17.189 PM] Message  || User: pancakemixteamdj    || Channel: #pictures-of-the-cats                || Content: We should measure his weight
[11/02/2025 01:39:27.786 PM] Message  || User: adeyumii            || Channel: #pictures-of-the-cats                || Content: do you think he misses ford
[11/02/2025 01:39:28.504 PM] Action   || Name: image_intake        || Trigger: channel=551084964318543904           || Output: rows=2
[11/02/2025 01:40:00.416 PM] Message  || User: slayc127            || Channel: #purrley-pawsitive-pussy-pals        || Content: hehehehehe
[11/02/2025 01:40:12.245 PM] Message  || User: slayc127            || Channel: #purrley-pawsitive-pussy-pals        || Content: someone give the contact of a therapist so i vcan get a esa letter
[11/02/2025 01:40:22.717 PM] Message  || User: simplyshadow171295  || Channel: #pictures-of-the-cats                || Content: poor guy
[11/02/2025 01:40:27.304 PM] Message  || User: nostalgicsapphic    || Channel: #purrley-pawsitive-pussy-pals        || Content: bet
[11/02/2025 01:40:31.350 PM] Message  || User: simplyshadow171295  || Channel: #pictures-of-the-cats                || Content: (no he doesn’t)
[11/02/2025 01:41:32.846 PM] Message  || User: adeyumii            || Channel: #pictures-of-the-cats                || Content: (no text; attachments=2)
[11/02/2025 01:41:33.446 PM] Action   || Name: image_intake        || Trigger: channel=551084964318543904           || Output: rows=2
[11/02/2025 01:44:00.021 PM] Action   || Name: send_suppressed     || Trigger: ch=1341696618688286720               || Output: Gmail authorization needed. Open and approve, then reply: 'TomCat, au...
[11/02/2025 01:44:00.021 PM] Action   || Name: gmail_auth_url      || Trigger:                                      || Output: https://accounts.google.com/o/oauth2/auth?response_type=code&client_i...
[11/02/2025 01:44:00.021 PM] Action   || Name: gmail_log_scheduler || Trigger: auth                                 || Output: pending
[11/02/2025 01:44:04.147 PM] Action   || Name: send_suppressed     || Trigger: ch=1341696618688286720               || Output: Gmail authorization needed. Open and approve, then reply: 'TomCat, au...
[11/02/2025 01:44:04.147 PM] Action   || Name: gmail_auth_url      || Trigger:                                      || Output: https://accounts.google.com/o/oauth2/auth?response_type=code&client_i...
[11/02/2025 01:44:04.147 PM] Action   || Name: gmail_log_scheduler || Trigger: auth                                 || Output: pending
[11/02/2025 01:46:26.348 PM] Message  || User: simplyshadow171295  || Channel: #pictures-of-the-cats                || Content: quemstion
[11/02/2025 01:46:50.765 PM] Message  || User: a1darek             || Channel: #pet-pictures                        || Content: (no text; attachments=9)
[11/02/2025 01:46:50.824 PM] Message  || User: a1darek             || Channel: #pet-pictures                        || Content: Sienna Photodump from her new home!!
[11/02/2025 01:48:11.652 PM] Message  || User: simplyshadow171295  || Channel: #pet-pictures                        || Content: MISS GIRL
[11/02/2025 01:51:22.369 PM] Message  || User: ludavis             || Channel: #pet-pictures                        || Content: Man i love a good ending 🥹
[11/02/2025 01:51:23.692 PM] Action   || Name: send_suppressed     || Trigger: ch=1341696618688286720               || Output: Gmail authorization needed. Open and approve, then reply: 'TomCat, au...
[11/02/2025 01:51:23.692 PM] Action   || Name: gmail_auth_url      || Trigger:                                      || Output: https://accounts.google.com/o/oauth2/auth?response_type=code&client_i...
[11/02/2025 01:51:23.692 PM] Action   || Name: gmail_log_scheduler || Trigger: auth                                 || Output: pending
[11/02/2025 01:52:07.452 PM] Message  || User: cici4f3             || Channel: #feeding-team                        || Content: I am going to feed microwave late tonight prob around 9:30
[11/02/2025 01:52:07.461 PM] Action   || Name: feed_pending_set    || Trigger: ch=643586809166561310; user=34238... || Output: stations=Microwave; text=I am going to feed microwave late tonight pr...
[11/02/2025 01:54:22.899 PM] Message  || User: adeyumii            || Channel: #pictures-of-the-cats                || Content: he was being especially whimsical. watching two butterflies play in ...
[11/02/2025 01:54:23.799 PM] Action   || Name: image_intake        || Trigger: channel=551084964318543904           || Output: rows=1
[11/02/2025 01:56:21.186 PM] Message  || User: a1darek             || Channel: #pictures-of-the-cats                || Content: What a phenomenal pose
[11/02/2025 02:00:48.945 PM] React+   || User: kitadan             || Channel: #pet-pictures                        || emoji=🥹; msg="Old man" by m_digio
[11/02/2025 02:00:55.823 PM] React+   || User: kitadan             || Channel: #pet-pictures                        || emoji=❤️; msg=1434629853432385748
[11/02/2025 02:01:12.248 PM] React+   || User: kitadan             || Channel: #yapper-committee                    || emoji=😭; msg="In hindsight I should’ve said you have 6..." by a1darek
[11/02/2025 02:01:27.481 PM] React+   || User: kitadan             || Channel: #yapper-committee                    || emoji=😭; msg="https://tenor.com/view/elden-ring-gif-25..." by hatshura
[11/02/2025 02:13:49.796 PM] Action   || Name: send_suppressed     || Trigger: ch=1341696618688286720               || Output: Gmail authorization needed. Open and approve, then reply: 'TomCat, au...
[11/02/2025 02:13:49.796 PM] Action   || Name: gmail_auth_url      || Trigger:                                      || Output: https://accounts.google.com/o/oauth2/auth?response_type=code&client_i...
[11/02/2025 02:13:49.799 PM] Action   || Name: gmail_log_scheduler || Trigger: auth                                 || Output: pending
[11/02/2025 02:14:31.010 PM] React+   || User: slayc127            || Channel: #pet-pictures                        || emoji=❤️; msg=1434629853432385748
[11/02/2025 02:14:37.010 PM] Message  || User: slayc127            || Channel: #pet-pictures                        || Content: shes so loved
[11/02/2025 02:16:03.495 PM] Message  || User: a1darek             || Channel: #pet-pictures                        || Content: me after I listen to that maroon 5 song:
[11/02/2025 02:17:20.377 PM] React+   || User: slayc127            || Channel: #yapper-committee                    || emoji=😭; msg="https://tenor.com/view/elden-ring-gif-25..." by hatshura
[11/02/2025 02:18:00.596 PM] React+   || User: simplyshadow171295  || Channel: #pet-pictures                        || emoji=😭; msg="me after I listen to that maroon 5 song:" by a1darek
[11/02/2025 02:20:06.223 PM] React+   || User: slayc127            || Channel: #pet-pictures                        || emoji=😭; msg="me after I listen to that maroon 5 song:" by a1darek
[11/02/2025 02:20:14.784 PM] Message  || User: slayc127            || Channel: #pet-pictures                        || Content: https://tenor.com/view/sus-suspicious-side-eye-supasta21-suspicious-...
[11/02/2025 02:20:15.161 PM] Edit     || User: slayc127            || Channel: #pet-pictures                        || https://tenor.com/view/sus-suspicious-side-eye-supasta21-suspicious-cat-gif-1...
[11/02/2025 02:20:55.917 PM] Action   || Name: send_suppressed     || Trigger: ch=1341696618688286720               || Output: Gmail authorization needed. Open and approve, then reply: 'TomCat, au...
[11/02/2025 02:20:55.922 PM] Action   || Name: gmail_auth_url      || Trigger:                                      || Output: https://accounts.google.com/o/oauth2/auth?response_type=code&client_i...
[11/02/2025 02:20:55.922 PM] Action   || Name: gmail_log_scheduler || Trigger: auth                                 || Output: pending
[11/02/2025 02:21:00.117 PM] Action   || Name: send_suppressed     || Trigger: ch=1341696618688286720               || Output: Gmail authorization needed. Open and approve, then reply: 'TomCat, au...
[11/02/2025 02:21:00.125 PM] Action   || Name: gmail_auth_url      || Trigger:                                      || Output: https://accounts.google.com/o/oauth2/auth?response_type=code&client_i...
[11/02/2025 02:21:00.125 PM] Action   || Name: gmail_log_scheduler || Trigger: auth                                 || Output: pending
[11/02/2025 02:22:06.561 PM] Action   || Name: send_suppressed     || Trigger: ch=1341696618688286720               || Output: Gmail authorization needed. Open and approve, then reply: 'TomCat, au...
[11/02/2025 02:22:06.561 PM] Action   || Name: gmail_auth_url      || Trigger:                                      || Output: https://accounts.google.com/o/oauth2/auth?response_type=code&client_i...
[11/02/2025 02:22:06.566 PM] Action   || Name: gmail_log_scheduler || Trigger: auth                                 || Output: pending
[11/02/2025 02:28:06.942 PM] React+   || User: _costco_wholesale_  || Channel: #pet-pictures                        || emoji=❤️; msg=1434629853432385748
[11/02/2025 02:28:46.306 PM] Action   || Name: send_suppressed     || Trigger: ch=1341696618688286720               || Output: Gmail authorization needed. Open and approve, then reply: 'TomCat, au...
[11/02/2025 02:28:46.306 PM] Action   || Name: gmail_auth_url      || Trigger:                                      || Output: https://accounts.google.com/o/oauth2/auth?response_type=code&client_i...
[11/02/2025 02:28:46.306 PM] Action   || Name: gmail_log_scheduler || Trigger: auth                                 || Output: pending
[11/02/2025 02:29:46.164 PM] Message  || User: lance030315         || Channel: #yapper-committee                    || Content: Finally had free time, so I finished the base design of a character ...
[11/02/2025 02:32:10.585 PM] React+   || User: _rambone_           || Channel: #executive-board                     || emoji=😭; msg=1434550487646208030
[11/02/2025 02:34:03.309 PM] Action   || Name: send_suppressed     || Trigger: ch=1341696618688286720               || Output: Gmail authorization needed. Open and approve, then reply: 'TomCat, au...
[11/02/2025 02:34:03.309 PM] Action   || Name: gmail_auth_url      || Trigger:                                      || Output: https://accounts.google.com/o/oauth2/auth?response_type=code&client_i...
[11/02/2025 02:34:03.309 PM] Action   || Name: gmail_log_scheduler || Trigger: auth                                 || Output: pending
[11/02/2025 02:34:57.160 PM] React+   || User: slayc127            || Channel: #yapper-committee                    || emoji=‼️; msg="Finally had free time, so I finished the..." by lance030315
[11/02/2025 02:35:13.099 PM] React+   || User: slayc127            || Channel: #pictures-of-the-cats                || emoji=‼️; msg="He was being admired some folks but the ..." by adeyumii
[11/02/2025 02:35:17.595 PM] React+   || User: slayc127            || Channel: #pictures-of-the-cats                || emoji=😭; msg="his size cannot be exaggerated" by adeyumii
[11/02/2025 02:35:25.133 PM] React+   || User: reyesthighs         || Channel: #yapper-committee                    || emoji=‼️; msg="Finally had free time, so I finished the..." by lance030315
[11/02/2025 02:35:25.411 PM] React+   || User: slayc127            || Channel: #pictures-of-the-cats                || emoji=‼️; msg=1434628519983579268
[11/02/2025 02:35:28.059 PM] React+   || User: slayc127            || Channel: #pictures-of-the-cats                || emoji=😭; msg="he was being especially whimsical. watch..." by adeyumii
[11/02/2025 02:46:01.862 PM] Message  || User: lance030315         || Channel: #yapper-committee                    || Content: His whole motivation is just that he wants to take a nap, but people...
[11/02/2025 02:46:12.463 PM] Message  || User: reyesthighs         || Channel: #yapper-committee                    || Content: ujgekrfndhtjgref
[11/02/2025 02:46:15.054 PM] Message  || User: reyesthighs         || Channel: #yapper-committee                    || Content: we love it
[11/02/2025 02:46:19.219 PM] Message  || User: reyesthighs         || Channel: #yapper-committee                    || Content: iconic
[11/02/2025 02:53:15.962 PM] Message  || User: lance030315         || Channel: #yapper-committee                    || Content: His whole motivation is just that he wants to take a nap, but people...
[11/02/2025 03:03:19.519 PM] Action   || Name: send_suppressed     || Trigger: ch=1341696618688286720               || Output: Gmail authorization needed. Open and approve, then reply: 'TomCat, au...
[11/02/2025 03:03:19.519 PM] Action   || Name: gmail_auth_url      || Trigger:                                      || Output: https://accounts.google.com/o/oauth2/auth?response_type=code&client_i...
[11/02/2025 03:03:19.519 PM] Action   || Name: gmail_log_scheduler || Trigger: auth                                 || Output: pending
[11/02/2025 03:05:27.583 PM] React+   || User: hatshura            || Channel: #pet-pictures                        || emoji=❤️; msg=1434629853432385748
[11/02/2025 03:06:25.755 PM] Action   || Name: send_suppressed     || Trigger: ch=1341696618688286720               || Output: Gmail authorization needed. Open and approve, then reply: 'TomCat, au...
[11/02/2025 03:06:25.755 PM] Action   || Name: gmail_auth_url      || Trigger:                                      || Output: https://accounts.google.com/o/oauth2/auth?response_type=code&client_i...
[11/02/2025 03:06:25.755 PM] Action   || Name: gmail_log_scheduler || Trigger: auth                                 || Output: pending
[11/02/2025 03:06:29.252 PM] Action   || Name: send_suppressed     || Trigger: ch=1341696618688286720               || Output: Gmail authorization needed. Open and approve, then reply: 'TomCat, au...
[11/02/2025 03:06:29.252 PM] Action   || Name: gmail_auth_url      || Trigger:                                      || Output: https://accounts.google.com/o/oauth2/auth?response_type=code&client_i...
[11/02/2025 03:06:29.264 PM] Action   || Name: gmail_log_scheduler || Trigger: auth                                 || Output: pending
[11/02/2025 03:08:08.576 PM] React+   || User: spitonme            || Channel: #yapper-committee                    || emoji=🐙; msg="In hindsight I should’ve said you have 6..." by a1darek
[11/02/2025 03:08:35.355 PM] React+   || User: spitonme            || Channel: #yapper-committee                    || emoji=🐙; msg="Finally had free time, so I finished the..." by lance030315
[11/02/2025 03:08:43.367 PM] React+   || User: spitonme            || Channel: #yapper-committee                    || emoji=🐙; msg="His whole motivation is just that he wan..." by lance030315
[11/02/2025 03:08:48.841 PM] Message  || User: spitonme            || Channel: #yapper-committee                    || Content: this is peak
[11/02/2025 03:08:55.644 PM] Message  || User: coziidruid          || Channel: #purrley-pawsitive-pussy-pals        || Content: om nom nom
[11/02/2025 03:21:56.563 PM] React+   || User: vasyline            || Channel: #pictures-of-the-cats                || emoji=😭; msg="his size cannot be exaggerated" by adeyumii
[11/02/2025 03:21:58.888 PM] React+   || User: vasyline            || Channel: #pictures-of-the-cats                || emoji=😭; msg="he was being especially whimsical. watch..." by adeyumii
[11/02/2025 03:22:02.446 PM] React+   || User: vasyline            || Channel: #pictures-of-the-cats                || emoji=‼️; msg=1434628519983579268
[11/02/2025 03:30:04.947 PM] Action   || Name: send_suppressed     || Trigger: ch=1341696618688286720               || Output: Gmail authorization needed. Open and approve, then reply: 'TomCat, au...
[11/02/2025 03:30:04.947 PM] Action   || Name: gmail_auth_url      || Trigger:                                      || Output: https://accounts.google.com/o/oauth2/auth?response_type=code&client_i...
[11/02/2025 03:30:04.947 PM] Action   || Name: gmail_log_scheduler || Trigger: auth                                 || Output: pending
[11/02/2025 03:36:50.297 PM] React+   || User: slayc127            || Channel: #yapper-committee                    || emoji=🐙; msg="His whole motivation is just that he wan..." by lance030315
[11/02/2025 03:37:56.497 PM] Message  || User: lance030315         || Channel: #yapper-committee                    || Content: Might also make a warlock version and find a way to flavorwise have ...
[11/02/2025 03:39:55.696 PM] React+   || User: slayc127            || Channel: #purrley-pawsitive-pussy-pals        || emoji=‼️; msg="om nom nom" by coziidruid
[11/02/2025 03:52:14.794 PM] Action   || Name: send_suppressed     || Trigger: ch=1341696618688286720               || Output: Gmail authorization needed. Open and approve, then reply: 'TomCat, au...
[11/02/2025 03:52:14.794 PM] Action   || Name: gmail_auth_url      || Trigger:                                      || Output: https://accounts.google.com/o/oauth2/auth?response_type=code&client_i...
[11/02/2025 03:52:14.794 PM] Action   || Name: gmail_log_scheduler || Trigger: auth                                 || Output: pending
[11/02/2025 03:54:08.658 PM] Message  || User: izzyballz           || Channel: #pictures-of-the-cats                || Content: he’s rotund
[11/02/2025 03:54:11.246 PM] Message  || User: izzyballz           || Channel: #pictures-of-the-cats                || Content: tub of lard
[11/02/2025 03:55:25.164 PM] Message  || User: izzyballz           || Channel: #yapper-committee                    || Content: i’m actually fucking crying
[11/02/2025 03:55:44.495 PM] Message  || User: izzyballz           || Channel: #yapper-committee                    || Content: i was not even parked poorly
[11/02/2025 03:56:48.152 PM] Message  || User: racerdg             || Channel: #yapper-committee                    || Content: what the helly
[11/02/2025 03:56:57.485 PM] Message  || User: racerdg             || Channel: #yapper-committee                    || Content: doesnt your car not even take up a full parking spot
[11/02/2025 03:57:05.055 PM] Message  || User: izzyballz           || Channel: #yapper-committee                    || Content: IT DOESNT
[11/02/2025 03:57:14.432 PM] Message  || User: izzyballz           || Channel: #yapper-committee                    || Content: i’ve literally never once impacted another’s parking spot ever
[11/02/2025 03:58:11.983 PM] Message  || User: ludavis             || Channel: #yapper-committee                    || Content: Lmao
[11/02/2025 04:00:47.735 PM] Action   || Name: send_suppressed     || Trigger: ch=1341696618688286720               || Output: Gmail authorization needed. Open and approve, then reply: 'TomCat, au...
[11/02/2025 04:00:47.735 PM] Action   || Name: gmail_auth_url      || Trigger:                                      || Output: https://accounts.google.com/o/oauth2/auth?response_type=code&client_i...
[11/02/2025 04:00:47.735 PM] Action   || Name: gmail_log_scheduler || Trigger: auth                                 || Output: pending
[11/02/2025 04:01:21.728 PM] Message  || User: slayc127            || Channel: #yapper-committee                    || Content: sending a bomb to them
[11/02/2025 04:01:31.528 PM] React+   || User: slayc127            || Channel: #pictures-of-the-cats                || emoji=😆; msg="tub of lard" by izzyballz
[11/02/2025 04:01:36.787 PM] Message  || User: slayc127            || Channel: #pictures-of-the-cats                || Content: strike one for izzy b*lls
[11/02/2025 04:06:41.105 PM] React+   || User: _costco_wholesale_  || Channel: #yapper-committee                    || emoji=‼️; msg="Finally had free time, so I finished the..." by lance030315
[11/02/2025 04:09:44.770 PM] React+   || User: kitadan             || Channel: #yapper-committee                    || emoji=‼️; msg="Finally had free time, so I finished the..." by lance030315
[11/02/2025 04:16:59.535 PM] Message  || User: slayc127            || Channel: #purrley-pawsitive-pussy-pals        || Content: i forgot to reply to my freaking psych advisor about my damn final t...
[11/02/2025 04:17:12.719 PM] Message  || User: slayc127            || Channel: #purrley-pawsitive-pussy-pals        || Content: but in any case i think i managed to not have ANY morning classes
[11/02/2025 04:17:29.474 PM] React+   || User: nostalgicsapphic    || Channel: #purrley-pawsitive-pussy-pals        || emoji=🎉; msg="but in any case i think i managed to not..." by slayc127
[11/02/2025 04:29:02.473 PM] Message  || User: .bettercalljack     || Channel: #feeding-team                        || Content: West hall fed
[11/02/2025 04:29:02.473 PM] Intent   || feed_update               ||                                               || station=West Hall; dates=['2025-11-02']
[11/02/2025 04:29:04.246 PM] Action   || Name: sheet_mark          || Trigger: station=West Hall date=2025-11-02    || Output: ok
[11/02/2025 04:29:04.246 PM] Action   || Name: feed_update         || Trigger: station=West Hall; dates=2025-11-02  || Output: ok
[11/02/2025 04:29:37.101 PM] React+   || User: .bettercalljack     || Channel: #yapper-committee                    || emoji=🐙; msg="Finally had free time, so I finished the..." by lance030315
[11/02/2025 04:29:37.137 PM] React+   || User: .bettercalljack     || Channel: #yapper-committee                    || emoji=‼️; msg="Finally had free time, so I finished the..." by lance030315
[11/02/2025 04:30:19.965 PM] Message  || User: reyesthighs         || Channel: #yapper-committee                    || Content: NasTEA they kind mind their fucken business
[11/02/2025 04:30:21.605 PM] Message  || User: .bettercalljack     || Channel: #yapper-committee                    || Content: Next ccc fundraiser, bomb the note leaver
[11/02/2025 04:30:35.734 PM] Message  || User: reyesthighs         || Channel: #yapper-committee                    || Content: How about next time they park their car right up their ass
[11/02/2025 04:30:51.385 PM] Message  || User: reyesthighs         || Channel: #yapper-committee                    || Content: I bet you weren't even over the line
[11/02/2025 04:30:52.042 PM] Message  || User: reyesthighs         || Channel: #yapper-committee                    || Content: omg
[11/02/2025 04:36:12.310 PM] Message  || User: .bettercalljack     || Channel: #pet-pictures                        || Content: Shes growinggg
[11/02/2025 04:39:19.606 PM] Message  || User: kitadan             || Channel: #feeding-team                        || Content: Zen fed.
[11/02/2025 04:39:19.606 PM] Intent   || feed_update               ||                                               || station=Mary Kay and Zen; dates=['2025-11-02']
[11/02/2025 04:39:21.309 PM] Action   || Name: sheet_mark          || Trigger: station=Mary Kay and Zen date=202... || Output: ok
[11/02/2025 04:39:21.309 PM] Action   || Name: feed_update         || Trigger: station=Mary Kay and Zen; dates=2... || Output: ok
[11/02/2025 04:41:18.003 PM] Message  || User: lemonelon_          || Channel: #pet-pictures                        || Content: they both got a bath tdyy I shaved Penny's beard and she looks 5 yea...
[11/02/2025 04:45:18.606 PM] Action   || Name: send_suppressed     || Trigger: ch=1341696618688286720               || Output: Gmail authorization needed. Open and approve, then reply: 'TomCat, au...
[11/02/2025 04:45:18.606 PM] Action   || Name: gmail_auth_url      || Trigger:                                      || Output: https://accounts.google.com/o/oauth2/auth?response_type=code&client_i...
[11/02/2025 04:45:18.606 PM] Action   || Name: gmail_log_scheduler || Trigger: auth                                 || Output: pending
[11/02/2025 04:46:44.239 PM] Message  || User: .bettercalljack     || Channel: #yapper-committee                    || Content: I feel like an scp leaving its enclosure (my dorm) to track down cam...
[11/02/2025 04:52:17.758 PM] Message  || User: .bettercalljack     || Channel: #pictures-of-the-cats                || Content: (no text; attachments=1)
[11/02/2025 04:52:18.787 PM] Action   || Name: image_intake        || Trigger: channel=551084964318543904           || Output: rows=1
[11/02/2025 04:55:42.469 PM] Message  || User: .bettercalljack     || Channel: #pictures-of-the-cats                || Content: (no text; attachments=1)
[11/02/2025 04:55:43.404 PM] Action   || Name: image_intake        || Trigger: channel=551084964318543904           || Output: rows=1
[11/02/2025 04:55:52.722 PM] React+   || User: slayc127            || Channel: #pet-pictures                        || emoji=‼️; msg="they both got a bath tdyy I shaved Penny..." by lemonelon_
[11/02/2025 04:55:56.832 PM] Message  || User: slayc127            || Channel: #pet-pictures                        || Content: THEY LOOK SO GOOD
[11/02/2025 04:56:59.575 PM] React+   || User: lemonelon_          || Channel: #pet-pictures                        || emoji=🙏; msg="THEY LOOK SO GOOD" by slayc127
[11/02/2025 04:57:46.355 PM] React+   || User: kitadan             || Channel: #pet-pictures                        || emoji=‼️; msg="they both got a bath tdyy I shaved Penny..." by lemonelon_
[11/02/2025 04:58:15.987 PM] React+   || User: lemonelon_          || Channel: #yapper-committee                    || emoji=❤️; msg="https://tenor.com/view/no-sleep-spongebo..." by .bettercalljack
[11/02/2025 04:58:28.713 PM] Message  || User: .bettercalljack     || Channel: #pictures-of-the-cats                || Content: Shes assuming i feed her guys help
[11/02/2025 04:58:29.814 PM] Action   || Name: image_intake        || Trigger: channel=551084964318543904           || Output: rows=1
[11/02/2025 04:58:48.077 PM] Message  || User: .bettercalljack     || Channel: #pictures-of-the-cats                || Content: She led me to the bowls
[11/02/2025 05:01:46.204 PM] React+   || User: a1darek             || Channel: #pet-pictures                        || emoji=‼️; msg="they both got a bath tdyy I shaved Penny..." by lemonelon_
[11/02/2025 05:01:59.737 PM] Message  || User: a1darek             || Channel: #pet-pictures                        || Content: I know they take pets like no problem
[11/02/2025 05:02:24.095 PM] Message  || User: slayc127            || Channel: #purrley-pawsitive-pussy-pals        || Content: @mckayla [retired]
[11/02/2025 05:02:42.980 PM] Message  || User: nostalgicsapphic    || Channel: #purrley-pawsitive-pussy-pals        || Content: OUGHHH STUPID BABEYYY
[11/02/2025 05:03:43.133 PM] Message  || User: slayc127            || Channel: #purrley-pawsitive-pussy-pals        || Content: sooooo proud of himself
[11/02/2025 05:03:49.873 PM] React+   || User: nostalgicsapphic    || Channel: #purrley-pawsitive-pussy-pals        || emoji=😆; msg="sooooo proud of himself" by slayc127
[11/02/2025 05:03:52.001 PM] Message  || User: slayc127            || Channel: #purrley-pawsitive-pussy-pals        || Content: smacked me when i tried to pick up the litter box
[11/02/2025 05:04:03.873 PM] Message  || User: lemonelon_          || Channel: #pet-pictures                        || Content: they r goobers wait let me find an old video
[11/02/2025 05:05:19.849 PM] Message  || User: lemonelon_          || Channel: #pet-pictures                        || Content: I think it this ?
[11/02/2025 05:05:56.016 PM] Message  || User: lemonelon_          || Channel: #pet-pictures                        || Content: absolutely bodied her
[11/02/2025 05:06:30.596 PM] Message  || User: lemonelon_          || Channel: #pet-pictures                        || Content: (no text; attachments=1)
[11/02/2025 05:08:40.821 PM] Message  || User: adeyumii            || Channel: #feeding-team                        || Content: I forgot that sunset is going to happen an hour early so I'm leaving...
[11/02/2025 05:08:51.806 PM] React+   || User: m_digio             || Channel: #feeding-team                        || emoji=😭; msg="I forgot that sunset is going to happen ..." by adeyumii
[11/02/2025 05:09:54.459 PM] React+   || User: kitadan             || Channel: #feeding-team                        || emoji=😭; msg="I forgot that sunset is going to happen ..." by adeyumii
[11/02/2025 05:10:35.065 PM] Message  || User: adeyumii            || Channel: #pictures-of-the-cats                || Content: she hungers
[11/02/2025 05:10:39.891 PM] Message  || User: adeyumii            || Channel: #pictures-of-the-cats                || Content: how dare you not feed the queen
[11/02/2025 05:11:09.280 PM] React+   || User: a1darek             || Channel: #pet-pictures                        || emoji=❤️; msg="I think it this ?" by lemonelon_
[11/02/2025 05:11:25.094 PM] Message  || User: a1darek             || Channel: #pet-pictures                        || Content: They are having so much fun omgggg
[11/02/2025 05:11:28.402 PM] Message  || User: a1darek             || Channel: #pet-pictures                        || Content: love love love them
[11/02/2025 05:11:32.101 PM] React+   || User: a1darek             || Channel: #pet-pictures                        || emoji=❤️; msg=1434680100665692170
[11/02/2025 05:12:02.497 PM] React+   || User: lemonelon_          || Channel: #pet-pictures                        || emoji=❤️; msg="They are having so much fun omgggg" by a1darek
[11/02/2025 05:12:04.076 PM] React+   || User: lemonelon_          || Channel: #pet-pictures                        || emoji=❤️; msg="love love love them" by a1darek
[11/02/2025 05:12:14.109 PM] Message  || User: .bettercalljack     || Channel: #pet-pictures                        || Content: Those are good dogs right there
[11/02/2025 05:12:39.687 PM] React+   || User: slayc127            || Channel: #pet-pictures                        || emoji=❤️; msg="I think it this ?" by lemonelon_
[11/02/2025 05:12:51.525 PM] React+   || User: lemonelon_          || Channel: #pet-pictures                        || emoji=❤️; msg="Those are good dogs right there" by .bettercalljack
[11/02/2025 05:12:54.909 PM] React+   || User: slayc127            || Channel: #feeding-team                        || emoji=😭; msg="I forgot that sunset is going to happen ..." by adeyumii
[11/02/2025 05:21:40.820 PM] Message  || User: .bettercalljack     || Channel: #pictures-of-the-cats                || Content: Im sorry for neglecting twix. I will now distance myself from the CC...
[11/02/2025 05:29:50.284 PM] React+   || User: _costco_wholesale_  || Channel: #pet-pictures                        || emoji=‼️; msg="they both got a bath tdyy I shaved Penny..." by lemonelon_
[11/02/2025 05:30:06.855 PM] React+   || User: _costco_wholesale_  || Channel: #pet-pictures                        || emoji=❤️; msg="I think it this ?" by lemonelon_
[11/02/2025 05:30:21.400 PM] React+   || User: _costco_wholesale_  || Channel: #pet-pictures                        || emoji=❤️; msg=1434680100665692170
[11/02/2025 05:30:36.502 PM] Message  || User: adeyumii            || Channel: #feeding-team                        || Content: lot 50
[11/02/2025 05:30:36.502 PM] Action   || Name: feed_pending_exp... || Trigger: ch=643586809166561310; user=47432... || Output: 
[11/02/2025 05:30:36.502 PM] Intent   || feed_update               ||                                               || station=Lot 50; dates=['2025-11-02']
[11/02/2025 05:30:38.395 PM] Action   || Name: sheet_mark          || Trigger: station=Lot 50 date=2025-11-02       || Output: ok
[11/02/2025 05:30:38.395 PM] Action   || Name: feed_update         || Trigger: station=Lot 50; dates=2025-11-02     || Output: ok
[11/02/2025 05:30:58.331 PM] React+   || User: vasyline            || Channel: #feeding-team                        || emoji=😭; msg="I forgot that sunset is going to happen ..." by adeyumii
[11/02/2025 05:31:25.949 PM] Message  || User: vasyline            || Channel: #feeding-team                        || Content: Snickers fed
[11/02/2025 05:31:25.949 PM] Intent   || feed_update               ||                                               || station=Snickers; dates=['2025-11-02']
[11/02/2025 05:31:26.802 PM] Action   || Name: sheet_mark          || Trigger: station=Snickers date=2025-11-02     || Output: ok
[11/02/2025 05:31:26.802 PM] Action   || Name: feed_update         || Trigger: station=Snickers; dates=2025-11-02   || Output: ok
[11/02/2025 05:32:04.862 PM] Message  || User: pancakemixteamdj    || Channel: #yapper-committee                    || Content: DIABOLICAL
[11/02/2025 05:32:46.872 PM] Message  || User: pancakemixteamdj    || Channel: #yapper-committee                    || Content: Unless you were at the person I saw earlier at Sam’s , who half the ...
[11/02/2025 05:32:53.098 PM] Message  || User: kcreepertux04       || Channel: #yapper-committee                    || Content: how do i park bozo, i only know how to park normal
[11/02/2025 05:33:32.545 PM] Action   || Name: send_suppressed     || Trigger: ch=1341696618688286720               || Output: Gmail authorization needed. Open and approve, then reply: 'TomCat, au...
[11/02/2025 05:33:32.545 PM] Action   || Name: gmail_auth_url      || Trigger:                                      || Output: https://accounts.google.com/o/oauth2/auth?response_type=code&client_i...
[11/02/2025 05:33:32.545 PM] Action   || Name: gmail_log_scheduler || Trigger: auth                                 || Output: pending
[11/02/2025 05:36:01.920 PM] Message  || User: vasyline            || Channel: #pictures-of-the-cats                || Content: (no text; attachments=1)
[11/02/2025 05:36:02.598 PM] Action   || Name: image_intake        || Trigger: channel=551084964318543904           || Output: rows=1
[11/02/2025 05:36:32.540 PM] React+   || User: pancakemixteamdj    || Channel: #yapper-committee                    || emoji=‼️; msg="Finally had free time, so I finished the..." by lance030315
[11/02/2025 05:37:46.718 PM] Message  || User: kcreepertux04       || Channel: #yapper-committee                    || Content: i think it would be funny to keep a bunch of crayons and coloring sh...
[11/02/2025 05:38:24.777 PM] Message  || User: vasyline            || Channel: #pictures-of-the-cats                || Content: (no text; attachments=1)
[11/02/2025 05:38:25.584 PM] Action   || Name: image_intake        || Trigger: channel=551084964318543904           || Output: rows=1
[11/02/2025 05:39:16.865 PM] Message  || User: ludavis             || Channel: #yapper-committee                    || Content: I would stick a note on every car if I had that stuff with me at all...
[11/02/2025 05:41:05.559 PM] Message  || User: m_digio             || Channel: #executive-board                     || Content: @officers nefarious needs a vet trip asap
[11/02/2025 05:44:00.105 PM] Action   || Name: send_suppressed     || Trigger: ch=1341696618688286720               || Output: Gmail authorization needed. Open and approve, then reply: 'TomCat, au...
[11/02/2025 05:44:00.105 PM] Action   || Name: gmail_auth_url      || Trigger:                                      || Output: https://accounts.google.com/o/oauth2/auth?response_type=code&client_i...
[11/02/2025 05:44:00.105 PM] Action   || Name: gmail_log_scheduler || Trigger: auth                                 || Output: pending
[11/02/2025 05:44:04.220 PM] Action   || Name: send_suppressed     || Trigger: ch=1341696618688286720               || Output: Gmail authorization needed. Open and approve, then reply: 'TomCat, au...
[11/02/2025 05:44:04.220 PM] Action   || Name: gmail_auth_url      || Trigger:                                      || Output: https://accounts.google.com/o/oauth2/auth?response_type=code&client_i...
[11/02/2025 05:44:04.220 PM] Action   || Name: gmail_log_scheduler || Trigger: auth                                 || Output: pending
[11/02/2025 05:44:11.998 PM] Message  || User: simplyshadow171295  || Channel: #pictures-of-the-cats                || Content: coba fed
[11/02/2025 05:44:11.998 PM] Intent   || feed_update               ||                                               || station=Business; dates=['2025-11-02']
[11/02/2025 05:44:11.998 PM] Action   || Name: feed_update_ignored || Trigger: station=Business                     || Output: channel_blocked:551084964318543904
[11/02/2025 05:44:16.073 PM] Delete   || User: simplyshadow171295  || Channel: #pictures-of-the-cats                || Content: coba fed
[11/02/2025 05:44:32.891 PM] Message  || User: celeryiscelery      || Channel: #executive-board                     || Content: he def needs to be trapped and taken in. i think derek is just getti...
[11/02/2025 05:44:40.041 PM] Message  || User: simplyshadow171295  || Channel: #feeding-team                        || Content: coba fed
[11/02/2025 05:44:40.041 PM] Intent   || feed_update               ||                                               || station=Business; dates=['2025-11-02']
[11/02/2025 05:44:41.502 PM] Action   || Name: sheet_mark          || Trigger: station=Business date=2025-11-02     || Output: ok
[11/02/2025 05:44:41.502 PM] Action   || Name: feed_update         || Trigger: station=Business; dates=2025-11-02   || Output: ok
[11/02/2025 05:44:43.483 PM] Message  || User: a1darek             || Channel: #executive-board                     || Content: I will not be able to trap him myself
[11/02/2025 05:44:56.982 PM] Message  || User: simplyshadow171295  || Channel: #pictures-of-the-cats                || Content: AGEJSHDJDHDB
[11/02/2025 05:44:57.945 PM] Action   || Name: image_intake        || Trigger: channel=551084964318543904           || Output: rows=1
[11/02/2025 05:45:27.647 PM] Message  || User: a1darek             || Channel: #executive-board                     || Content: I am risking failing my biochemistry class if I don't spend this wee...
[11/02/2025 05:45:49.644 PM] Message  || User: a1darek             || Channel: #executive-board                     || Content: I've seen the photos and he needs an emergency trip but I won't be a...
[11/02/2025 05:46:00.152 PM] Message  || User: a1darek             || Channel: #executive-board                     || Content: + spend time moving him around and to the vet
[11/02/2025 05:47:47.043 PM] Message  || User: simplyshadow171295  || Channel: #pictures-of-the-cats                || Content: i scared off the pigeons she was hunting
[11/02/2025 05:47:47.905 PM] Action   || Name: image_intake        || Trigger: channel=551084964318543904           || Output: rows=1
[11/02/2025 05:49:17.808 PM] Message  || User: adeyumii            || Channel: #pictures-of-the-cats                || Content: ignoring tnr team stuff, I got some pics of Rubber's fluffy babies! ...
[11/02/2025 05:49:18.748 PM] Action   || Name: image_intake        || Trigger: channel=551084964318543904           || Output: rows=4
[11/02/2025 05:49:37.436 PM] Message  || User: adeyumii            || Channel: #pictures-of-the-cats                || Content: Bruno at the second location
[11/02/2025 05:49:38.191 PM] Action   || Name: image_intake        || Trigger: channel=551084964318543904           || Output: rows=1
[11/02/2025 05:49:44.534 PM] Message  || User: adeyumii            || Channel: #pictures-of-the-cats                || Content: Maddox
[11/02/2025 05:49:45.076 PM] Action   || Name: image_intake        || Trigger: channel=551084964318543904           || Output: rows=1
[11/02/2025 05:49:51.112 PM] Message  || User: adeyumii            || Channel: #pictures-of-the-cats                || Content: I think this is Gordon
[11/02/2025 05:49:51.785 PM] Action   || Name: image_intake        || Trigger: channel=551084964318543904           || Output: rows=1
[11/02/2025 05:50:02.561 PM] Message  || User: adeyumii            || Channel: #pictures-of-the-cats                || Content: No idea who this fucking guy is
[11/02/2025 05:50:03.415 PM] Action   || Name: image_intake        || Trigger: channel=551084964318543904           || Output: rows=1
[11/02/2025 05:50:14.930 PM] Message  || User: adeyumii            || Channel: #pictures-of-the-cats                || Content: They seem tipped though
[11/02/2025 05:50:24.231 PM] Message  || User: adeyumii            || Channel: #pictures-of-the-cats                || Content: Maddox and this guy are both tipped
[11/02/2025 05:51:19.671 PM] Message  || User: pancakemixteamdj    || Channel: #pictures-of-the-cats                || Content: Gordon i be seeing his ass but always to dark to get a photo of him
[11/02/2025 05:51:23.787 PM] Action   || Name: send_suppressed     || Trigger: ch=1341696618688286720               || Output: Gmail authorization needed. Open and approve, then reply: 'TomCat, au...
[11/02/2025 05:51:23.787 PM] Action   || Name: gmail_auth_url      || Trigger:                                      || Output: https://accounts.google.com/o/oauth2/auth?response_type=code&client_i...
[11/02/2025 05:51:23.787 PM] Action   || Name: gmail_log_scheduler || Trigger: auth                                 || Output: pending
[11/02/2025 05:51:28.209 PM] Message  || User: .bettercalljack     || Channel: #pictures-of-the-cats                || Content: Windows to the soul they say
[11/02/2025 05:52:49.231 PM] Message  || User: a1darek             || Channel: #executive-board                     || Content: If anyone else is able to do it, feel more than free and I can send ...
[11/02/2025 05:56:17.259 PM] Message  || User: celeryiscelery      || Channel: #executive-board                     || Content: i’m not gonna be available until friday after 3pm, i don’t want to f...
[11/02/2025 05:56:28.460 PM] Message  || User: adeyumii            || Channel: #pictures-of-the-cats                || Content: shitbag cuntface
[11/02/2025 05:56:29.058 PM] Action   || Name: image_intake        || Trigger: channel=551084964318543904           || Output: rows=6
[11/02/2025 05:58:41.298 PM] Message  || User: adeyumii            || Channel: #pictures-of-the-cats                || Content: Ariel
[11/02/2025 05:58:41.969 PM] Action   || Name: image_intake        || Trigger: channel=551084964318543904           || Output: rows=4
[11/02/2025 05:59:51.207 PM] React+   || User: kitadan             || Channel: #pictures-of-the-cats                || emoji=❤️; msg="ignoring tnr team stuff, I got some pics..." by adeyumii
[11/02/2025 06:03:58.668 PM] Message  || User: simplyshadow171295  || Channel: #pictures-of-the-cats                || Content: girl is HUNGRY
[11/02/2025 06:03:59.245 PM] Action   || Name: image_intake        || Trigger: channel=551084964318543904           || Output: rows=1
[11/02/2025 06:04:44.524 PM] Message  || User: adeyumii            || Channel: #pictures-of-the-cats                || Content: om nom nom nom nom
[11/02/2025 06:07:04.655 PM] Message  || User: simplyshadow171295  || Channel: #pictures-of-the-cats                || Content: ASMR
[11/02/2025 06:07:05.318 PM] React+   || User: silver0223          || Channel: #pet-pictures                        || emoji=❤️; msg="He's going to an art market with Soraya ..." by reyesthighs
[11/02/2025 06:08:28.968 PM] Message  || User: simplyshadow171295  || Channel: #pictures-of-the-cats                || Content: (no text; attachments=2)
[11/02/2025 06:08:29.731 PM] Action   || Name: image_intake        || Trigger: channel=551084964318543904           || Output: rows=2
[11/02/2025 06:09:28.552 PM] Message  || User: kcreepertux04       || Channel: #yapper-committee                    || Content: chat im running out of my monsters
[11/02/2025 06:09:39.198 PM] Message  || User: kcreepertux04       || Channel: #yapper-committee                    || Content: i wont have enough to make it until thursday when i can get a resupply
[11/02/2025 06:09:54.202 PM] Message  || User: kcreepertux04       || Channel: #yapper-committee                    || Content: i have just 5 cans left in my case, im drinking like 2 a day (dont t...
[11/02/2025 06:11:40.000 PM] Message  || User: simplyshadow171295  || Channel: #pictures-of-the-cats                || Content: if he thinks i’m not looking he’ll come eat out of the tupperware
[11/02/2025 06:11:40.571 PM] Action   || Name: image_intake        || Trigger: channel=551084964318543904           || Output: rows=1
[11/02/2025 06:13:12.145 PM] Message  || User: kcreepertux04       || Channel: #yapper-committee                    || Content: halloween costume idea: just go as a giant tortilla and call yoursel...
[11/02/2025 06:13:49.868 PM] Action   || Name: send_suppressed     || Trigger: ch=1341696618688286720               || Output: Gmail authorization needed. Open and approve, then reply: 'TomCat, au...
[11/02/2025 06:13:49.870 PM] Action   || Name: gmail_auth_url      || Trigger:                                      || Output: https://accounts.google.com/o/oauth2/auth?response_type=code&client_i...
[11/02/2025 06:13:49.870 PM] Action   || Name: gmail_log_scheduler || Trigger: auth                                 || Output: pending
[11/02/2025 06:14:19.999 PM] Message  || User: simplyshadow171295  || Channel: #pictures-of-the-cats                || Content: we have a streaker visiting their sister (mazatl isn’t pleased)
[11/02/2025 06:14:20.716 PM] Action   || Name: image_intake        || Trigger: channel=551084964318543904           || Output: rows=1
[11/02/2025 06:15:22.691 PM] React+   || User: simplyshadow171295  || Channel: #yapper-committee                    || emoji=😭; msg="halloween costume idea: just go as a gia..." by kcreepertux04
[11/02/2025 06:19:51.334 PM] Message  || User: m_digio             || Channel: #executive-board                     || Content: I am not available but ik members are if we can trust them that much
[11/02/2025 06:20:06.882 PM] Message  || User: celeryiscelery      || Channel: #executive-board                     || Content: i was thinking the same thing
[11/02/2025 06:20:53.541 PM] Message  || User: .bettercalljack     || Channel: #yapper-committee                    || Content: Has anyone here had to do the aleks placement test i feel cooked rn
[11/02/2025 06:20:56.006 PM] Action   || Name: send_suppressed     || Trigger: ch=1341696618688286720               || Output: Gmail authorization needed. Open and approve, then reply: 'TomCat, au...
[11/02/2025 06:20:56.006 PM] Action   || Name: gmail_auth_url      || Trigger:                                      || Output: https://accounts.google.com/o/oauth2/auth?response_type=code&client_i...
[11/02/2025 06:20:56.006 PM] Action   || Name: gmail_log_scheduler || Trigger: auth                                 || Output: pending
[11/02/2025 06:21:00.191 PM] Action   || Name: send_suppressed     || Trigger: ch=1341696618688286720               || Output: Gmail authorization needed. Open and approve, then reply: 'TomCat, au...
[11/02/2025 06:21:00.191 PM] Action   || Name: gmail_auth_url      || Trigger:                                      || Output: https://accounts.google.com/o/oauth2/auth?response_type=code&client_i...
[11/02/2025 06:21:00.191 PM] Action   || Name: gmail_log_scheduler || Trigger: auth                                 || Output: pending
[11/02/2025 06:21:15.347 PM] Message  || User: .bettercalljack     || Channel: #yapper-committee                    || Content: I met upperclassmen who have done engineering they never had to do i...
[11/02/2025 06:21:26.157 PM] Message  || User: a1darek             || Channel: #executive-board                     || Content: I trust axel, lynn, miranda, and atlas if they are available
[11/02/2025 06:21:43.535 PM] Message  || User: a1darek             || Channel: #executive-board                     || Content: They've seen the traps in action and have assisted in drop trap tran...
[11/02/2025 06:21:52.367 PM] Message  || User: a1darek             || Channel: #executive-board                     || Content: key word should
[11/02/2025 06:22:06.634 PM] Action   || Name: send_suppressed     || Trigger: ch=1341696618688286720               || Output: Gmail authorization needed. Open and approve, then reply: 'TomCat, au...
[11/02/2025 06:22:06.634 PM] Action   || Name: gmail_auth_url      || Trigger:                                      || Output: https://accounts.google.com/o/oauth2/auth?response_type=code&client_i...
[11/02/2025 06:22:06.634 PM] Action   || Name: gmail_log_scheduler || Trigger: auth                                 || Output: pending
[11/02/2025 06:22:59.273 PM] Message  || User: m_digio             || Channel: #executive-board                     || Content: Yall want me to get a gc going?
[11/02/2025 06:24:16.977 PM] Message  || User: slayc127            || Channel: #executive-board                     || Content: yes please
[11/02/2025 06:25:04.819 PM] Message  || User: adeyumii            || Channel: #yapper-committee                    || Content: I think if you took above calculus 1 in hs you didnt need to take th...
[11/02/2025 06:25:16.964 PM] Message  || User: adeyumii            || Channel: #yapper-committee                    || Content: I had to take it and did precalc 1st semester
[11/02/2025 06:25:48.741 PM] Message  || User: izzyballz           || Channel: #yapper-committee                    || Content: i got a 14
[11/02/2025 06:26:00.248 PM] Message  || User: izzyballz           || Channel: #yapper-committee                    || Content: refresh on basic arithmetic before you take it
[11/02/2025 06:26:26.747 PM] Message  || User: .bettercalljack     || Channel: #yapper-committee                    || Content: I git a 45
[11/02/2025 06:26:35.407 PM] Message  || User: .bettercalljack     || Channel: #yapper-committee                    || Content: This summer
[11/02/2025 06:26:57.556 PM] Message  || User: catasourus          || Channel: #feeding-team                        || Content: What's the code for the cat food collection box? If it was moved the...
[11/02/2025 06:27:21.663 PM] Message  || User: slayc127            || Channel: #feeding-team                        || Content: ?
[11/02/2025 06:28:01.914 PM] Message  || User: catasourus          || Channel: #feeding-team                        || Content: (no text; attachments=1)
[11/02/2025 06:28:13.241 PM] Message  || User: _costco_wholesale_  || Channel: #feeding-team                        || Content: dm kaz or megan!
[11/02/2025 06:28:37.063 PM] Message  || User: slayc127            || Channel: #feeding-team                        || Content: i didnt know anyone still needed the code im ngl 😭😭
[11/02/2025 06:28:46.420 PM] Action   || Name: send_suppressed     || Trigger: ch=1341696618688286720               || Output: Gmail authorization needed. Open and approve, then reply: 'TomCat, au...
[11/02/2025 06:28:46.420 PM] Action   || Name: gmail_auth_url      || Trigger:                                      || Output: https://accounts.google.com/o/oauth2/auth?response_type=code&client_i...
[11/02/2025 06:28:46.422 PM] Action   || Name: gmail_log_scheduler || Trigger: auth                                 || Output: pending
[11/02/2025 06:28:59.736 PM] React+   || User: _costco_wholesale_  || Channel: #feeding-team                        || emoji=👍; msg="i didnt know anyone still needed the cod..." by slayc127
[11/02/2025 06:29:12.648 PM] Message  || User: slayc127            || Channel: #feeding-team                        || Content: yeah just shoot me a dm and ill send the code
[11/02/2025 06:29:40.333 PM] Message  || User: izzyballz           || Channel: #yapper-committee                    || Content: i didn’t even get to any questions i actually knew how to do because...
[11/02/2025 06:29:41.269 PM] Message  || User: m_digio             || Channel: #executive-board                     || Content: Miranda can tnr any day this week but we need someone for transporta...
[11/02/2025 06:30:13.671 PM] Message  || User: adeyumii            || Channel: #yapper-committee                    || Content: WHAT
[11/02/2025 06:30:28.069 PM] Message  || User: adeyumii            || Channel: #yapper-committee                    || Content: I got like a 70 and thought i did bad you guys make me nervous
[11/02/2025 06:31:25.161 PM] Message  || User: izzyballz           || Channel: #yapper-committee                    || Content: would’ve killed for a 70
[11/02/2025 06:31:46.595 PM] Message  || User: m_digio             || Channel: #executive-board                     || Content: @​here can we get an appointment set up?
[11/02/2025 06:32:03.681 PM] Message  || User: coziidruid          || Channel: #executive-board                     || Content: where would we want to take him?
[11/02/2025 06:32:32.966 PM] Message  || User: celeryiscelery      || Channel: #executive-board                     || Content: if we wanna go to penny paws we can do it online but i think a call ...
[11/02/2025 06:32:48.373 PM] Message  || User: celeryiscelery      || Channel: #executive-board                     || Content: although i’m not sure which clinic is more familiar with ferals
[11/02/2025 06:32:58.694 PM] React+   || User: nostalgicsapphic    || Channel: #purrley-pawsitive-pussy-pals        || emoji=😆; msg="smacked me when i tried to pick up the l..." by slayc127
[11/02/2025 06:34:03.417 PM] Action   || Name: send_suppressed     || Trigger: ch=1341696618688286720               || Output: Gmail authorization needed. Open and approve, then reply: 'TomCat, au...
[11/02/2025 06:34:03.426 PM] Action   || Name: gmail_auth_url      || Trigger:                                      || Output: https://accounts.google.com/o/oauth2/auth?response_type=code&client_i...
[11/02/2025 06:34:03.426 PM] Action   || Name: gmail_log_scheduler || Trigger: auth                                 || Output: pending
[11/02/2025 06:34:36.819 PM] Message  || User: slayc127            || Channel: #yapper-committee                    || Content: yeah
[11/02/2025 06:34:49.051 PM] Message  || User: slayc127            || Channel: #yapper-committee                    || Content: actually i dont even know if i did i cant lie
[11/02/2025 06:36:01.314 PM] Message  || User: slayc127            || Channel: #purrley-pawsitive-pussy-pals        || Content: just got a nasty bite from the german shepherd i train :(
[11/02/2025 06:36:09.478 PM] Message  || User: nostalgicsapphic    || Channel: #purrley-pawsitive-pussy-pals        || Content: oh no :(((
[11/02/2025 06:36:25.197 PM] Message  || User: a1darek             || Channel: #executive-board                     || Content: I don't know anything about what goes on inside those clinics btw, I...
[11/02/2025 06:36:36.253 PM] Message  || User: nostalgicsapphic    || Channel: #purrley-pawsitive-pussy-pals        || Content: it was gonna happen sooner rather than later but i hope it’s not too...
[11/02/2025 06:36:39.542 PM] Edit     || User: a1darek             || Channel: #executive-board                     || I don't know anything about what goes on inside those clinics btw, I know one...
[11/02/2025 06:36:55.216 PM] React+   || User: a1darek             || Channel: #purrley-pawsitive-pussy-pals        || emoji=😭; msg="just got a nasty bite from the german sh..." by slayc127
[11/02/2025 06:36:59.351 PM] React+   || User: kitadan             || Channel: #feeding-team                        || emoji=👍; msg="i didnt know anyone still needed the cod..." by slayc127
[11/02/2025 06:37:17.516 PM] React+   || User: kitadan             || Channel: #yapper-committee                    || emoji=😭; msg="halloween costume idea: just go as a gia..." by kcreepertux04
[11/02/2025 06:37:19.181 PM] Message  || User: slayc127            || Channel: #purrley-pawsitive-pussy-pals        || Content: its not i think brandan is making it into a big deal
[11/02/2025 06:37:28.122 PM] Message  || User: slayc127            || Channel: #purrley-pawsitive-pussy-pals        || Content: its not nearly as bad as the bite i got from that cat
[11/02/2025 06:37:39.215 PM] Message  || User: nostalgicsapphic    || Channel: #purrley-pawsitive-pussy-pals        || Content: typical brandan /lh
[11/02/2025 06:37:42.870 PM] Message  || User: slayc127            || Channel: #purrley-pawsitive-pussy-pals        || Content: truly
[11/02/2025 06:37:51.532 PM] Message  || User: .bettercalljack     || Channel: #yapper-committee                    || Content: Same
[11/02/2025 06:37:52.854 PM] React+   || User: nostalgicsapphic    || Channel: #purrley-pawsitive-pussy-pals        || emoji=😭; msg="its not nearly as bad as the bite i got ..." by slayc127
[11/02/2025 06:38:00.550 PM] Message  || User: slayc127            || Channel: #purrley-pawsitive-pussy-pals        || Content: he was saying if it gets infected itll be on him n i told him i woul...
[11/02/2025 06:38:04.049 PM] Message  || User: slayc127            || Channel: #purrley-pawsitive-pussy-pals        || Content: i do but also shrug
[11/02/2025 06:38:06.410 PM] Message  || User: slayc127            || Channel: #purrley-pawsitive-pussy-pals        || Content: part of the job
[11/02/2025 06:38:08.686 PM] Message  || User: slayc127            || Channel: #purrley-pawsitive-pussy-pals        || Content: also my fault
[11/02/2025 06:38:11.246 PM] Message  || User: nostalgicsapphic    || Channel: #purrley-pawsitive-pussy-pals        || Content: would it be weird to ask for a photo
[11/02/2025 06:38:14.600 PM] Message  || User: a1darek             || Channel: #purrley-pawsitive-pussy-pals        || Content: dog bites have so many more reporting laws in texas it's insane
[11/02/2025 06:38:19.330 PM] Message  || User: slayc127            || Channel: #purrley-pawsitive-pussy-pals        || Content: bruh
[11/02/2025 06:38:29.439 PM] Message  || User: slayc127            || Channel: #purrley-pawsitive-pussy-pals        || Content: nah i can send u one when i get home, itz barely anything
[11/02/2025 06:38:29.717 PM] Message  || User: a1darek             || Channel: #purrley-pawsitive-pussy-pals        || Content: Especially since you're working for corporate essentially
[11/02/2025 06:38:35.279 PM] React+   || User: nostalgicsapphic    || Channel: #purrley-pawsitive-pussy-pals        || emoji=🫡; msg="nah i can send u one when i get home, it..." by slayc127
[11/02/2025 06:38:40.831 PM] Message  || User: slayc127            || Channel: #purrley-pawsitive-pussy-pals        || Content: trust me when i say ive never reported a bite in my lyfe
[11/02/2025 06:38:48.915 PM] Message  || User: a1darek             || Channel: #purrley-pawsitive-pussy-pals        || Content: dawg
[11/02/2025 06:38:58.146 PM] Message  || User: a1darek             || Channel: #purrley-pawsitive-pussy-pals        || Content: You kinda. Gotta
[11/02/2025 06:39:08.310 PM] Message  || User: slayc127            || Channel: #purrley-pawsitive-pussy-pals        || Content: says who
[11/02/2025 06:39:10.075 PM] Message  || User: slayc127            || Channel: #purrley-pawsitive-pussy-pals        || Content: The System
[11/02/2025 06:39:17.741 PM] Message  || User: a1darek             || Channel: #purrley-pawsitive-pussy-pals        || Content: Well. Yes
[11/02/2025 06:39:24.570 PM] Message  || User: slayc127            || Channel: #purrley-pawsitive-pussy-pals        || Content: idrc
[11/02/2025 06:40:02.860 PM] Message  || User: slayc127            || Channel: #purrley-pawsitive-pussy-pals        || Content: brandan is making me ✊️😔
[11/02/2025 06:40:08.063 PM] React+   || User: nostalgicsapphic    || Channel: #purrley-pawsitive-pussy-pals        || emoji=😭; msg="brandan is making me ✊️😔" by slayc127
[11/02/2025 06:40:20.146 PM] Message  || User: celeryiscelery      || Channel: #executive-board                     || Content: i think it would be best to call both clinics tomorrow and see who i...
[11/02/2025 06:40:32.624 PM] Message  || User: celeryiscelery      || Channel: #executive-board                     || Content: the last thing we need is getting turned away or something
[11/02/2025 06:40:42.770 PM] Message  || User: slayc127            || Channel: #purrley-pawsitive-pussy-pals        || Content: Kazius L
[11/02/2025 06:40:46.841 PM] React+   || User: nostalgicsapphic    || Channel: #purrley-pawsitive-pussy-pals        || emoji=😆; msg="Kazius L" by slayc127
[11/02/2025 06:40:49.119 PM] Message  || User: slayc127            || Channel: #purrley-pawsitive-pussy-pals        || Content: i just dont get why its a big deal! /sar
[11/02/2025 06:41:39.913 PM] Message  || User: racerdg             || Channel: #pictures-of-the-cats                || Content: okg
[11/02/2025 06:41:44.680 PM] Edit     || User: racerdg             || Channel: #pictures-of-the-cats                || okg -> ong
[11/02/2025 06:41:49.074 PM] Edit     || User: racerdg             || Channel: #pictures-of-the-cats                || ong -> omg
[11/02/2025 06:41:49.557 PM] Message  || User: a1darek             || Channel: #executive-board                     || Content: We could try Marco's old clinic? The doctor might understand the sit...
[11/02/2025 06:42:23.044 PM] Message  || User: m_digio             || Channel: #executive-board                     || Content: I can text marco?
[11/02/2025 06:46:15.231 PM] React+   || User: kitadan             || Channel: #pictures-of-the-cats                || emoji=❤️; msg="we have a streaker visiting their sister..." by simplyshadow17...
[11/02/2025 06:47:17.080 PM] Message  || User: catasourus          || Channel: #feeding-team                        || Content: HOPS and greens fed
[11/02/2025 06:47:17.080 PM] Intent   || feed_update               ||                                               || station=Greens; dates=['2025-11-02']
[11/02/2025 06:47:19.217 PM] Action   || Name: sheet_mark          || Trigger: station=Greens date=2025-11-02       || Output: ok
[11/02/2025 06:47:19.217 PM] Action   || Name: feed_update         || Trigger: station=Greens; dates=2025-11-02     || Output: ok
[11/02/2025 06:47:21.869 PM] Action   || Name: sheet_mark          || Trigger: station=HOP date=2025-11-02          || Output: ok
[11/02/2025 06:47:21.869 PM] Action   || Name: feed_update         || Trigger: station=HOP; dates=2025-11-02        || Output: ok
[11/02/2025 06:47:58.621 PM] Message  || User: a1darek             || Channel: #executive-board                     || Content: Sure
[11/02/2025 06:48:28.986 PM] Message  || User: catasourus          || Channel: #feeding-team                        || Content: I don't feed many stations and I have a little jug I fill up every 2...
[11/02/2025 06:48:48.657 PM] Message  || User: slayc127            || Channel: #feeding-team                        || Content: makes sense!
[11/02/2025 06:53:25.125 PM] Message  || User: slayc127            || Channel: #executive-board                     || Content: cici has offered to drive nef and an officer to the clinic if needed
[11/02/2025 06:54:29.075 PM] Message  || User: celeryiscelery      || Channel: #executive-board                     || Content: atlas and lynn are also willing to transport nef. he will be staying...
[11/02/2025 06:55:24.491 PM] React+   || User: not_d3fault_1420    || Channel: #pictures-of-the-cats                || emoji=😭; msg="his size cannot be exaggerated" by adeyumii
[11/02/2025 06:56:04.870 PM] React+   || User: _costco_wholesale_  || Channel: #pictures-of-the-cats                || emoji=❤️; msg="we have a streaker visiting their sister..." by simplyshadow17...
[11/02/2025 06:59:05.199 PM] Message  || User: m_digio             || Channel: #executive-board                     || Content: Marco works somewhere else but im still asking abt them taking ferals
[11/02/2025 07:00:01.139 PM] Action   || Name: send_suppressed     || Trigger: ch=643586809166561310                || Output: **Currently unfed stations** • **Microwave** → <@342386549532524544> ...
[11/02/2025 07:00:01.139 PM] Action   || Name: feeding_8pm         || Trigger: unfed=2                              || Output: sent
[11/02/2025 07:00:01.882 PM] Action   || Name: send_suppressed     || Trigger: ch=643586809166561310                || Output: **Currently unfed stations** • **Microwave** → <@342386549532524544> ...
[11/02/2025 07:00:01.882 PM] Action   || Name: feeding_8pm         || Trigger: unfed=2                              || Output: sent
[11/02/2025 07:00:02.779 PM] Action   || Name: send_suppressed     || Trigger: ch=643586809166561310                || Output: **Currently unfed stations** • **Microwave** → <@342386549532524544> ...
[11/02/2025 07:00:02.779 PM] Action   || Name: feeding_8pm         || Trigger: unfed=2                              || Output: sent
[11/02/2025 07:00:03.705 PM] Action   || Name: send_suppressed     || Trigger: ch=643586809166561310                || Output: **Currently unfed stations** • **Microwave** → <@342386549532524544> ...
[11/02/2025 07:00:03.705 PM] Action   || Name: feeding_8pm         || Trigger: unfed=2                              || Output: sent
[11/02/2025 07:00:04.463 PM] Action   || Name: send_suppressed     || Trigger: ch=643586809166561310                || Output: **Currently unfed stations** • **Microwave** → <@342386549532524544> ...
[11/02/2025 07:00:04.463 PM] Action   || Name: feeding_8pm         || Trigger: unfed=2                              || Output: sent
[11/02/2025 07:00:05.383 PM] Action   || Name: send_suppressed     || Trigger: ch=643586809166561310                || Output: **Currently unfed stations** • **Microwave** → <@342386549532524544> ...
[11/02/2025 07:00:05.399 PM] Action   || Name: feeding_8pm         || Trigger: unfed=2                              || Output: sent
[11/02/2025 07:00:06.147 PM] Action   || Name: send_suppressed     || Trigger: ch=643586809166561310                || Output: **Currently unfed stations** • **Microwave** → <@342386549532524544> ...
[11/02/2025 07:00:06.156 PM] Action   || Name: feeding_8pm         || Trigger: unfed=2                              || Output: sent
[11/02/2025 07:00:06.997 PM] Action   || Name: send_suppressed     || Trigger: ch=643586809166561310                || Output: **Currently unfed stations** • **Microwave** → <@342386549532524544> ...
[11/02/2025 07:00:06.997 PM] Action   || Name: feeding_8pm         || Trigger: unfed=2                              || Output: sent
[11/02/2025 07:00:07.748 PM] Action   || Name: send_suppressed     || Trigger: ch=643586809166561310                || Output: **Currently unfed stations** • **Microwave** → <@342386549532524544> ...
[11/02/2025 07:00:07.748 PM] Action   || Name: feeding_8pm         || Trigger: unfed=2                              || Output: sent
[11/02/2025 07:00:08.613 PM] Action   || Name: send_suppressed     || Trigger: ch=643586809166561310                || Output: **Currently unfed stations** • **Microwave** → <@342386549532524544> ...
[11/02/2025 07:00:08.613 PM] Action   || Name: feeding_8pm         || Trigger: unfed=2                              || Output: sent
[11/02/2025 07:00:09.789 PM] Action   || Name: send_suppressed     || Trigger: ch=643586809166561310                || Output: **Currently unfed stations** • **Microwave** → <@342386549532524544> ...
[11/02/2025 07:00:09.789 PM] Action   || Name: feeding_8pm         || Trigger: unfed=2                              || Output: sent
[11/02/2025 07:00:10.609 PM] Action   || Name: send_suppressed     || Trigger: ch=643586809166561310                || Output: **Currently unfed stations** • **Microwave** → <@342386549532524544> ...
[11/02/2025 07:00:10.609 PM] Action   || Name: feeding_8pm         || Trigger: unfed=2                              || Output: sent
[11/02/2025 07:00:11.458 PM] Action   || Name: send_suppressed     || Trigger: ch=643586809166561310                || Output: **Currently unfed stations** • **Microwave** → <@342386549532524544> ...
[11/02/2025 07:00:11.458 PM] Action   || Name: feeding_8pm         || Trigger: unfed=2                              || Output: sent
[11/02/2025 07:00:12.200 PM] Action   || Name: send_suppressed     || Trigger: ch=643586809166561310                || Output: **Currently unfed stations** • **Microwave** → <@342386549532524544> ...
[11/02/2025 07:00:12.200 PM] Action   || Name: feeding_8pm         || Trigger: unfed=2                              || Output: sent
[11/02/2025 07:00:12.248 PM] Action   || Name: feeding_sheet       || Trigger: open_error                           || Output: APIError: [429]: Quota exceeded for quota metric 'Read requests' and ...
[11/02/2025 07:00:12.248 PM] Action   || Name: send_suppressed     || Trigger: ch=643586809166561310                || Output: All stations have been fed! Yippee!!!
[11/02/2025 07:00:12.248 PM] Action   || Name: feeding_8pm         || Trigger: unfed=0                              || Output: celebrated
[11/02/2025 07:00:12.401 PM] Action   || Name: feeding_sheet       || Trigger: open_error                           || Output: APIError: [429]: Quota exceeded for quota metric 'Read requests' and ...
[11/02/2025 07:00:12.401 PM] Action   || Name: send_suppressed     || Trigger: ch=643586809166561310                || Output: All stations have been fed! Yippee!!!
[11/02/2025 07:00:12.401 PM] Action   || Name: feeding_8pm         || Trigger: unfed=0                              || Output: celebrated
[11/02/2025 07:00:12.438 PM] Action   || Name: feeding_sheet       || Trigger: open_error                           || Output: APIError: [429]: Quota exceeded for quota metric 'Read requests' and ...
[11/02/2025 07:00:12.438 PM] Action   || Name: send_suppressed     || Trigger: ch=643586809166561310                || Output: All stations have been fed! Yippee!!!
[11/02/2025 07:00:12.438 PM] Action   || Name: feeding_8pm         || Trigger: unfed=0                              || Output: celebrated
[11/02/2025 07:01:24.347 PM] Message  || User: m_digio             || Channel: #executive-board                     || Content: (no text; attachments=1)
[11/02/2025 07:01:50.648 PM] React+   || User: .bettercalljack     || Channel: #pictures-of-the-cats                || emoji=❤️; msg="we have a streaker visiting their sister..." by simplyshadow17...
[11/02/2025 07:02:05.445 PM] Message  || User: celeryiscelery      || Channel: #executive-board                     || Content: who be in paypal?
[11/02/2025 07:02:31.265 PM] Message  || User: slayc127            || Channel: #purrley-pawsitive-pussy-pals        || Content: kazius will be reprimanded bc i didnt update the dogs vaccine info
[11/02/2025 07:02:35.415 PM] Message  || User: slayc127            || Channel: #purrley-pawsitive-pussy-pals        || Content: #lovelife
[11/02/2025 07:02:39.470 PM] React+   || User: nostalgicsapphic    || Channel: #purrley-pawsitive-pussy-pals        || emoji=😭; msg="kazius will be reprimanded bc i didnt up..." by slayc127
[11/02/2025 07:02:57.838 PM] Message  || User: nostalgicsapphic    || Channel: #purrley-pawsitive-pussy-pals        || Content: damn😭😭shift from hell fr
[11/02/2025 07:03:10.439 PM] Message  || User: austinbaustinb      || Channel: #executive-board                     || Content: Me
[11/02/2025 07:03:11.941 PM] Message  || User: slayc127            || Channel: #purrley-pawsitive-pussy-pals        || Content: mck if i believed i could find another job I would've quit
[11/02/2025 07:03:13.596 PM] React+   || User: celeryiscelery      || Channel: #executive-board                     || emoji=🔥; msg="Me" by austinbaustinb
[11/02/2025 07:03:18.900 PM] React+   || User: nostalgicsapphic    || Channel: #purrley-pawsitive-pussy-pals        || emoji=😭; msg="mck if i believed i could find another j..." by slayc127
[11/02/2025 07:03:19.714 PM] Action   || Name: send_suppressed     || Trigger: ch=1341696618688286720               || Output: Gmail authorization needed. Open and approve, then reply: 'TomCat, au...
[11/02/2025 07:03:19.714 PM] Action   || Name: gmail_auth_url      || Trigger:                                      || Output: https://accounts.google.com/o/oauth2/auth?response_type=code&client_i...
[11/02/2025 07:03:19.714 PM] Action   || Name: gmail_log_scheduler || Trigger: auth                                 || Output: pending
[11/02/2025 07:03:32.506 PM] Message  || User: moineau_l.oiseau    || Channel: #executive-board                     || Content: Venmo: 970379 is your code for login. Don't share your code.
I think...
[11/02/2025 07:03:39.350 PM] Message  || User: austinbaustinb      || Channel: #executive-board                     || Content: Do we know how much cash we have still?
[11/02/2025 07:03:41.891 PM] Message  || User: austinbaustinb      || Channel: #executive-board                     || Content: Thanks Jesse
[11/02/2025 07:03:44.936 PM] React+   || User: austinbaustinb      || Channel: #executive-board                     || emoji=👍; msg="Venmo: 970379 is your code for login. Do..." by moineau_l.oiseau
[11/02/2025 07:03:47.591 PM] React+   || User: moineau_l.oiseau    || Channel: #executive-board                     || emoji=🫡; msg="Thanks Jesse" by austinbaustinb
[11/02/2025 07:03:55.239 PM] Message  || User: celeryiscelery      || Channel: #executive-board                     || Content: errrrr i can check rq. i have the money box w me
[11/02/2025 07:04:23.992 PM] Message  || User: austinbaustinb      || Channel: #executive-board                     || Content: Yeah lmk. I know bel transferred some stuff and there was talks of o...
[11/02/2025 07:04:47.820 PM] React+   || User: moineau_l.oiseau    || Channel: #pictures-of-the-cats                || emoji=❤️; msg="ignoring tnr team stuff, I got some pics..." by adeyumii
[11/02/2025 07:05:33.638 PM] Message  || User: celeryiscelery      || Channel: #executive-board                     || Content: i put the receipts of the deposits bel did in spending log and ik ka...
[11/02/2025 07:05:53.451 PM] React+   || User: austinbaustinb      || Channel: #executive-board                     || emoji=👍; msg="i put the receipts of the deposits bel d..." by celeryiscelery
[11/02/2025 07:06:11.815 PM] Message  || User: austinbaustinb      || Channel: #executive-board                     || Content: So is the cash bag/box thing cleared out now? Or just mostly
[11/02/2025 07:06:25.940 PM] Action   || Name: send_suppressed     || Trigger: ch=1341696618688286720               || Output: Gmail authorization needed. Open and approve, then reply: 'TomCat, au...
[11/02/2025 07:06:25.940 PM] Action   || Name: gmail_auth_url      || Trigger:                                      || Output: https://accounts.google.com/o/oauth2/auth?response_type=code&client_i...
[11/02/2025 07:06:25.956 PM] Action   || Name: gmail_log_scheduler || Trigger: auth                                 || Output: pending
[11/02/2025 07:06:29.413 PM] Action   || Name: send_suppressed     || Trigger: ch=1341696618688286720               || Output: Gmail authorization needed. Open and approve, then reply: 'TomCat, au...
[11/02/2025 07:06:29.413 PM] Action   || Name: gmail_auth_url      || Trigger:                                      || Output: https://accounts.google.com/o/oauth2/auth?response_type=code&client_i...
[11/02/2025 07:06:29.418 PM] Action   || Name: gmail_log_scheduler || Trigger: auth                                 || Output: pending
[11/02/2025 07:06:44.303 PM] Message  || User: celeryiscelery      || Channel: #executive-board                     || Content: mostly
[11/02/2025 07:06:48.727 PM] Message  || User: austinbaustinb      || Channel: #executive-board                     || Content: And then also if you remember, has there been any changes to our mav...
[11/02/2025 07:06:52.854 PM] Message  || User: celeryiscelery      || Channel: #executive-board                     || Content: i’m counting the rest of the cash rn
[11/02/2025 07:07:16.149 PM] Message  || User: celeryiscelery      || Channel: #executive-board                     || Content: no changes to our mavorgs account
[11/02/2025 07:07:47.892 PM] Message  || User: xhilarating         || Channel: #executive-board                     || Content: The hospital is CityVet Oak Lawn, which is about 25-30 mins from campus
[11/02/2025 07:07:51.315 PM] Message  || User: xhilarating         || Channel: #executive-board                     || Content: Dallas area
[11/02/2025 07:08:28.877 PM] React+   || User: austinbaustinb      || Channel: #executive-board                     || emoji=👍; msg="i’m counting the rest of the cash rn" by celeryiscelery
[11/02/2025 07:08:30.947 PM] React+   || User: austinbaustinb      || Channel: #executive-board                     || emoji=👍; msg="no changes to our mavorgs account" by celeryiscelery
[11/02/2025 07:09:22.561 PM] Message  || User: xhilarating         || Channel: #executive-board                     || Content: And if not, I’m very sure Dr. Newton from the old clinic would also ...
[11/02/2025 07:10:54.087 PM] Message  || User: .bettercalljack     || Channel: #yapper-committee                    || Content: I had the same thing happen too but with more niche algebra i forgor
[11/02/2025 07:20:38.431 PM] Message  || User: yaeji               || Channel: #yapper-committee                    || Content: i got like a 56
[11/02/2025 07:22:37.526 PM] Message  || User: adeyumii            || Channel: #itty-bitty-kitty-commitee           || Content: @Atlas ᓚᘏᗢ I have three names for rubbers kittens (suggested to me b...
[11/02/2025 07:22:50.259 PM] Message  || User: simplyshadow171295  || Channel: #itty-bitty-kitty-commitee           || Content: wahoo
[11/02/2025 07:23:23.775 PM] Message  || User: adeyumii            || Channel: #itty-bitty-kitty-commitee           || Content: Harpy - Brown classic tabby (the thick black stripes)
Hare - gray
Ho...
[11/02/2025 07:23:46.915 PM] React+   || User: simplyshadow171295  || Channel: #itty-bitty-kitty-commitee           || emoji=👍; msg="Harpy - Brown classic tabby (the thick b..." by adeyumii
[11/02/2025 07:26:20.578 PM] Message  || User: celeryiscelery      || Channel: #executive-board                     || Content: @Austin B [Records Director] we have 735 in the money box. 
295 in 1...
[11/02/2025 07:26:29.938 PM] React+   || User: austinbaustinb      || Channel: #executive-board                     || emoji=👍; msg="@Austin B [Records Director] we have 735..." by celeryiscelery
[11/02/2025 07:27:06.986 PM] Message  || User: slayc127            || Channel: #purrley-pawsitive-pussy-pals        || Content: HOW DOES MY.PSYCH ADVANCED TOPIC CONFLICT W MY FREAKING ENGLISH CLASSES
[11/02/2025 07:27:09.877 PM] Message  || User: slayc127            || Channel: #purrley-pawsitive-pussy-pals        || Content: i dont DESERVE THIS
[11/02/2025 07:27:14.389 PM] React+   || User: nostalgicsapphic    || Channel: #purrley-pawsitive-pussy-pals        || emoji=😭; msg="HOW DOES MY.PSYCH ADVANCED TOPIC CONFLIC..." by slayc127
[11/02/2025 07:27:21.738 PM] Message  || User: nostalgicsapphic    || Channel: #purrley-pawsitive-pussy-pals        || Content: oh that’s Evil
[11/02/2025 07:27:28.067 PM] Message  || User: nostalgicsapphic    || Channel: #purrley-pawsitive-pussy-pals        || Content: the universe is after kazius tonight
[11/02/2025 07:27:32.290 PM] Message  || User: slayc127            || Channel: #purrley-pawsitive-pussy-pals        || Content: its my late survey it interrupts i REALLY dont want to take the othe...
[11/02/2025 07:27:34.316 PM] React+   || User: slayc127            || Channel: #purrley-pawsitive-pussy-pals        || emoji=‼️; msg="the universe is after kazius tonight" by nostalgicsapphic
[11/02/2025 07:27:45.764 PM] Message  || User: slayc127            || Channel: #purrley-pawsitive-pussy-pals        || Content: literally....i suppose i will look at a different advanced topic
[11/02/2025 07:27:54.167 PM] Message  || User: austinbaustinb      || Channel: #executive-board                     || Content: Here’s where we are at
[11/02/2025 07:28:40.960 PM] Message  || User: slayc127            || Channel: #purrley-pawsitive-pussy-pals        || Content: i could take developmental psych instead of social psych ✊️😔
[11/02/2025 07:28:50.565 PM] Message  || User: slayc127            || Channel: #purrley-pawsitive-pussy-pals        || Content: kazius does not like their options the world is so cruel
[11/02/2025 07:28:52.569 PM] React+   || User: nostalgicsapphic    || Channel: #purrley-pawsitive-pussy-pals        || emoji=😔; msg="i could take developmental psych instead..." by slayc127
[11/02/2025 07:29:01.231 PM] React+   || User: nostalgicsapphic    || Channel: #purrley-pawsitive-pussy-pals        || emoji=✊; msg="i could take developmental psych instead..." by slayc127
[11/02/2025 07:29:07.052 PM] React+   || User: nostalgicsapphic    || Channel: #purrley-pawsitive-pussy-pals        || emoji=😭; msg="kazius does not like their options the w..." by slayc127
[11/02/2025 07:30:04.996 PM] Action   || Name: send_suppressed     || Trigger: ch=1341696618688286720               || Output: Gmail authorization needed. Open and approve, then reply: 'TomCat, au...
[11/02/2025 07:30:04.996 PM] Action   || Name: gmail_auth_url      || Trigger:                                      || Output: https://accounts.google.com/o/oauth2/auth?response_type=code&client_i...
[11/02/2025 07:30:04.999 PM] Action   || Name: gmail_log_scheduler || Trigger: auth                                 || Output: pending
[11/02/2025 07:30:05.890 PM] Message  || User: slayc127            || Channel: #purrley-pawsitive-pussy-pals        || Content: like what r these descriptions why would i take british lit when u g...
[11/02/2025 07:30:10.332 PM] Message  || User: slayc127            || Channel: #purrley-pawsitive-pussy-pals        || Content: sighs so loudly
[11/02/2025 07:30:18.515 PM] React+   || User: nostalgicsapphic    || Channel: #purrley-pawsitive-pussy-pals        || emoji=😆; msg="like what r these descriptions why would..." by slayc127
[11/02/2025 07:30:37.827 PM] Message  || User: slayc127            || Channel: #purrley-pawsitive-pussy-pals        || Content: and i am not taking another class w dr gyde martin
[11/02/2025 07:30:44.978 PM] Message  || User: slayc127            || Channel: #purrley-pawsitive-pussy-pals        || Content: horrific experience i will not repeat
[11/02/2025 07:30:52.845 PM] Message  || User: nostalgicsapphic    || Channel: #purrley-pawsitive-pussy-pals        || Content: i took gothic lit with her! she’s cool idk what her class would look...
[11/02/2025 07:31:01.433 PM] React+   || User: slayc127            || Channel: #purrley-pawsitive-pussy-pals        || emoji=😭; msg="i took gothic lit with her! she’s cool i..." by nostalgicsapphic
[11/02/2025 07:31:09.668 PM] Message  || User: nostalgicsapphic    || Channel: #purrley-pawsitive-pussy-pals        || Content: she probably didn’t even write that synopsis ngl
[11/02/2025 07:31:14.860 PM] React+   || User: nostalgicsapphic    || Channel: #purrley-pawsitive-pussy-pals        || emoji=😭; msg="and i am not taking another class w dr g..." by slayc127
[11/02/2025 07:31:18.052 PM] Message  || User: celeryiscelery      || Channel: #executive-board                     || Content: nice, bake sales are doing us well
[11/02/2025 07:31:19.006 PM] Message  || User: slayc127            || Channel: #purrley-pawsitive-pussy-pals        || Content: kazius does not think so
[11/02/2025 07:31:31.541 PM] Message  || User: slayc127            || Channel: #purrley-pawsitive-pussy-pals        || Content: everything was supposed to go my way!
[11/02/2025 07:31:37.387 PM] React+   || User: nostalgicsapphic    || Channel: #purrley-pawsitive-pussy-pals        || emoji=😭; msg="everything was supposed to go my way!" by slayc127
[11/02/2025 07:31:43.849 PM] Message  || User: celeryiscelery      || Channel: #executive-board                     || Content: just gotta get the rest of this deposited
[11/02/2025 07:31:48.030 PM] React+   || User: kitadan             || Channel: #itty-bitty-kitty-commitee           || emoji=👍; msg="Harpy - Brown classic tabby (the thick b..." by adeyumii
[11/02/2025 07:31:54.928 PM] Message  || User: slayc127            || Channel: #purrley-pawsitive-pussy-pals        || Content: i still need one more class i think ill reach out to dr shelton abt ...
[11/02/2025 07:32:17.967 PM] Message  || User: slayc127            || Channel: #purrley-pawsitive-pussy-pals        || Content: i have been cooking on this since the course descriptions bc i want ...
[11/02/2025 07:32:18.535 PM] Message  || User: nostalgicsapphic    || Channel: #purrley-pawsitive-pussy-pals        || Content: good luck! most internships r under or unpaid tho
[11/02/2025 07:32:33.679 PM] Message  || User: slayc127            || Channel: #purrley-pawsitive-pussy-pals        || Content: i know ✊️😔 at least getting the movement started to be elsewhere
[11/02/2025 07:32:38.812 PM] Message  || User: nostalgicsapphic    || Channel: #purrley-pawsitive-pussy-pals        || Content: true
[11/02/2025 07:32:50.829 PM] Message  || User: slayc127            || Channel: #purrley-pawsitive-pussy-pals        || Content: i wont leave petco within the next year but i have no experience in ...
[11/02/2025 07:32:57.634 PM] Message  || User: nostalgicsapphic    || Channel: #purrley-pawsitive-pussy-pals        || Content: real
[11/02/2025 07:33:12.695 PM] Message  || User: slayc127            || Channel: #purrley-pawsitive-pussy-pals        || Content: anyway just rambles w kazius
[11/02/2025 07:35:08.757 PM] React+   || User: cici4f3             || Channel: #pictures-of-the-cats                || emoji=❤️; msg="ignoring tnr team stuff, I got some pics..." by adeyumii
[11/02/2025 07:42:37.143 PM] Message  || User: slayc127            || Channel: #purrley-pawsitive-pussy-pals        || Content: current schedule
[11/02/2025 07:42:51.086 PM] React+   || User: nostalgicsapphic    || Channel: #purrley-pawsitive-pussy-pals        || emoji=🔥; msg="current schedule" by slayc127
[11/02/2025 07:42:57.500 PM] Message  || User: nostalgicsapphic    || Channel: #purrley-pawsitive-pussy-pals        || Content: terrifying‼️🔥
[11/02/2025 07:43:32.221 PM] Delete   || User: lance030315         || Channel: #yapper-committee                    || Content: His whole motivation is just that he wants to take a nap, but people...
[11/02/2025 07:44:28.541 PM] Message  || User: slayc127            || Channel: #purrley-pawsitive-pussy-pals        || Content: WDYMMMMMM
[11/02/2025 07:45:30.492 PM] Message  || User: nostalgicsapphic    || Channel: #purrley-pawsitive-pussy-pals        || Content: kinda forgot how many classes y’all take ngl
[11/02/2025 07:45:40.697 PM] Message  || User: slayc127            || Channel: #purrley-pawsitive-pussy-pals        || Content: smdh
[11/02/2025 07:47:30.297 PM] Message  || User: slayc127            || Channel: #purrley-pawsitive-pussy-pals        || Content: im excited even tho this means i still cant work suring the week
[11/02/2025 07:47:39.691 PM] Message  || User: slayc127            || Channel: #purrley-pawsitive-pussy-pals        || Content: i could feasibly take fridays off which is a win!
[11/02/2025 07:52:14.890 PM] Action   || Name: send_suppressed     || Trigger: ch=1341696618688286720               || Output: Gmail authorization needed. Open and approve, then reply: 'TomCat, au...
[11/02/2025 07:52:14.890 PM] Action   || Name: gmail_auth_url      || Trigger:                                      || Output: https://accounts.google.com/o/oauth2/auth?response_type=code&client_i...
[11/02/2025 07:52:14.890 PM] Action   || Name: gmail_log_scheduler || Trigger: auth                                 || Output: pending
[11/02/2025 07:52:46.040 PM] React+   || User: m_digio             || Channel: #pet-pictures                        || emoji=❤️; msg=1434629853432385748
[11/02/2025 08:00:02.445 PM] Action   || Name: send_suppressed     || Trigger: ch=643586809166561310                || Output: **Currently unfed stations** • **Microwave** → <@342386549532524544> ...
[11/02/2025 08:00:02.461 PM] Action   || Name: feeding_8pm         || Trigger: unfed=2                              || Output: sent
[11/02/2025 08:00:03.071 PM] Action   || Name: send_suppressed     || Trigger: ch=643586809166561310                || Output: **Currently unfed stations** • **Microwave** → <@342386549532524544> ...
[11/02/2025 08:00:03.071 PM] Action   || Name: feeding_8pm         || Trigger: unfed=2                              || Output: sent
[11/02/2025 08:00:03.675 PM] Action   || Name: send_suppressed     || Trigger: ch=643586809166561310                || Output: **Currently unfed stations** • **Microwave** → <@342386549532524544> ...
[11/02/2025 08:00:03.675 PM] Action   || Name: feeding_8pm         || Trigger: unfed=2                              || Output: sent
[11/02/2025 08:00:04.308 PM] Action   || Name: send_suppressed     || Trigger: ch=643586809166561310                || Output: **Currently unfed stations** • **Microwave** → <@342386549532524544> ...
[11/02/2025 08:00:04.308 PM] Action   || Name: feeding_8pm         || Trigger: unfed=2                              || Output: sent
[11/02/2025 08:00:05.009 PM] Action   || Name: send_suppressed     || Trigger: ch=643586809166561310                || Output: **Currently unfed stations** • **Microwave** → <@342386549532524544> ...
[11/02/2025 08:00:05.009 PM] Action   || Name: feeding_8pm         || Trigger: unfed=2                              || Output: sent
[11/02/2025 08:00:05.629 PM] Action   || Name: send_suppressed     || Trigger: ch=643586809166561310                || Output: **Currently unfed stations** • **Microwave** → <@342386549532524544> ...
[11/02/2025 08:00:05.629 PM] Action   || Name: feeding_8pm         || Trigger: unfed=2                              || Output: sent
[11/02/2025 08:00:06.213 PM] Action   || Name: send_suppressed     || Trigger: ch=643586809166561310                || Output: **Currently unfed stations** • **Microwave** → <@342386549532524544> ...
[11/02/2025 08:00:06.213 PM] Action   || Name: feeding_8pm         || Trigger: unfed=2                              || Output: sent
[11/02/2025 08:00:06.805 PM] Action   || Name: send_suppressed     || Trigger: ch=643586809166561310                || Output: **Currently unfed stations** • **Microwave** → <@342386549532524544> ...
[11/02/2025 08:00:06.805 PM] Action   || Name: feeding_8pm         || Trigger: unfed=2                              || Output: sent
[11/02/2025 08:00:07.411 PM] Action   || Name: send_suppressed     || Trigger: ch=643586809166561310                || Output: **Currently unfed stations** • **Microwave** → <@342386549532524544> ...
[11/02/2025 08:00:07.411 PM] Action   || Name: feeding_8pm         || Trigger: unfed=2                              || Output: sent
[11/02/2025 08:00:08.429 PM] Action   || Name: send_suppressed     || Trigger: ch=643586809166561310                || Output: **Currently unfed stations** • **Microwave** → <@342386549532524544> ...
[11/02/2025 08:00:08.429 PM] Action   || Name: feeding_8pm         || Trigger: unfed=2                              || Output: sent
[11/02/2025 08:00:09.033 PM] Action   || Name: send_suppressed     || Trigger: ch=643586809166561310                || Output: **Currently unfed stations** • **Microwave** → <@342386549532524544> ...
[11/02/2025 08:00:09.033 PM] Action   || Name: feeding_8pm         || Trigger: unfed=2                              || Output: sent
[11/02/2025 08:00:09.677 PM] Action   || Name: send_suppressed     || Trigger: ch=643586809166561310                || Output: **Currently unfed stations** • **Microwave** → <@342386549532524544> ...
[11/02/2025 08:00:09.677 PM] Action   || Name: feeding_8pm         || Trigger: unfed=2                              || Output: sent
[11/02/2025 08:00:10.291 PM] Action   || Name: send_suppressed     || Trigger: ch=643586809166561310                || Output: **Currently unfed stations** • **Microwave** → <@342386549532524544> ...
[11/02/2025 08:00:10.293 PM] Action   || Name: feeding_8pm         || Trigger: unfed=2                              || Output: sent
[11/02/2025 08:00:10.891 PM] Action   || Name: send_suppressed     || Trigger: ch=643586809166561310                || Output: **Currently unfed stations** • **Microwave** → <@342386549532524544> ...
[11/02/2025 08:00:10.891 PM] Action   || Name: feeding_8pm         || Trigger: unfed=2                              || Output: sent
[11/02/2025 08:00:10.907 PM] Action   || Name: feeding_sheet       || Trigger: open_error                           || Output: APIError: [429]: Quota exceeded for quota metric 'Read requests' and ...
[11/02/2025 08:00:10.907 PM] Action   || Name: send_suppressed     || Trigger: ch=643586809166561310                || Output: All stations have been fed! Yippee!!!
[11/02/2025 08:00:10.907 PM] Action   || Name: feeding_8pm         || Trigger: unfed=0                              || Output: celebrated
[11/02/2025 08:00:10.952 PM] Action   || Name: feeding_sheet       || Trigger: open_error                           || Output: APIError: [429]: Quota exceeded for quota metric 'Read requests' and ...
[11/02/2025 08:00:10.952 PM] Action   || Name: send_suppressed     || Trigger: ch=643586809166561310                || Output: All stations have been fed! Yippee!!!
[11/02/2025 08:00:10.952 PM] Action   || Name: feeding_8pm         || Trigger: unfed=0                              || Output: celebrated
[11/02/2025 08:00:10.978 PM] Action   || Name: feeding_sheet       || Trigger: open_error                           || Output: APIError: [429]: Quota exceeded for quota metric 'Read requests' and ...
[11/02/2025 08:00:10.987 PM] Action   || Name: send_suppressed     || Trigger: ch=643586809166561310                || Output: All stations have been fed! Yippee!!!
[11/02/2025 08:00:10.987 PM] Action   || Name: feeding_8pm         || Trigger: unfed=0                              || Output: celebrated
[11/02/2025 08:00:47.826 PM] Action   || Name: send_suppressed     || Trigger: ch=1341696618688286720               || Output: Gmail authorization needed. Open and approve, then reply: 'TomCat, au...
[11/02/2025 08:00:47.826 PM] Action   || Name: gmail_auth_url      || Trigger:                                      || Output: https://accounts.google.com/o/oauth2/auth?response_type=code&client_i...
[11/02/2025 08:00:47.826 PM] Action   || Name: gmail_log_scheduler || Trigger: auth                                 || Output: pending
[11/02/2025 08:10:35.286 PM] Message  || User: a1darek             || Channel: #purrley-pawsitive-pussy-pals        || Content: (no text; attachments=1)
[11/02/2025 08:11:06.194 PM] React+   || User: the.lemonade.stand  || Channel: #executive-board                     || emoji=🔥; msg="Here’s where we are at" by austinbaustinb
[11/02/2025 08:17:11.140 PM] Message  || User: a1darek             || Channel: #pet-pictures                        || Content: update: she has been declared as an english major
[11/02/2025 08:21:45.809 PM] React+   || User: slayc127            || Channel: #purrley-pawsitive-pussy-pals        || emoji=😭; msg=1434726427118403594
[11/02/2025 08:22:16.373 PM] Message  || User: slayc127            || Channel: #pet-pictures                        || Content: YEAHHHHHHHHHHHH
[11/02/2025 08:22:32.142 PM] Message  || User: slayc127            || Channel: #pet-pictures                        || Content: tell kaci 2 ||bring her by the lounge||
[11/02/2025 08:25:32.166 PM] Message  || User: simplyshadow171295  || Channel: #pictures-of-the-cats                || Content: cutesy pic of the baby
[11/02/2025 08:25:33.300 PM] Action   || Name: image_intake        || Trigger: channel=551084964318543904           || Output: rows=1
[11/02/2025 08:25:34.370 PM] React+   || User: lemonelon_          || Channel: #pet-pictures                        || emoji=❤️; msg="update: she has been declared as an engl..." by a1darek
[11/02/2025 08:25:36.106 PM] React+   || User: lemonelon_          || Channel: #pet-pictures                        || emoji=❤️; msg="YEAHHHHHHHHHHHH" by slayc127
[11/02/2025 08:25:55.475 PM] Message  || User: simplyshadow171295  || Channel: #pictures-of-the-cats                || Content: and a very polite mazatl to finish your night
[11/02/2025 08:25:56.066 PM] Action   || Name: image_intake        || Trigger: channel=551084964318543904           || Output: rows=1
[11/02/2025 08:31:12.942 PM] React+   || User: kitadan             || Channel: #pictures-of-the-cats                || emoji=❤️; msg="and a very polite mazatl to finish your ..." by simplyshadow17...
[11/02/2025 08:31:18.835 PM] React+   || User: kitadan             || Channel: #pet-pictures                        || emoji=❤️; msg="update: she has been declared as an engl..." by a1darek
[11/02/2025 08:35:49.422 PM] Message  || User: cici4f3             || Channel: #pictures-of-the-cats                || Content: awwww so cute
[11/02/2025 08:36:15.034 PM] Message  || User: cici4f3             || Channel: #pet-pictures                        || Content: her eyes are still blue ......
[11/02/2025 08:36:18.841 PM] React+   || User: cici4f3             || Channel: #pet-pictures                        || emoji=❤️; msg="update: she has been declared as an engl..." by a1darek
[11/02/2025 08:41:22.769 PM] React+   || User: slayc127            || Channel: #pictures-of-the-cats                || emoji=❤️; msg="and a very polite mazatl to finish your ..." by simplyshadow17...
[11/02/2025 08:42:38.652 PM] React+   || User: slayc127            || Channel: #pet-pictures                        || emoji=😆; msg="her eyes are still blue ......" by cici4f3
[11/02/2025 08:42:50.120 PM] Message  || User: slayc127            || Channel: #pet-pictures                        || Content: they r turning green !!!!!!!!!!!!!!!!!!!!!!!!!!!!!!!!!!!!!!!!!!!! i ...
[11/02/2025 08:45:18.703 PM] Action   || Name: send_suppressed     || Trigger: ch=1341696618688286720               || Output: Gmail authorization needed. Open and approve, then reply: 'TomCat, au...
[11/02/2025 08:45:18.703 PM] Action   || Name: gmail_auth_url      || Trigger:                                      || Output: https://accounts.google.com/o/oauth2/auth?response_type=code&client_i...
[11/02/2025 08:45:18.707 PM] Action   || Name: gmail_log_scheduler || Trigger: auth                                 || Output: pending
[11/02/2025 08:45:28.028 PM] Message  || User: a1darek             || Channel: #pet-pictures                        || Content: They've been turning green for a bit neow
[11/02/2025 08:46:44.208 PM] React+   || User: slayc127            || Channel: #pet-pictures                        || emoji=‼️; msg="They've been turning green for a bit neo..." by a1darek
[11/02/2025 08:51:34.246 PM] Message  || User: mochenoch           || Channel: #yapper-committee                    || Content: I hate growing out of my cute clothes
[11/02/2025 08:51:41.383 PM] Message  || User: mochenoch           || Channel: #yapper-committee                    || Content: <:ohno:1405614640167387257>
[11/02/2025 08:51:46.116 PM] Message  || User: mochenoch           || Channel: #yapper-committee                    || Content: Now I gotta sell these fuckers
[11/02/2025 08:52:49.511 PM] React+   || User: slayc127            || Channel: #yapper-committee                    || emoji=‼️; msg="I hate growing out of my cute clothes" by mochenoch
[11/02/2025 08:52:52.687 PM] Message  || User: slayc127            || Channel: #yapper-committee                    || Content: bro tell me about it
[11/02/2025 08:58:38.335 PM] Message  || User: simplyshadow171295  || Channel: #pictures-of-the-cats                || Content: does gordon have any other name? because there is no gordon in tomcat
[11/02/2025 08:59:37.577 PM] Message  || User: gupguppy            || Channel: #pictures-of-the-cats                || Content: nodrog
[11/02/2025 08:59:44.107 PM] React+   || User: gupguppy            || Channel: #pictures-of-the-cats                || emoji=❤️; msg="and a very polite mazatl to finish your ..." by simplyshadow17...
[11/02/2025 08:59:54.806 PM] React+   || User: gupguppy            || Channel: #pictures-of-the-cats                || emoji=❤️; msg="cutesy pic of the baby" by simplyshadow171295
[11/02/2025 08:59:59.318 PM] React+   || User: simplyshadow171295  || Channel: #pictures-of-the-cats                || emoji=😔; msg="nodrog" by gupguppy
[11/02/2025 09:00:00.498 PM] React+   || User: gupguppy            || Channel: #pictures-of-the-cats                || emoji=❤️; msg="we have a streaker visiting their sister..." by simplyshadow17...
[11/02/2025 09:00:07.341 PM] React+   || User: gupguppy            || Channel: #pictures-of-the-cats                || emoji=❤️; msg=1434695696904228925
[11/02/2025 09:00:16.257 PM] React+   || User: gupguppy            || Channel: #pictures-of-the-cats                || emoji=❤️; msg="Ariel" by adeyumii
[11/02/2025 09:00:45.283 PM] React+   || User: gupguppy            || Channel: #pictures-of-the-cats                || emoji=<a:paw:659867383162339359>; msg="shitbag cuntface" by adeyumii
[11/02/2025 09:01:10.264 PM] React+   || User: gupguppy            || Channel: #pictures-of-the-cats                || emoji=❤️; msg="ignoring tnr team stuff, I got some pics..." by adeyumii
[11/02/2025 09:01:12.453 PM] Message  || User: cici4f3             || Channel: #pet-pictures                        || Content: can I eat her
[11/02/2025 09:01:27.740 PM] Message  || User: mochenoch           || Channel: #external-promotions                 || Content: Anyways selling these, 7 dollar shirts and 12 dollars pants, crappy ...
[11/02/2025 09:03:18.655 PM] Message  || User: a1darek             || Channel: #pet-pictures                        || Content: Yes
[11/02/2025 09:05:01.026 PM] Message  || User: slayc127            || Channel: #external-promotions                 || Content: sizes ? :3
[11/02/2025 09:05:21.255 PM] Message  || User: slayc127            || Channel: #external-promotions                 || Content: gah the embroidered pieces r so facking cute
[11/02/2025 09:05:34.142 PM] React+   || User: slayc127            || Channel: #pet-pictures                        || emoji=😆; msg="Yes" by a1darek
[11/02/2025 09:05:35.320 PM] Message  || User: mochenoch           || Channel: #external-promotions                 || Content: The embroiled piece is size 4
[11/02/2025 09:05:54.346 PM] Message  || User: slayc127            || Channel: #external-promotions                 || Content: heard :3 i hope someone else can wear them as kazius cannot
[11/02/2025 09:06:28.588 PM] Message  || User: slayc127            || Channel: #external-promotions                 || Content: (and if u do send me fit pics bc ive been considering emboridering m...
[11/02/2025 09:06:37.335 PM] Message  || User: slayc127            || Channel: #external-promotions                 || Content: (i am just uncertain abt pairing things)
[11/02/2025 09:06:44.758 PM] Message  || User: mochenoch           || Channel: #external-promotions                 || Content: Do it.
[11/02/2025 09:06:55.872 PM] Message  || User: mochenoch           || Channel: #external-promotions                 || Content: Embroidering pants is the best
[11/02/2025 09:07:11.503 PM] Message  || User: mochenoch           || Channel: #external-promotions                 || Content: Add cute little flairs to your pants it helps bring an outfit together
[11/02/2025 09:07:51.139 PM] React+   || User: slayc127            || Channel: #external-promotions                 || emoji=‼️; msg="Add cute little flairs to your pants it ..." by mochenoch
[11/02/2025 09:07:55.810 PM] Message  || User: slayc127            || Channel: #external-promotions                 || Content: word
[11/02/2025 09:08:09.957 PM] Message  || User: slayc127            || Channel: #external-promotions                 || Content: how long did urs take u? i started on a pair of mine about a month a...
[11/02/2025 09:09:48.159 PM] Message  || User: mochenoch           || Channel: #external-promotions                 || Content: Oh no clue I thrifted them embroidered, the way I alter my pants is ...
[11/02/2025 09:09:57.969 PM] Message  || User: mochenoch           || Channel: #external-promotions                 || Content: My next step is embroidery
[11/02/2025 09:10:58.471 PM] React+   || User: slayc127            || Channel: #external-promotions                 || emoji=‼️; msg="Oh no clue I thrifted them embroidered, ..." by mochenoch
[11/02/2025 09:11:06.279 PM] Message  || User: mochenoch           || Channel: #external-promotions                 || Content: I just believe jeans are a canvas that needs some paint, I have beda...
[11/02/2025 09:11:41.444 PM] Message  || User: mochenoch           || Channel: #external-promotions                 || Content: <:happy:800594648657035334>
[11/02/2025 09:12:16.585 PM] React+   || User: spitonme            || Channel: #pictures-of-the-cats                || emoji=🐙; msg="and a very polite mazatl to finish your ..." by simplyshadow171295
[11/02/2025 09:12:34.017 PM] Message  || User: slayc127            || Channel: #external-promotions                 || Content: ur SO right
[11/02/2025 09:12:38.389 PM] Message  || User: slayc127            || Channel: #external-promotions                 || Content: perhaps i will do this next
[11/02/2025 09:13:22.314 PM] Message  || User: spitonme            || Channel: #external-promotions                 || Content: do u wear hollister
[11/02/2025 09:13:31.949 PM] Message  || User: spitonme            || Channel: #external-promotions                 || Content: they sent me two pairs of the same pants
[11/02/2025 09:13:35.398 PM] Message  || User: spitonme            || Channel: #external-promotions                 || Content: in 20 i think?
[11/02/2025 09:14:14.016 PM] Message  || User: slayc127            || Channel: #external-promotions                 || Content: i do not but i do need new jeans if u r offering :3333333
[11/02/2025 09:14:50.229 PM] Message  || User: slayc127            || Channel: #external-promotions                 || Content: i mostly wear american eagle but due to their.....Marketing. i have ...
[11/02/2025 09:15:01.101 PM] React+   || User: spitonme            || Channel: #external-promotions                 || emoji=🐙; msg="i mostly wear american eagle but due to ..." by slayc127
[11/02/2025 09:15:02.897 PM] React+   || User: spitonme            || Channel: #external-promotions                 || emoji=🐙; msg="i do not but i do need new jeans if u r ..." by slayc127
[11/02/2025 09:15:18.808 PM] Message  || User: mochenoch           || Channel: #external-promotions                 || Content: I mean I have a size 7
[11/02/2025 09:15:20.578 PM] Message  || User: spitonme            || Channel: #external-promotions                 || Content: going shopping is so fun and so draining at the same time
[11/02/2025 09:16:31.330 PM] Message  || User: spitonme            || Channel: #pet-pictures                        || Content: save me a slice
[11/02/2025 09:16:35.640 PM] Message  || User: slayc127            || Channel: #external-promotions                 || Content: i run typically an 18-20 unforch :(
[11/02/2025 09:16:37.241 PM] React+   || User: slayc127            || Channel: #external-promotions                 || emoji=‼️; msg="going shopping is so fun and so draining..." by spitonme
[11/02/2025 09:16:37.955 PM] Message  || User: mochenoch           || Channel: #yapper-committee                    || Content: Me staring at the 1k in my bank account that’s about to turn into 90...
[11/02/2025 09:16:52.040 PM] Message  || User: mochenoch           || Channel: #yapper-committee                    || Content: (no text; attachments=0)
[11/02/2025 09:17:17.352 PM] Message  || User: mochenoch           || Channel: #external-promotions                 || Content: Yeah I have nothing in that range unfortunately
[11/02/2025 09:17:34.007 PM] Message  || User: slayc127            || Channel: #external-promotions                 || Content: tis okay! i hope someone else can take them off ur hands
[11/02/2025 09:17:41.418 PM] React+   || User: slayc127            || Channel: #yapper-committee                    || emoji=😭; msg="Me staring at the 1k in my bank account ..." by mochenoch
[11/02/2025 09:17:50.725 PM] React+   || User: slayc127            || Channel: #pet-pictures                        || emoji=😆; msg="save me a slice" by spitonme
[11/02/2025 09:18:50.715 PM] Message  || User: simplyshadow171295  || Channel: #feeding-team                        || Content: meow meow i'm atlascat. maintenance and microwave were not fed today...
[11/02/2025 09:18:50.715 PM] Action   || Name: send_suppressed     || Trigger: ch=643586809166561310                || Output: mrow!
[11/02/2025 09:18:50.715 PM] Action   || Name: handle_misc         || Trigger: trigger=meow                         || Output: mrow!
[11/02/2025 09:18:50.730 PM] Intent   || feed_update               ||                                               || station=Maintenance; dates=['2025-11-02']
[11/02/2025 09:18:56.597 PM] Action   || Name: sheet_mark          || Trigger: station=Maintenance date=2025-11-02  || Output: ok
[11/02/2025 09:18:56.597 PM] Action   || Name: feed_update         || Trigger: station=Maintenance; dates=2025-1... || Output: ok
[11/02/2025 09:18:58.188 PM] Action   || Name: sheet_mark          || Trigger: station=Microwave date=2025-11-02    || Output: ok
[11/02/2025 09:18:58.188 PM] Action   || Name: feed_update         || Trigger: station=Microwave; dates=2025-11-02  || Output: ok
[11/02/2025 09:19:05.057 PM] Message  || User: austinbaustinb      || Channel: #pictures-of-the-cats                || Content: I do recognize the name Gordon but it’s possible the last photo dump...
[11/02/2025 09:19:14.025 PM] Message  || User: austinbaustinb      || Channel: #thomas-cat-sandbox                  || Content: Tomcat silent mode off
[11/02/2025 09:19:14.025 PM] Intent   || silent_mode               ||                                              
[11/02/2025 09:19:14.025 PM] Action   || Name: silent_mode         || Trigger: by=624440365595754496                || Output: off
[11/02/2025 09:19:16.552 PM] Message  || User: austinbaustinb      || Channel: #thomas-cat-sandbox                  || Content: Meow
[11/02/2025 09:19:16.690 PM] Action   || Name: handle_misc         || Trigger: trigger=Meow                         || Output: mrrp?
[11/02/2025 09:19:19.757 PM] Message  || User: austinbaustinb      || Channel: #thomas-cat-sandbox                  || Content: Tomcat silent mode on
[11/02/2025 09:19:19.773 PM] Intent   || silent_mode               ||                                              
[11/02/2025 09:19:19.773 PM] Action   || Name: silent_mode         || Trigger: by=624440365595754496                || Output: on
[11/02/2025 09:19:55.526 PM] React+   || User: slayc127            || Channel: #feeding-team                        || emoji=😭; msg="meow meow i'm atlascat. maintenance and ..." by simplyshadow171295
[11/02/2025 09:20:19.467 PM] Message  || User: slayc127            || Channel: #feeding-team                        || Content: cici and emma how dare /J massive J
[11/02/2025 09:20:22.698 PM] Message  || User: simplyshadow171295  || Channel: #pictures-of-the-cats                || Content: i do as well. thought it was ooni but from the looks of it he isn't ...
[11/02/2025 09:21:44.027 PM] React+   || User: izzyballz           || Channel: #yapper-committee                    || emoji=😭; msg="Me staring at the 1k in my bank account ..." by mochenoch
[11/02/2025 09:25:56.340 PM] Message  || User: slayc127            || Channel: #purrley-pawsitive-pussy-pals        || Content: kazius and rae r officially going 2 dc instead of chicago
[11/02/2025 09:26:06.062 PM] Message  || User: slayc127            || Channel: #purrley-pawsitive-pussy-pals        || Content: kind of an L but also not really #travelling #pointsmaxxing
[11/02/2025 09:26:08.304 PM] Message  || User: nostalgicsapphic    || Channel: #purrley-pawsitive-pussy-pals        || Content: lmaooo have fun !
[11/02/2025 09:26:10.882 PM] React+   || User: slayc127            || Channel: #purrley-pawsitive-pussy-pals        || emoji=‼️; msg="lmaooo have fun !" by nostalgicsapphic
[11/02/2025 09:26:11.531 PM] React+   || User: nostalgicsapphic    || Channel: #purrley-pawsitive-pussy-pals        || emoji=😆; msg="kind of an L but also not really #travel..." by slayc127
[11/02/2025 09:26:14.335 PM] React+   || User: slayc127            || Channel: #purrley-pawsitive-pussy-pals        || emoji=❤️; msg="lmaooo have fun !" by nostalgicsapphic
[11/02/2025 09:26:17.143 PM] Message  || User: slayc127            || Channel: #purrley-pawsitive-pussy-pals        || Content: tysm bae
[11/02/2025 09:26:34.297 PM] Message  || User: slayc127            || Channel: #purrley-pawsitive-pussy-pals        || Content: she thinks our flights r gonna be compeltely covered and i should ha...
[11/02/2025 09:26:41.315 PM] React+   || User: nostalgicsapphic    || Channel: #purrley-pawsitive-pussy-pals        || emoji=🔥; msg="she thinks our flights r gonna be compel..." by slayc127
[11/02/2025 09:26:41.482 PM] Message  || User: slayc127            || Channel: #purrley-pawsitive-pussy-pals        || Content: i hope anyway. we shall see.
[11/02/2025 09:26:49.462 PM] Message  || User: nostalgicsapphic    || Channel: #purrley-pawsitive-pussy-pals        || Content: i am also hoping !
[11/02/2025 09:26:58.996 PM] Message  || User: slayc127            || Channel: #purrley-pawsitive-pussy-pals        || Content: sticking w what we know anyway bc finding a decent hotel is kind of ...
[11/02/2025 09:27:04.054 PM] React+   || User: slayc127            || Channel: #purrley-pawsitive-pussy-pals        || emoji=💖; msg="i am also hoping !" by nostalgicsapphic
[11/02/2025 09:27:19.923 PM] Message  || User: slayc127            || Channel: #purrley-pawsitive-pussy-pals        || Content: but eye am SEEING DODIE AGAIN the crowd goes insane
[11/02/2025 09:27:34.312 PM] React+   || User: nostalgicsapphic    || Channel: #purrley-pawsitive-pussy-pals        || emoji=🎉; msg="but eye am SEEING DODIE AGAIN the crowd ..." by slayc127
[11/02/2025 09:27:35.936 PM] React+   || User: nostalgicsapphic    || Channel: #purrley-pawsitive-pussy-pals        || emoji=🔥; msg="but eye am SEEING DODIE AGAIN the crowd ..." by slayc127
[11/02/2025 09:28:24.314 PM] React+   || User: _costco_wholesale_  || Channel: #feeding-team                        || emoji=😭; msg="meow meow i'm atlascat. maintenance and ..." by simplyshadow171295
[11/02/2025 09:30:07.157 PM] React+   || User: _costco_wholesale_  || Channel: #pet-pictures                        || emoji=❤️; msg="update: she has been declared as an engl..." by a1darek
[11/02/2025 09:30:36.356 PM] React+   || User: _costco_wholesale_  || Channel: #yapper-committee                    || emoji=😭; msg="Me staring at the 1k in my bank account ..." by mochenoch
[11/02/2025 09:31:15.546 PM] Message  || User: slayc127            || Channel: #purrley-pawsitive-pussy-pals        || Content: OKay we lied
[11/02/2025 09:31:20.163 PM] Message  || User: slayc127            || Channel: #purrley-pawsitive-pussy-pals        || Content: rae looked at the wrong date
[11/02/2025 09:31:23.980 PM] React+   || User: nostalgicsapphic    || Channel: #purrley-pawsitive-pussy-pals        || emoji=😭; msg="rae looked at the wrong date" by slayc127
[11/02/2025 09:32:03.293 PM] Message  || User: slayc127            || Channel: #purrley-pawsitive-pussy-pals        || Content: OKAY but guys
[11/02/2025 09:32:06.861 PM] Message  || User: slayc127            || Channel: #purrley-pawsitive-pussy-pals        || Content: Boston instead ?
[11/02/2025 09:32:12.943 PM] Message  || User: nostalgicsapphic    || Channel: #purrley-pawsitive-pussy-pals        || Content: do eet
[11/02/2025 09:32:14.891 PM] Message  || User: slayc127            || Channel: #purrley-pawsitive-pussy-pals        || Content: rae needs to be convinced what can we do in boston
[11/02/2025 09:32:27.831 PM] Message  || User: nostalgicsapphic    || Channel: #purrley-pawsitive-pussy-pals        || Content: so much??
[11/02/2025 09:32:36.393 PM] Message  || User: slayc127            || Channel: #purrley-pawsitive-pussy-pals        || Content: all she knows is that itz cold
[11/02/2025 09:32:47.381 PM] Message  || User: mochenoch           || Channel: #yapper-committee                    || Content: Rent should be illegal
[11/02/2025 09:32:50.262 PM] Message  || User: nostalgicsapphic    || Channel: #purrley-pawsitive-pussy-pals        || Content: literally salem and museums and the OCEAN
[11/02/2025 09:32:52.831 PM] React+   || User: nostalgicsapphic    || Channel: #purrley-pawsitive-pussy-pals        || emoji=😭; msg="all she knows is that itz cold" by slayc127
[11/02/2025 09:32:56.646 PM] React+   || User: slayc127            || Channel: #purrley-pawsitive-pussy-pals        || emoji=‼️; msg="literally salem and museums and the OCEA..." by nostalgicsapphic
[11/02/2025 09:33:01.515 PM] Message  || User: nostalgicsapphic    || Channel: #purrley-pawsitive-pussy-pals        || Content: bruh. it’s winter.
[11/02/2025 09:33:04.959 PM] Message  || User: slayc127            || Channel: #purrley-pawsitive-pussy-pals        || Content: we r going in march
[11/02/2025 09:33:20.802 PM] Message  || User: nostalgicsapphic    || Channel: #purrley-pawsitive-pussy-pals        || Content: which is still winter !
[11/02/2025 09:33:21.097 PM] React+   || User: simplyshadow171295  || Channel: #yapper-committee                    || emoji=😭; msg="Me staring at the 1k in my bank account ..." by mochenoch
[11/02/2025 09:33:32.616 PM] Action   || Name: send_suppressed     || Trigger: ch=1341696618688286720               || Output: Gmail authorization needed. Open and approve, then reply: 'TomCat, au...
[11/02/2025 09:33:32.616 PM] Action   || Name: gmail_auth_url      || Trigger:                                      || Output: https://accounts.google.com/o/oauth2/auth?response_type=code&client_i...
[11/02/2025 09:33:32.616 PM] Action   || Name: gmail_log_scheduler || Trigger: auth                                 || Output: pending
[11/02/2025 09:33:54.727 PM] Message  || User: slayc127            || Channel: #purrley-pawsitive-pussy-pals        || Content: well yez
[11/02/2025 09:34:00.511 PM] Message  || User: slayc127            || Channel: #purrley-pawsitive-pussy-pals        || Content: i was stating for clarification
[11/02/2025 09:34:29.343 PM] Message  || User: slayc127            || Channel: #purrley-pawsitive-pussy-pals        || Content: will update if we determine the flights r not 38293829u49 dollars (t...
[11/02/2025 09:34:35.822 PM] React+   || User: nostalgicsapphic    || Channel: #purrley-pawsitive-pussy-pals        || emoji=😭; msg="will update if we determine the flights ..." by slayc127
[11/02/2025 09:37:28.266 PM] React+   || User: a1darek             || Channel: #yapper-committee                    || emoji=❤️; msg="Rent should be illegal" by mochenoch
[11/02/2025 09:38:24.532 PM] Message  || User: a1darek             || Channel: #purrley-pawsitive-pussy-pals        || Content: Bro is going to comics No way
[11/02/2025 09:38:36.247 PM] Message  || User: a1darek             || Channel: #purrley-pawsitive-pussy-pals        || Content: Do it
[11/02/2025 09:38:39.500 PM] Message  || User: a1darek             || Channel: #purrley-pawsitive-pussy-pals        || Content: Go boston
[11/02/2025 09:38:55.092 PM] React+   || User: kitadan             || Channel: #external-promotions                 || emoji=‼️; msg="Oh no clue I thrifted them embroidered, ..." by mochenoch
[11/02/2025 09:39:12.065 PM] React+   || User: slayc127            || Channel: #purrley-pawsitive-pussy-pals        || emoji=😆; msg="Bro is going to comics No way" by a1darek
[11/02/2025 09:39:13.017 PM] React+   || User: kitadan             || Channel: #feeding-team                        || emoji=😭; msg="meow meow i'm atlascat. maintenance and ..." by simplyshadow171295
[11/02/2025 09:39:46.303 PM] Message  || User: slayc127            || Channel: #purrley-pawsitive-pussy-pals        || Content: u got a chuckle out of both of us
[11/02/2025 09:41:38.877 PM] Message  || User: slayc127            || Channel: #purrley-pawsitive-pussy-pals        || Content: she spitballed minneapolis
[11/02/2025 09:41:42.214 PM] Message  || User: slayc127            || Channel: #purrley-pawsitive-pussy-pals        || Content: they have a casinot
[11/02/2025 09:41:43.624 PM] Message  || User: slayc127            || Channel: #purrley-pawsitive-pussy-pals        || Content: thats all
[11/02/2025 09:43:44.131 PM] Message  || User: a1darek             || Channel: #purrley-pawsitive-pussy-pals        || Content: Ain't nothing there
[11/02/2025 09:43:49.368 PM] Message  || User: a1darek             || Channel: #purrley-pawsitive-pussy-pals        || Content: Shits mini for a  reason
[11/02/2025 09:44:00.183 PM] Action   || Name: send_suppressed     || Trigger: ch=1341696618688286720               || Output: Gmail authorization needed. Open and approve, then reply: 'TomCat, au...
[11/02/2025 09:44:00.183 PM] Action   || Name: gmail_auth_url      || Trigger:                                      || Output: https://accounts.google.com/o/oauth2/auth?response_type=code&client_i...
[11/02/2025 09:44:00.187 PM] Action   || Name: gmail_log_scheduler || Trigger: auth                                 || Output: pending
[11/02/2025 09:44:04.262 PM] Action   || Name: send_suppressed     || Trigger: ch=1341696618688286720               || Output: Gmail authorization needed. Open and approve, then reply: 'TomCat, au...
[11/02/2025 09:44:04.262 PM] Action   || Name: gmail_auth_url      || Trigger:                                      || Output: https://accounts.google.com/o/oauth2/auth?response_type=code&client_i...
[11/02/2025 09:44:04.262 PM] Action   || Name: gmail_log_scheduler || Trigger: auth                                 || Output: pending
[11/02/2025 09:44:05.170 PM] React+   || User: slayc127            || Channel: #purrley-pawsitive-pussy-pals        || emoji=😆; msg="Shits mini for a  reason" by a1darek
[11/02/2025 09:44:08.262 PM] Message  || User: slayc127            || Channel: #purrley-pawsitive-pussy-pals        || Content: forreal
[11/02/2025 09:46:26.527 PM] Message  || User: cici4f3             || Channel: #feeding-team                        || Content: GAHHHH I FORGOR WAIT AUGH
[11/02/2025 09:46:30.623 PM] Message  || User: cici4f3             || Channel: #feeding-team                        || Content: going there now
[11/02/2025 09:46:44.193 PM] Message  || User: slayc127            || Channel: #feeding-team                        || Content: i was gonna ping u then decided not to
[11/02/2025 09:48:03.884 PM] Message  || User: slayc127            || Channel: #purrley-pawsitive-pussy-pals        || Content: we r beefing w southwest right now
[11/02/2025 09:49:04.962 PM] React+   || User: cici4f3             || Channel: #yapper-committee                    || emoji=❤️; msg="Rent should be illegal" by mochenoch
[11/02/2025 09:51:23.845 PM] Action   || Name: send_suppressed     || Trigger: ch=1341696618688286720               || Output: Gmail authorization needed. Open and approve, then reply: 'TomCat, au...
[11/02/2025 09:51:23.848 PM] Action   || Name: gmail_auth_url      || Trigger:                                      || Output: https://accounts.google.com/o/oauth2/auth?response_type=code&client_i...
[11/02/2025 09:51:23.848 PM] Action   || Name: gmail_log_scheduler || Trigger: auth                                 || Output: pending
[11/02/2025 09:52:14.611 PM] React+   || User: petrichor           || Channel: #yapper-committee                    || emoji=😭; msg="Me staring at the 1k in my bank account ..." by mochenoch
[11/02/2025 09:52:15.806 PM] React+   || User: petrichor           || Channel: #yapper-committee                    || emoji=❤️; msg="Rent should be illegal" by mochenoch
[11/02/2025 09:52:18.393 PM] Message  || User: slayc127            || Channel: #purrley-pawsitive-pussy-pals        || Content: @Derek [TNR] how long was ur flight to boston
[11/02/2025 09:53:18.696 PM] React+   || User: vasyline            || Channel: #yapper-committee                    || emoji=😭; msg="Me staring at the 1k in my bank account ..." by mochenoch
[11/02/2025 09:53:42.845 PM] React+   || User: vasyline            || Channel: #feeding-team                        || emoji=😭; msg="meow meow i'm atlascat. maintenance and ..." by simplyshadow171295
[11/02/2025 09:55:45.739 PM] React+   || User: lemonelon_          || Channel: #itty-bitty-kitty-commitee           || emoji=👍; msg="Harpy - Brown classic tabby (the thick b..." by adeyumii
[11/02/2025 09:56:46.899 PM] Message  || User: lemonelon_          || Channel: #itty-bitty-kitty-commitee           || Content: trying to write my paper but i have no idea how much I sound like AI...
[11/02/2025 09:56:59.877 PM] React+   || User: slayc127            || Channel: #itty-bitty-kitty-commitee           || emoji=😭; msg="trying to write my paper but i have no i..." by lemonelon_
[11/02/2025 09:57:58.006 PM] Message  || User: lemonelon_          || Channel: #itty-bitty-kitty-commitee           || Content: "fine, show me how to make an em dash not look like that" so actuall...
[11/02/2025 09:58:11.003 PM] Message  || User: slayc127            || Channel: #itty-bitty-kitty-commitee           || Content: i think we should just bomb them /j
[11/02/2025 09:58:17.150 PM] React+   || User: lemonelon_          || Channel: #itty-bitty-kitty-commitee           || emoji=❤️; msg="i think we should just bomb them /j" by slayc127
[11/02/2025 09:58:44.863 PM] React+   || User: simplyshadow171295  || Channel: #itty-bitty-kitty-commitee           || emoji=❤️; msg="i think we should just bomb them /j" by slayc127
[11/02/2025 09:59:58.558 PM] Message  || User: lemonelon_          || Channel: #itty-bitty-kitty-commitee           || Content: "see, what even is biophilia? you can't use AI because it'll just ma...
[11/02/2025 10:00:16.425 PM] Message  || User: lemonelon_          || Channel: #itty-bitty-kitty-commitee           || Content: sorry this is silly rant over i hate my bald ass rhet comp professor
[11/02/2025 10:01:24.912 PM] React+   || User: slayc127            || Channel: #itty-bitty-kitty-commitee           || emoji=😭; msg=""see, what even is biophilia? you can't ..." by lemonelon_
[11/02/2025 10:01:30.508 PM] Message  || User: slayc127            || Channel: #itty-bitty-kitty-commitee           || Content: killing him!
[11/02/2025 10:01:37.342 PM] React+   || User: lemonelon_          || Channel: #itty-bitty-kitty-commitee           || emoji=❤️; msg="killing him!" by slayc127
[11/02/2025 10:02:23.646 PM] Message  || User: slayc127            || Channel: #purrley-pawsitive-pussy-pals        || Content: update: nothing has gone our way
[11/02/2025 10:02:37.376 PM] Message  || User: slayc127            || Channel: #purrley-pawsitive-pussy-pals        || Content: rae refuses to take a 10 hr flight within the us so we r going Phila...
[11/02/2025 10:02:52.869 PM] Message  || User: nostalgicsapphic    || Channel: #purrley-pawsitive-pussy-pals        || Content: 10 hours?????
[11/02/2025 10:02:57.869 PM] Message  || User: nostalgicsapphic    || Channel: #purrley-pawsitive-pussy-pals        || Content: to boston????
[11/02/2025 10:03:04.931 PM] Message  || User: slayc127            || Channel: #purrley-pawsitive-pussy-pals        || Content: ALL of our flight options to boston were minimum 10 hours.
[11/02/2025 10:03:07.765 PM] Message  || User: nostalgicsapphic    || Channel: #purrley-pawsitive-pussy-pals        || Content: i’ve only ever had 4 hr flights at Most
[11/02/2025 10:03:13.858 PM] Message  || User: nostalgicsapphic    || Channel: #purrley-pawsitive-pussy-pals        || Content: that’s insane wtf
[11/02/2025 10:03:20.582 PM] Message  || User: nostalgicsapphic    || Channel: #purrley-pawsitive-pussy-pals        || Content: oh wait does that include layover?
[11/02/2025 10:03:33.300 PM] Message  || User: slayc127            || Channel: #purrley-pawsitive-pussy-pals        || Content: shrug
[11/02/2025 10:03:37.038 PM] Message  || User: slayc127            || Channel: #purrley-pawsitive-pussy-pals        || Content: ask rae! /silly /j
[11/02/2025 10:03:42.318 PM] React+   || User: nostalgicsapphic    || Channel: #purrley-pawsitive-pussy-pals        || emoji=😭; msg="ask rae! /silly /j" by slayc127
[11/02/2025 10:03:56.777 PM] Message  || User: slayc127            || Channel: #purrley-pawsitive-pussy-pals        || Content: im assuming yes
[11/02/2025 10:04:10.934 PM] Message  || User: nostalgicsapphic    || Channel: #purrley-pawsitive-pussy-pals        || Content: i hope so cause that’s unreal otherwise
[11/02/2025 10:04:18.022 PM] Message  || User: slayc127            || Channel: #purrley-pawsitive-pussy-pals        || Content: i do not ask questions about our flights it is not my business
[11/02/2025 10:04:24.612 PM] React+   || User: nostalgicsapphic    || Channel: #purrley-pawsitive-pussy-pals        || emoji=😆; msg="i do not ask questions about our flights..." by slayc127
[11/02/2025 10:05:14.454 PM] Message  || User: slayc127            || Channel: #purrley-pawsitive-pussy-pals        || Content: she is returning to mineapolis.
[11/02/2025 10:05:18.398 PM] Message  || User: slayc127            || Channel: #purrley-pawsitive-pussy-pals        || Content: I cannot stand this place
[11/02/2025 10:06:53.312 PM] Message  || User: lemonelon_          || Channel: #itty-bitty-kitty-commitee           || Content: am i ai if i use a colon
[11/02/2025 10:06:56.724 PM] React+   || User: .bettercalljack     || Channel: #yapper-committee                    || emoji=😭; msg="Me staring at the 1k in my bank account ..." by mochenoch
[11/02/2025 10:06:57.462 PM] React+   || User: .bettercalljack     || Channel: #yapper-committee                    || emoji=❤️; msg="Rent should be illegal" by mochenoch
[11/02/2025 10:07:42.191 PM] Message  || User: slayc127            || Channel: #itty-bitty-kitty-commitee           || Content: yes
[11/02/2025 10:07:48.610 PM] Message  || User: slayc127            || Channel: #itty-bitty-kitty-commitee           || Content: if u use a semicolon u r dead in a ditch
[11/02/2025 10:07:56.639 PM] React+   || User: lemonelon_          || Channel: #itty-bitty-kitty-commitee           || emoji=❤️; msg="yes" by slayc127
[11/02/2025 10:07:58.403 PM] React+   || User: lemonelon_          || Channel: #itty-bitty-kitty-commitee           || emoji=❤️; msg="if u use a semicolon u r dead in a ditch" by slayc127
[11/02/2025 10:07:58.563 PM] Message  || User: slayc127            || Channel: #itty-bitty-kitty-commitee           || Content: see and the joke is my english professors arent even that anal
[11/02/2025 10:08:04.815 PM] React+   || User: lemonelon_          || Channel: #itty-bitty-kitty-commitee           || emoji=❤️; msg="see and the joke is my english professor..." by slayc127
[11/02/2025 10:09:25.779 PM] Message  || User: a1darek             || Channel: #purrley-pawsitive-pussy-pals        || Content: only a few hours
[11/02/2025 10:09:34.976 PM] Message  || User: slayc127            || Channel: #purrley-pawsitive-pussy-pals        || Content: sighs so fucking loud
[11/02/2025 10:09:38.157 PM] Message  || User: slayc127            || Channel: #purrley-pawsitive-pussy-pals        || Content: fuck southwest
[11/02/2025 10:09:42.448 PM] Message  || User: slayc127            || Channel: #purrley-pawsitive-pussy-pals        || Content: we are going philadelphia
[11/02/2025 10:09:44.197 PM] Message  || User: a1darek             || Channel: #purrley-pawsitive-pussy-pals        || Content: why is it 10 hours bestie
[11/02/2025 10:09:50.110 PM] Message  || User: a1darek             || Channel: #purrley-pawsitive-pussy-pals        || Content: why are we flying 10 hours
[11/02/2025 10:09:59.446 PM] Message  || User: slayc127            || Channel: #purrley-pawsitive-pussy-pals        || Content: they r making loops in the sky derek
[11/02/2025 10:10:04.243 PM] Message  || User: a1darek             || Channel: #purrley-pawsitive-pussy-pals        || Content: uh huh
[11/02/2025 10:10:14.668 PM] Message  || User: a1darek             || Channel: #purrley-pawsitive-pussy-pals        || Content: bro bought a carosel not a flight
[11/02/2025 10:10:51.991 PM] Message  || User: slayc127            || Channel: #purrley-pawsitive-pussy-pals        || Content: layovers my nemesis
[11/02/2025 10:13:49.965 PM] Action   || Name: send_suppressed     || Trigger: ch=1341696618688286720               || Output: Gmail authorization needed. Open and approve, then reply: 'TomCat, au...
[11/02/2025 10:13:49.965 PM] Action   || Name: gmail_auth_url      || Trigger:                                      || Output: https://accounts.google.com/o/oauth2/auth?response_type=code&client_i...
[11/02/2025 10:13:49.968 PM] Action   || Name: gmail_log_scheduler || Trigger: auth                                 || Output: pending
[11/02/2025 10:15:48.090 PM] React+   || User: .bettercalljack     || Channel: #itty-bitty-kitty-commitee           || emoji=😭; msg=""see, what even is biophilia? you can't ..." by lemonelon_
[11/02/2025 10:15:57.466 PM] Message  || User: cici4f3             || Channel: #feeding-team                        || Content: unknown substance mixed into mikes food? I cannot tell whether it is...
[11/02/2025 10:15:57.467 PM] Action   || Name: feed_pending_exp... || Trigger: ch=643586809166561310; user=34238... || Output: 
[11/02/2025 10:15:57.467 PM] Intent   || feed_update               ||                                               || station=Microwave; dates=['2025-11-02']
[11/02/2025 10:16:01.532 PM] Action   || Name: sheet_mark          || Trigger: station=Microwave date=2025-11-02    || Output: ok
[11/02/2025 10:16:01.532 PM] Action   || Name: feed_update         || Trigger: station=Microwave; dates=2025-11-02  || Output: ok
[11/02/2025 10:16:04.469 PM] Message  || User: .bettercalljack     || Channel: #itty-bitty-kitty-commitee           || Content: Why is this a problem
[11/02/2025 10:16:23.217 PM] Message  || User: .bettercalljack     || Channel: #itty-bitty-kitty-commitee           || Content: Why are people so good at basic english they get ai accusations
[11/02/2025 10:16:29.563 PM] React+   || User: _costco_wholesale_  || Channel: #feeding-team                        || emoji=‼️; msg="unknown substance mixed into mikes food?..." by cici4f3
[11/02/2025 10:16:41.770 PM] Message  || User: _costco_wholesale_  || Channel: #feeding-team                        || Content: snickers leftover food looked like that yesterday :O
[11/02/2025 10:16:41.780 PM] Action   || Name: feed_pending_set    || Trigger: ch=643586809166561310; user=75192... || Output: stations=Snickers; text=snickers leftover food looked like that yeste...
[11/02/2025 10:18:06.755 PM] React+   || User: _costco_wholesale_  || Channel: #yapper-committee                    || emoji=❤️; msg="Rent should be illegal" by mochenoch
[11/02/2025 10:19:29.842 PM] React+   || User: slayc127            || Channel: #feeding-team                        || emoji=‼️; msg="unknown substance mixed into mikes food?..." by cici4f3
[11/02/2025 10:19:30.065 PM] Message  || User: cici4f3             || Channel: #feeding-team                        || Content: wave fed
[11/02/2025 10:19:31.231 PM] Action   || Name: sheet_mark          || Trigger: station=Microwave date=2025-11-02    || Output: ok
[11/02/2025 10:19:31.231 PM] Action   || Name: feed_update         || Trigger: station=Microwave; dates=2025-11-02  || Output: ok
[11/02/2025 10:19:31.231 PM] Action   || Name: feed_pair_recent    || Trigger: ch=643586809166561310; user=34238... || Output: Microwave
[11/02/2025 10:19:42.762 PM] Message  || User: slayc127            || Channel: #purrley-pawsitive-pussy-pals        || Content: "why is he british"
[11/02/2025 10:20:27.599 PM] React+   || User: kitadan             || Channel: #feeding-team                        || emoji=‼️; msg="unknown substance mixed into mikes food?..." by cici4f3
[11/02/2025 10:20:52.606 PM] React+   || User: kitadan             || Channel: #itty-bitty-kitty-commitee           || emoji=😭; msg="trying to write my paper but i have no i..." by lemonelon_
[11/02/2025 10:20:56.100 PM] Action   || Name: send_suppressed     || Trigger: ch=1341696618688286720               || Output: Gmail authorization needed. Open and approve, then reply: 'TomCat, au...
[11/02/2025 10:20:56.100 PM] Action   || Name: gmail_auth_url      || Trigger:                                      || Output: https://accounts.google.com/o/oauth2/auth?response_type=code&client_i...
[11/02/2025 10:20:56.100 PM] Action   || Name: gmail_log_scheduler || Trigger: auth                                 || Output: pending
[11/02/2025 10:21:00.258 PM] Action   || Name: send_suppressed     || Trigger: ch=1341696618688286720               || Output: Gmail authorization needed. Open and approve, then reply: 'TomCat, au...
[11/02/2025 10:21:00.258 PM] Action   || Name: gmail_auth_url      || Trigger:                                      || Output: https://accounts.google.com/o/oauth2/auth?response_type=code&client_i...
[11/02/2025 10:21:00.258 PM] Action   || Name: gmail_log_scheduler || Trigger: auth                                 || Output: pending
[11/02/2025 10:21:09.163 PM] React+   || User: kitadan             || Channel: #itty-bitty-kitty-commitee           || emoji=😭; msg=""see, what even is biophilia? you can't ..." by lemonelon_
[11/02/2025 10:21:23.459 PM] React+   || User: kitadan             || Channel: #itty-bitty-kitty-commitee           || emoji=❤️; msg="see and the joke is my english professor..." by slayc127
[11/02/2025 10:21:23.945 PM] React+   || User: kitadan             || Channel: #itty-bitty-kitty-commitee           || emoji=❤️; msg="if u use a semicolon u r dead in a ditch" by slayc127
[11/02/2025 10:22:02.475 PM] Message  || User: cici4f3             || Channel: #pictures-of-the-cats                || Content: (no text; attachments=3)
[11/02/2025 10:22:03.358 PM] Action   || Name: image_intake        || Trigger: channel=551084964318543904           || Output: rows=3
[11/02/2025 10:22:06.705 PM] Action   || Name: send_suppressed     || Trigger: ch=1341696618688286720               || Output: Gmail authorization needed. Open and approve, then reply: 'TomCat, au...
[11/02/2025 10:22:06.705 PM] Action   || Name: gmail_auth_url      || Trigger:                                      || Output: https://accounts.google.com/o/oauth2/auth?response_type=code&client_i...
[11/02/2025 10:22:06.705 PM] Action   || Name: gmail_log_scheduler || Trigger: auth                                 || Output: pending
[11/02/2025 10:22:16.049 PM] Message  || User: cici4f3             || Channel: #pictures-of-the-cats                || Content: cryptid
[11/02/2025 10:22:32.626 PM] React+   || User: slayc127            || Channel: #pictures-of-the-cats                || emoji=‼️; msg=1434759507577405550
[11/02/2025 10:22:33.454 PM] React+   || User: slayc127            || Channel: #pictures-of-the-cats                || emoji=😭; msg=1434759507577405550
[11/02/2025 10:22:34.368 PM] React+   || User: slayc127            || Channel: #pictures-of-the-cats                || emoji=😆; msg=1434759507577405550
[11/02/2025 10:22:50.975 PM] React+   || User: _costco_wholesale_  || Channel: #pictures-of-the-cats                || emoji=‼️; msg=1434759507577405550
[11/02/2025 10:22:51.373 PM] React+   || User: _costco_wholesale_  || Channel: #pictures-of-the-cats                || emoji=😭; msg=1434759507577405550
[11/02/2025 10:22:52.103 PM] React+   || User: _costco_wholesale_  || Channel: #pictures-of-the-cats                || emoji=😆; msg=1434759507577405550
[11/02/2025 10:24:10.198 PM] Message  || User: slayc127            || Channel: #purrley-pawsitive-pussy-pals        || Content: we shall be confirming philadelphia tomorrow
[11/02/2025 10:24:14.403 PM] Message  || User: slayc127            || Channel: #purrley-pawsitive-pussy-pals        || Content: life is evil and it sucks
[11/02/2025 10:24:42.230 PM] React+   || User: gupguppy            || Channel: #itty-bitty-kitty-commitee           || emoji=‼️; msg="Why are people so good at basic english ..." by .bettercalljack
[11/02/2025 10:24:51.103 PM] React+   || User: gupguppy            || Channel: #yapper-committee                    || emoji=❤️; msg="Rent should be illegal" by mochenoch
[11/02/2025 10:24:52.546 PM] React+   || User: gupguppy            || Channel: #yapper-committee                    || emoji=😭; msg="Me staring at the 1k in my bank account ..." by mochenoch
[11/02/2025 10:24:55.835 PM] React+   || User: not_d3fault_1420    || Channel: #itty-bitty-kitty-commitee           || emoji=‼️; msg="Why are people so good at basic english ..." by .bettercalljack
[11/02/2025 10:25:44.572 PM] React+   || User: mochenoch           || Channel: #itty-bitty-kitty-commitee           || emoji=❤️; msg="see and the joke is my english professor..." by slayc127
[11/02/2025 10:25:45.170 PM] React+   || User: mochenoch           || Channel: #itty-bitty-kitty-commitee           || emoji=❤️; msg="if u use a semicolon u r dead in a ditch" by slayc127
[11/02/2025 10:25:47.786 PM] React+   || User: mochenoch           || Channel: #itty-bitty-kitty-commitee           || emoji=❤️; msg="yes" by slayc127
[11/02/2025 10:25:49.653 PM] React+   || User: mochenoch           || Channel: #itty-bitty-kitty-commitee           || emoji=‼️; msg="Why are people so good at basic english ..." by .bettercalljack
[11/02/2025 10:26:26.710 PM] React+   || User: lemonelon_          || Channel: #itty-bitty-kitty-commitee           || emoji=😭; msg="Why are people so good at basic english ..." by .bettercalljack
[11/02/2025 10:28:29.240 PM] Message  || User: slayc127            || Channel: #purrley-pawsitive-pussy-pals        || Content: (no text; attachments=1)
[11/02/2025 10:28:46.497 PM] Action   || Name: send_suppressed     || Trigger: ch=1341696618688286720               || Output: Gmail authorization needed. Open and approve, then reply: 'TomCat, au...
[11/02/2025 10:28:46.497 PM] Action   || Name: gmail_auth_url      || Trigger:                                      || Output: https://accounts.google.com/o/oauth2/auth?response_type=code&client_i...
[11/02/2025 10:28:46.497 PM] Action   || Name: gmail_log_scheduler || Trigger: auth                                 || Output: pending
[11/02/2025 10:33:45.416 PM] React+   || User: gupguppy            || Channel: #pictures-of-the-cats                || emoji=‼️; msg=1434759507577405550
[11/02/2025 10:33:45.718 PM] React+   || User: gupguppy            || Channel: #pictures-of-the-cats                || emoji=😭; msg=1434759507577405550
[11/02/2025 10:33:46.533 PM] React+   || User: gupguppy            || Channel: #pictures-of-the-cats                || emoji=😆; msg=1434759507577405550
[11/02/2025 10:34:03.492 PM] Action   || Name: send_suppressed     || Trigger: ch=1341696618688286720               || Output: Gmail authorization needed. Open and approve, then reply: 'TomCat, au...
[11/02/2025 10:34:03.492 PM] Action   || Name: gmail_auth_url      || Trigger:                                      || Output: https://accounts.google.com/o/oauth2/auth?response_type=code&client_i...
[11/02/2025 10:34:03.492 PM] Action   || Name: gmail_log_scheduler || Trigger: auth                                 || Output: pending
[11/02/2025 10:37:38.192 PM] React+   || User: simplyshadow171295  || Channel: #feeding-team                        || emoji=‼️; msg="unknown substance mixed into mikes food?..." by cici4f3
[11/02/2025 10:37:46.372 PM] Message  || User: .bettercalljack     || Channel: #itty-bitty-kitty-commitee           || Content: Anyone else ever forget to eat and you start sweating and shivering ...
[11/02/2025 10:37:53.921 PM] React+   || User: simplyshadow171295  || Channel: #pictures-of-the-cats                || emoji=‼️; msg=1434759507577405550
[11/02/2025 10:37:54.093 PM] React+   || User: simplyshadow171295  || Channel: #pictures-of-the-cats                || emoji=😭; msg=1434759507577405550
[11/02/2025 10:37:55.437 PM] React+   || User: simplyshadow171295  || Channel: #pictures-of-the-cats                || emoji=😆; msg=1434759507577405550
[11/02/2025 10:39:37.977 PM] Message  || User: simplyshadow171295  || Channel: #pictures-of-the-cats                || Content: (no text; attachments=0)
[11/02/2025 10:39:38.527 PM] Message  || User: simplyshadow171295  || Channel: #pictures-of-the-cats                || Content: here’s the guy. i wonder if they travel together? unlikely but also ...
[11/02/2025 10:40:56.978 PM] Message  || User: simplyshadow171295  || Channel: #pictures-of-the-cats                || Content: he was labeled as not a cat smh
[11/02/2025 10:40:58.522 PM] Message  || User: simplyshadow171295  || Channel: #pictures-of-the-cats                || Content: that’s why
[11/02/2025 10:50:40.683 PM] Message  || User: austinbaustinb      || Channel: #pictures-of-the-cats                || Content: Odd. Good catch though
[11/02/2025 10:50:56.482 PM] Message  || User: a1darek             || Channel: #purrley-pawsitive-pussy-pals        || Content: pickleball is not a real sport
[11/02/2025 10:51:02.421 PM] Message  || User: a1darek             || Channel: #purrley-pawsitive-pussy-pals        || Content: the same as golf
[11/02/2025 10:51:04.208 PM] React+   || User: austinbaustinb      || Channel: #itty-bitty-kitty-commitee           || emoji=‼️; msg="Why are people so good at basic english ..." by .bettercalljack
[11/02/2025 10:51:08.846 PM] Message  || User: a1darek             || Channel: #purrley-pawsitive-pussy-pals        || Content: sit around and laugh richly sport
[11/02/2025 10:51:36.962 PM] Message  || User: austinbaustinb      || Channel: #purrley-pawsitive-pussy-pals        || Content: Southwest specifically is odd in DFW cuz of love field
[11/02/2025 10:51:50.557 PM] Message  || User: austinbaustinb      || Channel: #purrley-pawsitive-pussy-pals        || Content: Other airlines should have nonstops to whatever Boston airport you’r...
[11/02/2025 10:52:03.325 PM] Message  || User: austinbaustinb      || Channel: #purrley-pawsitive-pussy-pals        || Content: What dates? How many checked bags?
[11/02/2025 10:52:11.610 PM] Message  || User: austinbaustinb      || Channel: #purrley-pawsitive-pussy-pals        || Content: I’ll try to find some alternatives
[11/02/2025 10:53:26.509 PM] Message  || User: cici4f3             || Channel: #itty-bitty-kitty-commitee           || Content: yes you're very real
[11/02/2025 10:55:16.670 PM] React+   || User: lemonelon_          || Channel: #itty-bitty-kitty-commitee           || emoji=❤️; msg="Anyone else ever forget to eat and you s..." by .bettercalljack
[11/02/2025 10:55:16.944 PM] React+   || User: lemonelon_          || Channel: #itty-bitty-kitty-commitee           || emoji=❤️; msg="yes you're very real" by cici4f3
[11/02/2025 10:55:50.954 PM] React+   || User: m_digio             || Channel: #feeding-team                        || emoji=😭; msg="meow meow i'm atlascat. maintenance and ..." by simplyshadow171295
[11/02/2025 10:57:36.705 PM] React+   || User: slayc127            || Channel: #purrley-pawsitive-pussy-pals        || emoji=‼️; msg="Southwest specifically is odd in DFW cuz..." by austinbaustinb
[11/02/2025 10:57:53.752 PM] Message  || User: slayc127            || Channel: #purrley-pawsitive-pussy-pals        || Content: unfortunately i tried but rae doesnt want to fly another airline bc ...
[11/02/2025 10:58:42.686 PM] Message  || User: slayc127            || Channel: #pictures-of-the-cats                || Content: i wonder who did that...
[11/02/2025 11:00:42.914 PM] Message  || User: simplyshadow171295  || Channel: #pictures-of-the-cats                || Content: (i can’t tell if you’re /srs or /j but if you’re /srs it wasn’t me l...
[11/02/2025 11:00:53.337 PM] React+   || User: slayc127            || Channel: #pictures-of-the-cats                || emoji=😆; msg="(i can’t tell if you’re /srs or /j but i..." by simplyshadow171295
[11/02/2025 11:00:58.169 PM] Message  || User: slayc127            || Channel: #pictures-of-the-cats                || Content: i was slash jay my bad
[11/02/2025 11:01:28.455 PM] React+   || User: simplyshadow171295  || Channel: #pictures-of-the-cats                || emoji=😆; msg="i was slash jay my bad" by slayc127
[11/02/2025 11:01:33.362 PM] Message  || User: simplyshadow171295  || Channel: #pictures-of-the-cats                || Content: okay good lmao
[11/02/2025 11:03:10.134 PM] Message  || User: .bettercalljack     || Channel: #itty-bitty-kitty-commitee           || Content: The dinner is pastaroni, the one with broccoli, with absolutely no b...
[11/02/2025 11:03:16.165 PM] Message  || User: .bettercalljack     || Channel: #itty-bitty-kitty-commitee           || Content: Its still good
[11/02/2025 11:03:19.805 PM] Action   || Name: send_suppressed     || Trigger: ch=1341696618688286720               || Output: Gmail authorization needed. Open and approve, then reply: 'TomCat, au...
[11/02/2025 11:03:19.805 PM] Action   || Name: gmail_auth_url      || Trigger:                                      || Output: https://accounts.google.com/o/oauth2/auth?response_type=code&client_i...
[11/02/2025 11:03:19.805 PM] Action   || Name: gmail_log_scheduler || Trigger: auth                                 || Output: pending
[11/02/2025 11:06:26.014 PM] Action   || Name: send_suppressed     || Trigger: ch=1341696618688286720               || Output: Gmail authorization needed. Open and approve, then reply: 'TomCat, au...
[11/02/2025 11:06:26.014 PM] Action   || Name: gmail_auth_url      || Trigger:                                      || Output: https://accounts.google.com/o/oauth2/auth?response_type=code&client_i...
[11/02/2025 11:06:26.019 PM] Action   || Name: gmail_log_scheduler || Trigger: auth                                 || Output: pending
[11/02/2025 11:06:29.550 PM] Action   || Name: send_suppressed     || Trigger: ch=1341696618688286720               || Output: Gmail authorization needed. Open and approve, then reply: 'TomCat, au...
[11/02/2025 11:06:29.550 PM] Action   || Name: gmail_auth_url      || Trigger:                                      || Output: https://accounts.google.com/o/oauth2/auth?response_type=code&client_i...
[11/02/2025 11:06:29.550 PM] Action   || Name: gmail_log_scheduler || Trigger: auth                                 || Output: pending
[11/02/2025 11:20:31.460 PM] Message  || User: izzyballz           || Channel: #yapper-committee                    || Content: why are we in 2x speed today i’m so over it
[11/02/2025 11:30:05.079 PM] Action   || Name: send_suppressed     || Trigger: ch=1341696618688286720               || Output: Gmail authorization needed. Open and approve, then reply: 'TomCat, au...
[11/02/2025 11:30:05.079 PM] Action   || Name: gmail_auth_url      || Trigger:                                      || Output: https://accounts.google.com/o/oauth2/auth?response_type=code&client_i...
[11/02/2025 11:30:05.087 PM] Action   || Name: gmail_log_scheduler || Trigger: auth                                 || Output: pending
[11/02/2025 11:36:01.825 PM] Message  || User: lemonelon_          || Channel: #itty-bitty-kitty-commitee           || Content: perfect name for a cat
[11/02/2025 11:36:10.111 PM] Message  || User: lemonelon_          || Channel: #itty-bitty-kitty-commitee           || Content: pastaroni
[11/02/2025 11:36:48.601 PM] Message  || User: .bettercalljack     || Channel: #yapper-committee                    || Content: No real
[11/02/2025 11:38:11.345 PM] React+   || User: not_d3fault_1420    || Channel: #yapper-committee                    || emoji=‼️; msg="I hate growing out of my cute clothes" by mochenoch
[11/02/2025 11:38:56.488 PM] Message  || User: .bettercalljack     || Channel: #itty-bitty-kitty-commitee           || Content: Pastaroni broccoli
[11/02/2025 11:44:03.516 PM] Message  || User: slayc127            || Channel: #yapper-committee                    || Content: tell me about it
[11/02/2025 11:44:04.526 PM] Message  || User: slayc127            || Channel: #yapper-committee                    || Content: holy
[11/02/2025 11:46:46.228 PM] React+   || User: kitadan             || Channel: #pictures-of-the-cats                || emoji=😆; msg=1434759507577405550
[11/02/2025 11:49:09.939 PM] Message  || User: izzyballz           || Channel: #yapper-committee                    || Content: i need to give my cat a bath but i don’t want to give him a bath and...
[11/02/2025 11:52:14.978 PM] Action   || Name: send_suppressed     || Trigger: ch=1341696618688286720               || Output: Gmail authorization needed. Open and approve, then reply: 'TomCat, au...
[11/02/2025 11:52:14.990 PM] Action   || Name: gmail_auth_url      || Trigger:                                      || Output: https://accounts.google.com/o/oauth2/auth?response_type=code&client_i...
[11/02/2025 11:52:14.990 PM] Action   || Name: gmail_log_scheduler || Trigger: auth                                 || Output: pending
[11/02/2025 11:57:01.690 PM] Message  || User: pancakemixteamdj    || Channel: #yapper-committee                    || Content: it been one of those nights
[11/02/2025 11:58:05.314 PM] Message  || User: racerdg             || Channel: #yapper-committee                    || Content: does anyone know what time the academic buildings open and close i d...
[11/02/2025 11:58:34.276 PM] Message  || User: racerdg             || Channel: #feeding-team                        || Content: oh brother
[11/02/2025 11:58:39.802 PM] Message  || User: racerdg             || Channel: #feeding-team                        || Content: so someone is feeding her
[11/02/2025 11:58:40.794 PM] React+   || User: simplyshadow171295  || Channel: #yapper-committee                    || emoji=🤝; msg="it been one of those nights" by pancakemixteamdj
[11/02/2025 11:59:55.391 PM] React+   || User: moineau_l.oiseau    || Channel: #memes                               || emoji=😭; msg="https://x.com/PunchingCat/status/1984422..." by ludavis
