[11/21/2025 12:00:24.808 AM] React+   || User: kitadan             || Channel: #itty-bitty-kitty-commitee           || emoji=😆; msg="Random trombone noises in the night r ki..." by lemonelon_
[11/21/2025 12:03:38.263 AM] Message  || User: pancakemixteamdj    || Channel: #yapper-committee                    || Content: (no text; attachments=1)
[11/21/2025 12:05:54.666 AM] React+   || User: vasyline            || Channel: #itty-bitty-kitty-commitee           || emoji=😭; msg=1441282406043881586
[11/21/2025 12:06:52.635 AM] React+   || User: vasyline            || Channel: #itty-bitty-kitty-commitee           || emoji=❤️; msg=1441282175872929924
[11/21/2025 12:07:14.734 AM] React+   || User: vasyline            || Channel: #itty-bitty-kitty-commitee           || emoji=😭; msg=1441286718077796463
[11/21/2025 12:08:06.765 AM] React+   || User: spitonme            || Channel: #yapper-committee                    || emoji=🐙; msg=1441308053977694324
[11/21/2025 12:09:48.012 AM] React+   || User: vasyline            || Channel: #itty-bitty-kitty-commitee           || emoji=😭; msg="Also I’d say biggest thing with staying ..." by austinbaustinb
[11/21/2025 12:09:50.128 AM] React-   || User: unknown             || Channel: #itty-bitty-kitty-commitee           || emoji=😭; msg="Also I’d say biggest thing with staying ..." by austinbaustinb
[11/21/2025 12:13:06.046 AM] React+   || User: _rambone_           || Channel: #purrley-pawsitive-pussy-pals        || emoji=😭; msg="the ice cream and tater tots wasn't enou..." by a1darek
[11/21/2025 12:13:06.765 AM] React+   || User: _rambone_           || Channel: #purrley-pawsitive-pussy-pals        || emoji=😭; msg="me when I'm #georgeinit" by a1darek
[11/21/2025 12:32:08.067 AM] Message  || User: slayc127            || Channel: #yapper-committee                    || Content: https://tenor.com/view/akira-leave-me-alone-leave-me-alone-meme-gif-...
[11/21/2025 12:32:16.251 AM] Message  || User: slayc127            || Channel: #yapper-committee                    || Content: i need my brain to shut the hell up
[11/21/2025 12:32:21.597 AM] Message  || User: slayc127            || Channel: #yapper-committee                    || Content: WILL I EVER GET SLEEP
[11/21/2025 12:38:17.825 AM] React+   || User: hatshura            || Channel: #itty-bitty-kitty-commitee           || emoji=❤️; msg=1441282175872929924
[11/21/2025 12:38:19.831 AM] React+   || User: hatshura            || Channel: #itty-bitty-kitty-commitee           || emoji=😭; msg=1441282406043881586
[11/21/2025 12:48:31.112 AM] Message  || User: austinbaustinb      || Channel: #logging                             || Content: Sushi
[11/21/2025 12:48:36.338 AM] React+   || User: .s3j                || Channel: #itty-bitty-kitty-commitee           || emoji=‼️; msg="the Bella! of ominous text and mysteriou..." by a1darek
[11/21/2025 12:48:59.266 AM] Action   || Name: show_cache_downl... || Trigger: https://drive.google.com/uc?expor... || Output: sn=6147 attempt=1 size=471414
[11/21/2025 12:49:02.166 AM] Action   || Name: show_cache_downl... || Trigger: https://drive.google.com/uc?expor... || Output: sn=6159 attempt=1 size=894330
[11/21/2025 12:49:05.097 AM] Action   || Name: show_cache_downl... || Trigger: https://drive.google.com/uc?expor... || Output: sn=6157 attempt=1 size=864643
[11/21/2025 12:49:07.800 AM] Action   || Name: show_cache_downl... || Trigger: https://drive.google.com/uc?expor... || Output: sn=6166 attempt=1 size=415751
[11/21/2025 01:04:49.658 AM] Message  || User: kitadan             || Channel: #yapper-committee                    || Content: The amount of alcohol I need to not dream...
[11/21/2025 01:09:35.313 AM] Message  || User: adeyumii            || Channel: #pictures-of-the-cats                || Content: (no text; attachments=1)
[11/21/2025 01:09:36.876 AM] Action   || Name: image_intake        || Trigger: channel=551084964318543904           || Output: rows=1
[11/21/2025 01:09:59.108 AM] Message  || User: izzyballz           || Channel: #yapper-committee                    || Content: insomnia is my worst nightmare y’all stay safe
[11/21/2025 01:16:29.870 AM] Action   || Name: gmail_log_scheduler || Trigger: found=1                              || Output: logged=1
[11/21/2025 01:16:30.031 AM] Action   || Name: finance_skip_dup... || Trigger: buffer                               || Output: Sophia Herrera $6.00 on 2025-08-26
[11/21/2025 01:16:30.031 AM] Action   || Name: finance_skip_dup... || Trigger: buffer                               || Output: Axel Torres $24.25 on 2025-08-22
[11/21/2025 01:16:30.031 AM] Action   || Name: finance_skip_dup... || Trigger: buffer                               || Output: Megan Digiovanni $47.62 on 2025-08-26
[11/21/2025 01:16:30.031 AM] Action   || Name: finance_skip_dup... || Trigger: buffer                               || Output: M. Padron $20.00 on 2025-08-26
[11/21/2025 01:16:30.031 AM] Action   || Name: finance_skip_dup... || Trigger: buffer                               || Output: Sophia Herrera $6.00 on 2025-08-26
[11/21/2025 01:16:30.042 AM] Action   || Name: finance_skip_dup... || Trigger: buffer                               || Output: Addison Loera $8.00 on 2025-08-26
[11/21/2025 01:16:30.043 AM] Action   || Name: finance_skip_dup... || Trigger: buffer                               || Output: Amber Thomas $5.00 on 2025-08-26
[11/21/2025 01:16:30.044 AM] Action   || Name: finance_skip_dup... || Trigger: buffer                               || Output: Jordin Baylee $5.00 on 2025-08-26
[11/21/2025 01:16:30.045 AM] Action   || Name: finance_skip_dup... || Trigger: buffer                               || Output: Kathleen Cantu $1.00 on 2025-08-26
[11/21/2025 01:16:30.045 AM] Action   || Name: finance_skip_dup... || Trigger: buffer                               || Output: Amber Thomas $3.00 on 2025-08-26
[11/21/2025 01:16:30.047 AM] Action   || Name: finance_skip_dup... || Trigger: buffer                               || Output: Rob Jimenez $3.00 on 2025-08-26
[11/21/2025 01:16:30.047 AM] Action   || Name: finance_skip_dup... || Trigger: buffer                               || Output: Daniel Brantley $3.00 on 2025-08-26
[11/21/2025 01:16:30.047 AM] Action   || Name: finance_skip_dup... || Trigger: buffer                               || Output: Isabella Klein $9.70 on 2025-08-26
[11/21/2025 01:16:30.047 AM] Action   || Name: finance_skip_dup... || Trigger: buffer                               || Output: Wix $25.98 on 2025-08-26
[11/21/2025 01:16:30.052 AM] Action   || Name: finance_skip_dup... || Trigger: buffer                               || Output: Nelda Hernandez $2.00 on 2025-08-26
[11/21/2025 01:16:30.052 AM] Action   || Name: finance_skip_dup... || Trigger: buffer                               || Output: Troy Broome $1.00 on 2025-08-26
[11/21/2025 01:16:30.052 AM] Action   || Name: finance_skip_dup... || Trigger: buffer                               || Output: Div Bits $2.00 on 2025-08-26
[11/21/2025 01:16:30.052 AM] Action   || Name: finance_skip_dup... || Trigger: buffer                               || Output: Jacob Sandoval $1.00 on 2025-08-26
[11/21/2025 01:16:30.052 AM] Action   || Name: finance_skip_dup... || Trigger: buffer                               || Output: Aubrey Cunningham $10.00 on 2025-08-26
[11/21/2025 01:16:30.052 AM] Action   || Name: finance_skip_dup... || Trigger: buffer                               || Output: Maxwell Preston $5.00 on 2025-08-26
[11/21/2025 01:16:30.052 AM] Action   || Name: finance_skip_dup... || Trigger: buffer                               || Output: Sophia Herrera $6.00 on 2025-08-26
[11/21/2025 01:16:30.052 AM] Action   || Name: finance_skip_dup... || Trigger: buffer                               || Output: Derek Fuentes $25.98 on 2025-08-26
[11/21/2025 01:16:30.052 AM] Action   || Name: finance_skip_dup... || Trigger: buffer                               || Output: Miguel V $5.00 on 2025-08-26
[11/21/2025 01:16:30.059 AM] Action   || Name: finance_skip_dup... || Trigger: buffer                               || Output: Nelda Hernandez $3.00 on 2025-08-26
[11/21/2025 01:16:30.059 AM] Action   || Name: finance_skip_dup... || Trigger: buffer                               || Output: Megan Digiovanni $130.00 on 2025-08-26
[11/21/2025 01:16:30.059 AM] Action   || Name: finance_skip_dup... || Trigger: buffer                               || Output: Pedro Savala $5.00 on 2025-08-27
[11/21/2025 01:16:30.063 AM] Action   || Name: finance_skip_dup... || Trigger: buffer                               || Output: Jonathan Mcgeever $5.00 on 2025-08-27
[11/21/2025 01:16:30.063 AM] Action   || Name: finance_skip_dup... || Trigger: buffer                               || Output: Py Store Here Pantego $54.00 on 2025-08-20
[11/21/2025 01:16:30.063 AM] Action   || Name: finance_skip_dup... || Trigger: buffer                               || Output: Megan Digiovanni $74.92 on 2025-07-30
[11/21/2025 01:16:30.063 AM] Action   || Name: finance_skip_dup... || Trigger: buffer                               || Output: Cassandra Nelson $7.00 on 2025-11-04
[11/21/2025 01:16:34.433 AM] Action   || Name: finance_skip_dup... || Trigger: kind=income                          || Output: Cynthia griffith $10.00 on 2025-04-16
[11/21/2025 01:16:34.436 AM] Action   || Name: finance_skip_dup... || Trigger: kind=income                          || Output: Caleb Moran $4.00 on 2025-04-16
[11/21/2025 01:16:34.437 AM] Action   || Name: finance_skip_dup... || Trigger: kind=income                          || Output: Alberto $6.00 on 2025-04-16
[11/21/2025 01:16:34.437 AM] Action   || Name: finance_skip_dup... || Trigger: kind=income                          || Output: Jacob Sandoval $2.91 on 2025-04-16
[11/21/2025 01:16:34.437 AM] Action   || Name: finance_skip_dup... || Trigger: kind=income                          || Output: tay $5.00 on 2025-04-16
[11/21/2025 01:16:34.437 AM] Action   || Name: finance_skip_dup... || Trigger: kind=income                          || Output: Nelda Hernandez $2.00 on 2025-04-16
[11/21/2025 01:16:34.441 AM] Action   || Name: finance_skip_dup... || Trigger: kind=income                          || Output: Maria Olds $10.00 on 2025-04-16
[11/21/2025 01:16:34.441 AM] Action   || Name: finance_skip_dup... || Trigger: kind=income                          || Output: Mario Rodriguez $3.00 on 2025-04-16
[11/21/2025 01:16:34.441 AM] Action   || Name: finance_skip_dup... || Trigger: kind=income                          || Output: Elisha Taylor $5.00 on 2025-04-16
[11/21/2025 01:16:34.445 AM] Action   || Name: finance_skip_dup... || Trigger: kind=income                          || Output: Jacob Sandoval $3.00 on 2025-04-16
[11/21/2025 01:16:34.445 AM] Action   || Name: finance_skip_dup... || Trigger: kind=income                          || Output: Isabella Klein $9.70 on 2025-08-26
[11/21/2025 01:16:34.445 AM] Action   || Name: finance_skip_dup... || Trigger: kind=income                          || Output: Nelda Hernandez $2.00 on 2025-08-26
[11/21/2025 01:16:34.445 AM] Action   || Name: finance_skip_dup... || Trigger: kind=income                          || Output: Troy Broome $1.00 on 2025-08-26
[11/21/2025 01:16:34.445 AM] Action   || Name: finance_skip_dup... || Trigger: kind=income                          || Output: Div Bits $2.00 on 2025-08-26
[11/21/2025 01:16:34.445 AM] Action   || Name: finance_skip_dup... || Trigger: kind=income                          || Output: Jacob Sandoval $1.00 on 2025-08-26
[11/21/2025 01:16:34.445 AM] Action   || Name: finance_skip_dup... || Trigger: kind=income                          || Output: Aubrey Cunningham $10.00 on 2025-08-26
[11/21/2025 01:16:34.453 AM] Action   || Name: finance_skip_dup... || Trigger: kind=income                          || Output: Maxwell Preston $5.00 on 2025-08-26
[11/21/2025 01:16:34.453 AM] Action   || Name: finance_skip_dup... || Trigger: kind=income                          || Output: Sophia Herrera $6.00 on 2025-08-26
[11/21/2025 01:16:34.453 AM] Action   || Name: finance_skip_dup... || Trigger: kind=income                          || Output: Miguel V $5.00 on 2025-08-26
[11/21/2025 01:16:34.453 AM] Action   || Name: finance_skip_dup... || Trigger: kind=income                          || Output: Nelda Hernandez $3.00 on 2025-08-26
[11/21/2025 01:16:34.453 AM] Action   || Name: finance_skip_dup... || Trigger: kind=income                          || Output: Megan Digiovanni $130.00 on 2025-08-26
[11/21/2025 01:16:34.458 AM] Action   || Name: finance_skip_dup... || Trigger: kind=income                          || Output: Pedro Savala $5.00 on 2025-08-27
[11/21/2025 01:16:34.458 AM] Action   || Name: finance_skip_dup... || Trigger: kind=income                          || Output: Jonathan Mcgeever $5.00 on 2025-08-27
[11/21/2025 01:16:34.460 AM] Action   || Name: finance_skip_dup... || Trigger: kind=income                          || Output: Axel Torres $24.25 on 2025-08-22
[11/21/2025 01:16:34.461 AM] Action   || Name: finance_skip_dup... || Trigger: kind=income                          || Output: M. Padron $20.00 on 2025-08-26
[11/21/2025 01:16:34.461 AM] Action   || Name: finance_skip_dup... || Trigger: kind=income                          || Output: Addison Loera $8.00 on 2025-08-26
[11/21/2025 01:16:34.461 AM] Action   || Name: finance_skip_dup... || Trigger: kind=income                          || Output: Amber Thomas $5.00 on 2025-08-26
[11/21/2025 01:16:34.463 AM] Action   || Name: finance_skip_dup... || Trigger: kind=income                          || Output: Jordin Baylee $5.00 on 2025-08-26
[11/21/2025 01:16:34.464 AM] Action   || Name: finance_skip_dup... || Trigger: kind=income                          || Output: Kathleen Cantu $1.00 on 2025-08-26
[11/21/2025 01:16:34.464 AM] Action   || Name: finance_skip_dup... || Trigger: kind=income                          || Output: Amber Thomas $3.00 on 2025-08-26
[11/21/2025 01:16:34.464 AM] Action   || Name: finance_skip_dup... || Trigger: kind=income                          || Output: Rob Jimenez $3.00 on 2025-08-26
[11/21/2025 01:16:34.464 AM] Action   || Name: finance_skip_dup... || Trigger: kind=income                          || Output: Daniel Brantley $3.00 on 2025-08-26
[11/21/2025 01:16:34.464 AM] Action   || Name: finance_skip_dup... || Trigger: kind=income                          || Output: Cassandra Nelson $6.00 on 2025-11-04
[11/21/2025 01:16:34.464 AM] Action   || Name: finance_skip_dup... || Trigger: kind=income                          || Output: Kristyn Jackson $9.00 on 2025-10-22
[11/21/2025 01:16:34.470 AM] Action   || Name: finance_skip_dup... || Trigger: kind=income                          || Output: Victoria Elkins $5.00 on 2025-10-22
[11/21/2025 01:16:34.470 AM] Action   || Name: finance_skip_dup... || Trigger: kind=income                          || Output: Alexander  Martinez $3.00 on 2025-10-22
[11/21/2025 01:16:34.472 AM] Action   || Name: finance_skip_dup... || Trigger: kind=income                          || Output: Richa  Desai $6.00 on 2025-10-22
[11/21/2025 01:16:34.472 AM] Action   || Name: finance_skip_dup... || Trigger: kind=income                          || Output: Emily Lanham $6.00 on 2025-10-22
[11/21/2025 01:16:34.472 AM] Action   || Name: finance_skip_dup... || Trigger: kind=income                          || Output: Mariah Hall $3.00 on 2025-10-22
[11/21/2025 01:16:34.472 AM] Action   || Name: finance_skip_dup... || Trigger: kind=income                          || Output: Sophia Herrera $5.00 on 2025-10-22
[11/21/2025 01:16:34.472 AM] Action   || Name: finance_skip_dup... || Trigger: kind=income                          || Output: Kylie Crook $5.00 on 2025-09-16
[11/21/2025 01:16:36.591 AM] Action   || Name: finance_skip_dup... || Trigger: kind=expense                         || Output: Py Store Here Pantego $54.00 on 2025-04-20
[11/21/2025 01:16:36.595 AM] Action   || Name: finance_skip_dup... || Trigger: kind=expense                         || Output: j s $11.68 on 2025-04-22
[11/21/2025 01:16:36.595 AM] Action   || Name: finance_skip_dup... || Trigger: kind=expense                         || Output: Wix $25.98 on 2025-04-26
[11/21/2025 01:16:36.595 AM] Action   || Name: finance_skip_dup... || Trigger: kind=expense                         || Output: Wix $25.98 on 2025-08-26
[11/21/2025 01:16:36.595 AM] Action   || Name: finance_skip_dup... || Trigger: kind=expense                         || Output: Derek Fuentes $25.98 on 2025-08-26
[11/21/2025 01:16:36.595 AM] Action   || Name: finance_skip_dup... || Trigger: kind=expense                         || Output: Py Store Here Pantego $54.00 on 2025-08-20
[11/21/2025 01:16:36.595 AM] Action   || Name: finance_skip_dup... || Trigger: kind=expense                         || Output: Megan Digiovanni $47.62 on 2025-08-26
[11/21/2025 01:16:36.595 AM] Action   || Name: finance_skip_dup... || Trigger: kind=expense                         || Output: Megan Digiovanni $74.92 on 2025-07-30
[11/21/2025 01:16:36.602 AM] Action   || Name: finance_skip_dup... || Trigger: kind=expense                         || Output: Py Store Here Pantego $54.00 on 2025-05-20
[11/21/2025 01:16:36.603 AM] Action   || Name: finance_skip_dup... || Trigger: kind=expense                         || Output: Derek Fuentes $72.45 on 2025-05-23
[11/21/2025 01:16:36.604 AM] Action   || Name: finance_skip_dup... || Trigger: kind=expense                         || Output: Wix $25.98 on 2025-05-26
[11/21/2025 01:16:36.604 AM] Action   || Name: finance_skip_dup... || Trigger: kind=expense                         || Output: Megan Digiovanni $89.91 on 2025-10-05
[11/21/2025 01:16:36.606 AM] Action   || Name: finance_skip_dup... || Trigger: kind=expense                         || Output: Derek Fuentes $20.00 on 2025-09-10
[11/21/2025 01:18:07.800 AM] Message  || User: a1darek             || Channel: #pictures-of-the-cats                || Content: she looks so confused 😭
[11/21/2025 01:19:35.783 AM] Message  || User: adeyumii            || Channel: #pictures-of-the-cats                || Content: I offered her some churu but she isnt interested
[11/21/2025 01:19:50.145 AM] Message  || User: adeyumii            || Channel: #pictures-of-the-cats                || Content: she doesn't like that I can turn the sun off and on
[11/21/2025 01:22:21.642 AM] React+   || User: a1darek             || Channel: #purrley-pawsitive-pussy-pals        || emoji=😆; msg="this is such a funny update i love being..." by slayc127
[11/21/2025 01:47:32.397 AM] React+   || User: kitadan             || Channel: #pictures-of-the-cats                || emoji=‼️; msg=1441324651283349544
[11/21/2025 01:48:36.919 AM] Message  || User: kitadan             || Channel: #events                              || Content: Are we doing a Friendsgiving this year?
[11/21/2025 01:51:20.969 AM] React+   || User: .bettercalljack     || Channel: #pictures-of-the-cats                || emoji=‼️; msg=1441324651283349544
[11/21/2025 02:10:05.131 AM] Action   || Name: profile_update_e... || Trigger: id=1                                 || Output: 404 Not Found (error code: 10008): Unknown Message
[11/21/2025 02:10:06.270 AM] Action   || Name: profile_update_e... || Trigger: id=1                                 || Output: 404 Not Found (error code: 10008): Unknown Message
[11/21/2025 02:10:07.252 AM] Action   || Name: profile_update_e... || Trigger: id=2                                 || Output: 404 Not Found (error code: 10008): Unknown Message
[11/21/2025 02:10:08.104 AM] Action   || Name: profile_update_e... || Trigger: id=2                                 || Output: 404 Not Found (error code: 10008): Unknown Message
[11/21/2025 02:10:09.098 AM] Action   || Name: profile_update_e... || Trigger: id=4                                 || Output: 404 Not Found (error code: 10008): Unknown Message
[11/21/2025 02:10:10.013 AM] Action   || Name: profile_update_e... || Trigger: id=4                                 || Output: 404 Not Found (error code: 10008): Unknown Message
[11/21/2025 02:10:10.883 AM] Action   || Name: profile_update_e... || Trigger: id=5                                 || Output: 404 Not Found (error code: 10008): Unknown Message
[11/21/2025 02:10:11.762 AM] Action   || Name: profile_update_e... || Trigger: id=5                                 || Output: 404 Not Found (error code: 10008): Unknown Message
[11/21/2025 02:10:12.636 AM] Action   || Name: profile_update_e... || Trigger: id=6                                 || Output: 404 Not Found (error code: 10008): Unknown Message
[11/21/2025 02:10:13.544 AM] Action   || Name: profile_update_e... || Trigger: id=6                                 || Output: 404 Not Found (error code: 10008): Unknown Message
[11/21/2025 02:10:13.784 AM] Action   || Name: profile_update_e... || Trigger: id=7                                 || Output: APIError: [429]: Quota exceeded for quota metric 'Read requests' and ...
[11/21/2025 02:10:13.848 AM] Action   || Name: profile_update_e... || Trigger: id=9                                 || Output: APIError: [429]: Quota exceeded for quota metric 'Read requests' and ...
[11/21/2025 02:10:13.914 AM] Action   || Name: profile_update_e... || Trigger: id=17                                || Output: APIError: [429]: Quota exceeded for quota metric 'Read requests' and ...
[11/21/2025 02:10:13.978 AM] Action   || Name: profile_update_e... || Trigger: id=67                                || Output: APIError: [429]: Quota exceeded for quota metric 'Read requests' and ...
[11/21/2025 02:10:13.978 AM] Action   || Name: profile_update_f... || Trigger: count=9                              || Output: 1,2,4,5,6,7,9,17,67
[11/21/2025 02:10:13.982 AM] Action   || Name: profiles_scheduler  || Trigger: update_all                           || Output: ran
[11/21/2025 02:10:13.984 AM] Action   || Name: profile_update_e... || Trigger: id=7                                 || Output: 404 Not Found (error code: 10008): Unknown Message
[11/21/2025 02:10:14.067 AM] Action   || Name: profile_update_e... || Trigger: id=9                                 || Output: APIError: [429]: Quota exceeded for quota metric 'Read requests' and ...
[11/21/2025 02:10:14.138 AM] Action   || Name: profile_update_e... || Trigger: id=17                                || Output: APIError: [429]: Quota exceeded for quota metric 'Read requests' and ...
[11/21/2025 02:10:14.219 AM] Action   || Name: profile_update_e... || Trigger: id=67                                || Output: APIError: [429]: Quota exceeded for quota metric 'Read requests' and ...
[11/21/2025 02:10:14.219 AM] Action   || Name: profile_update_f... || Trigger: count=9                              || Output: 1,2,4,5,6,7,9,17,67
[11/21/2025 02:10:14.219 AM] Action   || Name: profiles_scheduler  || Trigger: update_all                           || Output: ran
[11/21/2025 02:39:16.486 AM] Message  || User: cici4f3             || Channel: #yapper-committee                    || Content: dude you'd hate my job
[11/21/2025 02:39:58.680 AM] Message  || User: cici4f3             || Channel: #pictures-of-the-cats                || Content: she's like a crinkled tissue
[11/21/2025 02:43:01.976 AM] React+   || User: .s3j                || Channel: #yapper-committee                    || emoji=😭; msg="dude you'd hate my job" by cici4f3
[11/21/2025 02:43:10.780 AM] Message  || User: .s3j                || Channel: #yapper-committee                    || Content: This is funny
[11/21/2025 02:51:00.682 AM] React+   || User: vasyline            || Channel: #pictures-of-the-cats                || emoji=‼️; msg=1441324651283349544
[11/21/2025 02:51:16.795 AM] Message  || User: kitadan             || Channel: #yapper-committee                    || Content: It's not insomnia but PTSD.
[11/21/2025 03:00:00.251 AM] Action   || Name: dues_membership_... || Trigger: sheet=1PBvCd6gTwc1_aqlCtn93xPW7XJ... || Output: ws=Membership Application List
[11/21/2025 03:00:03.600 AM] Action   || Name: dues_membership_... || Trigger: row=2                                || Output: Date|Mavorgs Invite|Semester|Email|Full Name|Discord Username|Payment...
[11/21/2025 03:00:03.606 AM] Action   || Name: dues_membership_... || Trigger: total=1002                           || Output: usable=858
[11/21/2025 03:00:03.606 AM] Action   || Name: dues_scheduler      || Trigger: count=0                              || Output: done
[11/21/2025 03:00:03.819 AM] Action   || Name: dues_membership_... || Trigger: sheet=1PBvCd6gTwc1_aqlCtn93xPW7XJ... || Output: ws=Membership Application List
[11/21/2025 03:00:03.819 AM] Action   || Name: dues_scheduler      || Trigger: count=0                              || Output: done
[11/21/2025 03:03:33.417 AM] Message  || User: .bettercalljack     || Channel: #yapper-committee                    || Content: Im dependent on yt asmr to not have sleep paralysis
[11/21/2025 03:19:08.102 AM] React+   || User: spitonme            || Channel: #yapper-committee                    || emoji=🐙; msg="dude you'd hate my job" by cici4f3
[11/21/2025 03:20:08.823 AM] Message  || User: spitonme            || Channel: #yapper-committee                    || Content: i just saw that tiktok cel sent abt the fnaf popeyes
[11/21/2025 03:20:23.165 AM] Message  || User: spitonme            || Channel: #yapper-committee                    || Content: it happened organically and i never clicked the link hut
[11/21/2025 03:20:27.985 AM] Edit     || User: spitonme            || Channel: #yapper-committee                    || it happened organically and i never clicked the link hut -> it happened organ...
[11/21/2025 03:20:30.268 AM] Message  || User: spitonme            || Channel: #yapper-committee                    || Content: lowk ts funny
[11/21/2025 03:24:56.628 AM] Action   || Name: gmail_log_scheduler || Trigger: found=1                              || Output: logged=0
[11/21/2025 03:24:56.663 AM] Action   || Name: finance_skip_dup... || Trigger: buffer                               || Output: Sophia Herrera $6.00 on 2025-08-26
[11/21/2025 03:24:56.663 AM] Action   || Name: finance_skip_dup... || Trigger: buffer                               || Output: Axel Torres $24.25 on 2025-08-22
[11/21/2025 03:24:56.663 AM] Action   || Name: finance_skip_dup... || Trigger: buffer                               || Output: Megan Digiovanni $47.62 on 2025-08-26
[11/21/2025 03:24:56.670 AM] Action   || Name: finance_skip_dup... || Trigger: buffer                               || Output: M. Padron $20.00 on 2025-08-26
[11/21/2025 03:24:56.670 AM] Action   || Name: finance_skip_dup... || Trigger: buffer                               || Output: Sophia Herrera $6.00 on 2025-08-26
[11/21/2025 03:24:56.673 AM] Action   || Name: finance_skip_dup... || Trigger: buffer                               || Output: Addison Loera $8.00 on 2025-08-26
[11/21/2025 03:24:56.673 AM] Action   || Name: finance_skip_dup... || Trigger: buffer                               || Output: Amber Thomas $5.00 on 2025-08-26
[11/21/2025 03:24:56.674 AM] Action   || Name: finance_skip_dup... || Trigger: buffer                               || Output: Jordin Baylee $5.00 on 2025-08-26
[11/21/2025 03:24:56.674 AM] Action   || Name: finance_skip_dup... || Trigger: buffer                               || Output: Kathleen Cantu $1.00 on 2025-08-26
[11/21/2025 03:24:56.674 AM] Action   || Name: finance_skip_dup... || Trigger: buffer                               || Output: Amber Thomas $3.00 on 2025-08-26
[11/21/2025 03:24:56.674 AM] Action   || Name: finance_skip_dup... || Trigger: buffer                               || Output: Rob Jimenez $3.00 on 2025-08-26
[11/21/2025 03:24:56.674 AM] Action   || Name: finance_skip_dup... || Trigger: buffer                               || Output: Daniel Brantley $3.00 on 2025-08-26
[11/21/2025 03:24:56.674 AM] Action   || Name: finance_skip_dup... || Trigger: buffer                               || Output: Isabella Klein $9.70 on 2025-08-26
[11/21/2025 03:24:56.674 AM] Action   || Name: finance_skip_dup... || Trigger: buffer                               || Output: Wix $25.98 on 2025-08-26
[11/21/2025 03:24:56.674 AM] Action   || Name: finance_skip_dup... || Trigger: buffer                               || Output: Nelda Hernandez $2.00 on 2025-08-26
[11/21/2025 03:24:56.674 AM] Action   || Name: finance_skip_dup... || Trigger: buffer                               || Output: Troy Broome $1.00 on 2025-08-26
[11/21/2025 03:24:56.674 AM] Action   || Name: finance_skip_dup... || Trigger: buffer                               || Output: Div Bits $2.00 on 2025-08-26
[11/21/2025 03:24:56.674 AM] Action   || Name: finance_skip_dup... || Trigger: buffer                               || Output: Jacob Sandoval $1.00 on 2025-08-26
[11/21/2025 03:24:56.674 AM] Action   || Name: finance_skip_dup... || Trigger: buffer                               || Output: Aubrey Cunningham $10.00 on 2025-08-26
[11/21/2025 03:24:56.686 AM] Action   || Name: finance_skip_dup... || Trigger: buffer                               || Output: Maxwell Preston $5.00 on 2025-08-26
[11/21/2025 03:24:56.686 AM] Action   || Name: finance_skip_dup... || Trigger: buffer                               || Output: Sophia Herrera $6.00 on 2025-08-26
[11/21/2025 03:24:56.688 AM] Action   || Name: finance_skip_dup... || Trigger: buffer                               || Output: Derek Fuentes $25.98 on 2025-08-26
[11/21/2025 03:24:56.689 AM] Action   || Name: finance_skip_dup... || Trigger: buffer                               || Output: Miguel V $5.00 on 2025-08-26
[11/21/2025 03:24:56.689 AM] Action   || Name: finance_skip_dup... || Trigger: buffer                               || Output: Nelda Hernandez $3.00 on 2025-08-26
[11/21/2025 03:24:56.689 AM] Action   || Name: finance_skip_dup... || Trigger: buffer                               || Output: Megan Digiovanni $130.00 on 2025-08-26
[11/21/2025 03:24:56.689 AM] Action   || Name: finance_skip_dup... || Trigger: buffer                               || Output: Pedro Savala $5.00 on 2025-08-27
[11/21/2025 03:24:56.693 AM] Action   || Name: finance_skip_dup... || Trigger: buffer                               || Output: Jonathan Mcgeever $5.00 on 2025-08-27
[11/21/2025 03:24:56.695 AM] Action   || Name: finance_skip_dup... || Trigger: buffer                               || Output: Py Store Here Pantego $54.00 on 2025-08-20
[11/21/2025 03:24:56.695 AM] Action   || Name: finance_skip_dup... || Trigger: buffer                               || Output: Megan Digiovanni $74.92 on 2025-07-30
[11/21/2025 03:24:56.695 AM] Action   || Name: finance_skip_dup... || Trigger: buffer                               || Output: Cassandra Nelson $7.00 on 2025-11-04
[11/21/2025 03:24:59.357 AM] Action   || Name: finance_skip_dup... || Trigger: kind=income                          || Output: Cynthia griffith $10.00 on 2025-04-16
[11/21/2025 03:24:59.357 AM] Action   || Name: finance_skip_dup... || Trigger: kind=income                          || Output: Caleb Moran $4.00 on 2025-04-16
[11/21/2025 03:24:59.361 AM] Action   || Name: finance_skip_dup... || Trigger: kind=income                          || Output: Alberto $6.00 on 2025-04-16
[11/21/2025 03:24:59.361 AM] Action   || Name: finance_skip_dup... || Trigger: kind=income                          || Output: Jacob Sandoval $2.91 on 2025-04-16
[11/21/2025 03:24:59.361 AM] Action   || Name: finance_skip_dup... || Trigger: kind=income                          || Output: tay $5.00 on 2025-04-16
[11/21/2025 03:24:59.361 AM] Action   || Name: finance_skip_dup... || Trigger: kind=income                          || Output: Nelda Hernandez $2.00 on 2025-04-16
[11/21/2025 03:24:59.361 AM] Action   || Name: finance_skip_dup... || Trigger: kind=income                          || Output: Maria Olds $10.00 on 2025-04-16
[11/21/2025 03:24:59.366 AM] Action   || Name: finance_skip_dup... || Trigger: kind=income                          || Output: Mario Rodriguez $3.00 on 2025-04-16
[11/21/2025 03:24:59.366 AM] Action   || Name: finance_skip_dup... || Trigger: kind=income                          || Output: Elisha Taylor $5.00 on 2025-04-16
[11/21/2025 03:24:59.366 AM] Action   || Name: finance_skip_dup... || Trigger: kind=income                          || Output: Jacob Sandoval $3.00 on 2025-04-16
[11/21/2025 03:24:59.369 AM] Action   || Name: finance_skip_dup... || Trigger: kind=income                          || Output: Isabella Klein $9.70 on 2025-08-26
[11/21/2025 03:24:59.369 AM] Action   || Name: finance_skip_dup... || Trigger: kind=income                          || Output: Nelda Hernandez $2.00 on 2025-08-26
[11/21/2025 03:24:59.371 AM] Action   || Name: finance_skip_dup... || Trigger: kind=income                          || Output: Troy Broome $1.00 on 2025-08-26
[11/21/2025 03:24:59.371 AM] Action   || Name: finance_skip_dup... || Trigger: kind=income                          || Output: Div Bits $2.00 on 2025-08-26
[11/21/2025 03:24:59.373 AM] Action   || Name: finance_skip_dup... || Trigger: kind=income                          || Output: Jacob Sandoval $1.00 on 2025-08-26
[11/21/2025 03:24:59.373 AM] Action   || Name: finance_skip_dup... || Trigger: kind=income                          || Output: Aubrey Cunningham $10.00 on 2025-08-26
[11/21/2025 03:24:59.373 AM] Action   || Name: finance_skip_dup... || Trigger: kind=income                          || Output: Maxwell Preston $5.00 on 2025-08-26
[11/21/2025 03:24:59.373 AM] Action   || Name: finance_skip_dup... || Trigger: kind=income                          || Output: Sophia Herrera $6.00 on 2025-08-26
[11/21/2025 03:24:59.373 AM] Action   || Name: finance_skip_dup... || Trigger: kind=income                          || Output: Miguel V $5.00 on 2025-08-26
[11/21/2025 03:24:59.373 AM] Action   || Name: finance_skip_dup... || Trigger: kind=income                          || Output: Nelda Hernandez $3.00 on 2025-08-26
[11/21/2025 03:24:59.373 AM] Action   || Name: finance_skip_dup... || Trigger: kind=income                          || Output: Megan Digiovanni $130.00 on 2025-08-26
[11/21/2025 03:24:59.373 AM] Action   || Name: finance_skip_dup... || Trigger: kind=income                          || Output: Pedro Savala $5.00 on 2025-08-27
[11/21/2025 03:24:59.381 AM] Action   || Name: finance_skip_dup... || Trigger: kind=income                          || Output: Jonathan Mcgeever $5.00 on 2025-08-27
[11/21/2025 03:24:59.381 AM] Action   || Name: finance_skip_dup... || Trigger: kind=income                          || Output: Axel Torres $24.25 on 2025-08-22
[11/21/2025 03:24:59.383 AM] Action   || Name: finance_skip_dup... || Trigger: kind=income                          || Output: M. Padron $20.00 on 2025-08-26
[11/21/2025 03:24:59.383 AM] Action   || Name: finance_skip_dup... || Trigger: kind=income                          || Output: Addison Loera $8.00 on 2025-08-26
[11/21/2025 03:24:59.386 AM] Action   || Name: finance_skip_dup... || Trigger: kind=income                          || Output: Amber Thomas $5.00 on 2025-08-26
[11/21/2025 03:24:59.386 AM] Action   || Name: finance_skip_dup... || Trigger: kind=income                          || Output: Jordin Baylee $5.00 on 2025-08-26
[11/21/2025 03:24:59.386 AM] Action   || Name: finance_skip_dup... || Trigger: kind=income                          || Output: Kathleen Cantu $1.00 on 2025-08-26
[11/21/2025 03:24:59.389 AM] Action   || Name: finance_skip_dup... || Trigger: kind=income                          || Output: Amber Thomas $3.00 on 2025-08-26
[11/21/2025 03:24:59.389 AM] Action   || Name: finance_skip_dup... || Trigger: kind=income                          || Output: Rob Jimenez $3.00 on 2025-08-26
[11/21/2025 03:24:59.389 AM] Action   || Name: finance_skip_dup... || Trigger: kind=income                          || Output: Daniel Brantley $3.00 on 2025-08-26
[11/21/2025 03:24:59.389 AM] Action   || Name: finance_skip_dup... || Trigger: kind=income                          || Output: Cassandra Nelson $6.00 on 2025-11-04
[11/21/2025 03:24:59.389 AM] Action   || Name: finance_skip_dup... || Trigger: kind=income                          || Output: Kristyn Jackson $9.00 on 2025-10-22
[11/21/2025 03:24:59.395 AM] Action   || Name: finance_skip_dup... || Trigger: kind=income                          || Output: Victoria Elkins $5.00 on 2025-10-22
[11/21/2025 03:24:59.395 AM] Action   || Name: finance_skip_dup... || Trigger: kind=income                          || Output: Alexander  Martinez $3.00 on 2025-10-22
[11/21/2025 03:24:59.395 AM] Action   || Name: finance_skip_dup... || Trigger: kind=income                          || Output: Richa  Desai $6.00 on 2025-10-22
[11/21/2025 03:24:59.395 AM] Action   || Name: finance_skip_dup... || Trigger: kind=income                          || Output: Emily Lanham $6.00 on 2025-10-22
[11/21/2025 03:24:59.395 AM] Action   || Name: finance_skip_dup... || Trigger: kind=income                          || Output: Mariah Hall $3.00 on 2025-10-22
[11/21/2025 03:24:59.399 AM] Action   || Name: finance_skip_dup... || Trigger: kind=income                          || Output: Sophia Herrera $5.00 on 2025-10-22
[11/21/2025 03:24:59.399 AM] Action   || Name: finance_skip_dup... || Trigger: kind=income                          || Output: Kylie Crook $5.00 on 2025-09-16
[11/21/2025 03:25:00.722 AM] Action   || Name: finance_skip_dup... || Trigger: kind=expense                         || Output: Py Store Here Pantego $54.00 on 2025-04-20
[11/21/2025 03:25:00.722 AM] Action   || Name: finance_skip_dup... || Trigger: kind=expense                         || Output: j s $11.68 on 2025-04-22
[11/21/2025 03:25:00.724 AM] Action   || Name: finance_skip_dup... || Trigger: kind=expense                         || Output: Wix $25.98 on 2025-04-26
[11/21/2025 03:25:00.724 AM] Action   || Name: finance_skip_dup... || Trigger: kind=expense                         || Output: Wix $25.98 on 2025-08-26
[11/21/2025 03:25:00.724 AM] Action   || Name: finance_skip_dup... || Trigger: kind=expense                         || Output: Derek Fuentes $25.98 on 2025-08-26
[11/21/2025 03:25:00.724 AM] Action   || Name: finance_skip_dup... || Trigger: kind=expense                         || Output: Py Store Here Pantego $54.00 on 2025-08-20
[11/21/2025 03:25:00.729 AM] Action   || Name: finance_skip_dup... || Trigger: kind=expense                         || Output: Megan Digiovanni $47.62 on 2025-08-26
[11/21/2025 03:25:00.729 AM] Action   || Name: finance_skip_dup... || Trigger: kind=expense                         || Output: Megan Digiovanni $74.92 on 2025-07-30
[11/21/2025 03:25:00.729 AM] Action   || Name: finance_skip_dup... || Trigger: kind=expense                         || Output: Py Store Here Pantego $54.00 on 2025-05-20
[11/21/2025 03:25:00.729 AM] Action   || Name: finance_skip_dup... || Trigger: kind=expense                         || Output: Derek Fuentes $72.45 on 2025-05-23
[11/21/2025 03:25:00.729 AM] Action   || Name: finance_skip_dup... || Trigger: kind=expense                         || Output: Wix $25.98 on 2025-05-26
[11/21/2025 03:25:00.729 AM] Action   || Name: finance_skip_dup... || Trigger: kind=expense                         || Output: Megan Digiovanni $89.91 on 2025-10-05
[11/21/2025 03:25:00.729 AM] Action   || Name: finance_skip_dup... || Trigger: kind=expense                         || Output: Derek Fuentes $20.00 on 2025-09-10
[11/21/2025 04:22:48.301 AM] React+   || User: ludavis             || Channel: #itty-bitty-kitty-commitee           || emoji=😭; msg=1441286718077796463
[11/21/2025 07:23:13.877 AM] React+   || User: simplyshadow171295  || Channel: #pictures-of-the-cats                || emoji=‼️; msg=1441324651283349544
[11/21/2025 07:23:39.925 AM] React+   || User: simplyshadow171295  || Channel: #yapper-committee                    || emoji=😭; msg="dude you'd hate my job" by cici4f3
[11/21/2025 08:00:58.373 AM] Message  || User: not_d3fault_1420    || Channel: #pictures-of-the-cats                || Content: (no text; attachments=1)
[11/21/2025 08:01:01.289 AM] Action   || Name: image_intake        || Trigger: channel=551084964318543904           || Output: rows=1
[11/21/2025 08:01:12.821 AM] Message  || User: not_d3fault_1420    || Channel: #pictures-of-the-cats                || Content: (no text; attachments=1)
[11/21/2025 08:01:13.434 AM] Action   || Name: image_intake        || Trigger: channel=551084964318543904           || Output: rows=1
[11/21/2025 08:02:30.980 AM] Message  || User: not_d3fault_1420    || Channel: #pictures-of-the-cats                || Content: (no text; attachments=1)
[11/21/2025 08:02:31.629 AM] Action   || Name: image_intake        || Trigger: channel=551084964318543904           || Output: rows=1
[11/21/2025 08:02:50.479 AM] Message  || User: not_d3fault_1420    || Channel: #pictures-of-the-cats                || Content: (no text; attachments=1)
[11/21/2025 08:02:51.114 AM] Action   || Name: image_intake        || Trigger: channel=551084964318543904           || Output: rows=1
[11/21/2025 08:03:24.044 AM] React+   || User: littlelindentree    || Channel: #pictures-of-the-cats                || emoji=‼️; msg="compilation of putting things on microwa..." by racerdg
[11/21/2025 08:04:05.702 AM] React+   || User: littlelindentree    || Channel: #pictures-of-the-cats                || emoji=‼️; msg=1441324651283349544
[11/21/2025 08:04:26.649 AM] React+   || User: littlelindentree    || Channel: #itty-bitty-kitty-commitee           || emoji=😭; msg=1441286718077796463
[11/21/2025 08:06:32.810 AM] React+   || User: slayc127            || Channel: #yapper-committee                    || emoji=😭; msg="dude you'd hate my job" by cici4f3
[11/21/2025 08:06:46.214 AM] React+   || User: slayc127            || Channel: #pictures-of-the-cats                || emoji=‼️; msg=1441324651283349544
[11/21/2025 08:20:40.232 AM] React+   || User: morganic._.         || Channel: #feeding-team                        || emoji=🎉; msg="welcome back tomcat" by izzyballz
[11/21/2025 08:35:37.861 AM] React+   || User: nostalgicsapphic    || Channel: #purrley-pawsitive-pussy-pals        || emoji=😭; msg="the ice cream and tater tots wasn't enou..." by a1darek
[11/21/2025 08:35:38.751 AM] React+   || User: nostalgicsapphic    || Channel: #purrley-pawsitive-pussy-pals        || emoji=😭; msg="me when I'm #georgeinit" by a1darek
[11/21/2025 08:35:44.242 AM] React+   || User: nostalgicsapphic    || Channel: #purrley-pawsitive-pussy-pals        || emoji=😭; msg="Everything's closed and the only thing c..." by a1darek
[11/21/2025 08:36:22.136 AM] Message  || User: the.lemonade.stand  || Channel: #executive-board                     || Content: Letting y'all know I got the email stating the Profit/Loss form is d...
[11/21/2025 08:36:25.767 AM] Edit     || User: the.lemonade.stand  || Channel: #executive-board                     || Letting y'all know I got the email stating the Profit/Loss form is due Decemb...
[11/21/2025 08:38:41.023 AM] React+   || User: celeryiscelery      || Channel: #executive-board                     || emoji=<:gaga:1413361490634870969>; msg="Letting y'all know I got the email st...
[11/21/2025 08:45:33.070 AM] Message  || User: izzyballz           || Channel: #yapper-committee                    || Content: yeah probably !
[11/21/2025 08:45:39.893 AM] Message  || User: izzyballz           || Channel: #yapper-committee                    || Content: my bad
[11/21/2025 08:45:44.080 AM] React+   || User: izzyballz           || Channel: #yapper-committee                    || emoji=❤️; msg="lowk ts funny" by spitonme
[11/21/2025 08:46:33.431 AM] React+   || User: izzyballz           || Channel: #yapper-committee                    || emoji=😭; msg="dude you'd hate my job" by cici4f3
[11/21/2025 08:46:44.858 AM] React+   || User: slayc127            || Channel: #executive-board                     || emoji=<:gaga:1413361490634870969>; msg="Letting y'all know I got the email st...
[11/21/2025 08:46:56.379 AM] Message  || User: izzyballz           || Channel: #yapper-committee                    || Content: every time my head hits the pillow i’m out in like max 15 minutes
[11/21/2025 08:53:34.781 AM] React+   || User: snowcone_314        || Channel: #pictures-of-the-cats                || emoji=‼️; msg="compilation of putting things on microwa..." by racerdg
[11/21/2025 08:53:41.155 AM] React+   || User: snowcone_314        || Channel: #pictures-of-the-cats                || emoji=‼️; msg="Except dingus.. he scares me.." by void_now
[11/21/2025 08:57:21.547 AM] Message  || User: lemonelon_          || Channel: #yapper-committee                    || Content: CHRISTMAS MUSIC IN THE CAFE MAKES LIFE WORTH LIVING
[11/21/2025 08:57:37.235 AM] React+   || User: kitadan             || Channel: #pictures-of-the-cats                || emoji=🎉; msg=1441428650074570762
[11/21/2025 08:57:54.704 AM] Message  || User: lemonelon_          || Channel: #yapper-committee                    || Content: sorry yall this is not on tone I did not read the room /silly /genuine
[11/21/2025 09:06:45.952 AM] React+   || User: not_d3fault_1420    || Channel: #itty-bitty-kitty-commitee           || emoji=❤️; msg="and like a billion cardio machines n not..." by rice.muncher
[11/21/2025 09:06:47.324 AM] React-   || User: unknown             || Channel: #itty-bitty-kitty-commitee           || emoji=❤️; msg="and like a billion cardio machines n not..." by rice.muncher
[11/21/2025 09:06:49.651 AM] React+   || User: not_d3fault_1420    || Channel: #itty-bitty-kitty-commitee           || emoji=‼️; msg="and like a billion cardio machines n not..." by rice.muncher
[11/21/2025 09:07:04.172 AM] React+   || User: not_d3fault_1420    || Channel: #itty-bitty-kitty-commitee           || emoji=😭; msg=1441286718077796463
[11/21/2025 09:08:24.711 AM] React+   || User: not_d3fault_1420    || Channel: #itty-bitty-kitty-commitee           || emoji=<:macrowave:857753712591634442>; msg="and like a billion cardio machine...
[11/21/2025 09:08:27.919 AM] React-   || User: unknown             || Channel: #itty-bitty-kitty-commitee           || emoji=<:macrowave:857753712591634442>; msg="and like a billion cardio machine...
[11/21/2025 09:20:50.384 AM] Message  || User: adeyumii            || Channel: #yapper-committee                    || Content: you get it bro
[11/21/2025 09:21:02.510 AM] Message  || User: adeyumii            || Channel: #yapper-committee                    || Content: https://tenor.com/view/happy-december-gif-15453042371278323347
[11/21/2025 09:21:43.285 AM] React+   || User: ludavis             || Channel: #yapper-committee                    || emoji=❌; msg="https://tenor.com/view/happy-december-gi..." by adeyumii
[11/21/2025 09:32:27.553 AM] React+   || User: plink5277           || Channel: #itty-bitty-kitty-commitee           || emoji=😆; msg="Random trombone noises in the night r ki..." by lemonelon_
[11/21/2025 09:32:31.242 AM] Message  || User: plink5277           || Channel: #itty-bitty-kitty-commitee           || Content: Yes..
[11/21/2025 09:32:33.722 AM] Message  || User: not_d3fault_1420    || Channel: #pictures-of-the-cats                || Content: (no text; attachments=2)
[11/21/2025 09:32:34.904 AM] Action   || Name: image_intake        || Trigger: channel=551084964318543904           || Output: rows=2
[11/21/2025 09:32:37.293 AM] Message  || User: plink5277           || Channel: #itty-bitty-kitty-commitee           || Content: Or euphonium
[11/21/2025 09:32:42.404 AM] Message  || User: plink5277           || Channel: #itty-bitty-kitty-commitee           || Content: I love a good euphonium
[11/21/2025 09:34:04.836 AM] Message  || User: adeyumii            || Channel: #pictures-of-the-cats                || Content: Full of whimsy
[11/21/2025 09:36:24.324 AM] React+   || User: coziidruid          || Channel: #executive-board                     || emoji=✨; msg="by the way this is Sinatra's wound as of..." by a1darek
[11/21/2025 09:37:28.201 AM] React+   || User: lemonelon_          || Channel: #itty-bitty-kitty-commitee           || emoji=❤️; msg="Yes.." by plink5277
[11/21/2025 09:37:29.962 AM] React+   || User: lemonelon_          || Channel: #itty-bitty-kitty-commitee           || emoji=❤️; msg="Or euphonium" by plink5277
[11/21/2025 09:38:03.096 AM] Message  || User: pancakemixteamdj    || Channel: #pictures-of-the-cats                || Content: Spotted the pure grey cat at grand
[11/21/2025 09:38:08.050 AM] Message  || User: pancakemixteamdj    || Channel: #pictures-of-the-cats                || Content: I keep forgetting his name
[11/21/2025 09:44:42.050 AM] React+   || User: plink5277           || Channel: #yapper-committee                    || emoji=❤️; msg="CHRISTMAS MUSIC IN THE CAFE MAKES LIFE W..." by lemonelon_
[11/21/2025 09:45:14.982 AM] Message  || User: plink5277           || Channel: #yapper-committee                    || Content: https://tenor.com/view/2020-merry-christmas-christmas-tree-santa-cla...
[11/21/2025 09:45:15.416 AM] Edit     || User: plink5277           || Channel: #yapper-committee                    || https://tenor.com/view/2020-merry-christmas-christmas-tree-santa-claus-snowin...
[11/21/2025 09:45:19.389 AM] Message  || User: kitadan             || Channel: #yapper-committee                    || Content: Changing tone is fine.  I don't like Christmas music before Thanksgi...
[11/21/2025 09:47:16.970 AM] React+   || User: slayc127            || Channel: #yapper-committee                    || emoji=❤️; msg="CHRISTMAS MUSIC IN THE CAFE MAKES LIFE W..." by lemonelon_
[11/21/2025 09:49:17.158 AM] Message  || User: simplyshadow171295  || Channel: #pictures-of-the-cats                || Content: keaton mayhaps
[11/21/2025 09:52:22.161 AM] React+   || User: plink5277           || Channel: #due-paying-portal                   || emoji=🔥; msg="For Spring 2026.  Two 20 lbs bags of cat..." by kitadan
[11/21/2025 09:53:51.538 AM] React+   || User: slayc127            || Channel: #pictures-of-the-cats                || emoji=‼️; msg=1441451229342335138
[11/21/2025 10:02:16.624 AM] Message  || User: pancakemixteamdj    || Channel: #pictures-of-the-cats                || Content: yeah keaton
[11/21/2025 10:03:51.239 AM] Message  || User: not_d3fault_1420    || Channel: #feeding-team                        || Content: mike fed and watered
[11/21/2025 10:03:51.248 AM] Intent   || feed_update               ||                                               || station=Microwave; dates=['2025-11-21']
[11/21/2025 10:03:51.251 AM] Action   || Name: feed_update_ignored || Trigger: station=Microwave                    || Output: channel_blocked:643586809166561310
[11/21/2025 10:04:46.945 AM] React+   || User: pancakemixteamdj    || Channel: #pet-pictures                        || emoji=😆; msg="\> enrolls at UTA
\> joins cat club
\> “..." by kcreepertux04
[11/21/2025 10:07:14.436 AM] React+   || User: lemonelon_          || Channel: #yapper-committee                    || emoji=❤️; msg="https://tenor.com/view/2020-merry-christ..." by plink5277
[11/21/2025 10:07:25.615 AM] React+   || User: .bettercalljack     || Channel: #yapper-committee                    || emoji=❤️; msg="https://tenor.com/view/2020-merry-christ..." by plink5277
[11/21/2025 10:10:01.694 AM] Message  || User: le_nuit_sans_fin    || Channel: #feeding-team                        || Content: Heights on pecan fed and water changed
[11/21/2025 10:10:01.703 AM] Intent   || feed_update               ||                                               || station=HOP; dates=['2025-11-21']
[11/21/2025 10:10:01.703 AM] Action   || Name: feed_update_ignored || Trigger: station=HOP                          || Output: channel_blocked:643586809166561310
[11/21/2025 10:10:55.374 AM] Message  || User: m_digio             || Channel: #events                              || Content: Not this year! I know for me (and a lot of other ppl) im js way too ...
[11/21/2025 10:11:06.383 AM] Message  || User: m_digio             || Channel: #events                              || Content: (I have to bake 6 pies)
[11/21/2025 10:11:12.492 AM] React+   || User: m_digio             || Channel: #pictures-of-the-cats                || emoji=❤️; msg="@Atlas ᓚᘏᗢ she's still refusing to move ..." by adeyumii
[11/21/2025 10:11:20.686 AM] React+   || User: m_digio             || Channel: #pictures-of-the-cats                || emoji=‼️; msg=1441324651283349544
[11/21/2025 10:11:35.693 AM] React+   || User: m_digio             || Channel: #executive-board                     || emoji=<:gaga:1413361490634870969>; msg="Letting y'all know I got the email st...
[11/21/2025 10:15:31.277 AM] Message  || User: .bettercalljack     || Channel: #yapper-committee                    || Content: Me on the other hand i need to be mariah careys 0.5% of her top list...
[11/21/2025 10:16:03.623 AM] Message  || User: le_nuit_sans_fin    || Channel: #pictures-of-the-cats                || Content: (no text; attachments=4)
[11/21/2025 10:16:04.726 AM] Action   || Name: image_intake        || Trigger: channel=551084964318543904           || Output: rows=4
[11/21/2025 10:17:33.295 AM] Message  || User: le_nuit_sans_fin    || Channel: #pictures-of-the-cats                || Content: I love when they look at me like I’m not their no.1 op
[11/21/2025 10:19:16.430 AM] React+   || User: m_digio             || Channel: #pictures-of-the-cats                || emoji=❤️; msg=1441462175804686366
[11/21/2025 10:27:27.409 AM] Message  || User: void_now            || Channel: #pictures-of-the-cats                || Content: That last pic??
[11/21/2025 10:27:53.222 AM] Message  || User: le_nuit_sans_fin    || Channel: #pictures-of-the-cats                || Content: ..?
[11/21/2025 10:27:59.111 AM] Message  || User: le_nuit_sans_fin    || Channel: #pictures-of-the-cats                || Content: Sorry it’s blurry
[11/21/2025 10:28:08.038 AM] Message  || User: le_nuit_sans_fin    || Channel: #pictures-of-the-cats                || Content: They were moving and my shake lol
[11/21/2025 10:28:41.086 AM] React+   || User: simplyshadow171295  || Channel: #pictures-of-the-cats                || emoji=❤️; msg=1441462175804686366
[11/21/2025 10:28:54.662 AM] Message  || User: simplyshadow171295  || Channel: #pictures-of-the-cats                || Content: THEY’RE SO CUTE AUGH
[11/21/2025 10:30:35.294 AM] Edit     || User: le_nuit_sans_fin    || Channel: #pictures-of-the-cats                || They were moving and my shake lol -> They were moving and my hands shake lol
[11/21/2025 10:33:35.352 AM] Message  || User: spitonme            || Channel: #yapper-committee                    || Content: cici works at insomnia cookies
[11/21/2025 10:33:57.460 AM] Message  || User: izzyballz           || Channel: #yapper-committee                    || Content: i’m dead
[11/21/2025 10:35:04.307 AM] Message  || User: spitonme            || Channel: #pet-pictures                        || Content: (no text; attachments=1)
[11/21/2025 10:35:07.370 AM] Message  || User: spitonme            || Channel: #pet-pictures                        || Content: so this is Hanwi
[11/21/2025 10:35:26.545 AM] Message  || User: spitonme            || Channel: #pet-pictures                        || Content: she is in flea quarantine
[11/21/2025 10:35:40.883 AM] Message  || User: void_now            || Channel: #pictures-of-the-cats                || Content: Charles and Scringle have become boyfriends‼️
[11/21/2025 10:35:43.592 AM] Message  || User: kitadan             || Channel: #yapper-committee                    || Content: How do you pronounce the musical artist's name: Laufey?
[11/21/2025 10:35:47.098 AM] React+   || User: austinbaustinb      || Channel: #executive-board                     || emoji=🫡; msg="Letting y'all know I got the email stati..." by the.lemonade.stand
[11/21/2025 10:36:02.131 AM] Message  || User: pancakemixteamdj    || Channel: #yapper-committee                    || Content: anguish i dont want to be in class but it the last few days of class
[11/21/2025 10:36:03.311 AM] React+   || User: kitadan             || Channel: #pet-pictures                        || emoji=🎉; msg=1441466960834461726
[11/21/2025 10:36:27.703 AM] Message  || User: spitonme            || Channel: #yapper-committee                    || Content: Lay-Vay
[11/21/2025 10:36:44.738 AM] Message  || User: spitonme            || Channel: #yapper-committee                    || Content: and her sister You-knee-uh
[11/21/2025 10:37:06.593 AM] Message  || User: kitadan             || Channel: #events                              || Content: Asking because work gave me a pecan pie I won't be able to eat
[11/21/2025 10:37:15.379 AM] React+   || User: kitadan             || Channel: #yapper-committee                    || emoji=🎉; msg="Lay-Vay" by spitonme
[11/21/2025 10:37:20.977 AM] Message  || User: kitadan             || Channel: #yapper-committee                    || Content: Thank you
[11/21/2025 10:37:47.220 AM] React+   || User: kitadan             || Channel: #pictures-of-the-cats                || emoji=❤️; msg=1441462175804686366
[11/21/2025 10:38:06.010 AM] Message  || User: le_nuit_sans_fin    || Channel: #pictures-of-the-cats                || Content: Oh yeah that too
[11/21/2025 10:38:20.315 AM] Message  || User: le_nuit_sans_fin    || Channel: #pictures-of-the-cats                || Content: They jumped down to get food together and usually you’ll see both of...
[11/21/2025 10:39:04.508 AM] Message  || User: void_now            || Channel: #pictures-of-the-cats                || Content: They’re both so beautiful
[11/21/2025 10:39:14.626 AM] React+   || User: void_now            || Channel: #pictures-of-the-cats                || emoji=❤️; msg=1441462175804686366
[11/21/2025 10:39:56.137 AM] Message  || User: mochenoch           || Channel: #yapper-committee                    || Content: If you’re the guy who saw me do a turn on my scooter and absolutely ...
[11/21/2025 10:40:26.901 AM] Message  || User: mochenoch           || Channel: #yapper-committee                    || Content: In other news did you know the library gives you bandages if you ask
[11/21/2025 10:42:04.374 AM] React+   || User: m_digio             || Channel: #pet-pictures                        || emoji=❤️; msg=1441466960834461726
[11/21/2025 10:42:06.444 AM] Edit     || User: mochenoch           || Channel: #yapper-committee                    || If you’re the guy who saw me do a turn on my scooter and absolutely crash fac...
[11/21/2025 10:43:14.627 AM] Message  || User: spitonme            || Channel: #yapper-committee                    || Content: omg ?!
[11/21/2025 10:43:20.137 AM] Message  || User: spitonme            || Channel: #yapper-committee                    || Content: are u ok 😭😭
[11/21/2025 10:43:29.239 AM] React+   || User: spitonme            || Channel: #yapper-committee                    || emoji=🐙; msg="Thank you" by kitadan
[11/21/2025 10:53:43.633 AM] Message  || User: mochenoch           || Channel: #yapper-committee                    || Content: I’m good, protected my head with my hands but they’re scrapped and s...
[11/21/2025 10:53:58.244 AM] Message  || User: spitonme            || Channel: #yapper-committee                    || Content: 😖
[11/21/2025 10:54:03.562 AM] Message  || User: spitonme            || Channel: #yapper-committee                    || Content: ouch
[11/21/2025 10:54:13.273 AM] Message  || User: mochenoch           || Channel: #yapper-committee                    || Content: Idk how my knee is bleeding though cause I’m wearing pants but whatever
[11/21/2025 10:54:24.238 AM] Message  || User: mochenoch           || Channel: #yapper-committee                    || Content: Also im cramping like a bitch so like this day is just bad
[11/21/2025 10:54:29.971 AM] Message  || User: mochenoch           || Channel: #yapper-committee                    || Content: <:imblind:1405613850870415430>
[11/21/2025 10:58:17.013 AM] React+   || User: kitadan             || Channel: #yapper-committee                    || emoji=‼️; msg="I’m good, protected my head with my hand..." by mochenoch
[11/21/2025 10:58:57.486 AM] Message  || User: mochenoch           || Channel: #yapper-committee                    || Content: Someone saw me and asked if I was okay like 5 times it was so awkward
[11/21/2025 11:00:05.966 AM] Message  || User: not_d3fault_1420    || Channel: #pictures-of-the-cats                || Content: (no text; attachments=1)
[11/21/2025 11:00:07.607 AM] Action   || Name: image_intake        || Trigger: channel=551084964318543904           || Output: rows=1
[11/21/2025 11:00:32.308 AM] Message  || User: mochenoch           || Channel: #yapper-committee                    || Content: Like yeah I’m good please keep walking
[11/21/2025 11:04:34.947 AM] Message  || User: otirain_butdiscorb  || Channel: #pictures-of-the-cats                || Content: (no text; attachments=1)
[11/21/2025 11:04:35.803 AM] Action   || Name: image_intake        || Trigger: channel=551084964318543904           || Output: rows=1
[11/21/2025 11:09:47.853 AM] React+   || User: .bettercalljack     || Channel: #yapper-committee                    || emoji=‼️; msg="I’m good, protected my head with my hand..." by mochenoch
[11/21/2025 11:09:55.353 AM] React+   || User: .bettercalljack     || Channel: #pet-pictures                        || emoji=🎉; msg=1441466960834461726
[11/21/2025 11:09:55.863 AM] React+   || User: .bettercalljack     || Channel: #pet-pictures                        || emoji=❤️; msg=1441466960834461726
[11/21/2025 11:09:58.527 AM] React+   || User: lemonelon_          || Channel: #yapper-committee                    || emoji=🎉; msg="Lay-Vay" by spitonme
[11/21/2025 11:10:48.095 AM] React+   || User: lemonelon_          || Channel: #pet-pictures                        || emoji=❤️; msg=1441263911016992931
[11/21/2025 11:10:50.667 AM] React+   || User: lemonelon_          || Channel: #pet-pictures                        || emoji=🎉; msg=1441466960834461726
[11/21/2025 11:15:17.490 AM] Message  || User: reyesthighs         || Channel: #yapper-committee                    || Content: Yall...I need a clip-ez
[11/21/2025 11:15:51.824 AM] Message  || User: reyesthighs         || Channel: #yapper-committee                    || Content: we're doing presentations on real products and the clip-ez is SELLIN...
[11/21/2025 11:30:01.132 AM] React+   || User: not_d3fault_1420    || Channel: #pictures-of-the-cats                || emoji=‼️; msg=1441474386803556524
[11/21/2025 11:30:09.176 AM] Message  || User: not_d3fault_1420    || Channel: #pictures-of-the-cats                || Content: (no text; attachments=1)
[11/21/2025 11:30:10.169 AM] Action   || Name: image_intake        || Trigger: channel=551084964318543904           || Output: rows=1
[11/21/2025 11:30:23.043 AM] Message  || User: not_d3fault_1420    || Channel: #yapper-committee                    || Content: lay-vey
[11/21/2025 11:30:35.304 AM] React+   || User: simplyshadow171295  || Channel: #pet-pictures                        || emoji=🎉; msg=1441466960834461726
[11/21/2025 11:30:35.621 AM] React+   || User: simplyshadow171295  || Channel: #pet-pictures                        || emoji=❤️; msg=1441466960834461726
[11/21/2025 11:31:01.579 AM] Message  || User: simplyshadow171295  || Channel: #yapper-committee                    || Content: that is so counterintuitive i hate it
[11/21/2025 11:31:13.771 AM] Message  || User: not_d3fault_1420    || Channel: #yapper-committee                    || Content: right? it’s so weird
[11/21/2025 11:31:34.139 AM] Message  || User: not_d3fault_1420    || Channel: #yapper-committee                    || Content: like I thought it was the same as how it’s spelled
[11/21/2025 11:32:57.909 AM] Message  || User: a1darek             || Channel: #yapper-committee                    || Content: Icelandic name with English pronunciation
[11/21/2025 11:33:02.565 AM] Message  || User: not_d3fault_1420    || Channel: #memes                               || Content: (no text; attachments=1)
[11/21/2025 11:33:05.851 AM] Message  || User: simplyshadow171295  || Channel: #yapper-committee                    || Content: ohhh i see
[11/21/2025 11:33:20.196 AM] Message  || User: a1darek             || Channel: #yapper-committee                    || Content: It has an actual proper Icelandic pronunciation but it's too hard fo...
[11/21/2025 11:34:25.754 AM] React+   || User: vasyline            || Channel: #pet-pictures                        || emoji=❤️; msg=1441466960834461726
[11/21/2025 11:34:26.027 AM] React+   || User: vasyline            || Channel: #pet-pictures                        || emoji=🎉; msg=1441466960834461726
[11/21/2025 11:34:37.226 AM] Message  || User: simplyshadow171295  || Channel: #yapper-committee                    || Content: that’s why i haven’t named a cat xochitl even though it just means f...
[11/21/2025 11:34:57.969 AM] Message  || User: simplyshadow171295  || Channel: #yapper-committee                    || Content: sho-cheet is not the intuitive pronunciation
[11/21/2025 11:38:17.164 AM] Message  || User: not_d3fault_1420    || Channel: #bot-spam                            || Content: tomcat show me Twix
[11/21/2025 11:38:17.172 AM] Intent   || show_photo                ||                                               || cat=Twix
[11/21/2025 11:38:21.521 AM] Action   || Name: show_cache_downl... || Trigger: https://drive.google.com/uc?expor... || Output: sn=5872 attempt=1 size=852165
[11/21/2025 11:38:27.114 AM] React+   || User: not_d3fault_1420    || Channel: #bot-spam                            || emoji=‼️; msg=1441482881003159633
[11/21/2025 11:38:28.497 AM] React-   || User: unknown             || Channel: #bot-spam                            || emoji=‼️; msg=1441482881003159633
[11/21/2025 11:56:22.798 AM] Message  || User: a1darek             || Channel: #purrley-pawsitive-pussy-pals        || Content: Part of me wants to try and trap noir right now
[11/21/2025 11:56:54.880 AM] Message  || User: a1darek             || Channel: #purrley-pawsitive-pussy-pals        || Content: (Its Friday and I won't be able to take her to tcap sad face )
[11/21/2025 11:57:59.423 AM] React+   || User: slayc127            || Channel: #purrley-pawsitive-pussy-pals        || emoji=😭; msg="(Its Friday and I won't be able to take ..." by a1darek
[11/21/2025 11:58:21.861 AM] React+   || User: kitadan             || Channel: #yapper-committee                    || emoji=❤️; msg="lay-vey" by not_d3fault_1420
[11/21/2025 12:01:19.995 PM] Message  || User: pancakemixteamdj    || Channel: #pictures-of-the-cats                || Content: Where is bro going
[11/21/2025 12:06:53.559 PM] Message  || User: emiximez            || Channel: #feeding-team                        || Content: i'm still sick, can someone feed snickers today? @active feeders
[11/21/2025 12:07:01.435 PM] Message  || User: adeyumii            || Channel: #pictures-of-the-cats                || Content: to beg for food
[11/21/2025 12:07:15.744 PM] Message  || User: emiximez            || Channel: #feeding-team                        || Content: if i don't get better by tomorrow i might need someone to do west ha...
[11/21/2025 12:11:12.128 PM] Message  || User: a1darek             || Channel: #purrley-pawsitive-pussy-pals        || Content: (no text; attachments=1)
[11/21/2025 12:12:14.615 PM] Message  || User: .bettercalljack     || Channel: #feeding-team                        || Content: Zen fed
[11/21/2025 12:12:14.625 PM] Intent   || feed_update               ||                                               || station=Mary Kay and Zen; dates=['2025-11-21']
[11/21/2025 12:12:14.627 PM] Action   || Name: feed_update_ignored || Trigger: station=Mary Kay and Zen             || Output: channel_blocked:643586809166561310
[11/21/2025 12:13:07.515 PM] React+   || User: hatshura            || Channel: #itty-bitty-kitty-commitee           || emoji=😭; msg=1441286718077796463
[11/21/2025 12:13:45.364 PM] React+   || User: hatshura            || Channel: #pet-pictures                        || emoji=🎉; msg=1441466960834461726
[11/21/2025 12:13:47.061 PM] React+   || User: hatshura            || Channel: #pet-pictures                        || emoji=❤️; msg=1441466960834461726
[11/21/2025 12:13:55.044 PM] Message  || User: slayc127            || Channel: #purrley-pawsitive-pussy-pals        || Content: nothing sandwich
[11/21/2025 12:14:45.565 PM] Message  || User: layotu              || Channel: #feeding-team                        || Content: @active feeders could someone cover microwave tomorrow?
[11/21/2025 12:15:02.822 PM] Message  || User: bubblebee5866       || Channel: #feeding-team                        || Content: I can cover snickers today
[11/21/2025 12:15:06.165 PM] React+   || User: emiximez            || Channel: #feeding-team                        || emoji=🩷; msg="I can cover snickers today" by bubblebee5866
[11/21/2025 12:15:17.163 PM] Message  || User: le_nuit_sans_fin    || Channel: #feeding-team                        || Content: @active feeders I also need someone to grab hop for me tomorrow
[11/21/2025 12:15:51.521 PM] Message  || User: not_d3fault_1420    || Channel: #feeding-team                        || Content: I can
[11/21/2025 12:16:01.094 PM] Delete   || User: not_d3fault_1420    || Channel: #feeding-team                        || Content: I can
[11/21/2025 12:16:07.632 PM] Message  || User: not_d3fault_1420    || Channel: #feeding-team                        || Content: beat me to it lol
[11/21/2025 12:19:29.886 PM] React+   || User: reyesthighs         || Channel: #feeding-team                        || emoji=😭; msg="Someone dumped a whole 23 lb food into t..." by hatshura
[11/21/2025 12:19:56.021 PM] Message  || User: _costco_wholesale_  || Channel: #feeding-team                        || Content: i can!
[11/21/2025 12:20:12.123 PM] Message  || User: gupguppy            || Channel: #yapper-committee                    || Content: why are they playing old ass Christmas music in the connection cafe
[11/21/2025 12:23:24.580 PM] Message  || User: lemonelon_          || Channel: #feeding-team                        || Content: someone else has green on monday for thanksgiving break or does the ...
[11/21/2025 12:23:38.751 PM] Edit     || User: lemonelon_          || Channel: #feeding-team                        || someone else has green on monday for thanksgiving break or does the other sch...
[11/21/2025 12:28:06.084 PM] Message  || User: layotu              || Channel: #feeding-team                        || Content: thx choom
[11/21/2025 12:28:34.878 PM] Message  || User: a1darek             || Channel: #purrley-pawsitive-pussy-pals        || Content: Is anyone working petco today
[11/21/2025 12:28:35.503 PM] Message  || User: pancakemixteamdj    || Channel: #yapper-committee                    || Content: @officers this dumped  at lot 50
[11/21/2025 12:28:43.024 PM] Message  || User: pancakemixteamdj    || Channel: #yapper-committee                    || Content: Idk what it is , ground beef
[11/21/2025 12:29:05.785 PM] React+   || User: _rambone_           || Channel: #executive-board                     || emoji=🫡; msg="Letting y'all know I got the email stati..." by the.lemonade.stand
[11/21/2025 12:29:06.382 PM] React+   || User: _rambone_           || Channel: #executive-board                     || emoji=<:gaga:1413361490634870969>; msg="Letting y'all know I got the email st...
[11/21/2025 12:29:16.338 PM] Message  || User: _rambone_           || Channel: #purrley-pawsitive-pussy-pals        || Content: Me
[11/21/2025 12:29:41.511 PM] Message  || User: a1darek             || Channel: #purrley-pawsitive-pussy-pals        || Content: In arlington
[11/21/2025 12:30:12.772 PM] Message  || User: pancakemixteamdj    || Channel: #pictures-of-the-cats                || Content: (no text; attachments=1)
[11/21/2025 12:30:13.730 PM] Action   || Name: image_intake        || Trigger: channel=551084964318543904           || Output: rows=1
[11/21/2025 12:30:48.570 PM] Message  || User: void_now            || Channel: #feeding-team                        || Content: @Pancake(Chris/topher) this is it
[11/21/2025 12:31:05.510 PM] Message  || User: void_now            || Channel: #feeding-team                        || Content: Soggy, nasty food
[11/21/2025 12:31:48.866 PM] Message  || User: pancakemixteamdj    || Channel: #feeding-team                        || Content: Oh didnr see that
[11/21/2025 12:32:12.321 PM] Message  || User: mochenoch           || Channel: #yapper-committee                    || Content: looking closely it looks more akin to mushed wet kibble
[11/21/2025 12:32:21.660 PM] Message  || User: pancakemixteamdj    || Channel: #pictures-of-the-cats                || Content: (no text; attachments=1)
[11/21/2025 12:32:22.413 PM] Action   || Name: image_intake        || Trigger: channel=551084964318543904           || Output: rows=1
[11/21/2025 12:32:41.934 PM] Message  || User: pancakemixteamdj    || Channel: #feeding-team                        || Content: All the  cats seem to be avoiding it
[11/21/2025 12:32:43.262 PM] Message  || User: mochenoch           || Channel: #yapper-committee                    || Content: some one most likely poured kibble on the floor and the rain from la...
[11/21/2025 12:34:02.090 PM] Message  || User: pancakemixteamdj    || Channel: #yapper-committee                    || Content: I just need to carry a small shovel in my car
[11/21/2025 12:34:25.677 PM] Message  || User: pancakemixteamdj    || Channel: #pictures-of-the-cats                || Content: (no text; attachments=1)
[11/21/2025 12:34:26.436 PM] Action   || Name: image_intake        || Trigger: channel=551084964318543904           || Output: rows=1
[11/21/2025 12:34:31.692 PM] Message  || User: adeyumii            || Channel: #pictures-of-the-cats                || Content: microwave didn't want me to pet him very much
[11/21/2025 12:35:00.156 PM] Message  || User: adeyumii            || Channel: #pictures-of-the-cats                || Content: @Atlas ᓚᘏᗢ can I name lot 50 Mr stinky "monsieur stanky"
[11/21/2025 12:35:21.037 PM] Message  || User: adeyumii            || Channel: #events                              || Content: <:lickg:1021597920258179092>
[11/21/2025 12:35:33.829 PM] Message  || User: pancakemixteamdj    || Channel: #pictures-of-the-cats                || Content: (no text; attachments=1)
[11/21/2025 12:35:34.613 PM] Action   || Name: image_intake        || Trigger: channel=551084964318543904           || Output: rows=1
[11/21/2025 12:35:41.290 PM] Message  || User: adeyumii            || Channel: #pictures-of-the-cats                || Content: eden
[11/21/2025 12:35:47.772 PM] Message  || User: a1darek             || Channel: #purrley-pawsitive-pussy-pals        || Content: We need a new unit cause I said so
[11/21/2025 12:35:53.375 PM] Message  || User: a1darek             || Channel: #purrley-pawsitive-pussy-pals        || Content: I just wrestled inanimate objects
[11/21/2025 12:35:54.758 PM] Message  || User: adeyumii            || Channel: #pictures-of-the-cats                || Content: I swear there's always a ton of new trash at lot 50
[11/21/2025 12:36:02.330 PM] Message  || User: pancakemixteamdj    || Channel: #pictures-of-the-cats                || Content: So who the other cat who looks like dumpster
[11/21/2025 12:36:55.595 PM] Message  || User: adeyumii            || Channel: #pictures-of-the-cats                || Content: dumpster
[11/21/2025 12:37:04.311 PM] Message  || User: adeyumii            || Channel: #pictures-of-the-cats                || Content: Dumpster, sbcf, and rubber
[11/21/2025 12:37:13.565 PM] Message  || User: adeyumii            || Channel: #pictures-of-the-cats                || Content: Rubber sbcf and kamahalan
[11/21/2025 12:37:15.878 PM] Message  || User: pancakemixteamdj    || Channel: #pictures-of-the-cats                || Content: Rubber oh okay
[11/21/2025 12:37:29.402 PM] Message  || User: adeyumii            || Channel: #pictures-of-the-cats                || Content: Mr stanky and cassie
[11/21/2025 12:38:09.464 PM] Message  || User: simplyshadow171295  || Channel: #pictures-of-the-cats                || Content: sure
[11/21/2025 12:38:13.300 PM] Message  || User: nostalgicsapphic    || Channel: #purrley-pawsitive-pussy-pals        || Content: me and kaz after 3
[11/21/2025 12:38:15.018 PM] Message  || User: simplyshadow171295  || Channel: #pictures-of-the-cats                || Content: sure
[11/21/2025 12:38:18.409 PM] Message  || User: pancakemixteamdj    || Channel: #yapper-committee                    || Content: Jeez how much was dumped here , there a second pile
[11/21/2025 12:38:20.507 PM] Delete   || User: simplyshadow171295  || Channel: #pictures-of-the-cats                || Content: sure
[11/21/2025 12:38:24.907 PM] Message  || User: nostalgicsapphic    || Channel: #purrley-pawsitive-pussy-pals        || Content: i think kaz is going in at 4
[11/21/2025 12:38:33.252 PM] Message  || User: simplyshadow171295  || Channel: #pictures-of-the-cats                || Content: i haven’t gotten around to doing it anyways
[11/21/2025 12:39:19.111 PM] Message  || User: pancakemixteamdj    || Channel: #pictures-of-the-cats                || Content: (no text; attachments=1)
[11/21/2025 12:39:19.801 PM] Action   || Name: image_intake        || Trigger: channel=551084964318543904           || Output: rows=1
[11/21/2025 12:39:19.801 PM] Message  || User: the.lemonade.stand  || Channel: #yapper-committee                    || Content: did they have a buck of it omg ?
[11/21/2025 12:40:26.809 PM] Message  || User: adeyumii            || Channel: #yapper-committee                    || Content: too much
[11/21/2025 12:40:36.085 PM] Message  || User: adeyumii            || Channel: #yapper-committee                    || Content: we gotta power wash it out
[11/21/2025 12:41:20.142 PM] Message  || User: pancakemixteamdj    || Channel: #yapper-committee                    || Content: This is tbe bag dumped over here
[11/21/2025 12:41:36.147 PM] Message  || User: pancakemixteamdj    || Channel: #yapper-committee                    || Content: Okay the second pile of food dumped is this
[11/21/2025 12:43:33.097 PM] Message  || User: a1darek             || Channel: #purrley-pawsitive-pussy-pals        || Content: man I just need a pooper scooper
[11/21/2025 12:43:39.247 PM] Message  || User: a1darek             || Channel: #purrley-pawsitive-pussy-pals        || Content: There are 2 in the unit but idm where they at
[11/21/2025 12:44:31.630 PM] Message  || User: pancakemixteamdj    || Channel: #pictures-of-the-cats                || Content: (no text; attachments=1)
[11/21/2025 12:44:32.592 PM] Action   || Name: image_intake        || Trigger: channel=551084964318543904           || Output: rows=1
[11/21/2025 12:44:58.432 PM] Message  || User: pancakemixteamdj    || Channel: #pictures-of-the-cats                || Content: Bro might be Batman
[11/21/2025 12:45:03.651 PM] Message  || User: mochenoch           || Channel: #yapper-committee                    || Content: it's like a breeding ground for bugs :(
[11/21/2025 12:45:09.455 PM] Message  || User: pancakemixteamdj    || Channel: #pictures-of-the-cats                || Content: I was wondering to mysekf , where boots
[11/21/2025 12:47:15.288 PM] Message  || User: pancakemixteamdj    || Channel: #yapper-committee                    || Content: I can buy a shovel from Walmart , dump most it elsewhere away from t...
[11/21/2025 12:48:25.197 PM] Message  || User: a1darek             || Channel: #executive-board                     || Content: These cats are about to be upgrades to a luxury suite
[11/21/2025 12:48:40.867 PM] Edit     || User: a1darek             || Channel: #executive-board                     || These cats are about to be upgrades to a luxury suite -> These cats are about...
[11/21/2025 12:50:28.868 PM] Message  || User: nostalgicsapphic    || Channel: #purrley-pawsitive-pussy-pals        || Content: L
[11/21/2025 12:50:39.841 PM] Message  || User: nostalgicsapphic    || Channel: #purrley-pawsitive-pussy-pals        || Content: do u just want to use one of our discount #s
[11/21/2025 12:50:44.498 PM] Message  || User: a1darek             || Channel: #purrley-pawsitive-pussy-pals        || Content: It's okay
[11/21/2025 12:50:59.780 PM] Message  || User: a1darek             || Channel: #purrley-pawsitive-pussy-pals        || Content: Ill probably head over before releasing Ariel and chili
[11/21/2025 12:51:23.243 PM] React+   || User: _costco_wholesale_  || Channel: #feeding-team                        || emoji=😭; msg="Someone dumped a whole 23 lb food into t..." by hatshura
[11/21/2025 12:51:33.284 PM] Message  || User: a1darek             || Channel: #purrley-pawsitive-pussy-pals        || Content: Or after either or
[11/21/2025 12:51:41.634 PM] React+   || User: nostalgicsapphic    || Channel: #purrley-pawsitive-pussy-pals        || emoji=👍; msg="Ill probably head over before releasing ..." by a1darek
[11/21/2025 12:51:44.884 PM] Message  || User: pancakemixteamdj    || Channel: #pictures-of-the-cats                || Content: (no text; attachments=1)
[11/21/2025 12:51:45.725 PM] Action   || Name: image_intake        || Trigger: channel=551084964318543904           || Output: rows=1
[11/21/2025 12:54:43.817 PM] Message  || User: slayc127            || Channel: #yapper-committee                    || Content: vro 💔
[11/21/2025 12:54:58.610 PM] React+   || User: slayc127            || Channel: #purrley-pawsitive-pussy-pals        || emoji=👍; msg="Ill probably head over before releasing ..." by a1darek
[11/21/2025 12:56:19.781 PM] React+   || User: gupguppy            || Channel: #yapper-committee                    || emoji=🔥; msg="I can buy a shovel from Walmart , dump m..." by pancakemixteamdj
[11/21/2025 01:00:11.101 PM] Message  || User: a1darek             || Channel: #executive-board                     || Content: (no text; attachments=1)
[11/21/2025 01:00:32.888 PM] Message  || User: a1darek             || Channel: #executive-board                     || Content: https://tenor.com/view/cat-computer-mad-angry-gif-18413956748387057285
[11/21/2025 01:00:33.045 PM] Edit     || User: a1darek             || Channel: #executive-board                     || https://tenor.com/view/cat-computer-mad-angry-gif-18413956748387057285 -> htt...
[11/21/2025 01:01:56.485 PM] Message  || User: bluedragon5864      || Channel: #feeding-team                        || Content: Greens fed
[11/21/2025 01:01:56.487 PM] Intent   || feed_update               ||                                               || station=Greens; dates=['2025-11-21']
[11/21/2025 01:01:56.487 PM] Action   || Name: feed_update_ignored || Trigger: station=Greens                       || Output: channel_blocked:643586809166561310
[11/21/2025 01:04:50.699 PM] React+   || User: kitadan             || Channel: #feeding-team                        || emoji=❤️; msg="Zen fed" by .bettercalljack
[11/21/2025 01:06:29.262 PM] React+   || User: kitadan             || Channel: #yapper-committee                    || emoji=🔥; msg="I can buy a shovel from Walmart , dump m..." by pancakemixteamdj
[11/21/2025 01:14:00.742 PM] Message  || User: a1darek             || Channel: #purrley-pawsitive-pussy-pals        || Content: me when i can't take no for an answer
[11/21/2025 01:22:50.447 PM] Message  || User: a1darek             || Channel: #pictures-of-the-cats                || Content: @Pancake(Chris/topher) could you potentially see how many of the lot...
[11/21/2025 01:22:54.692 PM] Message  || User: a1darek             || Channel: #pictures-of-the-cats                || Content: Just wanted to confirm something
[11/21/2025 01:25:55.073 PM] Message  || User: hatshura            || Channel: #pictures-of-the-cats                || Content: should be 4 left
[11/21/2025 01:26:36.675 PM] Message  || User: hatshura            || Channel: #pictures-of-the-cats                || Content: Kamahalan and Conan appear often but idk bout Yuumi and Rubbers othe...
[11/21/2025 01:28:43.543 PM] Message  || User: a1darek             || Channel: #executive-board                     || Content: I responded
[11/21/2025 01:28:59.333 PM] Message  || User: pancakemixteamdj    || Channel: #pictures-of-the-cats                || Content: I’m gone from there , I saw only  Kama
[11/21/2025 01:29:08.465 PM] Message  || User: pancakemixteamdj    || Channel: #pictures-of-the-cats                || Content: I never see the other kittens
[11/21/2025 01:29:25.389 PM] React+   || User: a1darek             || Channel: #pictures-of-the-cats                || emoji=👍; msg="should be 4 left" by hatshura
[11/21/2025 01:29:26.235 PM] Message  || User: a1darek             || Channel: #pictures-of-the-cats                || Content: Okay
[11/21/2025 01:29:45.076 PM] Message  || User: a1darek             || Channel: #pictures-of-the-cats                || Content: We had a report about someone taking in a kitten from Lot 50/51 and ...
[11/21/2025 01:29:53.412 PM] Message  || User: racerdg             || Channel: #pictures-of-the-cats                || Content: erm
[11/21/2025 01:29:56.479 PM] Message  || User: a1darek             || Channel: #pictures-of-the-cats                || Content: Considering the kittens there are friendly now I wouldn't be surpris...
[11/21/2025 01:30:19.813 PM] Message  || User: a1darek             || Channel: #pictures-of-the-cats                || Content: I already replied to them so either they give them back to the colon...
[11/21/2025 01:30:34.424 PM] Message  || User: pancakemixteamdj    || Channel: #pictures-of-the-cats                || Content: Tnr night was the first night I saw the other kittens but Kama
[11/21/2025 01:31:44.027 PM] Message  || User: adeyumii            || Channel: #pictures-of-the-cats                || Content: @Atlas ᓚᘏᗢ church kiddos
[11/21/2025 01:31:44.900 PM] Action   || Name: image_intake        || Trigger: channel=551084964318543904           || Output: rows=3
[11/21/2025 01:32:39.413 PM] Message  || User: adeyumii            || Channel: #pictures-of-the-cats                || Content: She's acting all hungry
[11/21/2025 01:32:51.865 PM] Message  || User: adeyumii            || Channel: #pictures-of-the-cats                || Content: I have a little kibble in my bag that I've given her bow
[11/21/2025 01:32:54.424 PM] Edit     || User: adeyumii            || Channel: #pictures-of-the-cats                || I have a little kibble in my bag that I've given her bow -> I have a little k...
[11/21/2025 01:33:04.907 PM] Message  || User: simplyshadow171295  || Channel: #pictures-of-the-cats                || Content: NEZHUI
[11/21/2025 01:33:09.511 PM] Message  || User: simplyshadow171295  || Channel: #pictures-of-the-cats                || Content: we haven't seen her in a few days
[11/21/2025 01:33:09.644 PM] Message  || User: adeyumii            || Channel: #pictures-of-the-cats                || Content: I just saw Mayatl run from the sewers to the kitten bushes
[11/21/2025 01:33:11.328 PM] Message  || User: _costco_wholesale_  || Channel: #pictures-of-the-cats                || Content: OUR5 GIRL
[11/21/2025 01:33:16.245 PM] Message  || User: adeyumii            || Channel: #pictures-of-the-cats                || Content: she's kinda skinny
[11/21/2025 01:33:27.081 PM] Message  || User: simplyshadow171295  || Channel: #pictures-of-the-cats                || Content: she's so stupid
[11/21/2025 01:33:36.063 PM] Message  || User: pancakemixteamdj    || Channel: #yapper-committee                    || Content: If y’all saw someone walking  around Walmart like Idoit , might of b...
[11/21/2025 01:33:43.101 PM] Message  || User: adeyumii            || Channel: #pictures-of-the-cats                || Content: She's yelling at me for more food
[11/21/2025 01:33:48.569 PM] Message  || User: simplyshadow171295  || Channel: #pictures-of-the-cats                || Content: we haven't seen her since tuesday
[11/21/2025 01:33:59.187 PM] Message  || User: adeyumii            || Channel: #pictures-of-the-cats                || Content: Meatball(?) and Citlali are over here sunbathing
[11/21/2025 01:34:01.876 PM] Message  || User: pancakemixteamdj    || Channel: #yapper-committee                    || Content: Took me a good minute to find someone who could renew my license and...
[11/21/2025 01:34:06.320 PM] Message  || User: _costco_wholesale_  || Channel: #pictures-of-the-cats                || Content: ill feed later today after we release holi!
[11/21/2025 01:34:07.964 PM] Message  || User: simplyshadow171295  || Channel: #pictures-of-the-cats                || Content: she's eraser's child /j
[11/21/2025 01:34:14.750 PM] Edit     || User: _costco_wholesale_  || Channel: #pictures-of-the-cats                || ill feed later today after we release holi! -> ill feed later today after we ...
[11/21/2025 01:34:25.797 PM] Message  || User: simplyshadow171295  || Channel: #pictures-of-the-cats                || Content: meatball and citlali yes
[11/21/2025 01:34:44.468 PM] Message  || User: racerdg             || Channel: #yapper-committee                    || Content: renew your license?
[11/21/2025 01:35:17.438 PM] Message  || User: adeyumii            || Channel: #pictures-of-the-cats                || Content: Coatl is here too now
[11/21/2025 01:35:25.401 PM] Message  || User: simplyshadow171295  || Channel: #pictures-of-the-cats                || Content: her metabolism is crazy
[11/21/2025 01:35:29.521 PM] Message  || User: adeyumii            || Channel: #pictures-of-the-cats                || Content: (no text; attachments=1)
[11/21/2025 01:35:30.245 PM] Action   || Name: image_intake        || Trigger: channel=551084964318543904           || Output: rows=1
[11/21/2025 01:35:33.137 PM] React+   || User: simplyshadow171295  || Channel: #pictures-of-the-cats                || emoji=‼️; msg="her metabolism is crazy" by simplyshadow171295
[11/21/2025 01:35:49.951 PM] Message  || User: racerdg             || Channel: #pictures-of-the-cats                || Content: miranda can i come visit the church cats with you
[11/21/2025 01:35:56.925 PM] Message  || User: adeyumii            || Channel: #pictures-of-the-cats                || Content: (no text; attachments=1)
[11/21/2025 01:35:57.643 PM] Action   || Name: image_intake        || Trigger: channel=551084964318543904           || Output: rows=1
[11/21/2025 01:35:57.760 PM] Message  || User: adeyumii            || Channel: #pictures-of-the-cats                || Content: ye
[11/21/2025 01:36:09.598 PM] Message  || User: the.lemonade.stand  || Channel: #executive-board                     || Content: almost just blocked them
[11/21/2025 01:36:35.437 PM] Message  || User: racerdg             || Channel: #pictures-of-the-cats                || Content: yay ❤️
[11/21/2025 01:36:40.208 PM] Message  || User: racerdg             || Channel: #pictures-of-the-cats                || Content: i havent seen them in a while
[11/21/2025 01:37:30.754 PM] Message  || User: adeyumii            || Channel: #pictures-of-the-cats                || Content: The brown kittens' mom is here now too o forgot her name
[11/21/2025 01:37:50.414 PM] Message  || User: racerdg             || Channel: #pictures-of-the-cats                || Content: the black one?
[11/21/2025 01:38:01.172 PM] Message  || User: adeyumii            || Channel: #pictures-of-the-cats                || Content: No she's grey
[11/21/2025 01:38:23.796 PM] Message  || User: adeyumii            || Channel: #pictures-of-the-cats                || Content: The greys have a black mom. The black kitten has a grey mom. And the...
[11/21/2025 01:38:42.786 PM] Message  || User: simplyshadow171295  || Channel: #pictures-of-the-cats                || Content: cipactli
[11/21/2025 01:38:51.969 PM] Message  || User: simplyshadow171295  || Channel: #pictures-of-the-cats                || Content: get a pic of this hor /silly
[11/21/2025 01:38:59.420 PM] Edit     || User: simplyshadow171295  || Channel: #pictures-of-the-cats                || get a pic of this hor /silly -> get a pic of this hoe /silly
[11/21/2025 01:39:07.788 PM] Message  || User: adeyumii            || Channel: #pictures-of-the-cats                || Content: I got the camera out
[11/21/2025 01:39:17.011 PM] React+   || User: simplyshadow171295  || Channel: #pictures-of-the-cats                || emoji=🎉; msg="I got the camera out" by adeyumii
[11/21/2025 01:39:17.826 PM] React+   || User: _costco_wholesale_  || Channel: #pictures-of-the-cats                || emoji=🎉; msg="I got the camera out" by adeyumii
[11/21/2025 01:39:52.514 PM] React+   || User: slayc127            || Channel: #executive-board                     || emoji=😭; msg="almost just blocked them" by the.lemonade.stand
[11/21/2025 01:40:03.897 PM] Message  || User: slayc127            || Channel: #purrley-pawsitive-pussy-pals        || Content: ?
[11/21/2025 01:41:16.883 PM] Message  || User: a1darek             || Channel: #purrley-pawsitive-pussy-pals        || Content: Miranda
[11/21/2025 01:41:44.182 PM] Message  || User: a1darek             || Channel: #purrley-pawsitive-pussy-pals        || Content: bro i just said I'm going to be taking care of them both idc if you'...
[11/21/2025 01:41:55.436 PM] Message  || User: a1darek             || Channel: #purrley-pawsitive-pussy-pals        || Content: why are you telling me to give you a cat
[11/21/2025 01:42:04.962 PM] Message  || User: a1darek             || Channel: #purrley-pawsitive-pussy-pals        || Content: It's already enough that I give you one I could've taken them all
[11/21/2025 01:42:45.697 PM] Message  || User: a1darek             || Channel: #purrley-pawsitive-pussy-pals        || Content: also like @ing megan as if they're gonna disagree with me <:sideeye:...
[11/21/2025 01:43:28.189 PM] Message  || User: adeyumii            || Channel: #pictures-of-the-cats                || Content: @felix I'm going to be leaving here in a minute btw I gotta go check...
[11/21/2025 01:43:43.828 PM] Message  || User: racerdg             || Channel: #pictures-of-the-cats                || Content: ah ok
[11/21/2025 01:44:20.544 PM] Message  || User: racerdg             || Channel: #pictures-of-the-cats                || Content: u dont have to wait for me
[11/21/2025 01:45:21.507 PM] Message  || User: adeyumii            || Channel: #pictures-of-the-cats                || Content: okie dokie
[11/21/2025 01:45:27.802 PM] Message  || User: adeyumii            || Channel: #pictures-of-the-cats                || Content: Also atlas and Gunjan I did pet nezhui
[11/21/2025 01:46:32.804 PM] Message  || User: adeyumii            || Channel: #pictures-of-the-cats                || Content: (no text; attachments=1)
[11/21/2025 01:46:33.656 PM] Action   || Name: image_intake        || Trigger: channel=551084964318543904           || Output: rows=1
[11/21/2025 01:47:19.265 PM] Message  || User: adeyumii            || Channel: #pictures-of-the-cats                || Content: um
[11/21/2025 01:47:29.752 PM] Message  || User: adeyumii            || Channel: #pictures-of-the-cats                || Content: @Atlas ᓚᘏᗢ cipactli is a boy
[11/21/2025 01:47:46.032 PM] Message  || User: adeyumii            || Channel: #pictures-of-the-cats                || Content: I just saw balls
[11/21/2025 01:48:30.588 PM] Message  || User: racerdg             || Channel: #pictures-of-the-cats                || Content: wow a single father
[11/21/2025 01:49:12.334 PM] Message  || User: lifeye              || Channel: #feeding-team                        || Content: hey yall i lowkey saw we only have 1 jug
[11/21/2025 01:49:36.736 PM] Message  || User: lifeye              || Channel: #feeding-team                        || Content: i just wrapped up with a arizona jug i can clean it out and put it t...
[11/21/2025 01:50:50.784 PM] Message  || User: racerdg             || Channel: #feeding-team                        || Content: does it have a handle
[11/21/2025 01:51:47.212 PM] Message  || User: racerdg             || Channel: #feeding-team                        || Content: if so then yes pls we need another water jug
[11/21/2025 01:54:47.893 PM] Message  || User: adeyumii            || Channel: #yapper-committee                    || Content: Hunting license
[11/21/2025 01:59:22.991 PM] Message  || User: lifeye              || Channel: #feeding-team                        || Content: yes it does!!
[11/21/2025 01:59:26.686 PM] Message  || User: lifeye              || Channel: #feeding-team                        || Content: understood
[11/21/2025 01:59:30.598 PM] Message  || User: lifeye              || Channel: #feeding-team                        || Content: i’ll clean it out today
[11/21/2025 01:59:34.002 PM] React+   || User: m_digio             || Channel: #yapper-committee                    || emoji=🤮; msg="@officers this dumped  at lot 50" by pancakemixteamdj
[11/21/2025 01:59:52.755 PM] Message  || User: m_digio             || Channel: #purrley-pawsitive-pussy-pals        || Content: Hes happy with you js keep him
[11/21/2025 01:59:56.565 PM] Message  || User: m_digio             || Channel: #purrley-pawsitive-pussy-pals        || Content: Miranda will be okay
[11/21/2025 02:00:40.426 PM] Message  || User: adeyumii            || Channel: #pictures-of-the-cats                || Content: At lot 50 but no one wants to humor me today
[11/21/2025 02:00:41.245 PM] Action   || Name: image_intake        || Trigger: channel=551084964318543904           || Output: rows=1
[11/21/2025 02:01:52.752 PM] Message  || User: pancakemixteamdj    || Channel: #yapper-committee                    || Content: ^^
[11/21/2025 02:03:49.537 PM] React+   || User: slayc127            || Channel: #purrley-pawsitive-pussy-pals        || emoji=😭; msg="also like @ing megan as if they're gonna..." by a1darek
[11/21/2025 02:05:35.545 PM] React+   || User: nostalgicsapphic    || Channel: #executive-board                     || emoji=😭; msg="almost just blocked them" by the.lemonade.stand
[11/21/2025 02:06:32.950 PM] React+   || User: kitadan             || Channel: #pictures-of-the-cats                || emoji=🎉; msg="I got the camera out" by adeyumii
[11/21/2025 02:07:33.139 PM] Message  || User: slayc127            || Channel: #purrley-pawsitive-pussy-pals        || Content: literally why was she
[11/21/2025 02:08:33.105 PM] Message  || User: racerdg             || Channel: #yapper-committee                    || Content: i have somehow just discovered that the post office in the uc has a ...
[11/21/2025 02:08:50.105 PM] Edit     || User: racerdg             || Channel: #yapper-committee                    || i have somehow just discovered that the post office in the uc has a mail drop...
[11/21/2025 02:08:51.347 PM] React+   || User: _costco_wholesale_  || Channel: #yapper-committee                    || emoji=💀; msg="i have somehow only just discovered that..." by racerdg
[11/21/2025 02:10:45.851 PM] Message  || User: _costco_wholesale_  || Channel: #pictures-of-the-cats                || Content: its random guy
[11/21/2025 02:11:10.991 PM] Message  || User: simplyshadow171295  || Channel: #pictures-of-the-cats                || Content: oh then it’s the random gray. he’s her brother maybe
[11/21/2025 02:12:32.082 PM] React+   || User: pancakemixteamdj    || Channel: #yapper-committee                    || emoji=💀; msg="i have somehow only just discovered that..." by racerdg
[11/21/2025 02:13:15.279 PM] React+   || User: simplyshadow171295  || Channel: #yapper-committee                    || emoji=💀; msg="i have somehow only just discovered that..." by racerdg
[11/21/2025 02:13:50.304 PM] Message  || User: a1darek             || Channel: #purrley-pawsitive-pussy-pals        || Content: (no text; attachments=2)
[11/21/2025 02:13:52.313 PM] Message  || User: a1darek             || Channel: #purrley-pawsitive-pussy-pals        || Content: (no text; attachments=1)
[11/21/2025 02:14:28.226 PM] Message  || User: a1darek             || Channel: #purrley-pawsitive-pussy-pals        || Content: There is a choir in my living room
[11/21/2025 02:15:07.657 PM] Message  || User: adeyumii            || Channel: #pictures-of-the-cats                || Content: Im getting home now I'll upload the pics in a few
[11/21/2025 02:18:15.076 PM] Message  || User: nicoleguajardo      || Channel: #feeding-team                        || Content: West hall fed and watered
[11/21/2025 02:18:15.077 PM] Intent   || feed_update               ||                                               || station=West Hall; dates=['2025-11-21']
[11/21/2025 02:18:15.081 PM] Action   || Name: feed_update_ignored || Trigger: station=West Hall                    || Output: channel_blocked:643586809166561310
[11/21/2025 02:18:46.643 PM] Message  || User: pandaaaas           || Channel: #pictures-of-the-cats                || Content: (no text; attachments=1)
[11/21/2025 02:18:47.460 PM] Action   || Name: image_intake        || Trigger: channel=551084964318543904           || Output: rows=1
[11/21/2025 02:19:57.516 PM] React+   || User: slayc127            || Channel: #yapper-committee                    || emoji=💀; msg="i have somehow only just discovered that..." by racerdg
[11/21/2025 02:20:03.149 PM] React+   || User: hatshura            || Channel: #yapper-committee                    || emoji=💀; msg="i have somehow only just discovered that..." by racerdg
[11/21/2025 02:20:18.712 PM] Message  || User: adeyumii            || Channel: #pictures-of-the-cats                || Content: @Atlas ᓚᘏᗢ @e l u s i v e
[11/21/2025 02:20:19.407 PM] Action   || Name: image_intake        || Trigger: channel=551084964318543904           || Output: rows=5
[11/21/2025 02:21:51.391 PM] Message  || User: a1darek             || Channel: #executive-board                     || Content: they left me on seen
[11/21/2025 02:23:46.359 PM] Message  || User: adeyumii            || Channel: #pictures-of-the-cats                || Content: citlali
[11/21/2025 02:23:47.172 PM] Action   || Name: image_intake        || Trigger: channel=551084964318543904           || Output: rows=8
[11/21/2025 02:24:51.797 PM] Message  || User: adeyumii            || Channel: #pictures-of-the-cats                || Content: meatball
[11/21/2025 02:24:53.556 PM] Action   || Name: image_intake        || Trigger: channel=551084964318543904           || Output: rows=3
[11/21/2025 02:26:05.470 PM] Message  || User: adeyumii            || Channel: #pictures-of-the-cats                || Content: nezhui
[11/21/2025 02:26:06.116 PM] Action   || Name: image_intake        || Trigger: channel=551084964318543904           || Output: rows=6
[11/21/2025 02:26:10.702 PM] Message  || User: racerdg             || Channel: #yapper-committee                    || Content: wtf i thought i lost these but i just found them sitting on the tabl...
[11/21/2025 02:26:53.809 PM] React+   || User: a1darek             || Channel: #yapper-committee                    || emoji=❤️; msg="wtf i thought i lost these but i just fo..." by racerdg
[11/21/2025 02:27:03.320 PM] Message  || User: racerdg             || Channel: #yapper-committee                    || Content: thank you uta populice for not stealing my mini flashlight and half ...
[11/21/2025 02:27:20.535 PM] React+   || User: mochenoch           || Channel: #yapper-committee                    || emoji=❤️; msg="wtf i thought i lost these but i just fo..." by racerdg
[11/21/2025 02:29:04.308 PM] Message  || User: not_d3fault_1420    || Channel: #pictures-of-the-cats                || Content: (no text; attachments=1)
[11/21/2025 02:29:04.967 PM] Action   || Name: image_intake        || Trigger: channel=551084964318543904           || Output: rows=1
[11/21/2025 02:29:32.128 PM] Message  || User: not_d3fault_1420    || Channel: #pictures-of-the-cats                || Content: (no text; attachments=1)
[11/21/2025 02:29:32.645 PM] Action   || Name: image_intake        || Trigger: channel=551084964318543904           || Output: rows=1
[11/21/2025 02:31:13.254 PM] Message  || User: not_d3fault_1420    || Channel: #pictures-of-the-cats                || Content: bro just meowed at me and refused to elaborate
[11/21/2025 02:31:13.829 PM] Action   || Name: image_intake        || Trigger: channel=551084964318543904           || Output: rows=1
[11/21/2025 02:32:26.312 PM] Message  || User: racerdg             || Channel: #yapper-committee                    || Content: reminds me of the time we had show and tell in 5th grade and i broug...
[11/21/2025 02:32:58.420 PM] Message  || User: racerdg             || Channel: #yapper-committee                    || Content: it was fucked up and only read half the time but still
[11/21/2025 02:34:20.313 PM] React+   || User: nostalgicsapphic    || Channel: #purrley-pawsitive-pussy-pals        || emoji=😆; msg="There is a choir in my living room" by a1darek
[11/21/2025 02:34:47.552 PM] Message  || User: not_d3fault_1420    || Channel: #pictures-of-the-cats                || Content: he's so cute
[11/21/2025 02:34:48.294 PM] Action   || Name: image_intake        || Trigger: channel=551084964318543904           || Output: rows=1
[11/21/2025 02:34:57.726 PM] Message  || User: adeyumii            || Channel: #pictures-of-the-cats                || Content: why is he so needy
[11/21/2025 02:35:13.030 PM] Message  || User: ludavis             || Channel: #yapper-committee                    || Content: Was the food taken care of? I have plenty of shovels at home and tra...
[11/21/2025 02:35:15.357 PM] Message  || User: not_d3fault_1420    || Channel: #pictures-of-the-cats                || Content: idk
[11/21/2025 02:35:56.730 PM] Message  || User: not_d3fault_1420    || Channel: #pictures-of-the-cats                || Content: he's so indecisive
[11/21/2025 02:35:57.343 PM] Action   || Name: image_intake        || Trigger: channel=551084964318543904           || Output: rows=1
[11/21/2025 02:36:13.745 PM] Message  || User: pancakemixteamdj    || Channel: #yapper-committee                    || Content: I couldn’t find a shovel on the hardware/tools  area . So I didnr re...
[11/21/2025 02:36:22.651 PM] Message  || User: not_d3fault_1420    || Channel: #pictures-of-the-cats                || Content: he sat on the mulch, then my lap and now back to the mulch
[11/21/2025 02:36:32.035 PM] Message  || User: ludavis             || Channel: #yapper-committee                    || Content: Okay! I'll take care of it
[11/21/2025 02:36:39.096 PM] Message  || User: pancakemixteamdj    || Channel: #yapper-committee                    || Content: And I’m also out of Arlington so I won’t be able to help sorry
[11/21/2025 02:39:51.601 PM] Message  || User: racerdg             || Channel: #pictures-of-the-cats                || Content: i can feel her very subtly purring yhis is the best day of my life
[11/21/2025 02:39:52.275 PM] Action   || Name: image_intake        || Trigger: channel=551084964318543904           || Output: rows=1
[11/21/2025 02:41:36.501 PM] Message  || User: austinbaustinb      || Channel: #executive-board                     || Content: Probably not thinking we’re real people, I wouldn’t take it personally
[11/21/2025 02:43:00.607 PM] Message  || User: a1darek             || Channel: #purrley-pawsitive-pussy-pals        || Content: today is bad day
[11/21/2025 02:43:03.277 PM] Message  || User: a1darek             || Channel: #purrley-pawsitive-pussy-pals        || Content: veg said no
[11/21/2025 02:43:08.762 PM] Message  || User: a1darek             || Channel: #purrley-pawsitive-pussy-pals        || Content: https://tenor.com/view/sad-gif-7523306793289960933
[11/21/2025 02:45:33.657 PM] React+   || User: kitadan             || Channel: #yapper-committee                    || emoji=❤️; msg="wtf i thought i lost these but i just fo..." by racerdg
[11/21/2025 02:47:25.273 PM] Message  || User: racerdg             || Channel: #pictures-of-the-cats                || Content: someone else show her love i had to leave to eat lunch
[11/21/2025 02:49:08.530 PM] React+   || User: not_d3fault_1420    || Channel: #pictures-of-the-cats                || emoji=😭; msg="i can feel her very subtly purring yhis ..." by racerdg
[11/21/2025 02:49:38.203 PM] Message  || User: not_d3fault_1420    || Channel: #pictures-of-the-cats                || Content: bro is on a quest
[11/21/2025 02:49:39.030 PM] Action   || Name: image_intake        || Trigger: channel=551084964318543904           || Output: rows=1
[11/21/2025 02:49:52.718 PM] React+   || User: nostalgicsapphic    || Channel: #purrley-pawsitive-pussy-pals        || emoji=😭; msg="today is bad day" by a1darek
[11/21/2025 02:49:54.284 PM] React+   || User: nostalgicsapphic    || Channel: #purrley-pawsitive-pussy-pals        || emoji=😭; msg="veg said no" by a1darek
[11/21/2025 02:50:43.929 PM] React-   || User: unknown             || Channel: #pictures-of-the-cats                || emoji=😭; msg="i can feel her very subtly purring yhis ..." by racerdg
[11/21/2025 02:50:46.929 PM] React+   || User: not_d3fault_1420    || Channel: #pictures-of-the-cats                || emoji=❤️; msg="i can feel her very subtly purring yhis ..." by racerdg
[11/21/2025 03:03:37.841 PM] Message  || User: a1darek             || Channel: #purrley-pawsitive-pussy-pals        || Content: mfw er clinic that promotes themselves for learning doesnt wanna tak...
[11/21/2025 03:03:56.757 PM] Message  || User: a1darek             || Channel: #purrley-pawsitive-pussy-pals        || Content: anyways time to reapply everywhere!
[11/21/2025 03:05:04.280 PM] Message  || User: ludavis             || Channel: #yapper-committee                    || Content: All good
[11/21/2025 03:07:48.300 PM] Message  || User: not_d3fault_1420    || Channel: #pictures-of-the-cats                || Content: (no text; attachments=1)
[11/21/2025 03:07:50.017 PM] Action   || Name: image_intake        || Trigger: channel=551084964318543904           || Output: rows=1
[11/21/2025 03:21:46.647 PM] Message  || User: not_d3fault_1420    || Channel: #pictures-of-the-cats                || Content: beeeeeg stretch
[11/21/2025 03:21:47.677 PM] Action   || Name: image_intake        || Trigger: channel=551084964318543904           || Output: rows=1
[11/21/2025 03:23:58.717 PM] Message  || User: _costco_wholesale_  || Channel: #pictures-of-the-cats                || Content: THEYRE SO PRETTY
[11/21/2025 03:24:08.583 PM] React+   || User: _costco_wholesale_  || Channel: #pictures-of-the-cats                || emoji=❤️; msg="citlali" by adeyumii
[11/21/2025 03:24:10.994 PM] React+   || User: _costco_wholesale_  || Channel: #pictures-of-the-cats                || emoji=❤️; msg="@Atlas ᓚᘏᗢ @e l u s i v e" by adeyumii
[11/21/2025 03:24:48.049 PM] React+   || User: _costco_wholesale_  || Channel: #yapper-committee                    || emoji=❤️; msg="wtf i thought i lost these but i just fo..." by racerdg
[11/21/2025 03:37:04.268 PM] React+   || User: simplyshadow171295  || Channel: #pictures-of-the-cats                || emoji=❤️; msg="@Atlas ᓚᘏᗢ @e l u s i v e" by adeyumii
[11/21/2025 03:37:07.358 PM] Message  || User: bubblebee5866       || Channel: #feeding-team                        || Content: Ah sorry bout that~
[11/21/2025 03:37:08.188 PM] Message  || User: bubblebee5866       || Channel: #feeding-team                        || Content: I think microwave threw up a but, tried to clean it up with some tis...
[11/21/2025 03:39:14.419 PM] Edit     || User: bubblebee5866       || Channel: #feeding-team                        || I think microwave threw up a but, tried to clean it up with some tissues -> I...
[11/21/2025 03:44:56.901 PM] Message  || User: bubblebee5866       || Channel: #feeding-team                        || Content: Snickers fed and watered
[11/21/2025 03:44:56.907 PM] Intent   || feed_update               ||                                               || station=Snickers; dates=['2025-11-21']
[11/21/2025 03:44:56.908 PM] Action   || Name: feed_update_ignored || Trigger: station=Snickers                     || Output: channel_blocked:643586809166561310
[11/21/2025 03:45:33.312 PM] Message  || User: simplyshadow171295  || Channel: #pictures-of-the-cats                || Content: THE BABIES
[11/21/2025 03:45:34.328 PM] Message  || User: racerdg             || Channel: #feeding-team                        || Content: can u bring the water jug to business
[11/21/2025 03:47:40.553 PM] Message  || User: baseketballin       || Channel: #feeding-team                        || Content: can i take it after pls 🙏
[11/21/2025 03:49:01.291 PM] Message  || User: racerdg             || Channel: #feeding-team                        || Content: actually im just gonna fill the bowl with a water fountain
[11/21/2025 03:49:01.302 PM] Intent   || feed_update               ||                                               || station=Greens; dates=['2025-11-21']
[11/21/2025 03:49:01.302 PM] Action   || Name: feed_update_ignored || Trigger: station=Greens                       || Output: channel_blocked:643586809166561310
[11/21/2025 03:49:07.597 PM] Message  || User: baseketballin       || Channel: #feeding-team                        || Content: jk got it
[11/21/2025 03:49:25.109 PM] Edit     || User: baseketballin       || Channel: #feeding-team                        || jk got it -> jk i got it
[11/21/2025 03:53:44.034 PM] Message  || User: racerdg             || Channel: #feeding-team                        || Content: business fed
[11/21/2025 03:53:44.034 PM] Intent   || feed_update               ||                                               || station=Business; dates=['2025-11-21']
[11/21/2025 03:53:44.040 PM] Action   || Name: feed_update_ignored || Trigger: station=Business                     || Output: channel_blocked:643586809166561310
[11/21/2025 03:54:56.309 PM] React+   || User: simplyshadow171295  || Channel: #yapper-committee                    || emoji=❤️; msg="wtf i thought i lost these but i just fo..." by racerdg
[11/21/2025 03:56:24.530 PM] React+   || User: _rambone_           || Channel: #purrley-pawsitive-pussy-pals        || emoji=😭; msg="today is bad day" by a1darek
[11/21/2025 03:56:24.755 PM] React+   || User: _rambone_           || Channel: #purrley-pawsitive-pussy-pals        || emoji=😭; msg="veg said no" by a1darek
[11/21/2025 03:59:53.150 PM] React+   || User: slayc127            || Channel: #purrley-pawsitive-pussy-pals        || emoji=😭; msg="today is bad day" by a1darek
[11/21/2025 03:59:53.817 PM] React+   || User: slayc127            || Channel: #purrley-pawsitive-pussy-pals        || emoji=😭; msg="veg said no" by a1darek
[11/21/2025 04:02:41.608 PM] Message  || User: m_digio             || Channel: #external-promotions                 || Content: For all yall engineering majors
[11/21/2025 04:03:14.621 PM] Message  || User: m_digio             || Channel: #external-promotions                 || Content: Food is provided (i js made two dozen cinnamon rolls + getting costc...
[11/21/2025 04:03:26.793 PM] Message  || User: slayc127            || Channel: #purrley-pawsitive-pussy-pals        || Content: https://tenor.com/view/life-inspirational-quotes-inspirational-quote...
[11/21/2025 04:03:27.051 PM] Edit     || User: slayc127            || Channel: #purrley-pawsitive-pussy-pals        || https://tenor.com/view/life-inspirational-quotes-inspirational-quotes-for-wom...
[11/21/2025 04:03:29.661 PM] Message  || User: slayc127            || Channel: #purrley-pawsitive-pussy-pals        || Content: sorry derek
[11/21/2025 04:04:42.576 PM] Message  || User: baseketballin       || Channel: #feeding-team                        || Content: maintenance fed
[11/21/2025 04:04:42.580 PM] Intent   || feed_update               ||                                               || station=Maintenance; dates=['2025-11-21']
[11/21/2025 04:04:42.580 PM] Action   || Name: feed_update_ignored || Trigger: station=Maintenance                  || Output: channel_blocked:643586809166561310
[11/21/2025 04:05:41.482 PM] Message  || User: baseketballin       || Channel: #feeding-team                        || Content: does anyone need the water jug before 5 ? i might stop by somewhere ...
[11/21/2025 04:06:01.500 PM] Message  || User: slayc127            || Channel: #yapper-committee                    || Content: guys idgaf anymore
[11/21/2025 04:06:02.741 PM] Message  || User: mochenoch           || Channel: #yapper-committee                    || Content: I got Nivea
[11/21/2025 04:06:17.624 PM] Message  || User: slayc127            || Channel: #yapper-committee                    || Content: senior symposium was great i just got such insane academic validatio...
[11/21/2025 04:08:43.016 PM] Message  || User: mochenoch           || Channel: #external-promotions                 || Content: What games and can I go as a non engineerings major
[11/21/2025 04:15:57.411 PM] Message  || User: celeryiscelery      || Channel: #yapper-committee                    || Content: gasp, lemme know how it works with your skin! really hoping you enjo...
[11/21/2025 04:21:58.628 PM] React+   || User: bubblebee5866       || Channel: #pictures-of-the-cats                || emoji=❤️; msg="beeeeeg stretch" by not_d3fault_1420
[11/21/2025 04:24:12.127 PM] React+   || User: bubblebee5866       || Channel: #pet-pictures                        || emoji=🐙; msg=1441153428851265697
[11/21/2025 04:36:09.841 PM] Message  || User: m_digio             || Channel: #external-promotions                 || Content: I say sure
[11/21/2025 04:36:28.560 PM] Message  || User: m_digio             || Channel: #external-promotions                 || Content: And tons of card/board games and jackbox!!
[11/21/2025 04:41:24.390 PM] Message  || User: ludavis             || Channel: #pictures-of-the-cats                || Content: (no text; attachments=1)
[11/21/2025 04:41:25.317 PM] Action   || Name: image_intake        || Trigger: channel=551084964318543904           || Output: rows=1
[11/21/2025 04:43:06.430 PM] React+   || User: bubblebee5866       || Channel: #pictures-of-the-cats                || emoji=❤️; msg=1441559152500408443
[11/21/2025 04:43:09.722 PM] Message  || User: a1darek             || Channel: #purrley-pawsitive-pussy-pals        || Content: tis okay
[11/21/2025 04:43:15.341 PM] Message  || User: a1darek             || Channel: #purrley-pawsitive-pussy-pals        || Content: It's not the end of the world
[11/21/2025 04:45:37.559 PM] Message  || User: a1darek             || Channel: #purrley-pawsitive-pussy-pals        || Content: I am genuinely not trying to sound salty but if there's anything so ...
[11/21/2025 04:45:58.501 PM] Message  || User: a1darek             || Channel: #purrley-pawsitive-pussy-pals        || Content: and it's not even the doctors dude doctors love teaching people (at ...
[11/21/2025 04:49:55.106 PM] Message  || User: racerdg             || Channel: #pictures-of-the-cats                || Content: lot fity
[11/21/2025 04:53:39.680 PM] Message  || User: adeyumii            || Channel: #bot-spam                            || Content: meow
[11/21/2025 04:53:40.009 PM] Action   || Name: handle_misc         || Trigger: trigger=meow                         || Output: meow!
[11/21/2025 04:53:44.552 PM] Message  || User: adeyumii            || Channel: #bot-spam                            || Content: why is tomcat asake
[11/21/2025 04:53:46.068 PM] Message  || User: adeyumii            || Channel: #bot-spam                            || Content: awake
[11/21/2025 04:53:52.048 PM] Message  || User: adeyumii            || Channel: #bot-spam                            || Content: tomcat show me boots
[11/21/2025 04:53:52.051 PM] Intent   || show_photo                ||                                               || cat=Boots
[11/21/2025 04:53:57.565 PM] Action   || Name: show_cache_downl... || Trigger: https://drive.google.com/uc?expor... || Output: sn=4710 attempt=1 size=1498084
[11/21/2025 04:53:58.712 PM] Message  || User: adeyumii            || Channel: #bot-spam                            || Content: okay so he only wants to meow?
[11/21/2025 04:53:58.958 PM] Action   || Name: handle_misc         || Trigger: trigger=meow                         || Output: meow meow
[11/21/2025 04:53:59.951 PM] Message  || User: adeyumii            || Channel: #bot-spam                            || Content: Ohhh
[11/21/2025 04:54:09.339 PM] Action   || Name: show_cache_downl... || Trigger: https://drive.google.com/uc?expor... || Output: sn=5431 attempt=1 size=690389
[11/21/2025 05:01:52.651 PM] React+   || User: slayc127            || Channel: #purrley-pawsitive-pussy-pals        || emoji=❤️; msg="I am genuinely not trying to sound salty..." by a1darek
[11/21/2025 05:01:54.701 PM] React+   || User: slayc127            || Channel: #purrley-pawsitive-pussy-pals        || emoji=❤️; msg="and it's not even the doctors dude docto..." by a1darek
[11/21/2025 05:06:20.443 PM] React+   || User: simplyshadow171295  || Channel: #pictures-of-the-cats                || emoji=❤️; msg=1441559152500408443
[11/21/2025 05:08:46.307 PM] React+   || User: austinbaustinb      || Channel: #purrley-pawsitive-pussy-pals        || emoji=‼️; msg="I am genuinely not trying to sound salty..." by a1darek
[11/21/2025 05:09:03.251 PM] Message  || User: austinbaustinb      || Channel: #purrley-pawsitive-pussy-pals        || Content: Literally like such a big issue with so many industries rn
[11/21/2025 05:09:29.774 PM] Message  || User: austinbaustinb      || Channel: #purrley-pawsitive-pussy-pals        || Content: All the administrator people think their company is the exception, t...
[11/21/2025 05:09:50.146 PM] Message  || User: austinbaustinb      || Channel: #purrley-pawsitive-pussy-pals        || Content: Like cmon brah
[11/21/2025 05:09:55.475 PM] Message  || User: austinbaustinb      || Channel: #purrley-pawsitive-pussy-pals        || Content: I promise ur startup ain’t all that
[11/21/2025 05:10:52.761 PM] Message  || User: adeyumii            || Channel: #itty-bitty-kitty-commitee           || Content: @e l u s i v e go to the church
[11/21/2025 05:11:00.090 PM] Message  || User: adeyumii            || Channel: #itty-bitty-kitty-commitee           || Content: We are running to the church now to release
[11/21/2025 05:11:23.484 PM] React+   || User: _costco_wholesale_  || Channel: #itty-bitty-kitty-commitee           || emoji=🫡; msg="@e l u s i v e go to the church" by adeyumii
[11/21/2025 05:11:42.272 PM] Message  || User: _costco_wholesale_  || Channel: #pictures-of-the-cats                || Content: (no text; attachments=3)
[11/21/2025 05:11:43.244 PM] Action   || Name: image_intake        || Trigger: channel=551084964318543904           || Output: rows=3
[11/21/2025 05:15:39.247 PM] Message  || User: _costco_wholesale_  || Channel: #pictures-of-the-cats                || Content: she accidentally dipped her toes in a puddle
[11/21/2025 05:15:40.095 PM] Action   || Name: image_intake        || Trigger: channel=551084964318543904           || Output: rows=1
[11/21/2025 05:17:01.610 PM] React+   || User: .bettercalljack     || Channel: #pictures-of-the-cats                || emoji=❤️; msg="beeeeeg stretch" by not_d3fault_1420
[11/21/2025 05:17:15.642 PM] React+   || User: .bettercalljack     || Channel: #yapper-committee                    || emoji=❤️; msg="wtf i thought i lost these but i just fo..." by racerdg
[11/21/2025 05:19:29.319 PM] Message  || User: _costco_wholesale_  || Channel: #pictures-of-the-cats                || Content: mazatl and ahua are in the bush
[11/21/2025 05:19:58.331 PM] React+   || User: simplyshadow171295  || Channel: #pictures-of-the-cats                || emoji=😭; msg="she accidentally dipped her toes in a pu..." by _costco_wholesale_
[11/21/2025 05:20:03.248 PM] Message  || User: simplyshadow171295  || Channel: #pictures-of-the-cats                || Content: awww
[11/21/2025 05:22:52.591 PM] React+   || User: kitadan             || Channel: #pictures-of-the-cats                || emoji=❤️; msg=1441559152500408443
[11/21/2025 05:23:12.690 PM] React+   || User: kitadan             || Channel: #pictures-of-the-cats                || emoji=😭; msg="she accidentally dipped her toes in a pu..." by _costco_wholesale_
[11/21/2025 05:24:37.854 PM] Message  || User: racerdg             || Channel: #bot-spam                            || Content: tomcat show me mr stinky
[11/21/2025 05:24:37.854 PM] Intent   || show_photo                ||                                               || cat=Mr Stinky
[11/21/2025 05:24:40.941 PM] Action   || Name: show_cache_downl... || Trigger: https://drive.google.com/uc?expor... || Output: sn=4089 attempt=1 size=1601496
[11/21/2025 05:24:45.571 PM] Action   || Name: show_cache_downl... || Trigger: https://drive.google.com/uc?expor... || Output: sn=0442 attempt=1 size=1533076
[11/21/2025 05:24:47.848 PM] Action   || Name: show_cache_downl... || Trigger: https://drive.google.com/uc?expor... || Output: sn=3378 attempt=1 size=226969
[11/21/2025 05:24:50.235 PM] Action   || Name: show_cache_downl... || Trigger: https://drive.google.com/uc?expor... || Output: sn=0440 attempt=1 size=675002
[11/21/2025 05:24:55.044 PM] Action   || Name: show_cache_downl... || Trigger: https://drive.google.com/uc?expor... || Output: sn=0430 attempt=1 size=6705367
[11/21/2025 05:25:04.046 PM] Action   || Name: show_cache_downl... || Trigger: https://drive.google.com/uc?expor... || Output: sn=4546 attempt=1 size=738993
[11/21/2025 05:25:07.796 PM] Action   || Name: show_cache_downl... || Trigger: https://drive.google.com/uc?expor... || Output: sn=4560 attempt=1 size=863087
[11/21/2025 05:28:00.353 PM] React+   || User: slayc127            || Channel: #pictures-of-the-cats                || emoji=😭; msg="she accidentally dipped her toes in a pu..." by _costco_wholesale_
[11/21/2025 05:30:07.415 PM] Message  || User: _costco_wholesale_  || Channel: #pictures-of-the-cats                || Content: mayatl and thali are here too
[11/21/2025 05:31:04.978 PM] Message  || User: _costco_wholesale_  || Channel: #pictures-of-the-cats                || Content: (no text; attachments=1)
[11/21/2025 05:31:05.841 PM] Action   || Name: image_intake        || Trigger: channel=551084964318543904           || Output: rows=1
[11/21/2025 05:31:19.154 PM] Message  || User: _costco_wholesale_  || Channel: #pictures-of-the-cats                || Content: (no text; attachments=1)
[11/21/2025 05:31:19.713 PM] Action   || Name: image_intake        || Trigger: channel=551084964318543904           || Output: rows=1
[11/21/2025 05:31:35.640 PM] Message  || User: _costco_wholesale_  || Channel: #pictures-of-the-cats                || Content: @𓃠 miranda 𓃠 it was water dripping not a cat in the bush 😔
[11/21/2025 05:31:56.173 PM] Message  || User: adeyumii            || Channel: #pictures-of-the-cats                || Content: 😆
[11/21/2025 05:32:08.751 PM] Message  || User: _costco_wholesale_  || Channel: #pictures-of-the-cats                || Content: coatl
[11/21/2025 05:32:09.403 PM] Action   || Name: image_intake        || Trigger: channel=551084964318543904           || Output: rows=1
[11/21/2025 05:37:41.851 PM] Message  || User: austinbaustinb      || Channel: #bot-spam                            || Content: That ain’t him ‼️‼️
[11/21/2025 05:41:42.648 PM] Message  || User: _costco_wholesale_  || Channel: #pictures-of-the-cats                || Content: WAIT THATS CITLALI
[11/21/2025 05:41:58.908 PM] Message  || User: adeyumii            || Channel: #pictures-of-the-cats                || Content: it looks like citlali
[11/21/2025 05:42:22.788 PM] React+   || User: _costco_wholesale_  || Channel: #pictures-of-the-cats                || emoji=👍; msg="it looks like citlali" by adeyumii
[11/21/2025 05:43:17.744 PM] Message  || User: _costco_wholesale_  || Channel: #pictures-of-the-cats                || Content: (no text; attachments=1)
[11/21/2025 05:43:18.834 PM] Action   || Name: image_intake        || Trigger: channel=551084964318543904           || Output: rows=1
[11/21/2025 05:43:38.385 PM] Message  || User: _costco_wholesale_  || Channel: #pictures-of-the-cats                || Content: she nom
[11/21/2025 05:43:39.220 PM] Action   || Name: image_intake        || Trigger: channel=551084964318543904           || Output: rows=1
[11/21/2025 05:47:54.529 PM] Message  || User: _costco_wholesale_  || Channel: #pictures-of-the-cats                || Content: (no text; attachments=1)
[11/21/2025 05:47:55.326 PM] Action   || Name: image_intake        || Trigger: channel=551084964318543904           || Output: rows=1
[11/21/2025 05:49:08.176 PM] Message  || User: ludavis             || Channel: #pictures-of-the-cats                || Content: (no text; attachments=1)
[11/21/2025 05:49:08.893 PM] Action   || Name: image_intake        || Trigger: channel=551084964318543904           || Output: rows=1
[11/21/2025 05:49:42.208 PM] Message  || User: _costco_wholesale_  || Channel: #pictures-of-the-cats                || Content: coatls actually here now
[11/21/2025 05:49:47.557 PM] React+   || User: _costco_wholesale_  || Channel: #pictures-of-the-cats                || emoji=❤️; msg=1441576196897902605
[11/21/2025 05:52:39.791 PM] Message  || User: _costco_wholesale_  || Channel: #pictures-of-the-cats                || Content: @kazius [membership+fundraising] itzili
[11/21/2025 05:52:40.614 PM] Action   || Name: image_intake        || Trigger: channel=551084964318543904           || Output: rows=3
[11/21/2025 05:52:52.400 PM] Edit     || User: _costco_wholesale_  || Channel: #pictures-of-the-cats                || @kazius [membership+fundraising] itzili -> @kazius [membership+fundraising] i...
[11/21/2025 05:53:01.653 PM] Message  || User: slayc127            || Channel: #pictures-of-the-cats                || Content: YARGH
[11/21/2025 05:53:03.531 PM] Message  || User: slayc127            || Channel: #pictures-of-the-cats                || Content: she will be MINE
[11/21/2025 05:53:03.578 PM] Message  || User: _costco_wholesale_  || Channel: #pictures-of-the-cats                || Content: there’s so much crunching
[11/21/2025 05:53:09.886 PM] React+   || User: slayc127            || Channel: #pictures-of-the-cats                || emoji=😆; msg="there’s so much crunching" by _costco_wholesale_
[11/21/2025 05:53:28.774 PM] Message  || User: _costco_wholesale_  || Channel: #pictures-of-the-cats                || Content: insane asmr should’ve stole atlas’s mike
[11/21/2025 05:54:26.249 PM] React+   || User: simplyshadow171295  || Channel: #pictures-of-the-cats                || emoji=😆; msg="there’s so much crunching" by _costco_wholesale_
[11/21/2025 05:54:30.374 PM] Message  || User: simplyshadow171295  || Channel: #pictures-of-the-cats                || Content: smh my head
[11/21/2025 05:54:45.548 PM] Message  || User: simplyshadow171295  || Channel: #pictures-of-the-cats                || Content: you’d let mayatl have it wouldn’t you
[11/21/2025 05:55:10.298 PM] Message  || User: simplyshadow171295  || Channel: #pictures-of-the-cats                || Content: and zero tlalli picture???
[11/21/2025 05:55:28.208 PM] Message  || User: simplyshadow171295  || Channel: #bot-spam                            || Content: i’m WORKIN on it /silly
[11/21/2025 05:56:04.593 PM] Message  || User: _costco_wholesale_  || Channel: #pictures-of-the-cats                || Content: .
[11/21/2025 05:56:13.369 PM] Message  || User: _costco_wholesale_  || Channel: #pictures-of-the-cats                || Content: would’ve given it to itzli
[11/21/2025 05:56:41.661 PM] Message  || User: _costco_wholesale_  || Channel: #pictures-of-the-cats                || Content: lost him to the jungle
[11/21/2025 05:56:46.813 PM] React+   || User: simplyshadow171295  || Channel: #pictures-of-the-cats                || emoji=😭; msg="would’ve given it to itzli" by _costco_wholesale_
[11/21/2025 05:56:52.154 PM] React+   || User: simplyshadow171295  || Channel: #pictures-of-the-cats                || emoji=😔; msg="lost him to the jungle" by _costco_wholesale_
[11/21/2025 06:00:05.969 PM] Message  || User: a1darek             || Channel: #purrley-pawsitive-pussy-pals        || Content: It's genuienely so fucking stupid
[11/21/2025 06:00:12.155 PM] Message  || User: a1darek             || Channel: #purrley-pawsitive-pussy-pals        || Content: gggggrrrrrrrrrr
[11/21/2025 06:04:09.216 PM] Online   || User: Tom Cat#8337        || Guilds: 2                                    
[11/21/2025 06:04:10.275 PM] Health   || Component: image_tab      || Status: ok                                    || channel_id=551084964318543904 tab=TCBPicsInput
[11/21/2025 06:04:10.992 PM] Health   || Component: image_tab      || Status: ok                                    || channel_id=639882573199441930 tab=TCBPicsInput
[11/21/2025 06:04:11.676 PM] Health   || Component: image_tab      || Status: ok                                    || channel_id=1341696618688286720 tab=TCBPicsInput
[11/21/2025 06:04:12.616 PM] Health   || Component: image_tab      || Status: ok                                    || channel_id=1344745306620694558 tab=TCBVetBillInput
[11/21/2025 06:04:12.999 PM] Health   || Component: feeding_tab    || Status: ok                                   
[11/21/2025 06:04:13.431 PM] Action   || Name: feeding_scheduler   || Trigger: already_started                      || Output: skipped
[11/21/2025 06:04:34.735 PM] Action   || Name: gmail_auth_url      || Trigger:                                      || Output: https://accounts.google.com/o/oauth2/auth?response_type=code&client_i...
[11/21/2025 06:04:34.735 PM] Action   || Name: gmail_log_scheduler || Trigger: auth                                 || Output: pending
[11/21/2025 06:07:53.676 PM] Message  || User: ludavis             || Channel: #pictures-of-the-cats                || Content: Objectively cutest cat on campus. Sorry I dont make the rules
[11/21/2025 06:08:37.796 PM] Message  || User: _costco_wholesale_  || Channel: #pictures-of-the-cats                || Content: (no text; attachments=1)
[11/21/2025 06:08:45.037 PM] React+   || User: austinbaustinb      || Channel: #bot-spam                            || emoji=❤️; msg="i’m WORKIN on it /silly" by simplyshadow171295
[11/21/2025 06:09:02.754 PM] Message  || User: austinbaustinb      || Channel: #bot-spam                            || Content: First thousand photos shouldn't count, we didnt know what we were do...
[11/21/2025 06:09:08.343 PM] Message  || User: austinbaustinb      || Channel: #bot-spam                            || Content: surprising it was that good
[11/21/2025 06:09:38.737 PM] React+   || User: .bettercalljack     || Channel: #pictures-of-the-cats                || emoji=❤️; msg=1441576196897902605
[11/21/2025 06:09:49.731 PM] Message  || User: austinbaustinb      || Channel: #thomas-cat-sandbox                  || Content: TomCat, auth url http://localhost:8765/?state=sozqvMS9eZXtgT9VTdOw0n...
[11/21/2025 06:09:49.740 PM] Intent   || gmail_auth_code           ||                                              
[11/21/2025 06:09:50.008 PM] Action   || Name: gmail_auth_complete || Trigger: by=624440365595754496                || Output: ok
[11/21/2025 06:09:58.002 PM] Message  || User: austinbaustinb      || Channel: #thomas-cat-sandbox                  || Content: tomcat log the past 100 emaikls
[11/21/2025 06:10:03.721 PM] Message  || User: austinbaustinb      || Channel: #thomas-cat-sandbox                  || Content: tomcat log the past 100 emails
[11/21/2025 06:10:03.723 PM] Intent   || gmail_log_recent          ||                                              
[11/21/2025 06:10:03.723 PM] Action   || Name: intent_dispatch     || Trigger: type=gmail_log_recent msg=1441581... || Output: begin
[11/21/2025 06:10:03.725 PM] Action   || Name: gmail_log_manual... || Trigger: req=100                              || Output: ch=1341696618688286720
[11/21/2025 06:10:04.149 PM] Action   || Name: gmail_log_manual... || Trigger: msg=1441581464348004383              || Output: +1
[11/21/2025 06:10:04.149 PM] Action   || Name: gmail_log_manual... || Trigger: req=100                              || Output: acquired
[11/21/2025 06:10:04.740 PM] Action   || Name: gmail_log_manual... || Trigger: req=100                              || Output: found=100
[11/21/2025 06:10:05.431 PM] Action   || Name: gmail_log_manual    || Trigger: req=100                              || Output: logged=2; skipped=0
[11/21/2025 06:10:05.669 PM] Action   || Name: finance_skip_dup... || Trigger: buffer                               || Output: Sophia Herrera $6.00 on 2025-08-26
[11/21/2025 06:10:05.671 PM] Action   || Name: finance_skip_dup... || Trigger: buffer                               || Output: Axel Torres $24.25 on 2025-08-22
[11/21/2025 06:10:05.673 PM] Action   || Name: finance_skip_dup... || Trigger: buffer                               || Output: Megan Digiovanni $47.62 on 2025-08-26
[11/21/2025 06:10:05.673 PM] Action   || Name: finance_skip_dup... || Trigger: buffer                               || Output: M. Padron $20.00 on 2025-08-26
[11/21/2025 06:10:05.675 PM] Action   || Name: finance_skip_dup... || Trigger: buffer                               || Output: Sophia Herrera $6.00 on 2025-08-26
[11/21/2025 06:10:05.676 PM] Action   || Name: finance_skip_dup... || Trigger: buffer                               || Output: Addison Loera $8.00 on 2025-08-26
[11/21/2025 06:10:05.676 PM] Action   || Name: finance_skip_dup... || Trigger: buffer                               || Output: Amber Thomas $5.00 on 2025-08-26
[11/21/2025 06:10:05.678 PM] Action   || Name: finance_skip_dup... || Trigger: buffer                               || Output: Jordin Baylee $5.00 on 2025-08-26
[11/21/2025 06:10:05.678 PM] Action   || Name: finance_skip_dup... || Trigger: buffer                               || Output: Kathleen Cantu $1.00 on 2025-08-26
[11/21/2025 06:10:05.680 PM] Action   || Name: finance_skip_dup... || Trigger: buffer                               || Output: Amber Thomas $3.00 on 2025-08-26
[11/21/2025 06:10:05.681 PM] Action   || Name: finance_skip_dup... || Trigger: buffer                               || Output: Rob Jimenez $3.00 on 2025-08-26
[11/21/2025 06:10:05.681 PM] Action   || Name: finance_skip_dup... || Trigger: buffer                               || Output: Daniel Brantley $3.00 on 2025-08-26
[11/21/2025 06:10:05.683 PM] Action   || Name: finance_skip_dup... || Trigger: buffer                               || Output: Isabella Klein $9.70 on 2025-08-26
[11/21/2025 06:10:05.683 PM] Action   || Name: finance_skip_dup... || Trigger: buffer                               || Output: Wix $25.98 on 2025-08-26
[11/21/2025 06:10:05.683 PM] Action   || Name: finance_skip_dup... || Trigger: buffer                               || Output: Nelda Hernandez $2.00 on 2025-08-26
[11/21/2025 06:10:05.686 PM] Action   || Name: finance_skip_dup... || Trigger: buffer                               || Output: Troy Broome $1.00 on 2025-08-26
[11/21/2025 06:10:05.686 PM] Action   || Name: finance_skip_dup... || Trigger: buffer                               || Output: Div Bits $2.00 on 2025-08-26
[11/21/2025 06:10:05.688 PM] Action   || Name: finance_skip_dup... || Trigger: buffer                               || Output: Jacob Sandoval $1.00 on 2025-08-26
[11/21/2025 06:10:05.688 PM] Action   || Name: finance_skip_dup... || Trigger: buffer                               || Output: Aubrey Cunningham $10.00 on 2025-08-26
[11/21/2025 06:10:05.690 PM] Action   || Name: finance_skip_dup... || Trigger: buffer                               || Output: Maxwell Preston $5.00 on 2025-08-26
[11/21/2025 06:10:05.692 PM] Action   || Name: finance_skip_dup... || Trigger: buffer                               || Output: Sophia Herrera $6.00 on 2025-08-26
[11/21/2025 06:10:05.692 PM] Action   || Name: finance_skip_dup... || Trigger: buffer                               || Output: Derek Fuentes $25.98 on 2025-08-26
[11/21/2025 06:10:05.694 PM] Action   || Name: finance_skip_dup... || Trigger: buffer                               || Output: Miguel V $5.00 on 2025-08-26
[11/21/2025 06:10:05.694 PM] Action   || Name: finance_skip_dup... || Trigger: buffer                               || Output: Nelda Hernandez $3.00 on 2025-08-26
[11/21/2025 06:10:05.694 PM] Action   || Name: finance_skip_dup... || Trigger: buffer                               || Output: Megan Digiovanni $130.00 on 2025-08-26
[11/21/2025 06:10:05.696 PM] Action   || Name: finance_skip_dup... || Trigger: buffer                               || Output: Pedro Savala $5.00 on 2025-08-27
[11/21/2025 06:10:05.697 PM] Action   || Name: finance_skip_dup... || Trigger: buffer                               || Output: Jonathan Mcgeever $5.00 on 2025-08-27
[11/21/2025 06:10:05.697 PM] Action   || Name: finance_skip_dup... || Trigger: buffer                               || Output: Py Store Here Pantego $54.00 on 2025-08-20
[11/21/2025 06:10:05.699 PM] Action   || Name: finance_skip_dup... || Trigger: buffer                               || Output: Megan Digiovanni $74.92 on 2025-07-30
[11/21/2025 06:10:05.699 PM] Action   || Name: finance_skip_dup... || Trigger: buffer                               || Output: Cassandra Nelson $7.00 on 2025-11-04
[11/21/2025 06:10:08.019 PM] Action   || Name: finance_skip_dup... || Trigger: kind=income                          || Output: Cynthia griffith $10.00 on 2025-04-16
[11/21/2025 06:10:08.019 PM] Action   || Name: finance_skip_dup... || Trigger: kind=income                          || Output: Caleb Moran $4.00 on 2025-04-16
[11/21/2025 06:10:08.019 PM] Action   || Name: finance_skip_dup... || Trigger: kind=income                          || Output: Alberto $6.00 on 2025-04-16
[11/21/2025 06:10:08.025 PM] Action   || Name: finance_skip_dup... || Trigger: kind=income                          || Output: Jacob Sandoval $2.91 on 2025-04-16
[11/21/2025 06:10:08.025 PM] Action   || Name: finance_skip_dup... || Trigger: kind=income                          || Output: tay $5.00 on 2025-04-16
[11/21/2025 06:10:08.025 PM] Action   || Name: finance_skip_dup... || Trigger: kind=income                          || Output: Nelda Hernandez $2.00 on 2025-04-16
[11/21/2025 06:10:08.025 PM] Action   || Name: finance_skip_dup... || Trigger: kind=income                          || Output: Maria Olds $10.00 on 2025-04-16
[11/21/2025 06:10:08.025 PM] Action   || Name: finance_skip_dup... || Trigger: kind=income                          || Output: Mario Rodriguez $3.00 on 2025-04-16
[11/21/2025 06:10:08.025 PM] Action   || Name: finance_skip_dup... || Trigger: kind=income                          || Output: Elisha Taylor $5.00 on 2025-04-16
[11/21/2025 06:10:08.025 PM] Action   || Name: finance_skip_dup... || Trigger: kind=income                          || Output: Jacob Sandoval $3.00 on 2025-04-16
[11/21/2025 06:10:08.025 PM] Action   || Name: finance_skip_dup... || Trigger: kind=income                          || Output: Isabella Klein $9.70 on 2025-08-26
[11/21/2025 06:10:08.025 PM] Action   || Name: finance_skip_dup... || Trigger: kind=income                          || Output: Nelda Hernandez $2.00 on 2025-08-26
[11/21/2025 06:10:08.025 PM] Action   || Name: finance_skip_dup... || Trigger: kind=income                          || Output: Troy Broome $1.00 on 2025-08-26
[11/21/2025 06:10:08.025 PM] Action   || Name: finance_skip_dup... || Trigger: kind=income                          || Output: Div Bits $2.00 on 2025-08-26
[11/21/2025 06:10:08.036 PM] Action   || Name: finance_skip_dup... || Trigger: kind=income                          || Output: Jacob Sandoval $1.00 on 2025-08-26
[11/21/2025 06:10:08.036 PM] Action   || Name: finance_skip_dup... || Trigger: kind=income                          || Output: Aubrey Cunningham $10.00 on 2025-08-26
[11/21/2025 06:10:08.039 PM] Action   || Name: finance_skip_dup... || Trigger: kind=income                          || Output: Maxwell Preston $5.00 on 2025-08-26
[11/21/2025 06:10:08.040 PM] Action   || Name: finance_skip_dup... || Trigger: kind=income                          || Output: Sophia Herrera $6.00 on 2025-08-26
[11/21/2025 06:10:08.040 PM] Action   || Name: finance_skip_dup... || Trigger: kind=income                          || Output: Miguel V $5.00 on 2025-08-26
[11/21/2025 06:10:08.040 PM] Action   || Name: finance_skip_dup... || Trigger: kind=income                          || Output: Nelda Hernandez $3.00 on 2025-08-26
[11/21/2025 06:10:08.040 PM] Action   || Name: finance_skip_dup... || Trigger: kind=income                          || Output: Megan Digiovanni $130.00 on 2025-08-26
[11/21/2025 06:10:08.040 PM] Action   || Name: finance_skip_dup... || Trigger: kind=income                          || Output: Pedro Savala $5.00 on 2025-08-27
[11/21/2025 06:10:08.046 PM] Action   || Name: finance_skip_dup... || Trigger: kind=income                          || Output: Jonathan Mcgeever $5.00 on 2025-08-27
[11/21/2025 06:10:08.046 PM] Action   || Name: finance_skip_dup... || Trigger: kind=income                          || Output: Axel Torres $24.25 on 2025-08-22
[11/21/2025 06:10:08.048 PM] Action   || Name: finance_skip_dup... || Trigger: kind=income                          || Output: M. Padron $20.00 on 2025-08-26
[11/21/2025 06:10:08.049 PM] Action   || Name: finance_skip_dup... || Trigger: kind=income                          || Output: Addison Loera $8.00 on 2025-08-26
[11/21/2025 06:10:08.049 PM] Action   || Name: finance_skip_dup... || Trigger: kind=income                          || Output: Amber Thomas $5.00 on 2025-08-26
[11/21/2025 06:10:08.049 PM] Action   || Name: finance_skip_dup... || Trigger: kind=income                          || Output: Jordin Baylee $5.00 on 2025-08-26
[11/21/2025 06:10:08.052 PM] Action   || Name: finance_skip_dup... || Trigger: kind=income                          || Output: Kathleen Cantu $1.00 on 2025-08-26
[11/21/2025 06:10:08.052 PM] Action   || Name: finance_skip_dup... || Trigger: kind=income                          || Output: Amber Thomas $3.00 on 2025-08-26
[11/21/2025 06:10:08.052 PM] Action   || Name: finance_skip_dup... || Trigger: kind=income                          || Output: Rob Jimenez $3.00 on 2025-08-26
[11/21/2025 06:10:08.052 PM] Action   || Name: finance_skip_dup... || Trigger: kind=income                          || Output: Daniel Brantley $3.00 on 2025-08-26
[11/21/2025 06:10:08.052 PM] Action   || Name: finance_skip_dup... || Trigger: kind=income                          || Output: Cassandra Nelson $6.00 on 2025-11-04
[11/21/2025 06:10:08.056 PM] Action   || Name: finance_skip_dup... || Trigger: kind=income                          || Output: Kristyn Jackson $9.00 on 2025-10-22
[11/21/2025 06:10:08.056 PM] Action   || Name: finance_skip_dup... || Trigger: kind=income                          || Output: Victoria Elkins $5.00 on 2025-10-22
[11/21/2025 06:10:08.058 PM] Action   || Name: finance_skip_dup... || Trigger: kind=income                          || Output: Alexander  Martinez $3.00 on 2025-10-22
[11/21/2025 06:10:08.058 PM] Action   || Name: finance_skip_dup... || Trigger: kind=income                          || Output: Richa  Desai $6.00 on 2025-10-22
[11/21/2025 06:10:08.058 PM] Action   || Name: finance_skip_dup... || Trigger: kind=income                          || Output: Emily Lanham $6.00 on 2025-10-22
[11/21/2025 06:10:08.058 PM] Action   || Name: finance_skip_dup... || Trigger: kind=income                          || Output: Mariah Hall $3.00 on 2025-10-22
[11/21/2025 06:10:08.058 PM] Action   || Name: finance_skip_dup... || Trigger: kind=income                          || Output: Sophia Herrera $5.00 on 2025-10-22
[11/21/2025 06:10:08.058 PM] Action   || Name: finance_skip_dup... || Trigger: kind=income                          || Output: Kylie Crook $5.00 on 2025-09-16
[11/21/2025 06:10:09.196 PM] Action   || Name: finance_skip_dup... || Trigger: kind=expense                         || Output: Py Store Here Pantego $54.00 on 2025-04-20
[11/21/2025 06:10:09.196 PM] Action   || Name: finance_skip_dup... || Trigger: kind=expense                         || Output: j s $11.68 on 2025-04-22
[11/21/2025 06:10:09.196 PM] Action   || Name: finance_skip_dup... || Trigger: kind=expense                         || Output: Wix $25.98 on 2025-04-26
[11/21/2025 06:10:09.196 PM] Action   || Name: finance_skip_dup... || Trigger: kind=expense                         || Output: Wix $25.98 on 2025-08-26
[11/21/2025 06:10:09.196 PM] Action   || Name: finance_skip_dup... || Trigger: kind=expense                         || Output: Derek Fuentes $25.98 on 2025-08-26
[11/21/2025 06:10:09.196 PM] Action   || Name: finance_skip_dup... || Trigger: kind=expense                         || Output: Py Store Here Pantego $54.00 on 2025-08-20
[11/21/2025 06:10:09.204 PM] Action   || Name: finance_skip_dup... || Trigger: kind=expense                         || Output: Megan Digiovanni $47.62 on 2025-08-26
[11/21/2025 06:10:09.204 PM] Action   || Name: finance_skip_dup... || Trigger: kind=expense                         || Output: Megan Digiovanni $74.92 on 2025-07-30
[11/21/2025 06:10:09.205 PM] Action   || Name: finance_skip_dup... || Trigger: kind=expense                         || Output: Py Store Here Pantego $54.00 on 2025-05-20
[11/21/2025 06:10:09.206 PM] Action   || Name: finance_skip_dup... || Trigger: kind=expense                         || Output: Derek Fuentes $72.45 on 2025-05-23
[11/21/2025 06:10:09.206 PM] Action   || Name: finance_skip_dup... || Trigger: kind=expense                         || Output: Wix $25.98 on 2025-05-26
[11/21/2025 06:10:09.208 PM] Action   || Name: finance_skip_dup... || Trigger: kind=expense                         || Output: Megan Digiovanni $89.91 on 2025-10-05
[11/21/2025 06:10:09.208 PM] Action   || Name: finance_skip_dup... || Trigger: kind=expense                         || Output: Derek Fuentes $20.00 on 2025-09-10
[11/21/2025 06:10:10.021 PM] Action   || Name: intent_dispatch     || Trigger: type=gmail_log_recent msg=1441581... || Output: done count=100
[11/21/2025 06:10:10.353 PM] React-   || User: unknown             || Channel: #thomas-cat-sandbox                  || emoji=👍; msg="tomcat log the past 100 emails" by austinbaustinb
[11/21/2025 06:17:30.618 PM] Online   || User: Tom Cat#8337        || Guilds: 2                                    
[11/21/2025 06:17:31.928 PM] Health   || Component: image_tab      || Status: ok                                    || channel_id=551084964318543904 tab=TCBPicsInput
[11/21/2025 06:17:32.822 PM] Health   || Component: image_tab      || Status: ok                                    || channel_id=639882573199441930 tab=TCBPicsInput
[11/21/2025 06:17:33.802 PM] Health   || Component: image_tab      || Status: ok                                    || channel_id=1341696618688286720 tab=TCBPicsInput
[11/21/2025 06:17:34.712 PM] Health   || Component: image_tab      || Status: ok                                    || channel_id=1344745306620694558 tab=TCBVetBillInput
[11/21/2025 06:17:35.163 PM] Health   || Component: feeding_tab    || Status: ok                                   
[11/21/2025 06:17:35.759 PM] Action   || Name: feeding_scheduler   || Trigger: already_started                      || Output: skipped
[11/21/2025 06:17:36.570 PM] Action   || Name: gmail_log_scheduler || Trigger: found=1                              || Output: logged=0
[11/21/2025 06:17:36.615 PM] Action   || Name: finance_skip_dup... || Trigger: buffer                               || Output: Sophia Herrera $6.00 on 2025-08-26
[11/21/2025 06:17:36.619 PM] Action   || Name: finance_skip_dup... || Trigger: buffer                               || Output: Axel Torres $24.25 on 2025-08-22
[11/21/2025 06:17:36.619 PM] Action   || Name: finance_skip_dup... || Trigger: buffer                               || Output: Megan Digiovanni $47.62 on 2025-08-26
[11/21/2025 06:17:36.619 PM] Action   || Name: finance_skip_dup... || Trigger: buffer                               || Output: M. Padron $20.00 on 2025-08-26
[11/21/2025 06:17:36.622 PM] Action   || Name: finance_skip_dup... || Trigger: buffer                               || Output: Sophia Herrera $6.00 on 2025-08-26
[11/21/2025 06:17:36.622 PM] Action   || Name: finance_skip_dup... || Trigger: buffer                               || Output: Addison Loera $8.00 on 2025-08-26
[11/21/2025 06:17:36.624 PM] Action   || Name: finance_skip_dup... || Trigger: buffer                               || Output: Amber Thomas $5.00 on 2025-08-26
[11/21/2025 06:17:36.624 PM] Action   || Name: finance_skip_dup... || Trigger: buffer                               || Output: Jordin Baylee $5.00 on 2025-08-26
[11/21/2025 06:17:36.624 PM] Action   || Name: finance_skip_dup... || Trigger: buffer                               || Output: Kathleen Cantu $1.00 on 2025-08-26
[11/21/2025 06:17:36.624 PM] Action   || Name: finance_skip_dup... || Trigger: buffer                               || Output: Amber Thomas $3.00 on 2025-08-26
[11/21/2025 06:17:36.628 PM] Action   || Name: finance_skip_dup... || Trigger: buffer                               || Output: Rob Jimenez $3.00 on 2025-08-26
[11/21/2025 06:17:36.629 PM] Action   || Name: finance_skip_dup... || Trigger: buffer                               || Output: Daniel Brantley $3.00 on 2025-08-26
[11/21/2025 06:17:36.629 PM] Action   || Name: finance_skip_dup... || Trigger: buffer                               || Output: Isabella Klein $9.70 on 2025-08-26
[11/21/2025 06:17:36.629 PM] Action   || Name: finance_skip_dup... || Trigger: buffer                               || Output: Wix $25.98 on 2025-08-26
[11/21/2025 06:17:36.629 PM] Action   || Name: finance_skip_dup... || Trigger: buffer                               || Output: Nelda Hernandez $2.00 on 2025-08-26
[11/21/2025 06:17:36.629 PM] Action   || Name: finance_skip_dup... || Trigger: buffer                               || Output: Troy Broome $1.00 on 2025-08-26
[11/21/2025 06:17:36.629 PM] Action   || Name: finance_skip_dup... || Trigger: buffer                               || Output: Div Bits $2.00 on 2025-08-26
[11/21/2025 06:17:36.634 PM] Action   || Name: finance_skip_dup... || Trigger: buffer                               || Output: Jacob Sandoval $1.00 on 2025-08-26
[11/21/2025 06:17:36.634 PM] Action   || Name: finance_skip_dup... || Trigger: buffer                               || Output: Aubrey Cunningham $10.00 on 2025-08-26
[11/21/2025 06:17:36.636 PM] Action   || Name: finance_skip_dup... || Trigger: buffer                               || Output: Maxwell Preston $5.00 on 2025-08-26
[11/21/2025 06:17:36.636 PM] Action   || Name: finance_skip_dup... || Trigger: buffer                               || Output: Sophia Herrera $6.00 on 2025-08-26
[11/21/2025 06:17:36.636 PM] Action   || Name: finance_skip_dup... || Trigger: buffer                               || Output: Derek Fuentes $25.98 on 2025-08-26
[11/21/2025 06:17:36.639 PM] Action   || Name: finance_skip_dup... || Trigger: buffer                               || Output: Miguel V $5.00 on 2025-08-26
[11/21/2025 06:17:36.639 PM] Action   || Name: finance_skip_dup... || Trigger: buffer                               || Output: Nelda Hernandez $3.00 on 2025-08-26
[11/21/2025 06:17:36.639 PM] Action   || Name: finance_skip_dup... || Trigger: buffer                               || Output: Megan Digiovanni $130.00 on 2025-08-26
[11/21/2025 06:17:36.639 PM] Action   || Name: finance_skip_dup... || Trigger: buffer                               || Output: Pedro Savala $5.00 on 2025-08-27
[11/21/2025 06:17:36.639 PM] Action   || Name: finance_skip_dup... || Trigger: buffer                               || Output: Jonathan Mcgeever $5.00 on 2025-08-27
[11/21/2025 06:17:36.644 PM] Action   || Name: finance_skip_dup... || Trigger: buffer                               || Output: Py Store Here Pantego $54.00 on 2025-08-20
[11/21/2025 06:17:36.644 PM] Action   || Name: finance_skip_dup... || Trigger: buffer                               || Output: Megan Digiovanni $74.92 on 2025-07-30
[11/21/2025 06:17:36.644 PM] Action   || Name: finance_skip_dup... || Trigger: buffer                               || Output: Cassandra Nelson $7.00 on 2025-11-04
[11/21/2025 06:17:38.153 PM] Action   || Name: finance_skip_dup... || Trigger: kind=income                          || Output: Cynthia griffith $10.00 on 2025-04-16
[11/21/2025 06:17:38.153 PM] Action   || Name: finance_skip_dup... || Trigger: kind=income                          || Output: Caleb Moran $4.00 on 2025-04-16
[11/21/2025 06:17:38.153 PM] Action   || Name: finance_skip_dup... || Trigger: kind=income                          || Output: Alberto $6.00 on 2025-04-16
[11/21/2025 06:17:38.153 PM] Action   || Name: finance_skip_dup... || Trigger: kind=income                          || Output: Jacob Sandoval $2.91 on 2025-04-16
[11/21/2025 06:17:38.160 PM] Action   || Name: finance_skip_dup... || Trigger: kind=income                          || Output: tay $5.00 on 2025-04-16
[11/21/2025 06:17:38.161 PM] Action   || Name: finance_skip_dup... || Trigger: kind=income                          || Output: Nelda Hernandez $2.00 on 2025-04-16
[11/21/2025 06:17:38.161 PM] Action   || Name: finance_skip_dup... || Trigger: kind=income                          || Output: Maria Olds $10.00 on 2025-04-16
[11/21/2025 06:17:38.161 PM] Action   || Name: finance_skip_dup... || Trigger: kind=income                          || Output: Mario Rodriguez $3.00 on 2025-04-16
[11/21/2025 06:17:38.161 PM] Action   || Name: finance_skip_dup... || Trigger: kind=income                          || Output: Elisha Taylor $5.00 on 2025-04-16
[11/21/2025 06:17:38.161 PM] Action   || Name: finance_skip_dup... || Trigger: kind=income                          || Output: Jacob Sandoval $3.00 on 2025-04-16
[11/21/2025 06:17:38.161 PM] Action   || Name: finance_skip_dup... || Trigger: kind=income                          || Output: Isabella Klein $9.70 on 2025-08-26
[11/21/2025 06:17:38.167 PM] Action   || Name: finance_skip_dup... || Trigger: kind=income                          || Output: Nelda Hernandez $2.00 on 2025-08-26
[11/21/2025 06:17:38.167 PM] Action   || Name: finance_skip_dup... || Trigger: kind=income                          || Output: Troy Broome $1.00 on 2025-08-26
[11/21/2025 06:17:38.169 PM] Action   || Name: finance_skip_dup... || Trigger: kind=income                          || Output: Div Bits $2.00 on 2025-08-26
[11/21/2025 06:17:38.169 PM] Action   || Name: finance_skip_dup... || Trigger: kind=income                          || Output: Jacob Sandoval $1.00 on 2025-08-26
[11/21/2025 06:17:38.169 PM] Action   || Name: finance_skip_dup... || Trigger: kind=income                          || Output: Aubrey Cunningham $10.00 on 2025-08-26
[11/21/2025 06:17:38.169 PM] Action   || Name: finance_skip_dup... || Trigger: kind=income                          || Output: Maxwell Preston $5.00 on 2025-08-26
[11/21/2025 06:17:38.169 PM] Action   || Name: finance_skip_dup... || Trigger: kind=income                          || Output: Sophia Herrera $6.00 on 2025-08-26
[11/21/2025 06:17:38.169 PM] Action   || Name: finance_skip_dup... || Trigger: kind=income                          || Output: Miguel V $5.00 on 2025-08-26
[11/21/2025 06:17:38.175 PM] Action   || Name: finance_skip_dup... || Trigger: kind=income                          || Output: Nelda Hernandez $3.00 on 2025-08-26
[11/21/2025 06:17:38.176 PM] Action   || Name: finance_skip_dup... || Trigger: kind=income                          || Output: Megan Digiovanni $130.00 on 2025-08-26
[11/21/2025 06:17:38.176 PM] Action   || Name: finance_skip_dup... || Trigger: kind=income                          || Output: Pedro Savala $5.00 on 2025-08-27
[11/21/2025 06:17:38.176 PM] Action   || Name: finance_skip_dup... || Trigger: kind=income                          || Output: Jonathan Mcgeever $5.00 on 2025-08-27
[11/21/2025 06:17:38.176 PM] Action   || Name: finance_skip_dup... || Trigger: kind=income                          || Output: Axel Torres $24.25 on 2025-08-22
[11/21/2025 06:17:38.176 PM] Action   || Name: finance_skip_dup... || Trigger: kind=income                          || Output: M. Padron $20.00 on 2025-08-26
[11/21/2025 06:17:38.176 PM] Action   || Name: finance_skip_dup... || Trigger: kind=income                          || Output: Addison Loera $8.00 on 2025-08-26
[11/21/2025 06:17:38.176 PM] Action   || Name: finance_skip_dup... || Trigger: kind=income                          || Output: Amber Thomas $5.00 on 2025-08-26
[11/21/2025 06:17:38.176 PM] Action   || Name: finance_skip_dup... || Trigger: kind=income                          || Output: Jordin Baylee $5.00 on 2025-08-26
[11/21/2025 06:17:38.185 PM] Action   || Name: finance_skip_dup... || Trigger: kind=income                          || Output: Kathleen Cantu $1.00 on 2025-08-26
[11/21/2025 06:17:38.185 PM] Action   || Name: finance_skip_dup... || Trigger: kind=income                          || Output: Amber Thomas $3.00 on 2025-08-26
[11/21/2025 06:17:38.185 PM] Action   || Name: finance_skip_dup... || Trigger: kind=income                          || Output: Rob Jimenez $3.00 on 2025-08-26
[11/21/2025 06:17:38.185 PM] Action   || Name: finance_skip_dup... || Trigger: kind=income                          || Output: Daniel Brantley $3.00 on 2025-08-26
[11/21/2025 06:17:38.185 PM] Action   || Name: finance_skip_dup... || Trigger: kind=income                          || Output: Cassandra Nelson $6.00 on 2025-11-04
[11/21/2025 06:17:38.191 PM] Action   || Name: finance_skip_dup... || Trigger: kind=income                          || Output: Kristyn Jackson $9.00 on 2025-10-22
[11/21/2025 06:17:38.191 PM] Action   || Name: finance_skip_dup... || Trigger: kind=income                          || Output: Victoria Elkins $5.00 on 2025-10-22
[11/21/2025 06:17:38.191 PM] Action   || Name: finance_skip_dup... || Trigger: kind=income                          || Output: Alexander  Martinez $3.00 on 2025-10-22
[11/21/2025 06:17:38.194 PM] Action   || Name: finance_skip_dup... || Trigger: kind=income                          || Output: Richa  Desai $6.00 on 2025-10-22
[11/21/2025 06:17:38.194 PM] Action   || Name: finance_skip_dup... || Trigger: kind=income                          || Output: Emily Lanham $6.00 on 2025-10-22
[11/21/2025 06:17:38.194 PM] Action   || Name: finance_skip_dup... || Trigger: kind=income                          || Output: Mariah Hall $3.00 on 2025-10-22
[11/21/2025 06:17:38.194 PM] Action   || Name: finance_skip_dup... || Trigger: kind=income                          || Output: Sophia Herrera $5.00 on 2025-10-22
[11/21/2025 06:17:38.194 PM] Action   || Name: finance_skip_dup... || Trigger: kind=income                          || Output: Kylie Crook $5.00 on 2025-09-16
[11/21/2025 06:17:39.363 PM] Action   || Name: finance_skip_dup... || Trigger: kind=expense                         || Output: Py Store Here Pantego $54.00 on 2025-04-20
[11/21/2025 06:17:39.363 PM] Action   || Name: finance_skip_dup... || Trigger: kind=expense                         || Output: j s $11.68 on 2025-04-22
[11/21/2025 06:17:39.363 PM] Action   || Name: finance_skip_dup... || Trigger: kind=expense                         || Output: Wix $25.98 on 2025-04-26
[11/21/2025 06:17:39.363 PM] Action   || Name: finance_skip_dup... || Trigger: kind=expense                         || Output: Wix $25.98 on 2025-08-26
[11/21/2025 06:17:39.369 PM] Action   || Name: finance_skip_dup... || Trigger: kind=expense                         || Output: Derek Fuentes $25.98 on 2025-08-26
[11/21/2025 06:17:39.369 PM] Action   || Name: finance_skip_dup... || Trigger: kind=expense                         || Output: Py Store Here Pantego $54.00 on 2025-08-20
[11/21/2025 06:17:39.369 PM] Action   || Name: finance_skip_dup... || Trigger: kind=expense                         || Output: Megan Digiovanni $47.62 on 2025-08-26
[11/21/2025 06:17:39.369 PM] Action   || Name: finance_skip_dup... || Trigger: kind=expense                         || Output: Megan Digiovanni $74.92 on 2025-07-30
[11/21/2025 06:17:39.373 PM] Action   || Name: finance_skip_dup... || Trigger: kind=expense                         || Output: Py Store Here Pantego $54.00 on 2025-05-20
[11/21/2025 06:17:39.375 PM] Action   || Name: finance_skip_dup... || Trigger: kind=expense                         || Output: Derek Fuentes $72.45 on 2025-05-23
[11/21/2025 06:17:39.375 PM] Action   || Name: finance_skip_dup... || Trigger: kind=expense                         || Output: Wix $25.98 on 2025-05-26
[11/21/2025 06:17:39.375 PM] Action   || Name: finance_skip_dup... || Trigger: kind=expense                         || Output: Megan Digiovanni $89.91 on 2025-10-05
[11/21/2025 06:17:39.375 PM] Action   || Name: finance_skip_dup... || Trigger: kind=expense                         || Output: Derek Fuentes $20.00 on 2025-09-10
[11/21/2025 06:22:56.366 PM] React+   || User: bubblebee5866       || Channel: #pictures-of-the-cats                || emoji=<:CatHeartEyes:575417465975210001>; msg=1441581103369683076
[11/21/2025 06:36:03.436 PM] React+   || User: kitadan             || Channel: #pictures-of-the-cats                || emoji=<:CatHeartEyes:575417465975210001>; msg=1441581103369683076
[11/21/2025 06:36:40.602 PM] React+   || User: kitadan             || Channel: #bot-spam                            || emoji=❤️; msg="i’m WORKIN on it /silly" by simplyshadow171295
[11/21/2025 06:44:01.076 PM] Message  || User: simplyshadow171295  || Channel: #pictures-of-the-cats                || Content: there’s a line /silly
[11/21/2025 06:44:17.274 PM] React+   || User: simplyshadow171295  || Channel: #bot-spam                            || emoji=‼️; msg="First thousand photos shouldn't count, w..." by austinbaustinb
[11/21/2025 06:44:45.351 PM] Message  || User: a1darek             || Channel: #pictures-of-the-cats                || Content: (no text; attachments=1)
[11/21/2025 06:44:52.659 PM] Message  || User: a1darek             || Channel: #pictures-of-the-cats                || Content: Vincent
[11/21/2025 06:45:20.008 PM] Message  || User: _costco_wholesale_  || Channel: #pictures-of-the-cats                || Content: HES SO BABY
[11/21/2025 06:45:48.307 PM] Message  || User: ludavis             || Channel: #pictures-of-the-cats                || Content: Im first in line wdym <:catstare4:1247522499823013949>
[11/21/2025 06:47:38.445 PM] Message  || User: adeyumii            || Channel: #pictures-of-the-cats                || Content: i literally have no idea WHY he likes being pet so much. hes the mos...
[11/21/2025 06:48:21.632 PM] Message  || User: adeyumii            || Channel: #pictures-of-the-cats                || Content: no matter how much or how hard you pet him he just wants more
[11/21/2025 06:48:23.141 PM] Message  || User: a1darek             || Channel: #pictures-of-the-cats                || Content: Guess he just found out he likes it?
[11/21/2025 06:48:33.219 PM] Message  || User: adeyumii            || Channel: #pictures-of-the-cats                || Content: so greedy
[11/21/2025 06:48:44.584 PM] Message  || User: a1darek             || Channel: #pictures-of-the-cats                || Content: (no text; attachments=1)
[11/21/2025 06:48:46.410 PM] Message  || User: adeyumii            || Channel: #pictures-of-the-cats                || Content: i guess so. i hope he teaches the other lot 50 cats about how amazin...
[11/21/2025 06:49:21.055 PM] Message  || User: a1darek             || Channel: #pictures-of-the-cats                || Content: Only feed him after he's pet so the others catch on <:aliencat:14176...
[11/21/2025 06:49:45.659 PM] Message  || User: adeyumii            || Channel: #pictures-of-the-cats                || Content: lot 50 WILL be domesticated so help me god
[11/21/2025 06:50:17.371 PM] Message  || User: adeyumii            || Channel: #pictures-of-the-cats                || Content: ive tried petting vincent with both hands really hard and he still a...
[11/21/2025 06:52:06.677 PM] React+   || User: simplyshadow171295  || Channel: #pictures-of-the-cats                || emoji=‼️; msg="lot 50 WILL be domesticated so help me g..." by adeyumii
[11/21/2025 06:52:25.150 PM] Message  || User: simplyshadow171295  || Channel: #pictures-of-the-cats                || Content: you have the three most dedicated people out here domesticating y’al...
[11/21/2025 06:53:08.422 PM] Message  || User: simplyshadow171295  || Channel: #pictures-of-the-cats                || Content: i actually have a mental list of people who want this cat ngl
[11/21/2025 06:53:12.754 PM] Message  || User: a1darek             || Channel: #itty-bitty-kitty-commitee           || Content: I will honestly have to wait until he's pooped but I genuinely think...
[11/21/2025 06:53:15.313 PM] Message  || User: simplyshadow171295  || Channel: #pictures-of-the-cats                || Content: so many people in this line
[11/21/2025 06:53:56.870 PM] Message  || User: simplyshadow171295  || Channel: #pictures-of-the-cats                || Content: it’s @ emiximez, then me, then gunjan, then felix, then kaz, and the...
[11/21/2025 06:54:26.782 PM] Message  || User: simplyshadow171295  || Channel: #pictures-of-the-cats                || Content: oh and my mom and grandma who are deathly allergic to cats
[11/21/2025 06:54:36.253 PM] Message  || User: simplyshadow171295  || Channel: #pictures-of-the-cats                || Content: miranda’s in there somewhere i think
[11/21/2025 06:56:03.428 PM] Message  || User: adeyumii            || Channel: #pictures-of-the-cats                || Content: its ok i step out of line
[11/21/2025 06:56:08.296 PM] Message  || User: adeyumii            || Channel: #pictures-of-the-cats                || Content: i want shitbag cuntface
[11/21/2025 06:56:22.756 PM] Message  || User: adeyumii            || Channel: #itty-bitty-kitty-commitee           || Content: fat babby
[11/21/2025 06:56:24.205 PM] Message  || User: adeyumii            || Channel: #itty-bitty-kitty-commitee           || Content: full of soup
[11/21/2025 06:56:38.930 PM] Message  || User: adeyumii            || Channel: #itty-bitty-kitty-commitee           || Content: https://tenor.com/view/dance-gif-27412093
[11/21/2025 06:57:21.401 PM] React+   || User: simplyshadow171295  || Channel: #pictures-of-the-cats                || emoji=😆; msg="its ok i step out of line" by adeyumii
[11/21/2025 06:58:13.941 PM] Message  || User: simplyshadow171295  || Channel: #pictures-of-the-cats                || Content: that’s such a better name than bullet
[11/21/2025 06:58:50.375 PM] React+   || User: slayc127            || Channel: #itty-bitty-kitty-commitee           || emoji=😆; msg="I will honestly have to wait until he's ..." by a1darek
[11/21/2025 06:59:07.280 PM] React+   || User: slayc127            || Channel: #pictures-of-the-cats                || emoji=‼️; msg="lot 50 WILL be domesticated so help me g..." by adeyumii
[11/21/2025 07:01:16.882 PM] React+   || User: kitadan             || Channel: #itty-bitty-kitty-commitee           || emoji=😆; msg="I will honestly have to wait until he's ..." by a1darek
[11/21/2025 07:02:00.564 PM] React+   || User: kitadan             || Channel: #pictures-of-the-cats                || emoji=‼️; msg="lot 50 WILL be domesticated so help me g..." by adeyumii
[11/21/2025 07:08:53.155 PM] Message  || User: cici4f3             || Channel: #yapper-committee                    || Content: YAYYY
[11/21/2025 07:09:04.961 PM] Message  || User: adeyumii            || Channel: #pictures-of-the-cats                || Content: Bullet ???
[11/21/2025 07:09:31.957 PM] Message  || User: a1darek             || Channel: #pictures-of-the-cats                || Content: (no text; attachments=2)
[11/21/2025 07:09:47.201 PM] React+   || User: simplyshadow171295  || Channel: #itty-bitty-kitty-commitee           || emoji=😆; msg="I will honestly have to wait until he's ..." by a1darek
[11/21/2025 07:10:09.054 PM] Message  || User: simplyshadow171295  || Channel: #pictures-of-the-cats                || Content: if you search back in the chat i’m 99% sure it’s the same cat
[11/21/2025 07:10:49.065 PM] Message  || User: adeyumii            || Channel: #pictures-of-the-cats                || Content: lies we gave him churu when we (emi) first discovered the playground
[11/21/2025 07:11:05.073 PM] Message  || User: adeyumii            || Channel: #pictures-of-the-cats                || Content: Conan, his brother, literally was trying to stand on top of him to g...
[11/21/2025 07:11:54.091 PM] React+   || User: a1darek             || Channel: #pictures-of-the-cats                || emoji=❤️; msg="lies we gave him churu when we (emi) fir..." by adeyumii
[11/21/2025 07:12:14.575 PM] Message  || User: a1darek             || Channel: #pictures-of-the-cats                || Content: (no text; attachments=4)
[11/21/2025 07:12:17.443 PM] Action   || Name: image_intake        || Trigger: channel=551084964318543904           || Output: rows=2
[11/21/2025 07:13:18.367 PM] Message  || User: kitadan             || Channel: #pictures-of-the-cats                || Content: Is the wound healing?
[11/21/2025 07:13:28.524 PM] Message  || User: a1darek             || Channel: #pictures-of-the-cats                || Content: It is! It's looking at lot better already
[11/21/2025 07:14:02.003 PM] Message  || User: adeyumii            || Channel: #pictures-of-the-cats                || Content: Old nef
[11/21/2025 07:14:02.503 PM] Message  || User: kitadan             || Channel: #yapper-committee                    || Content: Am I allowed to get a little political if it directly impacts Univer...
[11/21/2025 07:14:25.963 PM] React+   || User: kitadan             || Channel: #pictures-of-the-cats                || emoji=🎉; msg="It is! It's looking at lot better alread..." by a1darek
[11/21/2025 07:15:49.629 PM] Message  || User: adeyumii            || Channel: #pictures-of-the-cats                || Content: Winston and possibly boots ?! But the boots clone looks young AF!!!
[11/21/2025 07:16:40.422 PM] Message  || User: a1darek             || Channel: #itty-bitty-kitty-commitee           || Content: It's official
[11/21/2025 07:16:54.101 PM] Message  || User: a1darek             || Channel: #itty-bitty-kitty-commitee           || Content: Bro is just fat
[11/21/2025 07:17:03.789 PM] React+   || User: kitadan             || Channel: #itty-bitty-kitty-commitee           || emoji=😆; msg="Bro is just fat" by a1darek
[11/21/2025 07:17:42.704 PM] Message  || User: kitadan             || Channel: #yapper-committee                    || Content: @cel [pwesident]
[11/21/2025 07:18:24.871 PM] React+   || User: the_frog.sorcerer   || Channel: #itty-bitty-kitty-commitee           || emoji=🎉; msg="Bro is just fat" by a1darek
[11/21/2025 07:23:25.200 PM] Message  || User: adeyumii            || Channel: #pictures-of-the-cats                || Content: @Kitadan does this look like odin or am I insane
[11/21/2025 07:24:42.199 PM] React+   || User: ludavis             || Channel: #itty-bitty-kitty-commitee           || emoji=😆; msg="Bro is just fat" by a1darek
[11/21/2025 07:24:42.455 PM] React+   || User: ludavis             || Channel: #itty-bitty-kitty-commitee           || emoji=🎉; msg="Bro is just fat" by a1darek
[11/21/2025 07:25:04.377 PM] Action   || Name: gmail_log_scheduler || Trigger: found=1                              || Output: logged=0
[11/21/2025 07:25:04.417 PM] Action   || Name: finance_skip_dup... || Trigger: buffer                               || Output: Sophia Herrera $6.00 on 2025-08-26
[11/21/2025 07:25:04.419 PM] Action   || Name: finance_skip_dup... || Trigger: buffer                               || Output: Axel Torres $24.25 on 2025-08-22
[11/21/2025 07:25:04.419 PM] Action   || Name: finance_skip_dup... || Trigger: buffer                               || Output: Megan Digiovanni $47.62 on 2025-08-26
[11/21/2025 07:25:04.419 PM] Action   || Name: finance_skip_dup... || Trigger: buffer                               || Output: M. Padron $20.00 on 2025-08-26
[11/21/2025 07:25:04.419 PM] Action   || Name: finance_skip_dup... || Trigger: buffer                               || Output: Sophia Herrera $6.00 on 2025-08-26
[11/21/2025 07:25:04.419 PM] Action   || Name: finance_skip_dup... || Trigger: buffer                               || Output: Addison Loera $8.00 on 2025-08-26
[11/21/2025 07:25:04.419 PM] Action   || Name: finance_skip_dup... || Trigger: buffer                               || Output: Amber Thomas $5.00 on 2025-08-26
[11/21/2025 07:25:04.426 PM] Action   || Name: finance_skip_dup... || Trigger: buffer                               || Output: Jordin Baylee $5.00 on 2025-08-26
[11/21/2025 07:25:04.426 PM] Action   || Name: finance_skip_dup... || Trigger: buffer                               || Output: Kathleen Cantu $1.00 on 2025-08-26
[11/21/2025 07:25:04.426 PM] Action   || Name: finance_skip_dup... || Trigger: buffer                               || Output: Amber Thomas $3.00 on 2025-08-26
[11/21/2025 07:25:04.426 PM] Action   || Name: finance_skip_dup... || Trigger: buffer                               || Output: Rob Jimenez $3.00 on 2025-08-26
[11/21/2025 07:25:04.430 PM] Action   || Name: finance_skip_dup... || Trigger: buffer                               || Output: Daniel Brantley $3.00 on 2025-08-26
[11/21/2025 07:25:04.430 PM] Action   || Name: finance_skip_dup... || Trigger: buffer                               || Output: Isabella Klein $9.70 on 2025-08-26
[11/21/2025 07:25:04.430 PM] Action   || Name: finance_skip_dup... || Trigger: buffer                               || Output: Wix $25.98 on 2025-08-26
[11/21/2025 07:25:04.430 PM] Action   || Name: finance_skip_dup... || Trigger: buffer                               || Output: Nelda Hernandez $2.00 on 2025-08-26
[11/21/2025 07:25:04.430 PM] Action   || Name: finance_skip_dup... || Trigger: buffer                               || Output: Troy Broome $1.00 on 2025-08-26
[11/21/2025 07:25:04.435 PM] Action   || Name: finance_skip_dup... || Trigger: buffer                               || Output: Div Bits $2.00 on 2025-08-26
[11/21/2025 07:25:04.435 PM] Action   || Name: finance_skip_dup... || Trigger: buffer                               || Output: Jacob Sandoval $1.00 on 2025-08-26
[11/21/2025 07:25:04.435 PM] Action   || Name: finance_skip_dup... || Trigger: buffer                               || Output: Aubrey Cunningham $10.00 on 2025-08-26
[11/21/2025 07:25:04.438 PM] Action   || Name: finance_skip_dup... || Trigger: buffer                               || Output: Maxwell Preston $5.00 on 2025-08-26
[11/21/2025 07:25:04.438 PM] Action   || Name: finance_skip_dup... || Trigger: buffer                               || Output: Sophia Herrera $6.00 on 2025-08-26
[11/21/2025 07:25:04.438 PM] Action   || Name: finance_skip_dup... || Trigger: buffer                               || Output: Derek Fuentes $25.98 on 2025-08-26
[11/21/2025 07:25:04.438 PM] Action   || Name: finance_skip_dup... || Trigger: buffer                               || Output: Miguel V $5.00 on 2025-08-26
[11/21/2025 07:25:04.438 PM] Action   || Name: finance_skip_dup... || Trigger: buffer                               || Output: Nelda Hernandez $3.00 on 2025-08-26
[11/21/2025 07:25:04.438 PM] Action   || Name: finance_skip_dup... || Trigger: buffer                               || Output: Megan Digiovanni $130.00 on 2025-08-26
[11/21/2025 07:25:04.438 PM] Action   || Name: finance_skip_dup... || Trigger: buffer                               || Output: Pedro Savala $5.00 on 2025-08-27
[11/21/2025 07:25:04.438 PM] Action   || Name: finance_skip_dup... || Trigger: buffer                               || Output: Jonathan Mcgeever $5.00 on 2025-08-27
[11/21/2025 07:25:04.438 PM] Action   || Name: finance_skip_dup... || Trigger: buffer                               || Output: Py Store Here Pantego $54.00 on 2025-08-20
[11/21/2025 07:25:04.438 PM] Action   || Name: finance_skip_dup... || Trigger: buffer                               || Output: Megan Digiovanni $74.92 on 2025-07-30
[11/21/2025 07:25:04.438 PM] Action   || Name: finance_skip_dup... || Trigger: buffer                               || Output: Cassandra Nelson $7.00 on 2025-11-04
[11/21/2025 07:25:08.871 PM] Action   || Name: finance_skip_dup... || Trigger: kind=income                          || Output: Cynthia griffith $10.00 on 2025-04-16
[11/21/2025 07:25:08.871 PM] Action   || Name: finance_skip_dup... || Trigger: kind=income                          || Output: Caleb Moran $4.00 on 2025-04-16
[11/21/2025 07:25:08.871 PM] Action   || Name: finance_skip_dup... || Trigger: kind=income                          || Output: Alberto $6.00 on 2025-04-16
[11/21/2025 07:25:08.877 PM] Action   || Name: finance_skip_dup... || Trigger: kind=income                          || Output: Jacob Sandoval $2.91 on 2025-04-16
[11/21/2025 07:25:08.877 PM] Action   || Name: finance_skip_dup... || Trigger: kind=income                          || Output: tay $5.00 on 2025-04-16
[11/21/2025 07:25:08.880 PM] Action   || Name: finance_skip_dup... || Trigger: kind=income                          || Output: Nelda Hernandez $2.00 on 2025-04-16
[11/21/2025 07:25:08.880 PM] Action   || Name: finance_skip_dup... || Trigger: kind=income                          || Output: Maria Olds $10.00 on 2025-04-16
[11/21/2025 07:25:08.880 PM] Action   || Name: finance_skip_dup... || Trigger: kind=income                          || Output: Mario Rodriguez $3.00 on 2025-04-16
[11/21/2025 07:25:08.883 PM] Action   || Name: finance_skip_dup... || Trigger: kind=income                          || Output: Elisha Taylor $5.00 on 2025-04-16
[11/21/2025 07:25:08.883 PM] Action   || Name: finance_skip_dup... || Trigger: kind=income                          || Output: Jacob Sandoval $3.00 on 2025-04-16
[11/21/2025 07:25:08.883 PM] Action   || Name: finance_skip_dup... || Trigger: kind=income                          || Output: Isabella Klein $9.70 on 2025-08-26
[11/21/2025 07:25:08.883 PM] Action   || Name: finance_skip_dup... || Trigger: kind=income                          || Output: Nelda Hernandez $2.00 on 2025-08-26
[11/21/2025 07:25:08.883 PM] Action   || Name: finance_skip_dup... || Trigger: kind=income                          || Output: Troy Broome $1.00 on 2025-08-26
[11/21/2025 07:25:08.888 PM] Action   || Name: finance_skip_dup... || Trigger: kind=income                          || Output: Div Bits $2.00 on 2025-08-26
[11/21/2025 07:25:08.888 PM] Action   || Name: finance_skip_dup... || Trigger: kind=income                          || Output: Jacob Sandoval $1.00 on 2025-08-26
[11/21/2025 07:25:08.888 PM] Action   || Name: finance_skip_dup... || Trigger: kind=income                          || Output: Aubrey Cunningham $10.00 on 2025-08-26
[11/21/2025 07:25:08.888 PM] Action   || Name: finance_skip_dup... || Trigger: kind=income                          || Output: Maxwell Preston $5.00 on 2025-08-26
[11/21/2025 07:25:08.888 PM] Action   || Name: finance_skip_dup... || Trigger: kind=income                          || Output: Sophia Herrera $6.00 on 2025-08-26
[11/21/2025 07:25:08.888 PM] Action   || Name: finance_skip_dup... || Trigger: kind=income                          || Output: Miguel V $5.00 on 2025-08-26
[11/21/2025 07:25:08.888 PM] Action   || Name: finance_skip_dup... || Trigger: kind=income                          || Output: Nelda Hernandez $3.00 on 2025-08-26
[11/21/2025 07:25:08.895 PM] Action   || Name: finance_skip_dup... || Trigger: kind=income                          || Output: Megan Digiovanni $130.00 on 2025-08-26
[11/21/2025 07:25:08.896 PM] Action   || Name: finance_skip_dup... || Trigger: kind=income                          || Output: Pedro Savala $5.00 on 2025-08-27
[11/21/2025 07:25:08.896 PM] Action   || Name: finance_skip_dup... || Trigger: kind=income                          || Output: Jonathan Mcgeever $5.00 on 2025-08-27
[11/21/2025 07:25:08.899 PM] Action   || Name: finance_skip_dup... || Trigger: kind=income                          || Output: Axel Torres $24.25 on 2025-08-22
[11/21/2025 07:25:08.899 PM] Action   || Name: finance_skip_dup... || Trigger: kind=income                          || Output: M. Padron $20.00 on 2025-08-26
[11/21/2025 07:25:08.899 PM] Action   || Name: finance_skip_dup... || Trigger: kind=income                          || Output: Addison Loera $8.00 on 2025-08-26
[11/21/2025 07:25:08.899 PM] Action   || Name: finance_skip_dup... || Trigger: kind=income                          || Output: Amber Thomas $5.00 on 2025-08-26
[11/21/2025 07:25:08.899 PM] Action   || Name: finance_skip_dup... || Trigger: kind=income                          || Output: Jordin Baylee $5.00 on 2025-08-26
[11/21/2025 07:25:08.899 PM] Action   || Name: finance_skip_dup... || Trigger: kind=income                          || Output: Kathleen Cantu $1.00 on 2025-08-26
[11/21/2025 07:25:08.904 PM] Action   || Name: finance_skip_dup... || Trigger: kind=income                          || Output: Amber Thomas $3.00 on 2025-08-26
[11/21/2025 07:25:08.904 PM] Action   || Name: finance_skip_dup... || Trigger: kind=income                          || Output: Rob Jimenez $3.00 on 2025-08-26
[11/21/2025 07:25:08.907 PM] Action   || Name: finance_skip_dup... || Trigger: kind=income                          || Output: Daniel Brantley $3.00 on 2025-08-26
[11/21/2025 07:25:08.908 PM] Action   || Name: finance_skip_dup... || Trigger: kind=income                          || Output: Cassandra Nelson $6.00 on 2025-11-04
[11/21/2025 07:25:08.908 PM] Action   || Name: finance_skip_dup... || Trigger: kind=income                          || Output: Kristyn Jackson $9.00 on 2025-10-22
[11/21/2025 07:25:08.910 PM] Action   || Name: finance_skip_dup... || Trigger: kind=income                          || Output: Victoria Elkins $5.00 on 2025-10-22
[11/21/2025 07:25:08.910 PM] Action   || Name: finance_skip_dup... || Trigger: kind=income                          || Output: Alexander  Martinez $3.00 on 2025-10-22
[11/21/2025 07:25:08.910 PM] Action   || Name: finance_skip_dup... || Trigger: kind=income                          || Output: Richa  Desai $6.00 on 2025-10-22
[11/21/2025 07:25:08.910 PM] Action   || Name: finance_skip_dup... || Trigger: kind=income                          || Output: Emily Lanham $6.00 on 2025-10-22
[11/21/2025 07:25:08.915 PM] Action   || Name: finance_skip_dup... || Trigger: kind=income                          || Output: Mariah Hall $3.00 on 2025-10-22
[11/21/2025 07:25:08.915 PM] Action   || Name: finance_skip_dup... || Trigger: kind=income                          || Output: Sophia Herrera $5.00 on 2025-10-22
[11/21/2025 07:25:08.915 PM] Action   || Name: finance_skip_dup... || Trigger: kind=income                          || Output: Kylie Crook $5.00 on 2025-09-16
[11/21/2025 07:25:10.876 PM] Action   || Name: finance_skip_dup... || Trigger: kind=expense                         || Output: Py Store Here Pantego $54.00 on 2025-04-20
[11/21/2025 07:25:10.876 PM] Action   || Name: finance_skip_dup... || Trigger: kind=expense                         || Output: j s $11.68 on 2025-04-22
[11/21/2025 07:25:10.876 PM] Action   || Name: finance_skip_dup... || Trigger: kind=expense                         || Output: Wix $25.98 on 2025-04-26
[11/21/2025 07:25:10.876 PM] Action   || Name: finance_skip_dup... || Trigger: kind=expense                         || Output: Wix $25.98 on 2025-08-26
[11/21/2025 07:25:10.876 PM] Action   || Name: finance_skip_dup... || Trigger: kind=expense                         || Output: Derek Fuentes $25.98 on 2025-08-26
[11/21/2025 07:25:10.876 PM] Action   || Name: finance_skip_dup... || Trigger: kind=expense                         || Output: Py Store Here Pantego $54.00 on 2025-08-20
[11/21/2025 07:25:10.876 PM] Action   || Name: finance_skip_dup... || Trigger: kind=expense                         || Output: Megan Digiovanni $47.62 on 2025-08-26
[11/21/2025 07:25:10.876 PM] Action   || Name: finance_skip_dup... || Trigger: kind=expense                         || Output: Megan Digiovanni $74.92 on 2025-07-30
[11/21/2025 07:25:10.876 PM] Action   || Name: finance_skip_dup... || Trigger: kind=expense                         || Output: Py Store Here Pantego $54.00 on 2025-05-20
[11/21/2025 07:25:10.887 PM] Action   || Name: finance_skip_dup... || Trigger: kind=expense                         || Output: Derek Fuentes $72.45 on 2025-05-23
[11/21/2025 07:25:10.887 PM] Action   || Name: finance_skip_dup... || Trigger: kind=expense                         || Output: Wix $25.98 on 2025-05-26
[11/21/2025 07:25:10.888 PM] Action   || Name: finance_skip_dup... || Trigger: kind=expense                         || Output: Megan Digiovanni $89.91 on 2025-10-05
[11/21/2025 07:25:10.888 PM] Action   || Name: finance_skip_dup... || Trigger: kind=expense                         || Output: Derek Fuentes $20.00 on 2025-09-10
[11/21/2025 07:26:58.604 PM] Message  || User: kitadan             || Channel: #pictures-of-the-cats                || Content: I can't see original post as I'm not on WiFi.
[11/21/2025 07:27:35.849 PM] Message  || User: adeyumii            || Channel: #pictures-of-the-cats                || Content: (no text; attachments=1)
[11/21/2025 07:27:38.095 PM] Action   || Name: image_intake        || Trigger: channel=551084964318543904           || Output: rows=1
[11/21/2025 07:27:46.997 PM] Message  || User: void_now            || Channel: #pictures-of-the-cats                || Content: Ngl the face def does
[11/21/2025 07:27:55.333 PM] Message  || User: kitadan             || Channel: #pictures-of-the-cats                || Content: That looks close to Odin.
[11/21/2025 07:28:02.014 PM] Message  || User: kitadan             || Channel: #pictures-of-the-cats                || Content: Not as striped
[11/21/2025 07:28:10.895 PM] Message  || User: adeyumii            || Channel: #bot-spam                            || Content: tomcat show me noir
[11/21/2025 07:28:10.895 PM] Intent   || show_photo                ||                                               || cat=Noir
[11/21/2025 07:28:18.430 PM] Action   || Name: show_cache_downl... || Trigger: https://drive.google.com/uc?expor... || Output: sn=2476 attempt=1 size=856112
[11/21/2025 07:28:27.638 PM] Action   || Name: show_cache_downl... || Trigger: https://drive.google.com/uc?expor... || Output: sn=1337 attempt=1 size=1896566
[11/21/2025 07:28:28.843 PM] Action   || Name: show_cache_downl... || Trigger: https://drive.google.com/uc?expor... || Output: sn=4585 attempt=1 size=1209049
[11/21/2025 07:28:32.471 PM] Action   || Name: show_cache_downl... || Trigger: https://drive.google.com/uc?expor... || Output: sn=4145 attempt=1 size=535381
[11/21/2025 07:28:33.961 PM] Action   || Name: show_cache_downl... || Trigger: https://drive.google.com/uc?expor... || Output: sn=4137 attempt=1 size=603427
[11/21/2025 07:28:43.981 PM] Message  || User: adeyumii            || Channel: #bot-spam                            || Content: tomcat show me odin
[11/21/2025 07:28:43.981 PM] Intent   || show_photo                ||                                               || cat=Odin
[11/21/2025 07:28:49.041 PM] Action   || Name: show_cache_downl... || Trigger: https://drive.google.com/uc?expor... || Output: sn=2396 attempt=1 size=668001
[11/21/2025 07:28:58.174 PM] Message  || User: adeyumii            || Channel: #bot-spam                            || Content: (no text; attachments=0)
[11/21/2025 07:29:09.620 PM] Action   || Name: show_cache_downl... || Trigger: https://drive.google.com/uc?expor... || Output: sn=0245 attempt=1 size=6206129
[11/21/2025 07:29:16.152 PM] Action   || Name: show_cache_downl... || Trigger: https://drive.google.com/uc?expor... || Output: sn=2806 attempt=1 size=667543
[11/21/2025 07:29:20.429 PM] Action   || Name: show_cache_downl... || Trigger: https://drive.google.com/uc?expor... || Output: sn=2396 attempt=1 size=668001
[11/21/2025 07:29:22.447 PM] Action   || Name: show_cache_downl... || Trigger: https://drive.google.com/uc?expor... || Output: sn=2806 attempt=1 size=667543
[11/21/2025 07:29:23.037 PM] Action   || Name: show_cache_downl... || Trigger: https://drive.google.com/uc?expor... || Output: sn=2395 attempt=1 size=735687
[11/21/2025 07:29:24.737 PM] Action   || Name: show_cache_downl... || Trigger: https://drive.google.com/uc?expor... || Output: sn=2396 attempt=1 size=668001
[11/21/2025 07:29:29.112 PM] Message  || User: adeyumii            || Channel: #pictures-of-the-cats                || Content: Oh it definitely is odin
[11/21/2025 07:29:32.371 PM] Message  || User: adeyumii            || Channel: #pictures-of-the-cats                || Content: #bot-spam
[11/21/2025 07:29:45.457 PM] Message  || User: adeyumii            || Channel: #bot-spam                            || Content: Look at the single orange paw on the back leg
[11/21/2025 07:29:53.707 PM] Message  || User: kitadan             || Channel: #pictures-of-the-cats                || Content: Agreed
[11/21/2025 07:29:54.761 PM] Message  || User: kitadan             || Channel: #pictures-of-the-cats                || Content: (no text; attachments=1)
[11/21/2025 07:29:56.435 PM] Action   || Name: image_intake        || Trigger: channel=551084964318543904           || Output: rows=1
[11/21/2025 07:30:02.954 PM] Message  || User: void_now            || Channel: #bot-spam                            || Content: Damn
[11/21/2025 07:30:44.712 PM] Action   || Name: show_cache_downl... || Trigger: https://drive.google.com/uc?expor... || Output: sn=1328 attempt=1 size=5219943
[11/21/2025 07:30:47.528 PM] Action   || Name: show_cache_downl... || Trigger: https://drive.google.com/uc?expor... || Output: sn=4138 attempt=1 size=588817
[11/21/2025 07:30:51.215 PM] Action   || Name: show_cache_downl... || Trigger: https://drive.google.com/uc?expor... || Output: sn=4585 attempt=1 size=1209049
[11/21/2025 07:30:51.455 PM] Action   || Name: show_cache_downl... || Trigger: https://drive.google.com/uc?expor... || Output: sn=4139 attempt=1 size=636601
[11/21/2025 07:30:54.569 PM] Action   || Name: show_cache_downl... || Trigger: https://drive.google.com/uc?expor... || Output: sn=4159 attempt=1 size=713211
[11/21/2025 07:30:55.101 PM] Action   || Name: show_cache_downl... || Trigger: https://drive.google.com/uc?expor... || Output: sn=4562 attempt=1 size=1512923
[11/21/2025 07:30:57.202 PM] Action   || Name: show_cache_downl... || Trigger: https://drive.google.com/uc?expor... || Output: sn=0762 attempt=1 size=1162847
[11/21/2025 07:30:58.225 PM] Action   || Name: show_cache_downl... || Trigger: https://drive.google.com/uc?expor... || Output: sn=1328 attempt=1 size=5219943
[11/21/2025 07:33:47.708 PM] Message  || User: adeyumii            || Channel: #pictures-of-the-cats                || Content: Possibly zee
[11/21/2025 07:39:52.310 PM] React+   || User: adeyumii            || Channel: #itty-bitty-kitty-commitee           || emoji=🎉; msg="Bro is just fat" by a1darek
[11/21/2025 07:39:52.472 PM] React+   || User: adeyumii            || Channel: #itty-bitty-kitty-commitee           || emoji=😆; msg="Bro is just fat" by a1darek
[11/21/2025 07:40:04.400 PM] Message  || User: adeyumii            || Channel: #itty-bitty-kitty-commitee           || Content: Love that for him
[11/21/2025 07:40:08.807 PM] Message  || User: adeyumii            || Channel: #itty-bitty-kitty-commitee           || Content: Eraser shaped
[11/21/2025 07:40:23.277 PM] React+   || User: adeyumii            || Channel: #pictures-of-the-cats                || emoji=🎉; msg="It is! It's looking at lot better alread..." by a1darek
[11/21/2025 07:41:28.438 PM] Action   || Name: show_cache_downl... || Trigger: https://drive.google.com/uc?expor... || Output: sn=4713 attempt=1 err=TimeoutError:
[11/21/2025 07:41:28.863 PM] Action   || Name: show_cache_downl... || Trigger: https://drive.google.com/uc?expor... || Output: sn=5689 attempt=1 size=723088
[11/21/2025 07:41:30.658 PM] Action   || Name: show_cache_downl... || Trigger: https://drive.google.com/uc?expor... || Output: sn=5312 attempt=1 size=671237
[11/21/2025 07:41:31.491 PM] Action   || Name: show_cache_downl... || Trigger: https://drive.google.com/uc?expor... || Output: sn=5517 attempt=1 size=1731504
[11/21/2025 07:41:33.469 PM] Action   || Name: show_cache_downl... || Trigger: https://drive.google.com/uc?expor... || Output: sn=5103 attempt=1 size=702858
[11/21/2025 07:41:34.012 PM] Action   || Name: show_cache_downl... || Trigger: https://drive.google.com/uc?expor... || Output: sn=4713 attempt=2 size=1001014
[11/21/2025 07:41:34.421 PM] Action   || Name: show_cache_downl... || Trigger: https://drive.google.com/uc?expor... || Output: sn=5305 attempt=1 size=1080423
[11/21/2025 07:41:35.144 PM] Action   || Name: show_cache_downl... || Trigger: https://drive.google.com/uc?expor... || Output: sn=5507 attempt=1 size=2937149
[11/21/2025 07:41:36.206 PM] Action   || Name: show_cache_downl... || Trigger: https://drive.google.com/uc?expor... || Output: sn=5631 attempt=1 size=1047756
[11/21/2025 07:41:37.545 PM] Action   || Name: show_cache_downl... || Trigger: https://drive.google.com/uc?expor... || Output: sn=4698 attempt=1 size=1223611
[11/21/2025 07:41:38.303 PM] Action   || Name: show_cache_downl... || Trigger: https://drive.google.com/uc?expor... || Output: sn=5684 attempt=1 size=1473467
[11/21/2025 07:41:38.754 PM] Action   || Name: show_cache_downl... || Trigger: https://drive.google.com/uc?expor... || Output: sn=5305 attempt=1 size=1080423
[11/21/2025 07:41:39.272 PM] Action   || Name: show_cache_downl... || Trigger: https://drive.google.com/uc?expor... || Output: sn=5516 attempt=1 size=1919926
[11/21/2025 07:41:41.054 PM] Action   || Name: show_cache_downl... || Trigger: https://drive.google.com/uc?expor... || Output: sn=5312 attempt=1 size=671237
[11/21/2025 07:41:41.923 PM] Action   || Name: show_cache_downl... || Trigger: https://drive.google.com/uc?expor... || Output: sn=4697 attempt=1 size=1162193
[11/21/2025 07:41:42.490 PM] Action   || Name: show_cache_downl... || Trigger: https://drive.google.com/uc?expor... || Output: sn=5516 attempt=1 size=1919926
[11/21/2025 07:41:44.550 PM] Action   || Name: show_cache_downl... || Trigger: https://drive.google.com/uc?expor... || Output: sn=5631 attempt=1 size=1047756
[11/21/2025 07:41:44.765 PM] Action   || Name: show_cache_downl... || Trigger: https://drive.google.com/uc?expor... || Output: sn=4713 attempt=1 size=1001014
[11/21/2025 07:41:47.812 PM] Action   || Name: show_cache_downl... || Trigger: https://drive.google.com/uc?expor... || Output: sn=4581 attempt=1 size=3291556
[11/21/2025 07:42:12.334 PM] Action   || Name: show_cache_downl... || Trigger: https://drive.google.com/uc?expor... || Output: sn=4580 attempt=1 err=TimeoutError:
[11/21/2025 07:42:13.724 PM] Action   || Name: show_cache_downl... || Trigger: https://drive.google.com/uc?expor... || Output: sn=4710 attempt=1 size=1498084
[11/21/2025 07:42:17.013 PM] Action   || Name: show_cache_downl... || Trigger: https://drive.google.com/uc?expor... || Output: sn=5692 attempt=1 size=747144
[11/21/2025 07:42:17.547 PM] Action   || Name: show_cache_downl... || Trigger: https://drive.google.com/uc?expor... || Output: sn=4973 attempt=1 size=1699783
[11/21/2025 07:42:18.551 PM] Action   || Name: show_cache_downl... || Trigger: https://drive.google.com/uc?expor... || Output: sn=4580 attempt=2 size=2804493
[11/21/2025 07:42:20.740 PM] Action   || Name: show_cache_downl... || Trigger: https://drive.google.com/uc?expor... || Output: sn=4711 attempt=1 size=737680
[11/21/2025 07:42:20.892 PM] Action   || Name: show_cache_downl... || Trigger: https://drive.google.com/uc?expor... || Output: sn=5306 attempt=1 size=1091302
[11/21/2025 07:42:23.114 PM] Action   || Name: show_cache_downl... || Trigger: https://drive.google.com/uc?expor... || Output: sn=5302 attempt=1 size=964934
[11/21/2025 07:42:23.860 PM] Action   || Name: show_cache_downl... || Trigger: https://drive.google.com/uc?expor... || Output: sn=5307 attempt=1 size=1146019
[11/21/2025 07:42:24.636 PM] Action   || Name: show_cache_downl... || Trigger: https://drive.google.com/uc?expor... || Output: sn=5310 attempt=1 size=1125009
[11/21/2025 07:42:25.334 PM] Action   || Name: show_cache_downl... || Trigger: https://drive.google.com/uc?expor... || Output: sn=5516 attempt=1 size=1919926
[11/21/2025 07:42:26.783 PM] Message  || User: pancakemixteamdj    || Channel: #pictures-of-the-cats                || Content: That how boots wound look like when I saw him earlier but his black ...
[11/21/2025 07:42:47.149 PM] Action   || Name: show_cache_downl... || Trigger: https://drive.google.com/uc?expor... || Output: sn=5699 attempt=1 size=1170511
[11/21/2025 07:42:47.615 PM] Action   || Name: show_cache_downl... || Trigger: https://drive.google.com/uc?expor... || Output: sn=4714 attempt=1 size=959079
[11/21/2025 07:42:50.806 PM] Action   || Name: show_cache_downl... || Trigger: https://drive.google.com/uc?expor... || Output: sn=4698 attempt=1 size=1223611
[11/21/2025 07:42:52.499 PM] Action   || Name: show_cache_downl... || Trigger: https://drive.google.com/uc?expor... || Output: sn=5684 attempt=1 size=1473467
[11/21/2025 07:42:56.586 PM] Action   || Name: show_cache_downl... || Trigger: https://drive.google.com/uc?expor... || Output: sn=4580 attempt=1 size=2804493
[11/21/2025 07:42:57.839 PM] Action   || Name: show_cache_downl... || Trigger: https://drive.google.com/uc?expor... || Output: sn=4710 attempt=1 size=1498084
[11/21/2025 07:42:58.743 PM] Action   || Name: show_cache_downl... || Trigger: https://drive.google.com/uc?expor... || Output: sn=5516 attempt=1 size=1919926
[11/21/2025 07:42:59.064 PM] Action   || Name: show_cache_downl... || Trigger: https://drive.google.com/uc?expor... || Output: sn=5102 attempt=1 size=725706
[11/21/2025 07:43:00.461 PM] Action   || Name: show_cache_downl... || Trigger: https://drive.google.com/uc?expor... || Output: sn=5508 attempt=1 size=1251587
[11/21/2025 07:43:10.437 PM] React+   || User: simplyshadow171295  || Channel: #itty-bitty-kitty-commitee           || emoji=😆; msg="Bro is just fat" by a1darek
[11/21/2025 07:43:10.981 PM] React+   || User: simplyshadow171295  || Channel: #itty-bitty-kitty-commitee           || emoji=🎉; msg="Bro is just fat" by a1darek
[11/21/2025 07:44:27.397 PM] Message  || User: adeyumii            || Channel: #bot-spam                            || Content: I'm going insane
[11/21/2025 07:45:00.618 PM] Message  || User: adeyumii            || Channel: #bot-spam                            || Content: If this video of lot 50 from 2020 really has the real Boots, who is ...
[11/21/2025 07:45:05.575 PM] Message  || User: adeyumii            || Channel: #bot-spam                            || Content: Winston is at least 6 or 7
[11/21/2025 07:45:29.228 PM] Message  || User: adeyumii            || Channel: #bot-spam                            || Content: how is Winston older than boots jfc
[11/21/2025 07:45:34.352 PM] Message  || User: adeyumii            || Channel: #bot-spam                            || Content: tomcat show me winst
[11/21/2025 07:45:34.361 PM] Intent   || show_photo                ||                                               || cat=Winston
[11/21/2025 07:45:39.100 PM] Action   || Name: show_cache_downl... || Trigger: https://drive.google.com/uc?expor... || Output: sn=4580 attempt=1 size=2804493
[11/21/2025 07:45:44.841 PM] Action   || Name: show_cache_downl... || Trigger: https://drive.google.com/uc?expor... || Output: sn=4300 attempt=1 size=1685927
[11/21/2025 07:45:46.826 PM] Action   || Name: show_cache_downl... || Trigger: https://drive.google.com/uc?expor... || Output: sn=4665 attempt=1 size=1720163
[11/21/2025 07:45:50.302 PM] Action   || Name: show_cache_downl... || Trigger: https://drive.google.com/uc?expor... || Output: sn=5507 attempt=1 size=2937149
[11/21/2025 07:45:51.780 PM] Action   || Name: show_cache_downl... || Trigger: https://drive.google.com/uc?expor... || Output: sn=4513 attempt=1 size=896719
[11/21/2025 07:45:56.728 PM] Message  || User: celeryiscelery      || Channel: #yapper-committee                    || Content: i would say as long as it’s something that the students can do somet...
[11/21/2025 07:46:01.980 PM] Action   || Name: show_cache_downl... || Trigger: https://drive.google.com/uc?expor... || Output: sn=5103 attempt=1 size=702858
[11/21/2025 07:46:03.420 PM] Action   || Name: show_cache_downl... || Trigger: https://drive.google.com/uc?expor... || Output: sn=5506 attempt=1 size=3170253
[11/21/2025 07:46:04.787 PM] Action   || Name: show_cache_downl... || Trigger: https://drive.google.com/uc?expor... || Output: sn=4473 attempt=1 size=1143260
[11/21/2025 07:46:06.761 PM] Action   || Name: show_cache_downl... || Trigger: https://drive.google.com/uc?expor... || Output: sn=5296 attempt=1 size=1166365
[11/21/2025 07:46:09.160 PM] Action   || Name: show_cache_downl... || Trigger: https://drive.google.com/uc?expor... || Output: sn=5241 attempt=1 size=143786
[11/21/2025 07:46:09.351 PM] Action   || Name: show_cache_downl... || Trigger: https://drive.google.com/uc?expor... || Output: sn=4576 attempt=1 size=1367547
[11/21/2025 07:46:11.681 PM] Action   || Name: show_cache_downl... || Trigger: https://drive.google.com/uc?expor... || Output: sn=5103 attempt=1 size=702858
[11/21/2025 07:46:16.409 PM] Message  || User: celeryiscelery      || Channel: #yapper-committee                    || Content: as long as it won’t stir up discourse in here then you’re free to ta...
[11/21/2025 07:46:30.472 PM] Edit     || User: celeryiscelery      || Channel: #yapper-committee                    || i would say as long as it’s something that the students can do something whet...
[11/21/2025 07:47:09.878 PM] Message  || User: kitadan             || Channel: #yapper-committee                    || Content: It's about federal loans for certain degree changing.  Was just goin...
[11/21/2025 07:48:45.981 PM] Message  || User: celeryiscelery      || Channel: #yapper-committee                    || Content: tbh i don’t see anything wrong with that
[11/21/2025 07:49:16.366 PM] Message  || User: celeryiscelery      || Channel: #yapper-committee                    || Content: as a student who heavily relies on fafsa it’s always good that stude...
[11/21/2025 07:50:48.236 PM] Action   || Name: show_cache_downl... || Trigger: https://drive.google.com/uc?expor... || Output: sn=5510 attempt=1 size=1255721
[11/21/2025 07:50:48.465 PM] Action   || Name: show_cache_downl... || Trigger: https://drive.google.com/uc?expor... || Output: sn=5240 attempt=1 size=143402
[11/21/2025 07:50:53.007 PM] Action   || Name: show_cache_downl... || Trigger: https://drive.google.com/uc?expor... || Output: sn=4300 attempt=1 size=1685927
[11/21/2025 07:50:53.434 PM] Action   || Name: show_cache_downl... || Trigger: https://drive.google.com/uc?expor... || Output: sn=5104 attempt=1 size=1356873
[11/21/2025 07:50:53.864 PM] Action   || Name: show_cache_downl... || Trigger: https://drive.google.com/uc?expor... || Output: sn=4519 attempt=1 size=1034898
[11/21/2025 07:50:56.214 PM] Action   || Name: show_cache_downl... || Trigger: https://drive.google.com/uc?expor... || Output: sn=4667 attempt=1 size=1553954
[11/21/2025 07:50:58.442 PM] Action   || Name: show_cache_downl... || Trigger: https://drive.google.com/uc?expor... || Output: sn=4298 attempt=1 size=1148208
[11/21/2025 07:50:58.703 PM] Action   || Name: show_cache_downl... || Trigger: https://drive.google.com/uc?expor... || Output: sn=5298 attempt=1 size=1264916
[11/21/2025 07:51:00.811 PM] Action   || Name: show_cache_downl... || Trigger: https://drive.google.com/uc?expor... || Output: sn=5239 attempt=1 size=121437
[11/21/2025 07:51:01.600 PM] Action   || Name: show_cache_downl... || Trigger: https://drive.google.com/uc?expor... || Output: sn=4667 attempt=1 size=1553954
[11/21/2025 07:51:02.678 PM] Action   || Name: show_cache_downl... || Trigger: https://drive.google.com/uc?expor... || Output: sn=4583 attempt=1 size=811798
[11/21/2025 07:51:02.917 PM] Action   || Name: show_cache_downl... || Trigger: https://drive.google.com/uc?expor... || Output: sn=4519 attempt=1 size=1034898
[11/21/2025 07:51:03.231 PM] Action   || Name: show_cache_downl... || Trigger: https://drive.google.com/uc?expor... || Output: sn=4665 attempt=1 size=1720163
[11/21/2025 07:51:03.963 PM] Action   || Name: show_cache_downl... || Trigger: https://drive.google.com/uc?expor... || Output: sn=4080 attempt=1 size=857128
[11/21/2025 07:51:04.271 PM] Action   || Name: show_cache_downl... || Trigger: https://drive.google.com/uc?expor... || Output: sn=5103 attempt=1 size=702858
[11/21/2025 07:51:04.855 PM] Action   || Name: show_cache_downl... || Trigger: https://drive.google.com/uc?expor... || Output: sn=4663 attempt=1 size=1497876
[11/21/2025 07:51:05.328 PM] Action   || Name: show_cache_downl... || Trigger: https://drive.google.com/uc?expor... || Output: sn=4001 attempt=1 size=333346
[11/21/2025 07:51:06.039 PM] Action   || Name: show_cache_downl... || Trigger: https://drive.google.com/uc?expor... || Output: sn=5297 attempt=1 size=988332
[11/21/2025 07:51:06.520 PM] Action   || Name: show_cache_downl... || Trigger: https://drive.google.com/uc?expor... || Output: sn=3989 attempt=1 size=343087
[11/21/2025 07:51:06.971 PM] Action   || Name: show_cache_downl... || Trigger: https://drive.google.com/uc?expor... || Output: sn=4300 attempt=1 size=1685927
[11/21/2025 07:51:07.306 PM] Action   || Name: show_cache_downl... || Trigger: https://drive.google.com/uc?expor... || Output: sn=3978 attempt=1 size=356872
[11/21/2025 07:51:07.517 PM] Action   || Name: show_cache_downl... || Trigger: https://drive.google.com/uc?expor... || Output: sn=5974 attempt=1 size=1428307
[11/21/2025 07:56:01.436 PM] React+   || User: kitadan             || Channel: #yapper-committee                    || emoji=👍; msg="as a student who heavily relies on fafsa..." by celeryiscelery
[11/21/2025 07:56:11.810 PM] Message  || User: simplyshadow171295  || Channel: #pictures-of-the-cats                || Content: definitely zee
[11/21/2025 07:57:26.975 PM] Message  || User: kitadan             || Channel: #yapper-committee                    || Content: The following degrees have lost professional designation from the De...
[11/21/2025 07:58:56.581 PM] React+   || User: ludavis             || Channel: #yapper-committee                    || emoji=👍; msg="as a student who heavily relies on fafsa..." by celeryiscelery
[11/21/2025 08:00:02.864 PM] Action   || Name: feeding_8pm         || Trigger: unfed=9                              || Output: sent
[11/21/2025 08:02:57.281 PM] Message  || User: spitonme            || Channel: #pet-pictures                        || Content: behold shiki (ft henry)
[11/21/2025 08:06:43.422 PM] Message  || User: austinbaustinb      || Channel: #bot-spam                            || Content: Which vid?
[11/21/2025 08:07:16.546 PM] Message  || User: ludavis             || Channel: #pictures-of-the-cats                || Content: (no text; attachments=0)
[11/21/2025 08:07:31.768 PM] Message  || User: adeyumii            || Channel: #pictures-of-the-cats                || Content: Ye I saw
[11/21/2025 08:07:56.285 PM] Message  || User: adeyumii            || Channel: #pictures-of-the-cats                || Content: No raw nose....
[11/21/2025 08:08:14.174 PM] Message  || User: adeyumii            || Channel: #bot-spam                            || Content: (no text; attachments=0)
[11/21/2025 08:08:18.983 PM] Message  || User: adeyumii            || Channel: #bot-spam                            || Content: @Austin B [Records Director]
[11/21/2025 08:09:09.857 PM] Message  || User: austinbaustinb      || Channel: #bot-spam                            || Content: Awwww
[11/21/2025 08:09:12.430 PM] React+   || User: kitadan             || Channel: #pet-pictures                        || emoji=🔥; msg="behold shiki (ft henry)" by spitonme
[11/21/2025 08:10:08.588 PM] React+   || User: austinbaustinb      || Channel: #yapper-committee                    || emoji=‼️; msg="The following degrees have lost professi..." by kitadan
[11/21/2025 08:10:59.223 PM] Action   || Name: show_cache_downl... || Trigger: https://drive.google.com/uc?expor... || Output: sn=5302 attempt=1 err=TimeoutError:
[11/21/2025 08:10:59.932 PM] Action   || Name: show_cache_downl... || Trigger: https://drive.google.com/uc?expor... || Output: sn=5304 attempt=1 size=1149177
[11/21/2025 08:11:04.214 PM] Action   || Name: show_cache_downl... || Trigger: https://drive.google.com/uc?expor... || Output: sn=5308 attempt=1 err=TimeoutError:
[11/21/2025 08:11:04.545 PM] Action   || Name: show_cache_downl... || Trigger: https://drive.google.com/uc?expor... || Output: sn=4707 attempt=1 size=1001014
[11/21/2025 08:11:04.949 PM] Action   || Name: show_cache_downl... || Trigger: https://drive.google.com/uc?expor... || Output: sn=5310 attempt=1 size=1125009
[11/21/2025 08:11:05.488 PM] Action   || Name: show_cache_downl... || Trigger: https://drive.google.com/uc?expor... || Output: sn=5302 attempt=2 size=964934
[11/21/2025 08:11:06.158 PM] Action   || Name: show_cache_downl... || Trigger: https://drive.google.com/uc?expor... || Output: sn=4974 attempt=1 size=1328289
[11/21/2025 08:11:07.558 PM] Action   || Name: show_cache_downl... || Trigger: https://drive.google.com/uc?expor... || Output: sn=5690 attempt=1 size=683235
[11/21/2025 08:11:08.160 PM] Action   || Name: show_cache_downl... || Trigger: https://drive.google.com/uc?expor... || Output: sn=4974 attempt=1 size=1328289
[11/21/2025 08:11:09.371 PM] Action   || Name: show_cache_downl... || Trigger: https://drive.google.com/uc?expor... || Output: sn=5308 attempt=2 size=1145179
[11/21/2025 08:11:10.004 PM] Action   || Name: show_cache_downl... || Trigger: https://drive.google.com/uc?expor... || Output: sn=5518 attempt=1 size=1719961
[11/21/2025 08:11:10.328 PM] Action   || Name: show_cache_downl... || Trigger: https://drive.google.com/uc?expor... || Output: sn=5302 attempt=1 size=964934
[11/21/2025 08:11:11.040 PM] Action   || Name: show_cache_downl... || Trigger: https://drive.google.com/uc?expor... || Output: sn=5686 attempt=1 size=1499605
[11/21/2025 08:11:11.859 PM] Action   || Name: show_cache_downl... || Trigger: https://drive.google.com/uc?expor... || Output: sn=5697 attempt=1 size=185105
[11/21/2025 08:11:12.653 PM] Action   || Name: show_cache_downl... || Trigger: https://drive.google.com/uc?expor... || Output: sn=4714 attempt=1 size=959079
[11/21/2025 08:11:13.255 PM] Action   || Name: show_cache_downl... || Trigger: https://drive.google.com/uc?expor... || Output: sn=5517 attempt=1 size=1731504
[11/21/2025 08:11:13.657 PM] Action   || Name: show_cache_downl... || Trigger: https://drive.google.com/uc?expor... || Output: sn=5684 attempt=1 size=1473467
[11/21/2025 08:11:14.158 PM] Action   || Name: show_cache_downl... || Trigger: https://drive.google.com/uc?expor... || Output: sn=5692 attempt=1 size=747144
[11/21/2025 08:11:15.510 PM] Action   || Name: show_cache_downl... || Trigger: https://drive.google.com/uc?expor... || Output: sn=5307 attempt=1 size=1146019
[11/21/2025 08:11:16.208 PM] Action   || Name: show_cache_downl... || Trigger: https://drive.google.com/uc?expor... || Output: sn=5517 attempt=1 size=1731504
[11/21/2025 08:11:18.626 PM] Action   || Name: show_cache_downl... || Trigger: https://drive.google.com/uc?expor... || Output: sn=5698 attempt=1 size=1166059
[11/21/2025 08:11:21.018 PM] Action   || Name: show_cache_downl... || Trigger: https://drive.google.com/uc?expor... || Output: sn=4711 attempt=1 size=737680
[11/21/2025 08:14:40.661 PM] React+   || User: slayc127            || Channel: #itty-bitty-kitty-commitee           || emoji=😆; msg="Bro is just fat" by a1darek
[11/21/2025 08:14:40.988 PM] React+   || User: slayc127            || Channel: #itty-bitty-kitty-commitee           || emoji=🎉; msg="Bro is just fat" by a1darek
[11/21/2025 08:14:52.160 PM] React+   || User: slayc127            || Channel: #yapper-committee                    || emoji=👍; msg="as a student who heavily relies on fafsa..." by celeryiscelery
[11/21/2025 08:14:57.244 PM] React+   || User: slayc127            || Channel: #yapper-committee                    || emoji=‼️; msg="The following degrees have lost professi..." by kitadan
[11/21/2025 08:15:41.221 PM] React+   || User: slayc127            || Channel: #pet-pictures                        || emoji=🔥; msg="behold shiki (ft henry)" by spitonme
[11/21/2025 08:18:45.178 PM] Message  || User: adeyumii            || Channel: #bot-spam                            || Content: Boots for reference (looking at his paws)
[11/21/2025 08:24:50.363 PM] Message  || User: a1darek             || Channel: #pictures-of-the-cats                || Content: Holy wet food
[11/21/2025 08:25:19.546 PM] React+   || User: a1darek             || Channel: #pet-pictures                        || emoji=🔥; msg="behold shiki (ft henry)" by spitonme
[11/21/2025 08:27:38.435 PM] Message  || User: hatshura            || Channel: #pictures-of-the-cats                || Content: Lot 50 used to be fed like kings huh
[11/21/2025 08:27:38.447 PM] Intent   || feed_update               ||                                               || station=Lot 50; dates=['2025-11-21']
[11/21/2025 08:27:38.449 PM] Action   || Name: feed_update_ignored || Trigger: station=Lot 50                       || Output: channel_blocked:551084964318543904
[11/21/2025 08:28:07.385 PM] Message  || User: pancakemixteamdj    || Channel: #pictures-of-the-cats                || Content: They still are
[11/21/2025 08:28:28.305 PM] React+   || User: hatshura            || Channel: #itty-bitty-kitty-commitee           || emoji=😆; msg="Bro is just fat" by a1darek
[11/21/2025 08:31:56.590 PM] React+   || User: spitonme            || Channel: #itty-bitty-kitty-commitee           || emoji=🐙; msg="https://tenor.com/view/dance-gif-2741209..." by adeyumii
[11/21/2025 08:31:58.613 PM] React+   || User: spitonme            || Channel: #itty-bitty-kitty-commitee           || emoji=😆; msg="Bro is just fat" by a1darek
[11/21/2025 08:31:59.252 PM] React+   || User: spitonme            || Channel: #itty-bitty-kitty-commitee           || emoji=🎉; msg="Bro is just fat" by a1darek
[11/21/2025 08:32:15.636 PM] React+   || User: spitonme            || Channel: #yapper-committee                    || emoji=🐙; msg="as a student who heavily relies on fafsa..." by celeryiscelery
[11/21/2025 08:32:39.083 PM] React+   || User: izzyballz           || Channel: #feeding-team                        || emoji=❤️; msg="maintenance fed" by baseketballin
[11/21/2025 08:33:19.098 PM] React+   || User: spitonme            || Channel: #pictures-of-the-cats                || emoji=🐙; msg="Holy wet food" by a1darek
[11/21/2025 08:35:08.104 PM] React+   || User: izzyballz           || Channel: #yapper-committee                    || emoji=‼️; msg="The following degrees have lost professi..." by kitadan
[11/21/2025 08:38:04.979 PM] React+   || User: slayc127            || Channel: #pictures-of-the-cats                || emoji=🐙; msg="Holy wet food" by a1darek
[11/21/2025 08:40:32.820 PM] React+   || User: gupguppy            || Channel: #yapper-committee                    || emoji=‼️; msg="The following degrees have lost professi..." by kitadan
[11/21/2025 09:07:07.368 PM] React+   || User: simplyshadow171295  || Channel: #yapper-committee                    || emoji=‼️; msg="The following degrees have lost professi..." by kitadan
[11/21/2025 09:08:52.140 PM] React+   || User: .s3j                || Channel: #itty-bitty-kitty-commitee           || emoji=😆; msg="Bro is just fat" by a1darek
[11/21/2025 09:09:03.170 PM] React+   || User: .s3j                || Channel: #yapper-committee                    || emoji=❤️; msg="wtf i thought i lost these but i just fo..." by racerdg
[11/21/2025 09:16:41.647 PM] Action   || Name: gmail_log_scheduler || Trigger: found=1                              || Output: logged=0
[11/21/2025 09:16:41.684 PM] Action   || Name: finance_skip_dup... || Trigger: buffer                               || Output: Sophia Herrera $6.00 on 2025-08-26
[11/21/2025 09:16:41.684 PM] Action   || Name: finance_skip_dup... || Trigger: buffer                               || Output: Axel Torres $24.25 on 2025-08-22
[11/21/2025 09:16:41.684 PM] Action   || Name: finance_skip_dup... || Trigger: buffer                               || Output: Megan Digiovanni $47.62 on 2025-08-26
[11/21/2025 09:16:41.684 PM] Action   || Name: finance_skip_dup... || Trigger: buffer                               || Output: M. Padron $20.00 on 2025-08-26
[11/21/2025 09:16:41.684 PM] Action   || Name: finance_skip_dup... || Trigger: buffer                               || Output: Sophia Herrera $6.00 on 2025-08-26
[11/21/2025 09:16:41.684 PM] Action   || Name: finance_skip_dup... || Trigger: buffer                               || Output: Addison Loera $8.00 on 2025-08-26
[11/21/2025 09:16:41.691 PM] Action   || Name: finance_skip_dup... || Trigger: buffer                               || Output: Amber Thomas $5.00 on 2025-08-26
[11/21/2025 09:16:41.692 PM] Action   || Name: finance_skip_dup... || Trigger: buffer                               || Output: Jordin Baylee $5.00 on 2025-08-26
[11/21/2025 09:16:41.692 PM] Action   || Name: finance_skip_dup... || Trigger: buffer                               || Output: Kathleen Cantu $1.00 on 2025-08-26
[11/21/2025 09:16:41.692 PM] Action   || Name: finance_skip_dup... || Trigger: buffer                               || Output: Amber Thomas $3.00 on 2025-08-26
[11/21/2025 09:16:41.692 PM] Action   || Name: finance_skip_dup... || Trigger: buffer                               || Output: Rob Jimenez $3.00 on 2025-08-26
[11/21/2025 09:16:41.692 PM] Action   || Name: finance_skip_dup... || Trigger: buffer                               || Output: Daniel Brantley $3.00 on 2025-08-26
[11/21/2025 09:16:41.692 PM] Action   || Name: finance_skip_dup... || Trigger: buffer                               || Output: Isabella Klein $9.70 on 2025-08-26
[11/21/2025 09:16:41.692 PM] Action   || Name: finance_skip_dup... || Trigger: buffer                               || Output: Wix $25.98 on 2025-08-26
[11/21/2025 09:16:41.692 PM] Action   || Name: finance_skip_dup... || Trigger: buffer                               || Output: Nelda Hernandez $2.00 on 2025-08-26
[11/21/2025 09:16:41.700 PM] Action   || Name: finance_skip_dup... || Trigger: buffer                               || Output: Troy Broome $1.00 on 2025-08-26
[11/21/2025 09:16:41.700 PM] Action   || Name: finance_skip_dup... || Trigger: buffer                               || Output: Div Bits $2.00 on 2025-08-26
[11/21/2025 09:16:41.700 PM] Action   || Name: finance_skip_dup... || Trigger: buffer                               || Output: Jacob Sandoval $1.00 on 2025-08-26
[11/21/2025 09:16:41.700 PM] Action   || Name: finance_skip_dup... || Trigger: buffer                               || Output: Aubrey Cunningham $10.00 on 2025-08-26
[11/21/2025 09:16:41.700 PM] Action   || Name: finance_skip_dup... || Trigger: buffer                               || Output: Maxwell Preston $5.00 on 2025-08-26
[11/21/2025 09:16:41.700 PM] Action   || Name: finance_skip_dup... || Trigger: buffer                               || Output: Sophia Herrera $6.00 on 2025-08-26
[11/21/2025 09:16:41.700 PM] Action   || Name: finance_skip_dup... || Trigger: buffer                               || Output: Derek Fuentes $25.98 on 2025-08-26
[11/21/2025 09:16:41.707 PM] Action   || Name: finance_skip_dup... || Trigger: buffer                               || Output: Miguel V $5.00 on 2025-08-26
[11/21/2025 09:16:41.707 PM] Action   || Name: finance_skip_dup... || Trigger: buffer                               || Output: Nelda Hernandez $3.00 on 2025-08-26
[11/21/2025 09:16:41.708 PM] Action   || Name: finance_skip_dup... || Trigger: buffer                               || Output: Megan Digiovanni $130.00 on 2025-08-26
[11/21/2025 09:16:41.708 PM] Action   || Name: finance_skip_dup... || Trigger: buffer                               || Output: Pedro Savala $5.00 on 2025-08-27
[11/21/2025 09:16:41.708 PM] Action   || Name: finance_skip_dup... || Trigger: buffer                               || Output: Jonathan Mcgeever $5.00 on 2025-08-27
[11/21/2025 09:16:41.708 PM] Action   || Name: finance_skip_dup... || Trigger: buffer                               || Output: Py Store Here Pantego $54.00 on 2025-08-20
[11/21/2025 09:16:41.713 PM] Action   || Name: finance_skip_dup... || Trigger: buffer                               || Output: Megan Digiovanni $74.92 on 2025-07-30
[11/21/2025 09:16:41.713 PM] Action   || Name: finance_skip_dup... || Trigger: buffer                               || Output: Cassandra Nelson $7.00 on 2025-11-04
[11/21/2025 09:16:46.154 PM] Action   || Name: finance_skip_dup... || Trigger: kind=income                          || Output: Cynthia griffith $10.00 on 2025-04-16
[11/21/2025 09:16:46.156 PM] Action   || Name: finance_skip_dup... || Trigger: kind=income                          || Output: Caleb Moran $4.00 on 2025-04-16
[11/21/2025 09:16:46.156 PM] Action   || Name: finance_skip_dup... || Trigger: kind=income                          || Output: Alberto $6.00 on 2025-04-16
[11/21/2025 09:16:46.158 PM] Action   || Name: finance_skip_dup... || Trigger: kind=income                          || Output: Jacob Sandoval $2.91 on 2025-04-16
[11/21/2025 09:16:46.159 PM] Action   || Name: finance_skip_dup... || Trigger: kind=income                          || Output: tay $5.00 on 2025-04-16
[11/21/2025 09:16:46.160 PM] Action   || Name: finance_skip_dup... || Trigger: kind=income                          || Output: Nelda Hernandez $2.00 on 2025-04-16
[11/21/2025 09:16:46.160 PM] Action   || Name: finance_skip_dup... || Trigger: kind=income                          || Output: Maria Olds $10.00 on 2025-04-16
[11/21/2025 09:16:46.162 PM] Action   || Name: finance_skip_dup... || Trigger: kind=income                          || Output: Mario Rodriguez $3.00 on 2025-04-16
[11/21/2025 09:16:46.163 PM] Action   || Name: finance_skip_dup... || Trigger: kind=income                          || Output: Elisha Taylor $5.00 on 2025-04-16
[11/21/2025 09:16:46.165 PM] Action   || Name: finance_skip_dup... || Trigger: kind=income                          || Output: Jacob Sandoval $3.00 on 2025-04-16
[11/21/2025 09:16:46.166 PM] Action   || Name: finance_skip_dup... || Trigger: kind=income                          || Output: Isabella Klein $9.70 on 2025-08-26
[11/21/2025 09:16:46.166 PM] Action   || Name: finance_skip_dup... || Trigger: kind=income                          || Output: Nelda Hernandez $2.00 on 2025-08-26
[11/21/2025 09:16:46.168 PM] Action   || Name: finance_skip_dup... || Trigger: kind=income                          || Output: Troy Broome $1.00 on 2025-08-26
[11/21/2025 09:16:46.168 PM] Action   || Name: finance_skip_dup... || Trigger: kind=income                          || Output: Div Bits $2.00 on 2025-08-26
[11/21/2025 09:16:46.170 PM] Action   || Name: finance_skip_dup... || Trigger: kind=income                          || Output: Jacob Sandoval $1.00 on 2025-08-26
[11/21/2025 09:16:46.170 PM] Action   || Name: finance_skip_dup... || Trigger: kind=income                          || Output: Aubrey Cunningham $10.00 on 2025-08-26
[11/21/2025 09:16:46.172 PM] Action   || Name: finance_skip_dup... || Trigger: kind=income                          || Output: Maxwell Preston $5.00 on 2025-08-26
[11/21/2025 09:16:46.172 PM] Action   || Name: finance_skip_dup... || Trigger: kind=income                          || Output: Sophia Herrera $6.00 on 2025-08-26
[11/21/2025 09:16:46.174 PM] Action   || Name: finance_skip_dup... || Trigger: kind=income                          || Output: Miguel V $5.00 on 2025-08-26
[11/21/2025 09:16:46.174 PM] Action   || Name: finance_skip_dup... || Trigger: kind=income                          || Output: Nelda Hernandez $3.00 on 2025-08-26
[11/21/2025 09:16:46.176 PM] Action   || Name: finance_skip_dup... || Trigger: kind=income                          || Output: Megan Digiovanni $130.00 on 2025-08-26
[11/21/2025 09:16:46.176 PM] Action   || Name: finance_skip_dup... || Trigger: kind=income                          || Output: Pedro Savala $5.00 on 2025-08-27
[11/21/2025 09:16:46.178 PM] Action   || Name: finance_skip_dup... || Trigger: kind=income                          || Output: Jonathan Mcgeever $5.00 on 2025-08-27
[11/21/2025 09:16:46.180 PM] Action   || Name: finance_skip_dup... || Trigger: kind=income                          || Output: Axel Torres $24.25 on 2025-08-22
[11/21/2025 09:16:46.181 PM] Action   || Name: finance_skip_dup... || Trigger: kind=income                          || Output: M. Padron $20.00 on 2025-08-26
[11/21/2025 09:16:46.182 PM] Action   || Name: finance_skip_dup... || Trigger: kind=income                          || Output: Addison Loera $8.00 on 2025-08-26
[11/21/2025 09:16:46.182 PM] Action   || Name: finance_skip_dup... || Trigger: kind=income                          || Output: Amber Thomas $5.00 on 2025-08-26
[11/21/2025 09:16:46.184 PM] Action   || Name: finance_skip_dup... || Trigger: kind=income                          || Output: Jordin Baylee $5.00 on 2025-08-26
[11/21/2025 09:16:46.184 PM] Action   || Name: finance_skip_dup... || Trigger: kind=income                          || Output: Kathleen Cantu $1.00 on 2025-08-26
[11/21/2025 09:16:46.184 PM] Action   || Name: finance_skip_dup... || Trigger: kind=income                          || Output: Amber Thomas $3.00 on 2025-08-26
[11/21/2025 09:16:46.188 PM] Action   || Name: finance_skip_dup... || Trigger: kind=income                          || Output: Rob Jimenez $3.00 on 2025-08-26
[11/21/2025 09:16:46.188 PM] Action   || Name: finance_skip_dup... || Trigger: kind=income                          || Output: Daniel Brantley $3.00 on 2025-08-26
[11/21/2025 09:16:46.190 PM] Action   || Name: finance_skip_dup... || Trigger: kind=income                          || Output: Cassandra Nelson $6.00 on 2025-11-04
[11/21/2025 09:16:46.190 PM] Action   || Name: finance_skip_dup... || Trigger: kind=income                          || Output: Kristyn Jackson $9.00 on 2025-10-22
[11/21/2025 09:16:46.191 PM] Action   || Name: finance_skip_dup... || Trigger: kind=income                          || Output: Victoria Elkins $5.00 on 2025-10-22
[11/21/2025 09:16:46.191 PM] Action   || Name: finance_skip_dup... || Trigger: kind=income                          || Output: Alexander  Martinez $3.00 on 2025-10-22
[11/21/2025 09:16:46.191 PM] Action   || Name: finance_skip_dup... || Trigger: kind=income                          || Output: Richa  Desai $6.00 on 2025-10-22
[11/21/2025 09:16:46.195 PM] Action   || Name: finance_skip_dup... || Trigger: kind=income                          || Output: Emily Lanham $6.00 on 2025-10-22
[11/21/2025 09:16:46.195 PM] Action   || Name: finance_skip_dup... || Trigger: kind=income                          || Output: Mariah Hall $3.00 on 2025-10-22
[11/21/2025 09:16:46.198 PM] Action   || Name: finance_skip_dup... || Trigger: kind=income                          || Output: Sophia Herrera $5.00 on 2025-10-22
[11/21/2025 09:16:46.198 PM] Action   || Name: finance_skip_dup... || Trigger: kind=income                          || Output: Kylie Crook $5.00 on 2025-09-16
[11/21/2025 09:16:48.952 PM] Action   || Name: finance_skip_dup... || Trigger: kind=expense                         || Output: Py Store Here Pantego $54.00 on 2025-04-20
[11/21/2025 09:16:48.952 PM] Action   || Name: finance_skip_dup... || Trigger: kind=expense                         || Output: j s $11.68 on 2025-04-22
[11/21/2025 09:16:48.954 PM] Action   || Name: finance_skip_dup... || Trigger: kind=expense                         || Output: Wix $25.98 on 2025-04-26
[11/21/2025 09:16:48.954 PM] Action   || Name: finance_skip_dup... || Trigger: kind=expense                         || Output: Wix $25.98 on 2025-08-26
[11/21/2025 09:16:48.954 PM] Action   || Name: finance_skip_dup... || Trigger: kind=expense                         || Output: Derek Fuentes $25.98 on 2025-08-26
[11/21/2025 09:16:48.958 PM] Action   || Name: finance_skip_dup... || Trigger: kind=expense                         || Output: Py Store Here Pantego $54.00 on 2025-08-20
[11/21/2025 09:16:48.958 PM] Action   || Name: finance_skip_dup... || Trigger: kind=expense                         || Output: Megan Digiovanni $47.62 on 2025-08-26
[11/21/2025 09:16:48.960 PM] Action   || Name: finance_skip_dup... || Trigger: kind=expense                         || Output: Megan Digiovanni $74.92 on 2025-07-30
[11/21/2025 09:16:48.960 PM] Action   || Name: finance_skip_dup... || Trigger: kind=expense                         || Output: Py Store Here Pantego $54.00 on 2025-05-20
[11/21/2025 09:16:48.960 PM] Action   || Name: finance_skip_dup... || Trigger: kind=expense                         || Output: Derek Fuentes $72.45 on 2025-05-23
[11/21/2025 09:16:48.960 PM] Action   || Name: finance_skip_dup... || Trigger: kind=expense                         || Output: Wix $25.98 on 2025-05-26
[11/21/2025 09:16:48.960 PM] Action   || Name: finance_skip_dup... || Trigger: kind=expense                         || Output: Megan Digiovanni $89.91 on 2025-10-05
[11/21/2025 09:16:48.964 PM] Action   || Name: finance_skip_dup... || Trigger: kind=expense                         || Output: Derek Fuentes $20.00 on 2025-09-10
[11/21/2025 09:17:51.808 PM] Message  || User: izzyballz           || Channel: #yapper-committee                    || Content: i have genuine love in my heart for my physics lab ta
[11/21/2025 09:18:02.432 PM] Message  || User: izzyballz           || Channel: #yapper-committee                    || Content: he truly couldn’t care less
[11/21/2025 09:18:21.975 PM] Message  || User: izzyballz           || Channel: #yapper-committee                    || Content: the lab final has no lockdown browser
[11/21/2025 09:18:48.360 PM] Message  || User: izzyballz           || Channel: #yapper-committee                    || Content: it’s titled online lab final exam - requires respondus lockdown brow...
[11/21/2025 09:18:54.540 PM] Message  || User: izzyballz           || Channel: #yapper-committee                    || Content: there’s no lockdown
[11/21/2025 09:19:23.238 PM] React+   || User: gupguppy            || Channel: #yapper-committee                    || emoji=🔥; msg="there’s no lockdown" by izzyballz
[11/21/2025 09:19:24.097 PM] Message  || User: izzyballz           || Channel: #yapper-committee                    || Content: this is it
[11/21/2025 09:19:45.896 PM] Message  || User: izzyballz           || Channel: #yapper-committee                    || Content: you aren’t even locked into it when it’s opened
[11/21/2025 09:19:53.094 PM] Message  || User: izzyballz           || Channel: #yapper-committee                    || Content: i can start it and finish at a later time
[11/21/2025 09:20:12.533 PM] React+   || User: .bettercalljack     || Channel: #yapper-committee                    || emoji=🔥; msg="there’s no lockdown" by izzyballz
[11/21/2025 09:21:32.099 PM] Message  || User: izzyballz           || Channel: #yapper-committee                    || Content: if you ever have jacob bogenschuetz as a ta trust you guys are in sa...
[11/21/2025 09:21:39.197 PM] Message  || User: izzyballz           || Channel: #yapper-committee                    || Content: everything is a completion grade
[11/21/2025 09:26:39.047 PM] React+   || User: slayc127            || Channel: #yapper-committee                    || emoji=🔥; msg="there’s no lockdown" by izzyballz
[11/21/2025 09:26:51.995 PM] Message  || User: the_frog.sorcerer   || Channel: #events                              || Content: Im just buying cicis cinnamon rolls for every friends giving
[11/21/2025 09:26:59.518 PM] Message  || User: the_frog.sorcerer   || Channel: #events                              || Content: Maybe deviled eggs
[11/21/2025 09:30:46.880 PM] React+   || User: cici4f3             || Channel: #itty-bitty-kitty-commitee           || emoji=😆; msg="Bro is just fat" by a1darek
[11/21/2025 09:30:47.590 PM] React+   || User: cici4f3             || Channel: #itty-bitty-kitty-commitee           || emoji=🎉; msg="Bro is just fat" by a1darek
[11/21/2025 09:37:53.163 PM] Message  || User: izzyballz           || Channel: #yapper-committee                    || Content: i LOVE cocteau twins
[11/21/2025 09:37:54.551 PM] Message  || User: izzyballz           || Channel: #yapper-committee                    || Content: like sm
[11/21/2025 09:38:03.892 PM] Message  || User: izzyballz           || Channel: #yapper-committee                    || Content: heavenly hymns
[11/21/2025 09:38:06.739 PM] React+   || User: kitadan             || Channel: #yapper-committee                    || emoji=🔥; msg="there’s no lockdown" by izzyballz
[11/21/2025 09:40:56.845 PM] Message  || User: izzyballz           || Channel: #yapper-committee                    || Content: spotify wrapped comes out soon guys are we geeked
[11/21/2025 09:41:28.073 PM] Message  || User: yaeji               || Channel: #yapper-committee                    || Content: my numbers aren't high enough
[11/21/2025 09:41:36.178 PM] Message  || User: yaeji               || Channel: #yapper-committee                    || Content: i can't flex this year
[11/21/2025 09:42:17.885 PM] Message  || User: izzyballz           || Channel: #yapper-committee                    || Content: i get so excited for wrapped even though i have an app that breaks d...
[11/21/2025 09:42:23.546 PM] Message  || User: yaeji               || Channel: #yapper-committee                    || Content: ^
[11/21/2025 09:42:27.765 PM] Message  || User: yaeji               || Channel: #yapper-committee                    || Content: what app do you use
[11/21/2025 09:42:30.831 PM] Message  || User: izzyballz           || Channel: #yapper-committee                    || Content: stats.fm?
[11/21/2025 09:42:33.941 PM] Message  || User: yaeji               || Channel: #yapper-committee                    || Content: yuuup
[11/21/2025 09:42:35.917 PM] Message  || User: izzyballz           || Channel: #yapper-committee                    || Content: real shit
[11/21/2025 09:42:50.563 PM] Message  || User: yaeji               || Channel: #yapper-committee                    || Content: i think stats.fm/yaeji is mine
[11/21/2025 09:43:25.546 PM] Message  || User: slayc127            || Channel: #yapper-committee                    || Content: unforch i stopped using Spotify halfway thru the yr
[11/21/2025 09:43:28.863 PM] Message  || User: slayc127            || Channel: #yapper-committee                    || Content: #fuckspotify
[11/21/2025 09:43:32.740 PM] Message  || User: slayc127            || Channel: #yapper-committee                    || Content: #fuckstreaming
[11/21/2025 09:43:37.865 PM] Message  || User: izzyballz           || Channel: #yapper-committee                    || Content: what did you switch to
[11/21/2025 09:43:39.608 PM] Message  || User: slayc127            || Channel: #yapper-committee                    || Content: (i still use youtube)
[11/21/2025 09:43:49.541 PM] Message  || User: yaeji               || Channel: #yapper-committee                    || Content: youtube music + youtube premium is a nice discount
[11/21/2025 09:43:55.616 PM] Message  || User: yaeji               || Channel: #yapper-committee                    || Content: but i need my spotify eq
[11/21/2025 09:43:58.924 PM] Message  || User: yaeji               || Channel: #yapper-committee                    || Content: nothing else cuts it
[11/21/2025 09:44:06.575 PM] Message  || User: slayc127            || Channel: #yapper-committee                    || Content: mostly local files but i use youtube music for podcasts (i have prem...
[11/21/2025 09:44:06.947 PM] Message  || User: slayc127            || Channel: #yapper-committee                    || Content: gonna make the switch to a diff app over the break
[11/21/2025 09:44:34.737 PM] Message  || User: izzyballz           || Channel: #yapper-committee                    || Content: i just added you
[11/21/2025 09:44:36.297 PM] Message  || User: slayc127            || Channel: #yapper-committee                    || Content: i want to invest in a nice digital player
[11/21/2025 09:44:40.669 PM] Message  || User: yaeji               || Channel: #yapper-committee                    || Content: word
[11/21/2025 09:44:43.842 PM] Message  || User: slayc127            || Channel: #yapper-committee                    || Content: theyre just expensive
[11/21/2025 09:45:00.809 PM] Message  || User: izzyballz           || Channel: #yapper-committee                    || Content: im too codependent with spotify to leave
[11/21/2025 09:45:13.749 PM] Message  || User: izzyballz           || Channel: #yapper-committee                    || Content: i keep thinking about it and then i never do
[11/21/2025 09:45:23.017 PM] Message  || User: slayc127            || Channel: #yapper-committee                    || Content: i thought the same thing but their payouts to artist is ass + i alre...
[11/21/2025 09:45:37.049 PM] Message  || User: slayc127            || Channel: #yapper-committee                    || Content: was easier for me esp since i usually just listen to albums vs playl...
[11/21/2025 09:45:43.931 PM] Message  || User: slayc127            || Channel: #yapper-committee                    || Content: def takes time tho dont get me wrong
[11/21/2025 09:46:16.070 PM] Message  || User: slayc127            || Channel: #yapper-committee                    || Content: i also hate having to pay just to download files for when i dont hav...
[11/21/2025 09:46:25.914 PM] Message  || User: slayc127            || Channel: #yapper-committee                    || Content: just seems really stupid to me now Personally
[11/21/2025 09:46:56.383 PM] Message  || User: racerdg             || Channel: #yapper-committee                    || Content: what non kpop pop albums do you have
[11/21/2025 09:47:05.772 PM] Message  || User: izzyballz           || Channel: #yapper-committee                    || Content: spotify free is so unusable idk how anyone does it
[11/21/2025 09:47:11.975 PM] Message  || User: yaeji               || Channel: #yapper-committee                    || Content: real
[11/21/2025 09:47:14.498 PM] Message  || User: slayc127            || Channel: #yapper-committee                    || Content: lemme pull out my binder ill do a flip thru + send pics of my cds
[11/21/2025 09:47:22.048 PM] Message  || User: izzyballz           || Channel: #yapper-committee                    || Content: genuinely anything else would be better than spotify free
[11/21/2025 09:47:28.877 PM] Message  || User: izzyballz           || Channel: #yapper-committee                    || Content: just straight mp3s
[11/21/2025 09:47:51.115 PM] Message  || User: racerdg             || Channel: #yapper-committee                    || Content: Yesss
[11/21/2025 09:47:54.027 PM] Message  || User: yaeji               || Channel: #yapper-committee                    || Content: old ipod nano and 🏴‍☠️ some music :p
[11/21/2025 09:48:40.387 PM] Message  || User: racerdg             || Channel: #yapper-committee                    || Content: i spilled glue all over my ipod nano recently i was so sad
[11/21/2025 09:48:46.478 PM] Message  || User: izzyballz           || Channel: #yapper-committee                    || Content: tragic
[11/21/2025 09:48:53.314 PM] Message  || User: yaeji               || Channel: #yapper-committee                    || Content: nooooooo
[11/21/2025 09:49:05.987 PM] React+   || User: spitonme            || Channel: #yapper-committee                    || emoji=🐙; msg="if you ever have jacob bogenschuetz as a..." by izzyballz
[11/21/2025 09:49:07.143 PM] Message  || User: racerdg             || Channel: #yapper-committee                    || Content: it was lowk ready to explode anyways though its okay
[11/21/2025 09:49:23.027 PM] Message  || User: slayc127            || Channel: #yapper-committee                    || Content: lmk if ur curious abt anything in specific, standout collections for...
[11/21/2025 09:49:28.708 PM] React+   || User: izzyballz           || Channel: #yapper-committee                    || emoji=❤️; msg="lmk if ur curious abt anything in specif..." by slayc127
[11/21/2025 09:49:36.563 PM] Message  || User: yaeji               || Channel: #yapper-committee                    || Content: apparently i'm not allowed to wear wired apple earbuds nowadays so i...
[11/21/2025 09:50:31.783 PM] Message  || User: slayc127            || Channel: #yapper-committee                    || Content: still building it up, i have to really enjoy an album before ill buy...
[11/21/2025 09:50:31.809 PM] Message  || User: slayc127            || Channel: #yapper-committee                    || Content: still need lordes discography
[11/21/2025 09:50:31.817 PM] Message  || User: racerdg             || Channel: #yapper-committee                    || Content: we have after laughter and post in common
[11/21/2025 09:50:31.825 PM] Message  || User: izzyballz           || Channel: #yapper-committee                    || Content: i have a record player but i should have went the cd route
[11/21/2025 09:50:31.834 PM] Message  || User: izzyballz           || Channel: #yapper-committee                    || Content: cheaper 💔
[11/21/2025 09:50:31.842 PM] Message  || User: pancakemixteamdj    || Channel: #yapper-committee                    || Content: Forcing my dad to listen to 80s music during our 3 hour trip
[11/21/2025 09:50:32.083 PM] React+   || User: slayc127            || Channel: #yapper-committee                    || emoji=❤️; msg="we have after laughter and post in commo..." by racerdg
[11/21/2025 09:50:32.098 PM] React+   || User: spitonme            || Channel: #yapper-committee                    || emoji=🐙; msg="i have a record player but i should have..." by izzyballz
[11/21/2025 09:50:37.225 PM] Message  || User: yaeji               || Channel: #yapper-committee                    || Content: cds also have elite audio quality
[11/21/2025 09:50:38.326 PM] Message  || User: spitonme            || Channel: #yapper-committee                    || Content: i have onenof those stereotypical kpop fan cd players
[11/21/2025 09:50:42.174 PM] Message  || User: slayc127            || Channel: #yapper-committee                    || Content: the nirvana album is my parents actually same w flyleaf but the actu...
[11/21/2025 09:50:46.269 PM] Message  || User: slayc127            || Channel: #yapper-committee                    || Content: i am so pissed abt it
[11/21/2025 09:51:09.681 PM] React+   || User: spitonme            || Channel: #yapper-committee                    || emoji=🐙; msg="the nirvana album is my parents actually..." by slayc127
[11/21/2025 09:51:26.934 PM] React+   || User: slayc127            || Channel: #yapper-committee                    || emoji=🐙; msg="i have a record player but i should have..." by izzyballz
[11/21/2025 09:51:27.583 PM] Message  || User: pancakemixteamdj    || Channel: #yapper-committee                    || Content: If he get control of the aux I will perish if he plays Luke Bryan
[11/21/2025 09:51:45.131 PM] Message  || User: izzyballz           || Channel: #yapper-committee                    || Content: my music taste is violently stereotypical i do not break the molds a...
[11/21/2025 09:51:45.534 PM] Message  || User: slayc127            || Channel: #yapper-committee                    || Content: go thrifting u can find cheap as hell dvd players/cd players
[11/21/2025 09:51:48.250 PM] Message  || User: izzyballz           || Channel: #yapper-committee                    || Content: #gay
[11/21/2025 09:51:50.518 PM] Message  || User: izzyballz           || Channel: #yapper-committee                    || Content: alr
[11/21/2025 09:52:06.780 PM] Message  || User: racerdg             || Channel: #yapper-committee                    || Content: (no text; attachments=1)
[11/21/2025 09:52:07.134 PM] Message  || User: slayc127            || Channel: #yapper-committee                    || Content: i want a record player but i cant justify it rn esp if i want a digi...
[11/21/2025 09:52:11.104 PM] React+   || User: izzyballz           || Channel: #yapper-committee                    || emoji=❤️; msg=1441637344443633865
[11/21/2025 09:52:27.875 PM] Message  || User: slayc127            || Channel: #yapper-committee                    || Content: 8 vinyls....im sad guys i have the entire walking dead game soundtra...
[11/21/2025 09:52:29.518 PM] React+   || User: slayc127            || Channel: #yapper-committee                    || emoji=❤️; msg=1441637344443633865
[11/21/2025 09:52:43.221 PM] Message  || User: slayc127            || Channel: #yapper-committee                    || Content: soundgarden mention ‼️‼️
[11/21/2025 09:52:49.788 PM] Message  || User: yaeji               || Channel: #yapper-committee                    || Content: the vinyls from my favorite artist are always sold out and people se...
[11/21/2025 09:53:08.241 PM] Message  || User: izzyballz           || Channel: #yapper-committee                    || Content: come to my home 40 minutes away /silly
[11/21/2025 09:53:19.496 PM] Message  || User: slayc127            || Channel: #yapper-committee                    || Content: im dead serious i have free time next week
[11/21/2025 09:53:20.693 PM] Message  || User: slayc127            || Channel: #yapper-committee                    || Content: jk
[11/21/2025 09:53:21.881 PM] Message  || User: slayc127            || Channel: #yapper-committee                    || Content: unless
[11/21/2025 09:53:28.896 PM] Message  || User: slayc127            || Channel: #yapper-committee                    || Content: jk bc ur working 738282828 hours
[11/21/2025 09:53:36.548 PM] React+   || User: izzyballz           || Channel: #yapper-committee                    || emoji=💔; msg="jk bc ur working 738282828 hours" by slayc127
[11/21/2025 09:53:38.609 PM] React+   || User: izzyballz           || Channel: #yapper-committee                    || emoji=🥀; msg="jk bc ur working 738282828 hours" by slayc127
[11/21/2025 09:53:47.568 PM] Message  || User: izzyballz           || Channel: #yapper-committee                    || Content: black friday ..............
[11/21/2025 09:53:51.819 PM] React+   || User: slayc127            || Channel: #yapper-committee                    || emoji=‼️; msg="black friday .............." by izzyballz
[11/21/2025 09:53:56.094 PM] Message  || User: racerdg             || Channel: #yapper-committee                    || Content: i miss collecting cds just cause it was fun to update my discogs
[11/21/2025 09:53:58.256 PM] Message  || User: izzyballz           || Channel: #yapper-committee                    || Content: https://tenor.com/view/rage-rat-rage-anger-grr-fist-gif-22836324
[11/21/2025 09:54:07.944 PM] Message  || User: slayc127            || Channel: #yapper-committee                    || Content: just bring ur record player to my apartment and then do not take it ...
[11/21/2025 09:54:12.220 PM] Message  || User: slayc127            || Channel: #yapper-committee                    || Content: REAL
[11/21/2025 09:54:20.060 PM] Message  || User: slayc127            || Channel: #yapper-committee                    || Content: its been a min since ive been on discogs
[11/21/2025 09:54:27.224 PM] React+   || User: izzyballz           || Channel: #yapper-committee                    || emoji=😆; msg="just bring ur record player to my apartm..." by slayc127
[11/21/2025 09:54:28.495 PM] Message  || User: slayc127            || Channel: #yapper-committee                    || Content: i need to go thru and delete all the kpop albums i no longer own
[11/21/2025 09:54:33.389 PM] Message  || User: racerdg             || Channel: #yapper-committee                    || Content: lol
[11/21/2025 09:54:47.551 PM] Message  || User: racerdg             || Channel: #yapper-committee                    || Content: i think my discogs still has a bunch of cds i gave to my ex
[11/21/2025 09:54:52.903 PM] React+   || User: slayc127            || Channel: #yapper-committee                    || emoji=😭; msg="i think my discogs still has a bunch of ..." by racerdg
[11/21/2025 09:54:55.040 PM] Message  || User: slayc127            || Channel: #yapper-committee                    || Content: free urself
[11/21/2025 09:54:56.452 PM] Message  || User: slayc127            || Channel: #yapper-committee                    || Content: update it
[11/21/2025 09:55:18.817 PM] Message  || User: racerdg             || Channel: #yapper-committee                    || Content: its okay i dont really care plus i liked her
[11/21/2025 09:55:43.091 PM] Message  || User: racerdg             || Channel: #yapper-committee                    || Content: i do wonder where those cds are now
[11/21/2025 09:55:47.213 PM] Message  || User: racerdg             || Channel: #yapper-committee                    || Content: goodwill maybe
[11/21/2025 09:56:18.940 PM] Message  || User: izzyballz           || Channel: #yapper-committee                    || Content: im sad last year i had 111k minutes on spotify this year im down to 65k
[11/21/2025 09:56:35.227 PM] Message  || User: izzyballz           || Channel: #yapper-committee                    || Content: i cant brag 💔
[11/21/2025 09:56:50.161 PM] React+   || User: .bettercalljack     || Channel: #yapper-committee                    || emoji=💔; msg="jk bc ur working 738282828 hours" by slayc127
[11/21/2025 09:56:50.698 PM] React+   || User: .bettercalljack     || Channel: #yapper-committee                    || emoji=🥀; msg="jk bc ur working 738282828 hours" by slayc127
[11/21/2025 09:57:19.189 PM] React+   || User: slayc127            || Channel: #yapper-committee                    || emoji=💔; msg="its okay i dont really care plus i liked..." by racerdg
[11/21/2025 09:57:23.960 PM] Message  || User: slayc127            || Channel: #yapper-committee                    || Content: this is so sad bro
[11/21/2025 09:57:30.642 PM] React+   || User: slayc127            || Channel: #yapper-committee                    || emoji=😭; msg="im sad last year i had 111k minutes on s..." by izzyballz
[11/21/2025 09:57:35.794 PM] React+   || User: izzyballz           || Channel: #yapper-committee                    || emoji=💔; msg="this is so sad bro" by slayc127
[11/21/2025 09:57:39.777 PM] Message  || User: racerdg             || Channel: #yapper-committee                    || Content: im the one that broke up
[11/21/2025 09:57:45.931 PM] Message  || User: slayc127            || Channel: #yapper-committee                    || Content: no i mean like
[11/21/2025 09:57:46.247 PM] Message  || User: racerdg             || Channel: #yapper-committee                    || Content: dont feel bad
[11/21/2025 09:57:52.213 PM] Message  || User: slayc127            || Channel: #yapper-committee                    || Content: w/o context its just a very
[11/21/2025 09:57:56.346 PM] Message  || User: slayc127            || Channel: #yapper-committee                    || Content: bittersweet wlw thing to say
[11/21/2025 09:58:00.416 PM] Message  || User: racerdg             || Channel: #yapper-committee                    || Content: lmfaooo
[11/21/2025 09:58:03.079 PM] Message  || User: slayc127            || Channel: #yapper-committee                    || Content: does this make sense
[11/21/2025 09:58:05.742 PM] Message  || User: izzyballz           || Channel: #yapper-committee                    || Content: yes
[11/21/2025 09:58:06.076 PM] Message  || User: racerdg             || Channel: #yapper-committee                    || Content: <:hehehe:838977008411213845>
[11/21/2025 09:58:44.630 PM] Message  || User: slayc127            || Channel: #yapper-committee                    || Content: srry idek if u identify as wlw 😭😭😭😭😭😭😭😭😭😭
[11/21/2025 09:58:45.758 PM] Message  || User: racerdg             || Channel: #yapper-committee                    || Content: im ngl i 100% would have been one of those people that keeps in touc...
[11/21/2025 09:58:50.936 PM] Message  || User: racerdg             || Channel: #yapper-committee                    || Content: yes
[11/21/2025 09:58:57.431 PM] React+   || User: slayc127            || Channel: #yapper-committee                    || emoji=😭; msg="im ngl i 100% would have been one of tho..." by racerdg
[11/21/2025 09:58:59.138 PM] React+   || User: slayc127            || Channel: #yapper-committee                    || emoji=❤️; msg="im ngl i 100% would have been one of tho..." by racerdg
[11/21/2025 09:59:19.286 PM] Message  || User: izzyballz           || Channel: #yapper-committee                    || Content: one thing about me is i am inside of people bios
[11/21/2025 09:59:27.271 PM] Message  || User: izzyballz           || Channel: #yapper-committee                    || Content: i am always reading bios
[11/21/2025 09:59:27.963 PM] Message  || User: racerdg             || Channel: #yapper-committee                    || Content: girl
[11/21/2025 09:59:30.304 PM] Message  || User: racerdg             || Channel: #yapper-committee                    || Content: Oh
[11/21/2025 09:59:33.979 PM] Message  || User: racerdg             || Channel: #yapper-committee                    || Content: yeah
[11/21/2025 09:59:39.189 PM] Message  || User: slayc127            || Channel: #yapper-committee                    || Content: LMFAOOOOOOOOOOOOOOOOOOOOOI
[11/21/2025 09:59:41.199 PM] Message  || User: racerdg             || Channel: #yapper-committee                    || Content: this is awkward for me
[11/21/2025 09:59:45.832 PM] React+   || User: slayc127            || Channel: #yapper-committee                    || emoji=😭; msg="this is awkward for me" by racerdg
[11/21/2025 09:59:46.497 PM] Message  || User: racerdg             || Channel: #yapper-committee                    || Content: same
[11/21/2025 09:59:49.098 PM] Message  || User: yaeji               || Channel: #yapper-committee                    || Content: thank god i'm past my lyrics in the bio phase...
[11/21/2025 10:01:08.813 PM] Message  || User: izzyballz           || Channel: #yapper-committee                    || Content: 2025 lineup
[11/21/2025 10:01:18.733 PM] Message  || User: izzyballz           || Channel: #yapper-committee                    || Content: addison rae sneak oml
[11/21/2025 10:03:24.832 PM] Message  || User: yaeji               || Channel: #yapper-committee                    || Content: i once reigned as #1 red velvet listener on stats.fm
[11/21/2025 10:03:36.866 PM] Message  || User: yaeji               || Channel: #yapper-committee                    || Content: oh the platinum record was so shiny
[11/21/2025 10:04:36.577 PM] Action   || Name: gmail_log_scheduler || Trigger: found=1                              || Output: logged=1
[11/21/2025 10:04:36.632 PM] Action   || Name: finance_skip_dup... || Trigger: buffer                               || Output: Sophia Herrera $6.00 on 2025-08-26
[11/21/2025 10:04:36.634 PM] Action   || Name: finance_skip_dup... || Trigger: buffer                               || Output: Axel Torres $24.25 on 2025-08-22
[11/21/2025 10:04:36.634 PM] Action   || Name: finance_skip_dup... || Trigger: buffer                               || Output: Megan Digiovanni $47.62 on 2025-08-26
[11/21/2025 10:04:36.636 PM] Action   || Name: finance_skip_dup... || Trigger: buffer                               || Output: M. Padron $20.00 on 2025-08-26
[11/21/2025 10:04:36.636 PM] Action   || Name: finance_skip_dup... || Trigger: buffer                               || Output: Sophia Herrera $6.00 on 2025-08-26
[11/21/2025 10:04:36.636 PM] Action   || Name: finance_skip_dup... || Trigger: buffer                               || Output: Addison Loera $8.00 on 2025-08-26
[11/21/2025 10:04:36.636 PM] Action   || Name: finance_skip_dup... || Trigger: buffer                               || Output: Amber Thomas $5.00 on 2025-08-26
[11/21/2025 10:04:36.640 PM] Action   || Name: finance_skip_dup... || Trigger: buffer                               || Output: Jordin Baylee $5.00 on 2025-08-26
[11/21/2025 10:04:36.640 PM] Action   || Name: finance_skip_dup... || Trigger: buffer                               || Output: Kathleen Cantu $1.00 on 2025-08-26
[11/21/2025 10:04:36.640 PM] Action   || Name: finance_skip_dup... || Trigger: buffer                               || Output: Amber Thomas $3.00 on 2025-08-26
[11/21/2025 10:04:36.640 PM] Action   || Name: finance_skip_dup... || Trigger: buffer                               || Output: Rob Jimenez $3.00 on 2025-08-26
[11/21/2025 10:04:36.640 PM] Action   || Name: finance_skip_dup... || Trigger: buffer                               || Output: Daniel Brantley $3.00 on 2025-08-26
[11/21/2025 10:04:36.645 PM] Action   || Name: finance_skip_dup... || Trigger: buffer                               || Output: Isabella Klein $9.70 on 2025-08-26
[11/21/2025 10:04:36.645 PM] Action   || Name: finance_skip_dup... || Trigger: buffer                               || Output: Wix $25.98 on 2025-08-26
[11/21/2025 10:04:36.645 PM] Action   || Name: finance_skip_dup... || Trigger: buffer                               || Output: Nelda Hernandez $2.00 on 2025-08-26
[11/21/2025 10:04:36.648 PM] Action   || Name: finance_skip_dup... || Trigger: buffer                               || Output: Troy Broome $1.00 on 2025-08-26
[11/21/2025 10:04:36.649 PM] Action   || Name: finance_skip_dup... || Trigger: buffer                               || Output: Div Bits $2.00 on 2025-08-26
[11/21/2025 10:04:36.649 PM] Action   || Name: finance_skip_dup... || Trigger: buffer                               || Output: Jacob Sandoval $1.00 on 2025-08-26
[11/21/2025 10:04:36.649 PM] Action   || Name: finance_skip_dup... || Trigger: buffer                               || Output: Aubrey Cunningham $10.00 on 2025-08-26
[11/21/2025 10:04:36.649 PM] Action   || Name: finance_skip_dup... || Trigger: buffer                               || Output: Maxwell Preston $5.00 on 2025-08-26
[11/21/2025 10:04:36.649 PM] Action   || Name: finance_skip_dup... || Trigger: buffer                               || Output: Sophia Herrera $6.00 on 2025-08-26
[11/21/2025 10:04:36.649 PM] Action   || Name: finance_skip_dup... || Trigger: buffer                               || Output: Derek Fuentes $25.98 on 2025-08-26
[11/21/2025 10:04:36.649 PM] Action   || Name: finance_skip_dup... || Trigger: buffer                               || Output: Miguel V $5.00 on 2025-08-26
[11/21/2025 10:04:36.649 PM] Action   || Name: finance_skip_dup... || Trigger: buffer                               || Output: Nelda Hernandez $3.00 on 2025-08-26
[11/21/2025 10:04:36.656 PM] Action   || Name: finance_skip_dup... || Trigger: buffer                               || Output: Megan Digiovanni $130.00 on 2025-08-26
[11/21/2025 10:04:36.656 PM] Action   || Name: finance_skip_dup... || Trigger: buffer                               || Output: Pedro Savala $5.00 on 2025-08-27
[11/21/2025 10:04:36.659 PM] Action   || Name: finance_skip_dup... || Trigger: buffer                               || Output: Jonathan Mcgeever $5.00 on 2025-08-27
[11/21/2025 10:04:36.659 PM] Action   || Name: finance_skip_dup... || Trigger: buffer                               || Output: Py Store Here Pantego $54.00 on 2025-08-20
[11/21/2025 10:04:36.659 PM] Action   || Name: finance_skip_dup... || Trigger: buffer                               || Output: Megan Digiovanni $74.92 on 2025-07-30
[11/21/2025 10:04:36.659 PM] Action   || Name: finance_skip_dup... || Trigger: buffer                               || Output: Cassandra Nelson $7.00 on 2025-11-04
[11/21/2025 10:04:40.028 PM] Action   || Name: finance_skip_dup... || Trigger: kind=income                          || Output: Cynthia griffith $10.00 on 2025-04-16
[11/21/2025 10:04:40.028 PM] Action   || Name: finance_skip_dup... || Trigger: kind=income                          || Output: Caleb Moran $4.00 on 2025-04-16
[11/21/2025 10:04:40.031 PM] Action   || Name: finance_skip_dup... || Trigger: kind=income                          || Output: Alberto $6.00 on 2025-04-16
[11/21/2025 10:04:40.031 PM] Action   || Name: finance_skip_dup... || Trigger: kind=income                          || Output: Jacob Sandoval $2.91 on 2025-04-16
[11/21/2025 10:04:40.031 PM] Action   || Name: finance_skip_dup... || Trigger: kind=income                          || Output: tay $5.00 on 2025-04-16
[11/21/2025 10:04:40.031 PM] Action   || Name: finance_skip_dup... || Trigger: kind=income                          || Output: Nelda Hernandez $2.00 on 2025-04-16
[11/21/2025 10:04:40.031 PM] Action   || Name: finance_skip_dup... || Trigger: kind=income                          || Output: Maria Olds $10.00 on 2025-04-16
[11/21/2025 10:04:40.036 PM] Action   || Name: finance_skip_dup... || Trigger: kind=income                          || Output: Mario Rodriguez $3.00 on 2025-04-16
[11/21/2025 10:04:40.036 PM] Action   || Name: finance_skip_dup... || Trigger: kind=income                          || Output: Elisha Taylor $5.00 on 2025-04-16
[11/21/2025 10:04:40.038 PM] Action   || Name: finance_skip_dup... || Trigger: kind=income                          || Output: Jacob Sandoval $3.00 on 2025-04-16
[11/21/2025 10:04:40.038 PM] Action   || Name: finance_skip_dup... || Trigger: kind=income                          || Output: Isabella Klein $9.70 on 2025-08-26
[11/21/2025 10:04:40.038 PM] Action   || Name: finance_skip_dup... || Trigger: kind=income                          || Output: Nelda Hernandez $2.00 on 2025-08-26
[11/21/2025 10:04:40.038 PM] Action   || Name: finance_skip_dup... || Trigger: kind=income                          || Output: Troy Broome $1.00 on 2025-08-26
[11/21/2025 10:04:40.038 PM] Action   || Name: finance_skip_dup... || Trigger: kind=income                          || Output: Div Bits $2.00 on 2025-08-26
[11/21/2025 10:04:40.038 PM] Action   || Name: finance_skip_dup... || Trigger: kind=income                          || Output: Jacob Sandoval $1.00 on 2025-08-26
[11/21/2025 10:04:40.044 PM] Action   || Name: finance_skip_dup... || Trigger: kind=income                          || Output: Aubrey Cunningham $10.00 on 2025-08-26
[11/21/2025 10:04:40.044 PM] Action   || Name: finance_skip_dup... || Trigger: kind=income                          || Output: Maxwell Preston $5.00 on 2025-08-26
[11/21/2025 10:04:40.044 PM] Action   || Name: finance_skip_dup... || Trigger: kind=income                          || Output: Sophia Herrera $6.00 on 2025-08-26
[11/21/2025 10:04:40.044 PM] Action   || Name: finance_skip_dup... || Trigger: kind=income                          || Output: Miguel V $5.00 on 2025-08-26
[11/21/2025 10:04:40.044 PM] Action   || Name: finance_skip_dup... || Trigger: kind=income                          || Output: Nelda Hernandez $3.00 on 2025-08-26
[11/21/2025 10:04:40.044 PM] Action   || Name: finance_skip_dup... || Trigger: kind=income                          || Output: Megan Digiovanni $130.00 on 2025-08-26
[11/21/2025 10:04:40.051 PM] Action   || Name: finance_skip_dup... || Trigger: kind=income                          || Output: Pedro Savala $5.00 on 2025-08-27
[11/21/2025 10:04:40.051 PM] Action   || Name: finance_skip_dup... || Trigger: kind=income                          || Output: Jonathan Mcgeever $5.00 on 2025-08-27
[11/21/2025 10:04:40.053 PM] Action   || Name: finance_skip_dup... || Trigger: kind=income                          || Output: Axel Torres $24.25 on 2025-08-22
[11/21/2025 10:04:40.054 PM] Action   || Name: finance_skip_dup... || Trigger: kind=income                          || Output: M. Padron $20.00 on 2025-08-26
[11/21/2025 10:04:40.054 PM] Action   || Name: finance_skip_dup... || Trigger: kind=income                          || Output: Addison Loera $8.00 on 2025-08-26
[11/21/2025 10:04:40.054 PM] Action   || Name: finance_skip_dup... || Trigger: kind=income                          || Output: Amber Thomas $5.00 on 2025-08-26
[11/21/2025 10:04:40.054 PM] Action   || Name: finance_skip_dup... || Trigger: kind=income                          || Output: Jordin Baylee $5.00 on 2025-08-26
[11/21/2025 10:04:40.058 PM] Action   || Name: finance_skip_dup... || Trigger: kind=income                          || Output: Kathleen Cantu $1.00 on 2025-08-26
[11/21/2025 10:04:40.058 PM] Action   || Name: finance_skip_dup... || Trigger: kind=income                          || Output: Amber Thomas $3.00 on 2025-08-26
[11/21/2025 10:04:40.060 PM] Action   || Name: finance_skip_dup... || Trigger: kind=income                          || Output: Rob Jimenez $3.00 on 2025-08-26
[11/21/2025 10:04:40.060 PM] Action   || Name: finance_skip_dup... || Trigger: kind=income                          || Output: Daniel Brantley $3.00 on 2025-08-26
[11/21/2025 10:04:40.060 PM] Action   || Name: finance_skip_dup... || Trigger: kind=income                          || Output: Cassandra Nelson $6.00 on 2025-11-04
[11/21/2025 10:04:40.064 PM] Action   || Name: finance_skip_dup... || Trigger: kind=income                          || Output: Kristyn Jackson $9.00 on 2025-10-22
[11/21/2025 10:04:40.064 PM] Action   || Name: finance_skip_dup... || Trigger: kind=income                          || Output: Victoria Elkins $5.00 on 2025-10-22
[11/21/2025 10:04:40.064 PM] Action   || Name: finance_skip_dup... || Trigger: kind=income                          || Output: Alexander  Martinez $3.00 on 2025-10-22
[11/21/2025 10:04:40.064 PM] Action   || Name: finance_skip_dup... || Trigger: kind=income                          || Output: Richa  Desai $6.00 on 2025-10-22
[11/21/2025 10:04:40.068 PM] Action   || Name: finance_skip_dup... || Trigger: kind=income                          || Output: Emily Lanham $6.00 on 2025-10-22
[11/21/2025 10:04:40.069 PM] Action   || Name: finance_skip_dup... || Trigger: kind=income                          || Output: Mariah Hall $3.00 on 2025-10-22
[11/21/2025 10:04:40.069 PM] Action   || Name: finance_skip_dup... || Trigger: kind=income                          || Output: Sophia Herrera $5.00 on 2025-10-22
[11/21/2025 10:04:40.069 PM] Action   || Name: finance_skip_dup... || Trigger: kind=income                          || Output: Kylie Crook $5.00 on 2025-09-16
[11/21/2025 10:04:41.541 PM] Action   || Name: finance_skip_dup... || Trigger: kind=expense                         || Output: Py Store Here Pantego $54.00 on 2025-04-20
[11/21/2025 10:04:41.541 PM] Action   || Name: finance_skip_dup... || Trigger: kind=expense                         || Output: j s $11.68 on 2025-04-22
[11/21/2025 10:04:41.544 PM] Action   || Name: finance_skip_dup... || Trigger: kind=expense                         || Output: Wix $25.98 on 2025-04-26
[11/21/2025 10:04:41.546 PM] Action   || Name: finance_skip_dup... || Trigger: kind=expense                         || Output: Wix $25.98 on 2025-08-26
[11/21/2025 10:04:41.546 PM] Action   || Name: finance_skip_dup... || Trigger: kind=expense                         || Output: Derek Fuentes $25.98 on 2025-08-26
[11/21/2025 10:04:41.546 PM] Action   || Name: finance_skip_dup... || Trigger: kind=expense                         || Output: Py Store Here Pantego $54.00 on 2025-08-20
[11/21/2025 10:04:41.546 PM] Action   || Name: finance_skip_dup... || Trigger: kind=expense                         || Output: Megan Digiovanni $47.62 on 2025-08-26
[11/21/2025 10:04:41.546 PM] Action   || Name: finance_skip_dup... || Trigger: kind=expense                         || Output: Megan Digiovanni $74.92 on 2025-07-30
[11/21/2025 10:04:41.550 PM] Action   || Name: finance_skip_dup... || Trigger: kind=expense                         || Output: Py Store Here Pantego $54.00 on 2025-05-20
[11/21/2025 10:04:41.550 PM] Action   || Name: finance_skip_dup... || Trigger: kind=expense                         || Output: Derek Fuentes $72.45 on 2025-05-23
[11/21/2025 10:04:41.550 PM] Action   || Name: finance_skip_dup... || Trigger: kind=expense                         || Output: Wix $25.98 on 2025-05-26
[11/21/2025 10:04:41.550 PM] Action   || Name: finance_skip_dup... || Trigger: kind=expense                         || Output: Megan Digiovanni $89.91 on 2025-10-05
[11/21/2025 10:04:41.550 PM] Action   || Name: finance_skip_dup... || Trigger: kind=expense                         || Output: Derek Fuentes $20.00 on 2025-09-10
[11/21/2025 10:05:51.637 PM] Message  || User: bubblebee5866       || Channel: #cat-name-ideas                      || Content: Molasses flood disaster of 1919. Molasses for short
[11/21/2025 10:05:58.072 PM] Message  || User: izzyballz           || Channel: #yapper-committee                    || Content: if fame is a gun is on my wrapped top 5 i highkey gotta go that's ge...
[11/21/2025 10:06:17.220 PM] Message  || User: izzyballz           || Channel: #yapper-committee                    || Content: disrupting my curated vibe
[11/21/2025 10:07:05.439 PM] Message  || User: izzyballz           || Channel: #yapper-committee                    || Content: slow dance please fight her off
[11/21/2025 10:07:30.426 PM] React+   || User: bubblebee5866       || Channel: #itty-bitty-kitty-commitee           || emoji=🐙; msg="https://tenor.com/view/dance-gif-2741209..." by adeyumii
[11/21/2025 10:07:42.914 PM] React+   || User: spitonme            || Channel: #yapper-committee                    || emoji=🐙; msg="one thing about me is i am inside of peo..." by izzyballz
[11/21/2025 10:08:51.603 PM] Message  || User: spitonme            || Channel: #yapper-committee                    || Content: wait how does it know
[11/21/2025 10:08:51.662 PM] Message  || User: kitadan             || Channel: #yapper-committee                    || Content: If you need a new to you Nano I have this I'm not using anymore.
[11/21/2025 10:08:55.326 PM] Message  || User: racerdg             || Channel: #yapper-committee                    || Content: dont temp me omg
[11/21/2025 10:09:00.596 PM] Message  || User: racerdg             || Channel: #yapper-committee                    || Content: btw thats a shuffle
[11/21/2025 10:09:49.015 PM] Message  || User: kitadan             || Channel: #yapper-committee                    || Content: Sorry don't know.  Got it from an ex 10 years ago
[11/21/2025 10:09:51.936 PM] Message  || User: izzyballz           || Channel: #yapper-committee                    || Content: you gotta request your data from spotify and they'll email it to you...
[11/21/2025 10:09:51.957 PM] Message  || User: yaeji               || Channel: #yapper-committee                    || Content: that shit was annoying ^
[11/21/2025 10:09:51.960 PM] Message  || User: racerdg             || Channel: #yapper-committee                    || Content: lol
[11/21/2025 10:10:01.609 PM] Message  || User: racerdg             || Channel: #yapper-committee                    || Content: damn
[11/21/2025 10:10:06.699 PM] Message  || User: izzyballz           || Channel: #yapper-committee                    || Content: no one i know was willing to do it i felt like a loser
[11/21/2025 10:10:26.866 PM] Message  || User: izzyballz           || Channel: #yapper-committee                    || Content: "why do you care sm"
[11/21/2025 10:10:26.936 PM] Message  || User: racerdg             || Channel: #yapper-committee                    || Content: its crazy to me how many people dont know about last fm
[11/21/2025 10:10:27.046 PM] Message  || User: izzyballz           || Channel: #yapper-committee                    || Content: god forbid a girl likes data 🥀
[11/21/2025 10:10:29.295 PM] Message  || User: yaeji               || Channel: #yapper-committee                    || Content: they dont understand
[11/21/2025 10:10:58.075 PM] Message  || User: yaeji               || Channel: #yapper-committee                    || Content: music taste is like social currency and i need to curate it
[11/21/2025 10:10:59.069 PM] Message  || User: izzyballz           || Channel: #yapper-committee                    || Content: ive tried probably every single existing website you can run your sp...
[11/21/2025 10:11:13.075 PM] Message  || User: yaeji               || Channel: #yapper-committee                    || Content: however i have since thrown that philosophy out of the window
[11/21/2025 10:11:19.483 PM] React+   || User: yaeji               || Channel: #yapper-committee                    || emoji=🍅; msg="sybau" by Carl-bot
[11/21/2025 10:11:52.389 PM] Message  || User: racerdg             || Channel: #yapper-committee                    || Content: izzy set up last fm
[11/21/2025 10:11:52.405 PM] Message  || User: izzyballz           || Channel: #yapper-committee                    || Content: this is why fame is a gun is irritating me that's not part of my ima...
[11/21/2025 10:11:52.421 PM] Message  || User: izzyballz           || Channel: #yapper-committee                    || Content: i think i have it
[11/21/2025 10:11:52.573 PM] React+   || User: yaeji               || Channel: #yapper-committee                    || emoji=😭; msg="this is why fame is a gun is irritating ..." by izzyballz
[11/21/2025 10:11:52.724 PM] React+   || User: bubblebee5866       || Channel: #pet-pictures                        || emoji=🔥; msg="behold shiki (ft henry)" by spitonme
[11/21/2025 10:12:11.460 PM] Message  || User: racerdg             || Channel: #yapper-committee                    || Content: wait then y r you using stats fm 💔
[11/21/2025 10:12:21.667 PM] Message  || User: izzyballz           || Channel: #yapper-committee                    || Content: more detail 💔
[11/21/2025 10:12:23.861 PM] Message  || User: yaeji               || Channel: #yapper-committee                    || Content: statsfm way more detailed
[11/21/2025 10:12:35.594 PM] Message  || User: kitadan             || Channel: #yapper-committee                    || Content: Do you want the shuffle?  I could get to you on Sunday.
[11/21/2025 10:12:44.234 PM] Message  || User: bubblebee5866       || Channel: #cat-name-ideas                      || Content: Kazoo
[11/21/2025 10:12:52.930 PM] Message  || User: racerdg             || Channel: #yapper-committee                    || Content: do you want me to pay for it
[11/21/2025 10:13:31.618 PM] Message  || User: kitadan             || Channel: #yapper-committee                    || Content: No, it's literally just something in my car at this point.  I forgot...
[11/21/2025 10:13:46.025 PM] Message  || User: izzyballz           || Channel: #yapper-committee                    || Content: stats fm is for low lifes you have to be some flavor of odd to go th...
[11/21/2025 10:13:56.248 PM] Message  || User: racerdg             || Channel: #yapper-committee                    || Content: what the hell sure
[11/21/2025 10:14:21.792 PM] Message  || User: yaeji               || Channel: #yapper-committee                    || Content: and pay $5 for access
[11/21/2025 10:14:24.797 PM] Message  || User: kitadan             || Channel: #yapper-committee                    || Content: Ok, I'll reach out Sunday.
[11/21/2025 10:14:48.491 PM] React+   || User: izzyballz           || Channel: #yapper-committee                    || emoji=‼️; msg="and pay $5 for access" by yaeji
[11/21/2025 10:15:04.102 PM] Message  || User: kitadan             || Channel: #cat-name-ideas                      || Content: River fire of Cleveland
[11/21/2025 10:15:37.100 PM] Message  || User: izzyballz           || Channel: #yapper-committee                    || Content: genuinely no normal people on that app no one should care that much
[11/21/2025 10:15:50.536 PM] Message  || User: izzyballz           || Channel: #yapper-committee                    || Content: says me
[11/21/2025 10:16:28.068 PM] Message  || User: yaeji               || Channel: #yapper-committee                    || Content: it's a cool to have
[11/21/2025 10:16:28.126 PM] Message  || User: yaeji               || Channel: #yapper-committee                    || Content: i'm too afraid to share my taste in music though
[11/21/2025 10:16:41.103 PM] Message  || User: yaeji               || Channel: #yapper-committee                    || Content: so i hardly ever use it anymore
[11/21/2025 10:16:41.164 PM] Message  || User: racerdg             || Channel: #yapper-committee                    || Content: no way bro
[11/21/2025 10:16:42.135 PM] React+   || User: izzyballz           || Channel: #yapper-committee                    || emoji=🥀; msg="no way bro" by racerdg
[11/21/2025 10:16:57.342 PM] Message  || User: racerdg             || Channel: #yapper-committee                    || Content: what details does it give that last fm doesnt have
[11/21/2025 10:17:10.165 PM] Message  || User: yaeji               || Channel: #yapper-committee                    || Content: when you're gunnin for gold and platinum records $5 is chump change ...
[11/21/2025 10:17:20.985 PM] Message  || User: yaeji               || Channel: #yapper-committee                    || Content: --an insane person
[11/21/2025 10:17:41.023 PM] Action   || Name: gmail_log_scheduler || Trigger: found=1                              || Output: logged=0
[11/21/2025 10:17:41.063 PM] Action   || Name: finance_skip_dup... || Trigger: buffer                               || Output: Sophia Herrera $6.00 on 2025-08-26
[11/21/2025 10:17:41.065 PM] Action   || Name: finance_skip_dup... || Trigger: buffer                               || Output: Axel Torres $24.25 on 2025-08-22
[11/21/2025 10:17:41.066 PM] Action   || Name: finance_skip_dup... || Trigger: buffer                               || Output: Megan Digiovanni $47.62 on 2025-08-26
[11/21/2025 10:17:41.066 PM] Action   || Name: finance_skip_dup... || Trigger: buffer                               || Output: M. Padron $20.00 on 2025-08-26
[11/21/2025 10:17:41.066 PM] Action   || Name: finance_skip_dup... || Trigger: buffer                               || Output: Sophia Herrera $6.00 on 2025-08-26
[11/21/2025 10:17:41.066 PM] Action   || Name: finance_skip_dup... || Trigger: buffer                               || Output: Addison Loera $8.00 on 2025-08-26
[11/21/2025 10:17:41.066 PM] Action   || Name: finance_skip_dup... || Trigger: buffer                               || Output: Amber Thomas $5.00 on 2025-08-26
[11/21/2025 10:17:41.066 PM] Action   || Name: finance_skip_dup... || Trigger: buffer                               || Output: Jordin Baylee $5.00 on 2025-08-26
[11/21/2025 10:17:41.066 PM] Action   || Name: finance_skip_dup... || Trigger: buffer                               || Output: Kathleen Cantu $1.00 on 2025-08-26
[11/21/2025 10:17:41.066 PM] Action   || Name: finance_skip_dup... || Trigger: buffer                               || Output: Amber Thomas $3.00 on 2025-08-26
[11/21/2025 10:17:41.073 PM] Action   || Name: finance_skip_dup... || Trigger: buffer                               || Output: Rob Jimenez $3.00 on 2025-08-26
[11/21/2025 10:17:41.073 PM] Action   || Name: finance_skip_dup... || Trigger: buffer                               || Output: Daniel Brantley $3.00 on 2025-08-26
[11/21/2025 10:17:41.076 PM] Action   || Name: finance_skip_dup... || Trigger: buffer                               || Output: Isabella Klein $9.70 on 2025-08-26
[11/21/2025 10:17:41.076 PM] Action   || Name: finance_skip_dup... || Trigger: buffer                               || Output: Wix $25.98 on 2025-08-26
[11/21/2025 10:17:41.076 PM] Action   || Name: finance_skip_dup... || Trigger: buffer                               || Output: Nelda Hernandez $2.00 on 2025-08-26
[11/21/2025 10:17:41.076 PM] Action   || Name: finance_skip_dup... || Trigger: buffer                               || Output: Troy Broome $1.00 on 2025-08-26
[11/21/2025 10:17:41.076 PM] Action   || Name: finance_skip_dup... || Trigger: buffer                               || Output: Div Bits $2.00 on 2025-08-26
[11/21/2025 10:17:41.076 PM] Action   || Name: finance_skip_dup... || Trigger: buffer                               || Output: Jacob Sandoval $1.00 on 2025-08-26
[11/21/2025 10:17:41.076 PM] Action   || Name: finance_skip_dup... || Trigger: buffer                               || Output: Aubrey Cunningham $10.00 on 2025-08-26
[11/21/2025 10:17:41.076 PM] Action   || Name: finance_skip_dup... || Trigger: buffer                               || Output: Maxwell Preston $5.00 on 2025-08-26
[11/21/2025 10:17:41.076 PM] Action   || Name: finance_skip_dup... || Trigger: buffer                               || Output: Sophia Herrera $6.00 on 2025-08-26
[11/21/2025 10:17:41.076 PM] Action   || Name: finance_skip_dup... || Trigger: buffer                               || Output: Derek Fuentes $25.98 on 2025-08-26
[11/21/2025 10:17:41.076 PM] Action   || Name: finance_skip_dup... || Trigger: buffer                               || Output: Miguel V $5.00 on 2025-08-26
[11/21/2025 10:17:41.087 PM] Action   || Name: finance_skip_dup... || Trigger: buffer                               || Output: Nelda Hernandez $3.00 on 2025-08-26
[11/21/2025 10:17:41.087 PM] Action   || Name: finance_skip_dup... || Trigger: buffer                               || Output: Megan Digiovanni $130.00 on 2025-08-26
[11/21/2025 10:17:41.087 PM] Action   || Name: finance_skip_dup... || Trigger: buffer                               || Output: Pedro Savala $5.00 on 2025-08-27
[11/21/2025 10:17:41.090 PM] Action   || Name: finance_skip_dup... || Trigger: buffer                               || Output: Jonathan Mcgeever $5.00 on 2025-08-27
[11/21/2025 10:17:41.090 PM] Action   || Name: finance_skip_dup... || Trigger: buffer                               || Output: Py Store Here Pantego $54.00 on 2025-08-20
[11/21/2025 10:17:41.091 PM] Action   || Name: finance_skip_dup... || Trigger: buffer                               || Output: Megan Digiovanni $74.92 on 2025-07-30
[11/21/2025 10:17:41.093 PM] Action   || Name: finance_skip_dup... || Trigger: buffer                               || Output: Cassandra Nelson $7.00 on 2025-11-04
[11/21/2025 10:17:44.981 PM] Action   || Name: finance_skip_dup... || Trigger: kind=income                          || Output: Cynthia griffith $10.00 on 2025-04-16
[11/21/2025 10:17:44.981 PM] Action   || Name: finance_skip_dup... || Trigger: kind=income                          || Output: Caleb Moran $4.00 on 2025-04-16
[11/21/2025 10:17:44.981 PM] Action   || Name: finance_skip_dup... || Trigger: kind=income                          || Output: Alberto $6.00 on 2025-04-16
[11/21/2025 10:17:44.985 PM] Action   || Name: finance_skip_dup... || Trigger: kind=income                          || Output: Jacob Sandoval $2.91 on 2025-04-16
[11/21/2025 10:17:44.985 PM] Action   || Name: finance_skip_dup... || Trigger: kind=income                          || Output: tay $5.00 on 2025-04-16
[11/21/2025 10:17:44.985 PM] Action   || Name: finance_skip_dup... || Trigger: kind=income                          || Output: Nelda Hernandez $2.00 on 2025-04-16
[11/21/2025 10:17:44.985 PM] Action   || Name: finance_skip_dup... || Trigger: kind=income                          || Output: Maria Olds $10.00 on 2025-04-16
[11/21/2025 10:17:44.985 PM] Action   || Name: finance_skip_dup... || Trigger: kind=income                          || Output: Mario Rodriguez $3.00 on 2025-04-16
[11/21/2025 10:17:44.985 PM] Action   || Name: finance_skip_dup... || Trigger: kind=income                          || Output: Elisha Taylor $5.00 on 2025-04-16
[11/21/2025 10:17:44.991 PM] Action   || Name: finance_skip_dup... || Trigger: kind=income                          || Output: Jacob Sandoval $3.00 on 2025-04-16
[11/21/2025 10:17:44.991 PM] Action   || Name: finance_skip_dup... || Trigger: kind=income                          || Output: Isabella Klein $9.70 on 2025-08-26
[11/21/2025 10:17:44.991 PM] Action   || Name: finance_skip_dup... || Trigger: kind=income                          || Output: Nelda Hernandez $2.00 on 2025-08-26
[11/21/2025 10:17:44.994 PM] Action   || Name: finance_skip_dup... || Trigger: kind=income                          || Output: Troy Broome $1.00 on 2025-08-26
[11/21/2025 10:17:44.994 PM] Action   || Name: finance_skip_dup... || Trigger: kind=income                          || Output: Div Bits $2.00 on 2025-08-26
[11/21/2025 10:17:44.994 PM] Action   || Name: finance_skip_dup... || Trigger: kind=income                          || Output: Jacob Sandoval $1.00 on 2025-08-26
[11/21/2025 10:17:44.998 PM] Action   || Name: finance_skip_dup... || Trigger: kind=income                          || Output: Aubrey Cunningham $10.00 on 2025-08-26
[11/21/2025 10:17:44.998 PM] Action   || Name: finance_skip_dup... || Trigger: kind=income                          || Output: Maxwell Preston $5.00 on 2025-08-26
[11/21/2025 10:17:45.000 PM] Action   || Name: finance_skip_dup... || Trigger: kind=income                          || Output: Sophia Herrera $6.00 on 2025-08-26
[11/21/2025 10:17:45.001 PM] Action   || Name: finance_skip_dup... || Trigger: kind=income                          || Output: Miguel V $5.00 on 2025-08-26
[11/21/2025 10:17:45.001 PM] Action   || Name: finance_skip_dup... || Trigger: kind=income                          || Output: Nelda Hernandez $3.00 on 2025-08-26
[11/21/2025 10:17:45.001 PM] Action   || Name: finance_skip_dup... || Trigger: kind=income                          || Output: Megan Digiovanni $130.00 on 2025-08-26
[11/21/2025 10:17:45.001 PM] Action   || Name: finance_skip_dup... || Trigger: kind=income                          || Output: Pedro Savala $5.00 on 2025-08-27
[11/21/2025 10:17:45.001 PM] Action   || Name: finance_skip_dup... || Trigger: kind=income                          || Output: Jonathan Mcgeever $5.00 on 2025-08-27
[11/21/2025 10:17:45.001 PM] Action   || Name: finance_skip_dup... || Trigger: kind=income                          || Output: Axel Torres $24.25 on 2025-08-22
[11/21/2025 10:17:45.001 PM] Action   || Name: finance_skip_dup... || Trigger: kind=income                          || Output: M. Padron $20.00 on 2025-08-26
[11/21/2025 10:17:45.001 PM] Action   || Name: finance_skip_dup... || Trigger: kind=income                          || Output: Addison Loera $8.00 on 2025-08-26
[11/21/2025 10:17:45.001 PM] Action   || Name: finance_skip_dup... || Trigger: kind=income                          || Output: Amber Thomas $5.00 on 2025-08-26
[11/21/2025 10:17:45.010 PM] Action   || Name: finance_skip_dup... || Trigger: kind=income                          || Output: Jordin Baylee $5.00 on 2025-08-26
[11/21/2025 10:17:45.010 PM] Action   || Name: finance_skip_dup... || Trigger: kind=income                          || Output: Kathleen Cantu $1.00 on 2025-08-26
[11/21/2025 10:17:45.010 PM] Action   || Name: finance_skip_dup... || Trigger: kind=income                          || Output: Amber Thomas $3.00 on 2025-08-26
[11/21/2025 10:17:45.010 PM] Action   || Name: finance_skip_dup... || Trigger: kind=income                          || Output: Rob Jimenez $3.00 on 2025-08-26
[11/21/2025 10:17:45.013 PM] Action   || Name: finance_skip_dup... || Trigger: kind=income                          || Output: Daniel Brantley $3.00 on 2025-08-26
[11/21/2025 10:17:45.015 PM] Action   || Name: finance_skip_dup... || Trigger: kind=income                          || Output: Cassandra Nelson $6.00 on 2025-11-04
[11/21/2025 10:17:45.015 PM] Action   || Name: finance_skip_dup... || Trigger: kind=income                          || Output: Kristyn Jackson $9.00 on 2025-10-22
[11/21/2025 10:17:45.015 PM] Action   || Name: finance_skip_dup... || Trigger: kind=income                          || Output: Victoria Elkins $5.00 on 2025-10-22
[11/21/2025 10:17:45.015 PM] Action   || Name: finance_skip_dup... || Trigger: kind=income                          || Output: Alexander  Martinez $3.00 on 2025-10-22
[11/21/2025 10:17:45.015 PM] Action   || Name: finance_skip_dup... || Trigger: kind=income                          || Output: Richa  Desai $6.00 on 2025-10-22
[11/21/2025 10:17:45.015 PM] Action   || Name: finance_skip_dup... || Trigger: kind=income                          || Output: Emily Lanham $6.00 on 2025-10-22
[11/21/2025 10:17:45.015 PM] Action   || Name: finance_skip_dup... || Trigger: kind=income                          || Output: Mariah Hall $3.00 on 2025-10-22
[11/21/2025 10:17:45.022 PM] Action   || Name: finance_skip_dup... || Trigger: kind=income                          || Output: Sophia Herrera $5.00 on 2025-10-22
[11/21/2025 10:17:45.022 PM] Action   || Name: finance_skip_dup... || Trigger: kind=income                          || Output: Kylie Crook $5.00 on 2025-09-16
[11/21/2025 10:17:48.018 PM] Action   || Name: finance_skip_dup... || Trigger: kind=expense                         || Output: Py Store Here Pantego $54.00 on 2025-04-20
[11/21/2025 10:17:48.019 PM] Action   || Name: finance_skip_dup... || Trigger: kind=expense                         || Output: j s $11.68 on 2025-04-22
[11/21/2025 10:17:48.020 PM] Action   || Name: finance_skip_dup... || Trigger: kind=expense                         || Output: Wix $25.98 on 2025-04-26
[11/21/2025 10:17:48.021 PM] Action   || Name: finance_skip_dup... || Trigger: kind=expense                         || Output: Wix $25.98 on 2025-08-26
[11/21/2025 10:17:48.022 PM] Action   || Name: finance_skip_dup... || Trigger: kind=expense                         || Output: Derek Fuentes $25.98 on 2025-08-26
[11/21/2025 10:17:48.024 PM] Action   || Name: finance_skip_dup... || Trigger: kind=expense                         || Output: Py Store Here Pantego $54.00 on 2025-08-20
[11/21/2025 10:17:48.025 PM] Action   || Name: finance_skip_dup... || Trigger: kind=expense                         || Output: Megan Digiovanni $47.62 on 2025-08-26
[11/21/2025 10:17:48.025 PM] Action   || Name: finance_skip_dup... || Trigger: kind=expense                         || Output: Megan Digiovanni $74.92 on 2025-07-30
[11/21/2025 10:17:48.026 PM] Action   || Name: finance_skip_dup... || Trigger: kind=expense                         || Output: Py Store Here Pantego $54.00 on 2025-05-20
[11/21/2025 10:17:48.027 PM] Action   || Name: finance_skip_dup... || Trigger: kind=expense                         || Output: Derek Fuentes $72.45 on 2025-05-23
[11/21/2025 10:17:48.029 PM] Action   || Name: finance_skip_dup... || Trigger: kind=expense                         || Output: Wix $25.98 on 2025-05-26
[11/21/2025 10:17:48.030 PM] Action   || Name: finance_skip_dup... || Trigger: kind=expense                         || Output: Megan Digiovanni $89.91 on 2025-10-05
[11/21/2025 10:17:48.031 PM] Action   || Name: finance_skip_dup... || Trigger: kind=expense                         || Output: Derek Fuentes $20.00 on 2025-09-10
[11/21/2025 10:18:38.262 PM] Message  || User: yaeji               || Channel: #yapper-committee                    || Content: oh it actually showed one of my local files
[11/21/2025 10:18:57.344 PM] Message  || User: yaeji               || Channel: #yapper-committee                    || Content: that's cool...
[11/21/2025 10:20:08.111 PM] Message  || User: izzyballz           || Channel: #yapper-committee                    || Content: im trying to get into my last fm acc rn
[11/21/2025 10:20:44.298 PM] Message  || User: yaeji               || Channel: #yapper-committee                    || Content: i think some of the things last.fm pro has
[11/21/2025 10:20:51.231 PM] Message  || User: yaeji               || Channel: #yapper-committee                    || Content: it's almost realtime data tracking
[11/21/2025 10:21:03.820 PM] Message  || User: yaeji               || Channel: #yapper-committee                    || Content: generally just more data points you can see
[11/21/2025 10:21:35.048 PM] Message  || User: racerdg             || Channel: #yapper-committee                    || Content: last fm is also real time 💔
[11/21/2025 10:21:35.066 PM] Message  || User: yaeji               || Channel: #yapper-committee                    || Content: stats.fm is realer time :3
[11/21/2025 10:21:35.949 PM] Message  || User: racerdg             || Channel: #yapper-committee                    || Content: how
[11/21/2025 10:22:03.417 PM] Message  || User: racerdg             || Channel: #yapper-committee                    || Content: also does stats just track spotify
[11/21/2025 10:22:17.167 PM] Message  || User: racerdg             || Channel: #yapper-committee                    || Content: cause if it real time tracks apple music i will concede that point
[11/21/2025 10:23:22.110 PM] Message  || User: yaeji               || Channel: #yapper-committee                    || Content: i think it does apple music too
[11/21/2025 10:25:28.283 PM] Online   || User: Tom Cat#8337        || Guilds: 2                                    
[11/21/2025 10:25:29.321 PM] Health   || Component: image_tab      || Status: ok                                    || channel_id=551084964318543904 tab=TCBPicsInput
[11/21/2025 10:25:30.036 PM] Health   || Component: image_tab      || Status: ok                                    || channel_id=639882573199441930 tab=TCBPicsInput
[11/21/2025 10:25:30.760 PM] Health   || Component: image_tab      || Status: ok                                    || channel_id=1341696618688286720 tab=TCBPicsInput
[11/21/2025 10:25:31.497 PM] Health   || Component: image_tab      || Status: ok                                    || channel_id=1344745306620694558 tab=TCBVetBillInput
[11/21/2025 10:25:31.816 PM] Health   || Component: feeding_tab    || Status: ok                                   
[11/21/2025 10:25:32.298 PM] Action   || Name: feeding_scheduler   || Trigger: already_started                      || Output: skipped
[11/21/2025 10:25:32.972 PM] Action   || Name: gmail_log_scheduler || Trigger: found=1                              || Output: logged=0
[11/21/2025 10:25:33.012 PM] Action   || Name: finance_skip_dup... || Trigger: buffer                               || Output: Sophia Herrera $6.00 on 2025-08-26
[11/21/2025 10:25:33.012 PM] Action   || Name: finance_skip_dup... || Trigger: buffer                               || Output: Axel Torres $24.25 on 2025-08-22
[11/21/2025 10:25:33.012 PM] Action   || Name: finance_skip_dup... || Trigger: buffer                               || Output: Megan Digiovanni $47.62 on 2025-08-26
[11/21/2025 10:25:33.016 PM] Action   || Name: finance_skip_dup... || Trigger: buffer                               || Output: M. Padron $20.00 on 2025-08-26
[11/21/2025 10:25:33.016 PM] Action   || Name: finance_skip_dup... || Trigger: buffer                               || Output: Sophia Herrera $6.00 on 2025-08-26
[11/21/2025 10:25:33.018 PM] Action   || Name: finance_skip_dup... || Trigger: buffer                               || Output: Addison Loera $8.00 on 2025-08-26
[11/21/2025 10:25:33.019 PM] Action   || Name: finance_skip_dup... || Trigger: buffer                               || Output: Amber Thomas $5.00 on 2025-08-26
[11/21/2025 10:25:33.019 PM] Action   || Name: finance_skip_dup... || Trigger: buffer                               || Output: Jordin Baylee $5.00 on 2025-08-26
[11/21/2025 10:25:33.019 PM] Action   || Name: finance_skip_dup... || Trigger: buffer                               || Output: Kathleen Cantu $1.00 on 2025-08-26
[11/21/2025 10:25:33.019 PM] Action   || Name: finance_skip_dup... || Trigger: buffer                               || Output: Amber Thomas $3.00 on 2025-08-26
[11/21/2025 10:25:33.019 PM] Action   || Name: finance_skip_dup... || Trigger: buffer                               || Output: Rob Jimenez $3.00 on 2025-08-26
[11/21/2025 10:25:33.019 PM] Action   || Name: finance_skip_dup... || Trigger: buffer                               || Output: Daniel Brantley $3.00 on 2025-08-26
[11/21/2025 10:25:33.025 PM] Action   || Name: finance_skip_dup... || Trigger: buffer                               || Output: Isabella Klein $9.70 on 2025-08-26
[11/21/2025 10:25:33.025 PM] Action   || Name: finance_skip_dup... || Trigger: buffer                               || Output: Wix $25.98 on 2025-08-26
[11/21/2025 10:25:33.027 PM] Action   || Name: finance_skip_dup... || Trigger: buffer                               || Output: Nelda Hernandez $2.00 on 2025-08-26
[11/21/2025 10:25:33.027 PM] Action   || Name: finance_skip_dup... || Trigger: buffer                               || Output: Troy Broome $1.00 on 2025-08-26
[11/21/2025 10:25:33.027 PM] Action   || Name: finance_skip_dup... || Trigger: buffer                               || Output: Div Bits $2.00 on 2025-08-26
[11/21/2025 10:25:33.027 PM] Action   || Name: finance_skip_dup... || Trigger: buffer                               || Output: Jacob Sandoval $1.00 on 2025-08-26
[11/21/2025 10:25:33.027 PM] Action   || Name: finance_skip_dup... || Trigger: buffer                               || Output: Aubrey Cunningham $10.00 on 2025-08-26
[11/21/2025 10:25:33.027 PM] Action   || Name: finance_skip_dup... || Trigger: buffer                               || Output: Maxwell Preston $5.00 on 2025-08-26
[11/21/2025 10:25:33.027 PM] Action   || Name: finance_skip_dup... || Trigger: buffer                               || Output: Sophia Herrera $6.00 on 2025-08-26
[11/21/2025 10:25:33.033 PM] Action   || Name: finance_skip_dup... || Trigger: buffer                               || Output: Derek Fuentes $25.98 on 2025-08-26
[11/21/2025 10:25:33.033 PM] Action   || Name: finance_skip_dup... || Trigger: buffer                               || Output: Miguel V $5.00 on 2025-08-26
[11/21/2025 10:25:33.035 PM] Action   || Name: finance_skip_dup... || Trigger: buffer                               || Output: Nelda Hernandez $3.00 on 2025-08-26
[11/21/2025 10:25:33.035 PM] Action   || Name: finance_skip_dup... || Trigger: buffer                               || Output: Megan Digiovanni $130.00 on 2025-08-26
[11/21/2025 10:25:33.035 PM] Action   || Name: finance_skip_dup... || Trigger: buffer                               || Output: Pedro Savala $5.00 on 2025-08-27
[11/21/2025 10:25:33.035 PM] Action   || Name: finance_skip_dup... || Trigger: buffer                               || Output: Jonathan Mcgeever $5.00 on 2025-08-27
[11/21/2025 10:25:33.035 PM] Action   || Name: finance_skip_dup... || Trigger: buffer                               || Output: Py Store Here Pantego $54.00 on 2025-08-20
[11/21/2025 10:25:33.040 PM] Action   || Name: finance_skip_dup... || Trigger: buffer                               || Output: Megan Digiovanni $74.92 on 2025-07-30
[11/21/2025 10:25:33.040 PM] Action   || Name: finance_skip_dup... || Trigger: buffer                               || Output: Cassandra Nelson $7.00 on 2025-11-04
[11/21/2025 10:25:34.375 PM] Action   || Name: finance_skip_dup... || Trigger: kind=income                          || Output: Cynthia griffith $10.00 on 2025-04-16
[11/21/2025 10:25:34.378 PM] Action   || Name: finance_skip_dup... || Trigger: kind=income                          || Output: Caleb Moran $4.00 on 2025-04-16
[11/21/2025 10:25:34.379 PM] Action   || Name: finance_skip_dup... || Trigger: kind=income                          || Output: Alberto $6.00 on 2025-04-16
[11/21/2025 10:25:34.379 PM] Action   || Name: finance_skip_dup... || Trigger: kind=income                          || Output: Jacob Sandoval $2.91 on 2025-04-16
[11/21/2025 10:25:34.381 PM] Action   || Name: finance_skip_dup... || Trigger: kind=income                          || Output: tay $5.00 on 2025-04-16
[11/21/2025 10:25:34.381 PM] Action   || Name: finance_skip_dup... || Trigger: kind=income                          || Output: Nelda Hernandez $2.00 on 2025-04-16
[11/21/2025 10:25:34.384 PM] Action   || Name: finance_skip_dup... || Trigger: kind=income                          || Output: Maria Olds $10.00 on 2025-04-16
[11/21/2025 10:25:34.384 PM] Action   || Name: finance_skip_dup... || Trigger: kind=income                          || Output: Mario Rodriguez $3.00 on 2025-04-16
[11/21/2025 10:25:34.385 PM] Action   || Name: finance_skip_dup... || Trigger: kind=income                          || Output: Elisha Taylor $5.00 on 2025-04-16
[11/21/2025 10:25:34.385 PM] Action   || Name: finance_skip_dup... || Trigger: kind=income                          || Output: Jacob Sandoval $3.00 on 2025-04-16
[11/21/2025 10:25:34.387 PM] Action   || Name: finance_skip_dup... || Trigger: kind=income                          || Output: Isabella Klein $9.70 on 2025-08-26
[11/21/2025 10:25:34.387 PM] Action   || Name: finance_skip_dup... || Trigger: kind=income                          || Output: Nelda Hernandez $2.00 on 2025-08-26
[11/21/2025 10:25:34.389 PM] Action   || Name: finance_skip_dup... || Trigger: kind=income                          || Output: Troy Broome $1.00 on 2025-08-26
[11/21/2025 10:25:34.389 PM] Action   || Name: finance_skip_dup... || Trigger: kind=income                          || Output: Div Bits $2.00 on 2025-08-26
[11/21/2025 10:25:34.391 PM] Action   || Name: finance_skip_dup... || Trigger: kind=income                          || Output: Jacob Sandoval $1.00 on 2025-08-26
[11/21/2025 10:25:34.393 PM] Action   || Name: finance_skip_dup... || Trigger: kind=income                          || Output: Aubrey Cunningham $10.00 on 2025-08-26
[11/21/2025 10:25:34.394 PM] Action   || Name: finance_skip_dup... || Trigger: kind=income                          || Output: Maxwell Preston $5.00 on 2025-08-26
[11/21/2025 10:25:34.394 PM] Action   || Name: finance_skip_dup... || Trigger: kind=income                          || Output: Sophia Herrera $6.00 on 2025-08-26
[11/21/2025 10:25:34.396 PM] Action   || Name: finance_skip_dup... || Trigger: kind=income                          || Output: Miguel V $5.00 on 2025-08-26
[11/21/2025 10:25:34.396 PM] Action   || Name: finance_skip_dup... || Trigger: kind=income                          || Output: Nelda Hernandez $3.00 on 2025-08-26
[11/21/2025 10:25:34.398 PM] Action   || Name: finance_skip_dup... || Trigger: kind=income                          || Output: Megan Digiovanni $130.00 on 2025-08-26
[11/21/2025 10:25:34.398 PM] Action   || Name: finance_skip_dup... || Trigger: kind=income                          || Output: Pedro Savala $5.00 on 2025-08-27
[11/21/2025 10:25:34.400 PM] Action   || Name: finance_skip_dup... || Trigger: kind=income                          || Output: Jonathan Mcgeever $5.00 on 2025-08-27
[11/21/2025 10:25:34.400 PM] Action   || Name: finance_skip_dup... || Trigger: kind=income                          || Output: Axel Torres $24.25 on 2025-08-22
[11/21/2025 10:25:34.403 PM] Action   || Name: finance_skip_dup... || Trigger: kind=income                          || Output: M. Padron $20.00 on 2025-08-26
[11/21/2025 10:25:34.403 PM] Action   || Name: finance_skip_dup... || Trigger: kind=income                          || Output: Addison Loera $8.00 on 2025-08-26
[11/21/2025 10:25:34.405 PM] Action   || Name: finance_skip_dup... || Trigger: kind=income                          || Output: Amber Thomas $5.00 on 2025-08-26
[11/21/2025 10:25:34.405 PM] Action   || Name: finance_skip_dup... || Trigger: kind=income                          || Output: Jordin Baylee $5.00 on 2025-08-26
[11/21/2025 10:25:34.405 PM] Action   || Name: finance_skip_dup... || Trigger: kind=income                          || Output: Kathleen Cantu $1.00 on 2025-08-26
[11/21/2025 10:25:34.405 PM] Action   || Name: finance_skip_dup... || Trigger: kind=income                          || Output: Amber Thomas $3.00 on 2025-08-26
[11/21/2025 10:25:34.405 PM] Action   || Name: finance_skip_dup... || Trigger: kind=income                          || Output: Rob Jimenez $3.00 on 2025-08-26
[11/21/2025 10:25:34.405 PM] Action   || Name: finance_skip_dup... || Trigger: kind=income                          || Output: Daniel Brantley $3.00 on 2025-08-26
[11/21/2025 10:25:34.410 PM] Action   || Name: finance_skip_dup... || Trigger: kind=income                          || Output: Cassandra Nelson $6.00 on 2025-11-04
[11/21/2025 10:25:34.410 PM] Action   || Name: finance_skip_dup... || Trigger: kind=income                          || Output: Kristyn Jackson $9.00 on 2025-10-22
[11/21/2025 10:25:34.412 PM] Action   || Name: finance_skip_dup... || Trigger: kind=income                          || Output: Victoria Elkins $5.00 on 2025-10-22
[11/21/2025 10:25:34.412 PM] Action   || Name: finance_skip_dup... || Trigger: kind=income                          || Output: Alexander  Martinez $3.00 on 2025-10-22
[11/21/2025 10:25:34.412 PM] Action   || Name: finance_skip_dup... || Trigger: kind=income                          || Output: Richa  Desai $6.00 on 2025-10-22
[11/21/2025 10:25:34.416 PM] Action   || Name: finance_skip_dup... || Trigger: kind=income                          || Output: Emily Lanham $6.00 on 2025-10-22
[11/21/2025 10:25:34.417 PM] Action   || Name: finance_skip_dup... || Trigger: kind=income                          || Output: Mariah Hall $3.00 on 2025-10-22
[11/21/2025 10:25:34.417 PM] Action   || Name: finance_skip_dup... || Trigger: kind=income                          || Output: Sophia Herrera $5.00 on 2025-10-22
[11/21/2025 10:25:34.417 PM] Action   || Name: finance_skip_dup... || Trigger: kind=income                          || Output: Kylie Crook $5.00 on 2025-09-16
[11/21/2025 10:25:35.564 PM] Action   || Name: finance_skip_dup... || Trigger: kind=expense                         || Output: Py Store Here Pantego $54.00 on 2025-04-20
[11/21/2025 10:25:35.565 PM] Action   || Name: finance_skip_dup... || Trigger: kind=expense                         || Output: j s $11.68 on 2025-04-22
[11/21/2025 10:25:35.565 PM] Action   || Name: finance_skip_dup... || Trigger: kind=expense                         || Output: Wix $25.98 on 2025-04-26
[11/21/2025 10:25:35.565 PM] Action   || Name: finance_skip_dup... || Trigger: kind=expense                         || Output: Wix $25.98 on 2025-08-26
[11/21/2025 10:25:35.569 PM] Action   || Name: finance_skip_dup... || Trigger: kind=expense                         || Output: Derek Fuentes $25.98 on 2025-08-26
[11/21/2025 10:25:35.569 PM] Action   || Name: finance_skip_dup... || Trigger: kind=expense                         || Output: Py Store Here Pantego $54.00 on 2025-08-20
[11/21/2025 10:25:35.571 PM] Action   || Name: finance_skip_dup... || Trigger: kind=expense                         || Output: Megan Digiovanni $47.62 on 2025-08-26
[11/21/2025 10:25:35.571 PM] Action   || Name: finance_skip_dup... || Trigger: kind=expense                         || Output: Megan Digiovanni $74.92 on 2025-07-30
[11/21/2025 10:25:35.573 PM] Action   || Name: finance_skip_dup... || Trigger: kind=expense                         || Output: Py Store Here Pantego $54.00 on 2025-05-20
[11/21/2025 10:25:35.573 PM] Action   || Name: finance_skip_dup... || Trigger: kind=expense                         || Output: Derek Fuentes $72.45 on 2025-05-23
[11/21/2025 10:25:35.573 PM] Action   || Name: finance_skip_dup... || Trigger: kind=expense                         || Output: Wix $25.98 on 2025-05-26
[11/21/2025 10:25:35.577 PM] Action   || Name: finance_skip_dup... || Trigger: kind=expense                         || Output: Megan Digiovanni $89.91 on 2025-10-05
[11/21/2025 10:25:35.577 PM] Action   || Name: finance_skip_dup... || Trigger: kind=expense                         || Output: Derek Fuentes $20.00 on 2025-09-10
[11/21/2025 10:25:57.285 PM] Message  || User: racerdg             || Channel: #yapper-committee                    || Content: sorry im just a shooter for last fm ive been maintaining my account ...
[11/21/2025 10:26:19.252 PM] Message  || User: yaeji               || Channel: #yapper-committee                    || Content: does last.fm have history import
[11/21/2025 10:27:06.265 PM] Message  || User: yaeji               || Channel: #yapper-committee                    || Content: stats forces you to upload your data before the date you joined/import
[11/21/2025 10:27:12.445 PM] Edit     || User: yaeji               || Channel: #yapper-committee                    || stats forces you to upload your data before the date you joined/import -> sta...
[11/21/2025 10:27:28.899 PM] Message  || User: yaeji               || Channel: #yapper-committee                    || Content: so you'll have reports on years-old data if you wanted to see that
[11/21/2025 10:28:03.222 PM] Message  || User: racerdg             || Channel: #yapper-committee                    || Content: its complicated
[11/21/2025 10:28:37.539 PM] Message  || User: racerdg             || Channel: #yapper-committee                    || Content: generally no
[11/21/2025 10:28:50.653 PM] Message  || User: izzyballz           || Channel: #yapper-committee                    || Content: stats fm you get lifetime data
[11/21/2025 10:29:02.163 PM] Message  || User: izzyballz           || Channel: #yapper-committee                    || Content: like full history of the account everything you've ever listened to
[11/21/2025 10:29:22.662 PM] Message  || User: yaeji               || Channel: #yapper-committee                    || Content: i believe you can also combine data from all the accounts you've eve...
[11/21/2025 10:29:49.195 PM] Message  || User: yaeji               || Channel: #yapper-committee                    || Content: that i'm not sure of but i don't see why it wouldn't work
[11/21/2025 10:30:05.767 PM] Message  || User: izzyballz           || Channel: #yapper-committee                    || Content: idk ive had the same account since i was like 9
[11/21/2025 10:30:11.700 PM] React+   || User: yaeji               || Channel: #yapper-committee                    || emoji=😭; msg="idk ive had the same account since i was..." by izzyballz
[11/21/2025 10:30:13.526 PM] Message  || User: izzyballz           || Channel: #yapper-committee                    || Content: this is why i cant quit spotify
[11/21/2025 10:30:15.321 PM] Message  || User: slayc127            || Channel: #yapper-committee                    || Content: lorde mention ‼️‼️‼️
[11/21/2025 10:30:27.007 PM] Message  || User: slayc127            || Channel: #yapper-committee                    || Content: by st vincent....or no......
[11/21/2025 10:30:29.960 PM] React+   || User: slayc127            || Channel: #yapper-committee                    || emoji=😭; msg="idk ive had the same account since i was..." by izzyballz
[11/21/2025 10:30:42.999 PM] Message  || User: izzyballz           || Channel: #yapper-committee                    || Content: clairo 🥀
[11/21/2025 10:30:48.278 PM] Message  || User: racerdg             || Channel: #yapper-committee                    || Content: i just listened to melodrama a lot like right before i graduated
[11/21/2025 10:30:52.103 PM] Message  || User: slayc127            || Channel: #yapper-committee                    || Content: sigh
[11/21/2025 10:31:00.358 PM] Message  || User: slayc127            || Channel: #yapper-committee                    || Content: melodrama 🥀😔✊️
[11/21/2025 10:31:02.204 PM] Message  || User: slayc127            || Channel: #yapper-committee                    || Content: it be like that
[11/21/2025 10:31:04.609 PM] Message  || User: slayc127            || Channel: #yapper-committee                    || Content: im a lorde truther
[11/21/2025 10:31:20.481 PM] Message  || User: slayc127            || Channel: #yapper-committee                    || Content: if i could access my wrapped im 99% sure it would say shes my top ar...
[11/21/2025 10:31:31.157 PM] Message  || User: slayc127            || Channel: #yapper-committee                    || Content: I think most of us remember my lorde virgin album era this past summer
[11/21/2025 10:31:35.487 PM] Message  || User: slayc127            || Channel: #yapper-committee                    || Content: It was so serious for kazius
[11/21/2025 10:31:38.884 PM] Message  || User: slayc127            || Channel: #yapper-committee                    || Content: David changed my life
[11/21/2025 10:31:54.496 PM] Message  || User: racerdg             || Channel: #yapper-committee                    || Content: i think i listened to virgin once
[11/21/2025 10:31:57.863 PM] Message  || User: slayc127            || Channel: #yapper-committee                    || Content: sigh
[11/21/2025 10:32:14.279 PM] Message  || User: racerdg             || Channel: #yapper-committee                    || Content: its probably a good album i just dont care for lorde as a person muc...
[11/21/2025 10:32:19.930 PM] Message  || User: slayc127            || Channel: #yapper-committee                    || Content: OH REALLY?
[11/21/2025 10:32:28.133 PM] Message  || User: slayc127            || Channel: #yapper-committee                    || Content: what has she done i am uninformed
[11/21/2025 10:32:38.279 PM] Message  || User: racerdg             || Channel: #yapper-committee                    || Content: oh nothing crazy lol
[11/21/2025 10:32:41.961 PM] Message  || User: slayc127            || Channel: #yapper-committee                    || Content: oh word
[11/21/2025 10:32:47.837 PM] Message  || User: izzyballz           || Channel: #yapper-committee                    || Content: ive just broken free from mitski this year she had me in chains like...
[11/21/2025 10:32:55.768 PM] Message  || User: slayc127            || Channel: #yapper-committee                    || Content: mitski 🔛👍
[11/21/2025 10:32:57.894 PM] Message  || User: slayc127            || Channel: #yapper-committee                    || Content: oops
[11/21/2025 10:32:59.722 PM] Message  || User: slayc127            || Channel: #yapper-committee                    || Content: 🔛🔝
[11/21/2025 10:33:05.705 PM] Message  || User: izzyballz           || Channel: #yapper-committee                    || Content: 3 or 4 years consecutively top artist
[11/21/2025 10:33:11.567 PM] Message  || User: izzyballz           || Channel: #yapper-committee                    || Content: #1
[11/21/2025 10:33:11.848 PM] Message  || User: racerdg             || Channel: #yapper-committee                    || Content: i also lowk cant talk because i listen to charli a lot and i dont re...
[11/21/2025 10:33:18.986 PM] React+   || User: izzyballz           || Channel: #yapper-committee                    || emoji=❤️; msg="🔛🔝" by slayc127
[11/21/2025 10:33:21.045 PM] Message  || User: slayc127            || Channel: #yapper-committee                    || Content: she had her albums up for free downloads on soundcloud a few weeks ago
[11/21/2025 10:33:24.029 PM] Message  || User: slayc127            || Channel: #yapper-committee                    || Content: mitski did
[11/21/2025 10:33:27.779 PM] Message  || User: slayc127            || Channel: #yapper-committee                    || Content: LMFAO
[11/21/2025 10:33:40.339 PM] Message  || User: slayc127            || Channel: #yapper-committee                    || Content: lorde is just unforch a very formative artist for me
[11/21/2025 10:33:51.498 PM] Message  || User: racerdg             || Channel: #yapper-committee                    || Content: thats me with charli
[11/21/2025 10:34:02.048 PM] Message  || User: slayc127            || Channel: #yapper-committee                    || Content: melodrama got me thru my one and only weird friendship slash romanti...
[11/21/2025 10:34:10.330 PM] React+   || User: racerdg             || Channel: #yapper-committee                    || emoji=❤️; msg="melodrama got me thru my one and only we..." by slayc127
[11/21/2025 10:34:33.063 PM] Message  || User: izzyballz           || Channel: #yapper-committee                    || Content: the friendship slash romantic is killing me
[11/21/2025 10:34:40.871 PM] Message  || User: slayc127            || Channel: #yapper-committee                    || Content: (no text; attachments=1)
[11/21/2025 10:34:42.619 PM] Message  || User: racerdg             || Channel: #yapper-committee                    || Content: nah bro i was 15 in 2022 thats fucked up
[11/21/2025 10:34:50.104 PM] Message  || User: slayc127            || Channel: #yapper-committee                    || Content: iz the wlw way unfortunately
[11/21/2025 10:34:59.580 PM] Message  || User: izzyballz           || Channel: #yapper-committee                    || Content: it ok bro me too
[11/21/2025 10:35:02.524 PM] Message  || User: slayc127            || Channel: #yapper-committee                    || Content: and now shes with a man 🥀
[11/21/2025 10:35:06.999 PM] Message  || User: izzyballz           || Channel: #yapper-committee                    || Content: lowkey twice
[11/21/2025 10:35:08.319 PM] Message  || User: racerdg             || Channel: #yapper-committee                    || Content: naur
[11/21/2025 10:35:11.564 PM] Message  || User: slayc127            || Channel: #yapper-committee                    || Content: and also a christian i think
[11/21/2025 10:35:12.570 PM] Message  || User: izzyballz           || Channel: #yapper-committee                    || Content: one more serious than the other
[11/21/2025 10:35:12.931 PM] Message  || User: slayc127            || Channel: #yapper-committee                    || Content: which is
[11/21/2025 10:35:19.162 PM] Message  || User: izzyballz           || Channel: #yapper-committee                    || Content: its ok me too
[11/21/2025 10:35:21.139 PM] Message  || User: izzyballz           || Channel: #yapper-committee                    || Content: bar for bar
[11/21/2025 10:35:26.771 PM] Message  || User: slayc127            || Channel: #yapper-committee                    || Content: vro 😭😭😭😭😭😭😭😭😭😭
[11/21/2025 10:35:27.090 PM] Message  || User: izzyballz           || Channel: #yapper-committee                    || Content: something
[11/21/2025 10:35:54.219 PM] Message  || User: izzyballz           || Channel: #yapper-committee                    || Content: and im also the only girl she ever seriously engaged with so i think...
[11/21/2025 10:36:18.845 PM] Message  || User: slayc127            || Channel: #yapper-committee                    || Content: i have ro stop wearing my doc martens for a min my feet are NOT gett...
[11/21/2025 10:36:23.238 PM] Message  || User: slayc127            || Channel: #yapper-committee                    || Content: NOT EVEN BOTH OF THEM JUST ONE
[11/21/2025 10:36:24.601 PM] Message  || User: slayc127            || Channel: #yapper-committee                    || Content: gr
[11/21/2025 10:36:26.436 PM] React+   || User: slayc127            || Channel: #yapper-committee                    || emoji=😭; msg="and im also the only girl she ever serio..." by izzyballz
[11/21/2025 10:36:31.391 PM] Message  || User: slayc127            || Channel: #yapper-committee                    || Content: bro 😭😭😭😭😭😭
[11/21/2025 10:36:39.713 PM] React+   || User: izzyballz           || Channel: #yapper-committee                    || emoji=💔; msg="i have ro stop wearing my doc martens fo..." by slayc127
[11/21/2025 10:37:11.783 PM] Message  || User: izzyballz           || Channel: #yapper-committee                    || Content: she literally said i havent been interested in a girl since you so i...
[11/21/2025 10:37:12.458 PM] Message  || User: izzyballz           || Channel: #yapper-committee                    || Content: idc
[11/21/2025 10:37:14.270 PM] Edit     || User: izzyballz           || Channel: #yapper-committee                    || idc -> idk
[11/21/2025 10:37:30.174 PM] Message  || User: izzyballz           || Channel: #yapper-committee                    || Content: we are still in contact
[11/21/2025 10:37:36.808 PM] Message  || User: izzyballz           || Channel: #yapper-committee                    || Content: we don't speak of our history though
[11/21/2025 10:37:41.478 PM] Message  || User: slayc127            || Channel: #yapper-committee                    || Content: https://tenor.com/view/spongebob-spongebob-squarepants-spongebob-sea...
[11/21/2025 10:38:14.690 PM] Message  || User: izzyballz           || Channel: #yapper-committee                    || Content: are there feds in here i probably shouldn't speak of criminal activity
[11/21/2025 10:38:20.741 PM] Message  || User: slayc127            || Channel: #yapper-committee                    || Content: LMFAOOOOOOOOOO
[11/21/2025 10:38:24.724 PM] Message  || User: slayc127            || Channel: #yapper-committee                    || Content: there r mandated reporters so
[11/21/2025 10:38:26.750 PM] Message  || User: racerdg             || Channel: #yapper-committee                    || Content: what
[11/21/2025 10:38:29.162 PM] Message  || User: slayc127            || Channel: #yapper-committee                    || Content: do w that what u will
[11/21/2025 10:38:30.416 PM] Message  || User: izzyballz           || Channel: #yapper-committee                    || Content: public discord sigh
[11/21/2025 10:38:44.483 PM] Message  || User: slayc127            || Channel: #yapper-committee                    || Content: faculty and staff r mandated reporters n unforch we have both here
[11/21/2025 10:38:47.404 PM] Message  || User: racerdg             || Channel: #yapper-committee                    || Content: what does your ex have to do with crimes
[11/21/2025 10:38:50.510 PM] Message  || User: racerdg             || Channel: #yapper-committee                    || Content: ❤️
[11/21/2025 10:38:53.855 PM] React+   || User: slayc127            || Channel: #yapper-committee                    || emoji=😭; msg="what does your ex have to do with crimes" by racerdg
[11/21/2025 10:38:57.247 PM] React+   || User: slayc127            || Channel: #yapper-committee                    || emoji=‼️; msg="what does your ex have to do with crimes" by racerdg
[11/21/2025 10:39:09.164 PM] Message  || User: slayc127            || Channel: #yapper-committee                    || Content: izzy u should dm me of these alleged criminal activities bc i am cur...
[11/21/2025 10:39:24.758 PM] Message  || User: izzyballz           || Channel: #yapper-committee                    || Content: just like the regular college ones i went out with her for halloweek...
[11/21/2025 10:39:28.693 PM] React+   || User: slayc127            || Channel: #yapper-committee                    || emoji=😭; msg="just like the regular college ones i wen..." by izzyballz
[11/21/2025 10:39:29.688 PM] Message  || User: izzyballz           || Channel: #yapper-committee                    || Content: nothing felonious
[11/21/2025 10:39:41.943 PM] Message  || User: slayc127            || Channel: #yapper-committee                    || Content: felonious is crazy
[11/21/2025 10:39:48.556 PM] Message  || User: slayc127            || Channel: #yapper-committee                    || Content: im actually dying
[11/21/2025 10:39:54.395 PM] Message  || User: izzyballz           || Channel: #yapper-committee                    || Content: im giggling
[11/21/2025 10:40:03.245 PM] Message  || User: slayc127            || Channel: #yapper-committee                    || Content: stop i have to start whipping that one out in convo
[11/21/2025 10:41:01.798 PM] Message  || User: slayc127            || Channel: #yapper-committee                    || Content: sigh
[11/21/2025 10:41:09.515 PM] Message  || User: slayc127            || Channel: #yapper-committee                    || Content: guys today was so good for the kazius i cant get over it
[11/21/2025 10:41:12.375 PM] Message  || User: slayc127            || Channel: #yapper-committee                    || Content: https://tenor.com/view/pixiz-freedom-sun-gif-6496940229301202071
[11/21/2025 10:41:12.665 PM] Edit     || User: slayc127            || Channel: #yapper-committee                    || https://tenor.com/view/pixiz-freedom-sun-gif-6496940229301202071 -> https://t...
[11/21/2025 10:41:14.494 PM] Message  || User: slayc127            || Channel: #yapper-committee                    || Content: literally me
[11/21/2025 10:41:16.463 PM] Message  || User: slayc127            || Channel: #yapper-committee                    || Content: idgaf anymore
[11/21/2025 10:43:41.114 PM] Message  || User: izzyballz           || Channel: #yapper-committee                    || Content: you are so free
[11/21/2025 10:43:57.229 PM] Message  || User: slayc127            || Channel: #yapper-committee                    || Content: I AM SO FREE IZZY
[11/21/2025 10:54:17.773 PM] Message  || User: izzyballz           || Channel: #yapper-committee                    || Content: the semester must end its getting ridiculous
[11/21/2025 10:54:20.990 PM] Message  || User: izzyballz           || Channel: #yapper-committee                    || Content: why are we still going
[11/21/2025 10:57:53.451 PM] Message  || User: m_digio             || Channel: #cat-name-ideas                      || Content: I feel like i need to research this
[11/21/2025 10:57:58.162 PM] React+   || User: m_digio             || Channel: #pet-pictures                        || emoji=🔥; msg="behold shiki (ft henry)" by spitonme
[11/21/2025 11:05:50.353 PM] Message  || User: slayc127            || Channel: #yapper-committee                    || Content: literally
[11/21/2025 11:06:11.420 PM] Message  || User: slayc127            || Channel: #yapper-committee                    || Content: have a single class on monday a proper final the monday after and th...
[11/21/2025 11:06:18.342 PM] Message  || User: slayc127            || Channel: #yapper-committee                    || Content: we need to pacj it up guys im done
[11/21/2025 11:07:50.068 PM] Message  || User: lemonelon_          || Channel: #yapper-committee                    || Content: TMI GUYS
[11/21/2025 11:08:27.175 PM] Message  || User: lemonelon_          || Channel: #yapper-committee                    || Content: I WAS SO NERVOUS FOR THIS EXAM I LOWKEY ||SHAT|| LIKE FIVE TIMES TOD...
[11/21/2025 11:10:23.522 PM] React+   || User: lemonelon_          || Channel: #yapper-committee                    || emoji=💔; msg="i have ro stop wearing my doc martens fo..." by slayc127
[11/21/2025 11:10:26.839 PM] Message  || User: izzyballz           || Channel: #yapper-committee                    || Content: i’m dying
[11/21/2025 11:10:35.525 PM] React+   || User: lemonelon_          || Channel: #yapper-committee                    || emoji=🎉; msg="why are we still going" by izzyballz
[11/21/2025 11:10:35.656 PM] React+   || User: lemonelon_          || Channel: #yapper-committee                    || emoji=🎉; msg="we need to pacj it up guys im done" by slayc127
[11/21/2025 11:10:44.936 PM] Message  || User: lemonelon_          || Channel: #yapper-committee                    || Content: help my discord froze and I thought i got banned for saying ||shat||
[11/21/2025 11:11:49.818 PM] Message  || User: lemonelon_          || Channel: #yapper-committee                    || Content: "F IT WE BALL" on every exam except its me demolishing my bathroom
[11/21/2025 11:19:21.174 PM] Message  || User: slayc127            || Channel: #yapper-committee                    || Content: LMFAOOOOOOOOOOOOOOOOOOOOOOOOOOOOOOOOOOOOOOOO
[11/21/2025 11:21:28.883 PM] React+   || User: lemonelon_          || Channel: #itty-bitty-kitty-commitee           || emoji=🐙; msg="https://tenor.com/view/dance-gif-2741209..." by adeyumii
[11/21/2025 11:21:30.788 PM] React+   || User: lemonelon_          || Channel: #itty-bitty-kitty-commitee           || emoji=🎉; msg="Bro is just fat" by a1darek
[11/21/2025 11:21:31.222 PM] React+   || User: lemonelon_          || Channel: #itty-bitty-kitty-commitee           || emoji=😆; msg="Bro is just fat" by a1darek
[11/21/2025 11:21:51.201 PM] React+   || User: lemonelon_          || Channel: #pet-pictures                        || emoji=🔥; msg="behold shiki (ft henry)" by spitonme
[11/21/2025 11:22:14.767 PM] Message  || User: lemonelon_          || Channel: #pet-pictures                        || Content: grip 100
[11/21/2025 11:22:20.746 PM] React+   || User: spitonme            || Channel: #pet-pictures                        || emoji=🐙; msg="grip 100" by lemonelon_
[11/21/2025 11:22:50.148 PM] Message  || User: lemonelon_          || Channel: #pet-pictures                        || Content: ts is how my professor pulls up when im playing good pizza great piz...
[11/21/2025 11:23:22.234 PM] Message  || User: spitonme            || Channel: #pet-pictures                        || Content: same grip i gotta use to comb her for fleas 💔 she gotta get used to it
[11/21/2025 11:23:27.800 PM] React+   || User: lemonelon_          || Channel: #pet-pictures                        || emoji=❤️; msg="same grip i gotta use to comb her for fl..." by spitonme
[11/21/2025 11:24:35.590 PM] React+   || User: spitonme            || Channel: #yapper-committee                    || emoji=🐙; msg="im giggling" by izzyballz
[11/21/2025 11:24:46.688 PM] React+   || User: spitonme            || Channel: #yapper-committee                    || emoji=🐙; msg="I WAS SO NERVOUS FOR THIS EXAM I LOWKEY ..." by lemonelon_
[11/21/2025 11:24:52.414 PM] Message  || User: spitonme            || Channel: #yapper-committee                    || Content: im fucking dying
[11/21/2025 11:25:11.683 PM] Action   || Name: gmail_log_scheduler || Trigger: found=1                              || Output: logged=0
[11/21/2025 11:25:11.816 PM] Action   || Name: finance_skip_dup... || Trigger: buffer                               || Output: Sophia Herrera $6.00 on 2025-08-26
[11/21/2025 11:25:11.816 PM] Action   || Name: finance_skip_dup... || Trigger: buffer                               || Output: Axel Torres $24.25 on 2025-08-22
[11/21/2025 11:25:11.816 PM] Action   || Name: finance_skip_dup... || Trigger: buffer                               || Output: Megan Digiovanni $47.62 on 2025-08-26
[11/21/2025 11:25:11.816 PM] Action   || Name: finance_skip_dup... || Trigger: buffer                               || Output: M. Padron $20.00 on 2025-08-26
[11/21/2025 11:25:11.816 PM] Action   || Name: finance_skip_dup... || Trigger: buffer                               || Output: Sophia Herrera $6.00 on 2025-08-26
[11/21/2025 11:25:11.821 PM] Action   || Name: finance_skip_dup... || Trigger: buffer                               || Output: Addison Loera $8.00 on 2025-08-26
[11/21/2025 11:25:11.823 PM] Action   || Name: finance_skip_dup... || Trigger: buffer                               || Output: Amber Thomas $5.00 on 2025-08-26
[11/21/2025 11:25:11.823 PM] Action   || Name: finance_skip_dup... || Trigger: buffer                               || Output: Jordin Baylee $5.00 on 2025-08-26
[11/21/2025 11:25:11.823 PM] Action   || Name: finance_skip_dup... || Trigger: buffer                               || Output: Kathleen Cantu $1.00 on 2025-08-26
[11/21/2025 11:25:11.825 PM] Action   || Name: finance_skip_dup... || Trigger: buffer                               || Output: Amber Thomas $3.00 on 2025-08-26
[11/21/2025 11:25:11.825 PM] Action   || Name: finance_skip_dup... || Trigger: buffer                               || Output: Rob Jimenez $3.00 on 2025-08-26
[11/21/2025 11:25:11.825 PM] Action   || Name: finance_skip_dup... || Trigger: buffer                               || Output: Daniel Brantley $3.00 on 2025-08-26
[11/21/2025 11:25:11.825 PM] Action   || Name: finance_skip_dup... || Trigger: buffer                               || Output: Isabella Klein $9.70 on 2025-08-26
[11/21/2025 11:25:11.830 PM] Action   || Name: finance_skip_dup... || Trigger: buffer                               || Output: Wix $25.98 on 2025-08-26
[11/21/2025 11:25:11.830 PM] Action   || Name: finance_skip_dup... || Trigger: buffer                               || Output: Nelda Hernandez $2.00 on 2025-08-26
[11/21/2025 11:25:11.832 PM] Action   || Name: finance_skip_dup... || Trigger: buffer                               || Output: Troy Broome $1.00 on 2025-08-26
[11/21/2025 11:25:11.832 PM] Action   || Name: finance_skip_dup... || Trigger: buffer                               || Output: Div Bits $2.00 on 2025-08-26
[11/21/2025 11:25:11.832 PM] Action   || Name: finance_skip_dup... || Trigger: buffer                               || Output: Jacob Sandoval $1.00 on 2025-08-26
[11/21/2025 11:25:11.835 PM] Action   || Name: finance_skip_dup... || Trigger: buffer                               || Output: Aubrey Cunningham $10.00 on 2025-08-26
[11/21/2025 11:25:11.835 PM] Action   || Name: finance_skip_dup... || Trigger: buffer                               || Output: Maxwell Preston $5.00 on 2025-08-26
[11/21/2025 11:25:11.837 PM] Action   || Name: finance_skip_dup... || Trigger: buffer                               || Output: Sophia Herrera $6.00 on 2025-08-26
[11/21/2025 11:25:11.837 PM] Action   || Name: finance_skip_dup... || Trigger: buffer                               || Output: Derek Fuentes $25.98 on 2025-08-26
[11/21/2025 11:25:11.837 PM] Action   || Name: finance_skip_dup... || Trigger: buffer                               || Output: Miguel V $5.00 on 2025-08-26
[11/21/2025 11:25:11.837 PM] Action   || Name: finance_skip_dup... || Trigger: buffer                               || Output: Nelda Hernandez $3.00 on 2025-08-26
[11/21/2025 11:25:11.837 PM] Action   || Name: finance_skip_dup... || Trigger: buffer                               || Output: Megan Digiovanni $130.00 on 2025-08-26
[11/21/2025 11:25:11.837 PM] Action   || Name: finance_skip_dup... || Trigger: buffer                               || Output: Pedro Savala $5.00 on 2025-08-27
[11/21/2025 11:25:11.837 PM] Action   || Name: finance_skip_dup... || Trigger: buffer                               || Output: Jonathan Mcgeever $5.00 on 2025-08-27
[11/21/2025 11:25:11.837 PM] Action   || Name: finance_skip_dup... || Trigger: buffer                               || Output: Py Store Here Pantego $54.00 on 2025-08-20
[11/21/2025 11:25:11.837 PM] Action   || Name: finance_skip_dup... || Trigger: buffer                               || Output: Megan Digiovanni $74.92 on 2025-07-30
[11/21/2025 11:25:11.837 PM] Action   || Name: finance_skip_dup... || Trigger: buffer                               || Output: Cassandra Nelson $7.00 on 2025-11-04
[11/21/2025 11:25:14.942 PM] Action   || Name: finance_skip_dup... || Trigger: kind=income                          || Output: Cynthia griffith $10.00 on 2025-04-16
[11/21/2025 11:25:14.942 PM] Action   || Name: finance_skip_dup... || Trigger: kind=income                          || Output: Caleb Moran $4.00 on 2025-04-16
[11/21/2025 11:25:14.942 PM] Action   || Name: finance_skip_dup... || Trigger: kind=income                          || Output: Alberto $6.00 on 2025-04-16
[11/21/2025 11:25:14.942 PM] Action   || Name: finance_skip_dup... || Trigger: kind=income                          || Output: Jacob Sandoval $2.91 on 2025-04-16
[11/21/2025 11:25:14.942 PM] Action   || Name: finance_skip_dup... || Trigger: kind=income                          || Output: tay $5.00 on 2025-04-16
[11/21/2025 11:25:14.942 PM] Action   || Name: finance_skip_dup... || Trigger: kind=income                          || Output: Nelda Hernandez $2.00 on 2025-04-16
[11/21/2025 11:25:14.942 PM] Action   || Name: finance_skip_dup... || Trigger: kind=income                          || Output: Maria Olds $10.00 on 2025-04-16
[11/21/2025 11:25:14.949 PM] Action   || Name: finance_skip_dup... || Trigger: kind=income                          || Output: Mario Rodriguez $3.00 on 2025-04-16
[11/21/2025 11:25:14.949 PM] Action   || Name: finance_skip_dup... || Trigger: kind=income                          || Output: Elisha Taylor $5.00 on 2025-04-16
[11/21/2025 11:25:14.949 PM] Action   || Name: finance_skip_dup... || Trigger: kind=income                          || Output: Jacob Sandoval $3.00 on 2025-04-16
[11/21/2025 11:25:14.949 PM] Action   || Name: finance_skip_dup... || Trigger: kind=income                          || Output: Isabella Klein $9.70 on 2025-08-26
[11/21/2025 11:25:14.949 PM] Action   || Name: finance_skip_dup... || Trigger: kind=income                          || Output: Nelda Hernandez $2.00 on 2025-08-26
[11/21/2025 11:25:14.949 PM] Action   || Name: finance_skip_dup... || Trigger: kind=income                          || Output: Troy Broome $1.00 on 2025-08-26
[11/21/2025 11:25:14.949 PM] Action   || Name: finance_skip_dup... || Trigger: kind=income                          || Output: Div Bits $2.00 on 2025-08-26
[11/21/2025 11:25:14.958 PM] Action   || Name: finance_skip_dup... || Trigger: kind=income                          || Output: Jacob Sandoval $1.00 on 2025-08-26
[11/21/2025 11:25:14.959 PM] Action   || Name: finance_skip_dup... || Trigger: kind=income                          || Output: Aubrey Cunningham $10.00 on 2025-08-26
[11/21/2025 11:25:14.959 PM] Action   || Name: finance_skip_dup... || Trigger: kind=income                          || Output: Maxwell Preston $5.00 on 2025-08-26
[11/21/2025 11:25:14.959 PM] Action   || Name: finance_skip_dup... || Trigger: kind=income                          || Output: Sophia Herrera $6.00 on 2025-08-26
[11/21/2025 11:25:14.959 PM] Action   || Name: finance_skip_dup... || Trigger: kind=income                          || Output: Miguel V $5.00 on 2025-08-26
[11/21/2025 11:25:14.959 PM] Action   || Name: finance_skip_dup... || Trigger: kind=income                          || Output: Nelda Hernandez $3.00 on 2025-08-26
[11/21/2025 11:25:14.963 PM] Action   || Name: finance_skip_dup... || Trigger: kind=income                          || Output: Megan Digiovanni $130.00 on 2025-08-26
[11/21/2025 11:25:14.963 PM] Action   || Name: finance_skip_dup... || Trigger: kind=income                          || Output: Pedro Savala $5.00 on 2025-08-27
[11/21/2025 11:25:14.965 PM] Action   || Name: finance_skip_dup... || Trigger: kind=income                          || Output: Jonathan Mcgeever $5.00 on 2025-08-27
[11/21/2025 11:25:14.967 PM] Action   || Name: finance_skip_dup... || Trigger: kind=income                          || Output: Axel Torres $24.25 on 2025-08-22
[11/21/2025 11:25:14.967 PM] Action   || Name: finance_skip_dup... || Trigger: kind=income                          || Output: M. Padron $20.00 on 2025-08-26
[11/21/2025 11:25:14.969 PM] Action   || Name: finance_skip_dup... || Trigger: kind=income                          || Output: Addison Loera $8.00 on 2025-08-26
[11/21/2025 11:25:14.969 PM] Action   || Name: finance_skip_dup... || Trigger: kind=income                          || Output: Amber Thomas $5.00 on 2025-08-26
[11/21/2025 11:25:14.971 PM] Action   || Name: finance_skip_dup... || Trigger: kind=income                          || Output: Jordin Baylee $5.00 on 2025-08-26
[11/21/2025 11:25:14.972 PM] Action   || Name: finance_skip_dup... || Trigger: kind=income                          || Output: Kathleen Cantu $1.00 on 2025-08-26
[11/21/2025 11:25:14.973 PM] Action   || Name: finance_skip_dup... || Trigger: kind=income                          || Output: Amber Thomas $3.00 on 2025-08-26
[11/21/2025 11:25:14.973 PM] Action   || Name: finance_skip_dup... || Trigger: kind=income                          || Output: Rob Jimenez $3.00 on 2025-08-26
[11/21/2025 11:25:14.973 PM] Action   || Name: finance_skip_dup... || Trigger: kind=income                          || Output: Daniel Brantley $3.00 on 2025-08-26
[11/21/2025 11:25:14.973 PM] Action   || Name: finance_skip_dup... || Trigger: kind=income                          || Output: Cassandra Nelson $6.00 on 2025-11-04
[11/21/2025 11:25:14.973 PM] Action   || Name: finance_skip_dup... || Trigger: kind=income                          || Output: Kristyn Jackson $9.00 on 2025-10-22
[11/21/2025 11:25:14.973 PM] Action   || Name: finance_skip_dup... || Trigger: kind=income                          || Output: Victoria Elkins $5.00 on 2025-10-22
[11/21/2025 11:25:14.973 PM] Action   || Name: finance_skip_dup... || Trigger: kind=income                          || Output: Alexander  Martinez $3.00 on 2025-10-22
[11/21/2025 11:25:14.981 PM] Action   || Name: finance_skip_dup... || Trigger: kind=income                          || Output: Richa  Desai $6.00 on 2025-10-22
[11/21/2025 11:25:14.981 PM] Action   || Name: finance_skip_dup... || Trigger: kind=income                          || Output: Emily Lanham $6.00 on 2025-10-22
[11/21/2025 11:25:14.981 PM] Action   || Name: finance_skip_dup... || Trigger: kind=income                          || Output: Mariah Hall $3.00 on 2025-10-22
[11/21/2025 11:25:14.981 PM] Action   || Name: finance_skip_dup... || Trigger: kind=income                          || Output: Sophia Herrera $5.00 on 2025-10-22
[11/21/2025 11:25:14.981 PM] Action   || Name: finance_skip_dup... || Trigger: kind=income                          || Output: Kylie Crook $5.00 on 2025-09-16
[11/21/2025 11:25:16.206 PM] Action   || Name: finance_skip_dup... || Trigger: kind=expense                         || Output: Py Store Here Pantego $54.00 on 2025-04-20
[11/21/2025 11:25:16.207 PM] Action   || Name: finance_skip_dup... || Trigger: kind=expense                         || Output: j s $11.68 on 2025-04-22
[11/21/2025 11:25:16.208 PM] Action   || Name: finance_skip_dup... || Trigger: kind=expense                         || Output: Wix $25.98 on 2025-04-26
[11/21/2025 11:25:16.210 PM] Action   || Name: finance_skip_dup... || Trigger: kind=expense                         || Output: Wix $25.98 on 2025-08-26
[11/21/2025 11:25:16.210 PM] Action   || Name: finance_skip_dup... || Trigger: kind=expense                         || Output: Derek Fuentes $25.98 on 2025-08-26
[11/21/2025 11:25:16.211 PM] Action   || Name: finance_skip_dup... || Trigger: kind=expense                         || Output: Py Store Here Pantego $54.00 on 2025-08-20
[11/21/2025 11:25:16.211 PM] Action   || Name: finance_skip_dup... || Trigger: kind=expense                         || Output: Megan Digiovanni $47.62 on 2025-08-26
[11/21/2025 11:25:16.211 PM] Action   || Name: finance_skip_dup... || Trigger: kind=expense                         || Output: Megan Digiovanni $74.92 on 2025-07-30
[11/21/2025 11:25:16.211 PM] Action   || Name: finance_skip_dup... || Trigger: kind=expense                         || Output: Py Store Here Pantego $54.00 on 2025-05-20
[11/21/2025 11:25:16.216 PM] Action   || Name: finance_skip_dup... || Trigger: kind=expense                         || Output: Derek Fuentes $72.45 on 2025-05-23
[11/21/2025 11:25:16.217 PM] Action   || Name: finance_skip_dup... || Trigger: kind=expense                         || Output: Wix $25.98 on 2025-05-26
[11/21/2025 11:25:16.217 PM] Action   || Name: finance_skip_dup... || Trigger: kind=expense                         || Output: Megan Digiovanni $89.91 on 2025-10-05
[11/21/2025 11:25:16.217 PM] Action   || Name: finance_skip_dup... || Trigger: kind=expense                         || Output: Derek Fuentes $20.00 on 2025-09-10
[11/21/2025 11:26:47.916 PM] Message  || User: spitonme            || Channel: #yapper-committee                    || Content: no bc atp im ready for winter break
[11/21/2025 11:26:47.926 PM] Message  || User: izzyballz           || Channel: #yapper-committee                    || Content: literally wdym we have to go back after thanksgiving
[11/21/2025 11:26:48.085 PM] React+   || User: spitonme            || Channel: #yapper-committee                    || emoji=🐙; msg="why are we still going" by izzyballz
[11/21/2025 11:26:48.176 PM] React+   || User: slayc127            || Channel: #yapper-committee                    || emoji=‼️; msg="literally wdym we have to go back after ..." by izzyballz
[11/21/2025 11:30:13.408 PM] Message  || User: yaeji               || Channel: #pet-pictures                        || Content: hanwi looks like she likes it... 😳
[11/21/2025 11:32:46.108 PM] Message  || User: spitonme            || Channel: #pet-pictures                        || Content: im so jealous henry gets to be with the kitties all the time and sle...
[11/21/2025 11:32:46.128 PM] Message  || User: spitonme            || Channel: #pet-pictures                        || Content: meanwhile i sleep on my cold bed all by my lonesome
[11/21/2025 11:32:46.370 PM] React+   || User: spitonme            || Channel: #pet-pictures                        || emoji=🐙; msg="hanwi looks like she likes it... 😳" by yaeji
[11/21/2025 11:34:40.897 PM] Message  || User: yaeji               || Channel: #pet-pictures                        || Content: more cold spots on the bed for you
[11/21/2025 11:40:18.028 PM] Message  || User: spitonme            || Channel: #pet-pictures                        || Content: im lowk being dramatic
[11/21/2025 11:40:37.606 PM] Message  || User: spitonme            || Channel: #pet-pictures                        || Content: i usually dont have a good nights sleep at henrys
[11/21/2025 11:41:10.272 PM] Message  || User: spitonme            || Channel: #pet-pictures                        || Content: shiki gets like 2am zoomies and makes biscuits on me,,, and at like ...
[11/21/2025 11:41:38.341 PM] Edit     || User: spitonme            || Channel: #pet-pictures                        || shiki gets like 2am zoomies and makes biscuits on me,,, and at like 6am will ...
[11/21/2025 11:42:33.910 PM] React+   || User: _rambone_           || Channel: #purrley-pawsitive-pussy-pals        || emoji=❤️; msg="I am genuinely not trying to sound salty..." by a1darek
[11/21/2025 11:42:35.495 PM] React+   || User: _rambone_           || Channel: #purrley-pawsitive-pussy-pals        || emoji=❤️; msg="and it's not even the doctors dude docto..." by a1darek
