[11/04/2025 12:00:58.214 AM] React+   || User: .bettercalljack     || Channel: #itty-bitty-kitty-commitee           || emoji=❤️; msg="He’s the ai" by plink5277
[11/04/2025 12:01:10.684 AM] Action   || Name: send_suppressed     || Trigger: ch=1341696618688286720               || Output: Gmail authorization needed. Open and approve, then reply: 'TomCat, au...
[11/04/2025 12:01:10.684 AM] Action   || Name: gmail_auth_url      || Trigger:                                      || Output: https://accounts.google.com/o/oauth2/auth?response_type=code&client_i...
[11/04/2025 12:01:10.684 AM] Action   || Name: gmail_log_scheduler || Trigger: auth                                 || Output: pending
[11/04/2025 12:09:21.568 AM] Message  || User: kitadan             || Channel: #bot-spam                            || Content: ||Double E word||
[11/04/2025 12:25:40.257 AM] Message  || User: shynebwoy           || Channel: #pet-pictures                        || Content: (no text; attachments=1)
[11/04/2025 12:26:00.948 AM] Message  || User: celeryiscelery      || Channel: #purrley-pawsitive-pussy-pals        || Content: turned in an assignment and canvas didn’t give me the confetti like ...
[11/04/2025 12:26:03.486 AM] Message  || User: celeryiscelery      || Channel: #purrley-pawsitive-pussy-pals        || Content: what the fuck.
[11/04/2025 12:27:48.437 AM] React+   || User: moineau_l.oiseau    || Channel: #itty-bitty-kitty-commitee           || emoji=😭; msg="you can plug in some older literature an..." by yaeji
[11/04/2025 12:28:58.970 AM] React+   || User: moineau_l.oiseau    || Channel: #itty-bitty-kitty-commitee           || emoji=❤️; msg=1435042707440406720
[11/04/2025 12:30:27.235 AM] React+   || User: moineau_l.oiseau    || Channel: #itty-bitty-kitty-commitee           || emoji=‼️; msg="idk this shit really pisses me off" by slayc127
[11/04/2025 12:30:46.471 AM] React+   || User: moineau_l.oiseau    || Channel: #itty-bitty-kitty-commitee           || emoji=❤️; msg="He’s the ai" by plink5277
[11/04/2025 12:30:50.467 AM] React+   || User: moineau_l.oiseau    || Channel: #itty-bitty-kitty-commitee           || emoji=🤣; msg="he's a PhD student so he's not real" by lemonelon_
[11/04/2025 12:32:35.200 AM] React+   || User: moineau_l.oiseau    || Channel: #yapper-committee                    || emoji=😭; msg="Context: I had the biggest pimple on my ..." by mochenoch
[11/04/2025 12:33:03.039 AM] React+   || User: moineau_l.oiseau    || Channel: #yapper-committee                    || emoji=😭; msg="I’m pretty sure my roommates thought my ..." by mochenoch
[11/04/2025 12:33:42.832 AM] React+   || User: moineau_l.oiseau    || Channel: #yapper-committee                    || emoji=😭; msg="I want to nap. I want to lay down for a ..." by adeyumii
[11/04/2025 12:33:43.756 AM] React+   || User: moineau_l.oiseau    || Channel: #yapper-committee                    || emoji=‼️; msg="I want to nap. I want to lay down for a ..." by adeyumii
[11/04/2025 12:35:45.688 AM] React+   || User: moineau_l.oiseau    || Channel: #pet-pictures                        || emoji=😆; msg="Teehee" by m_digio
[11/04/2025 12:35:58.678 AM] React+   || User: moineau_l.oiseau    || Channel: #pet-pictures                        || emoji=❤️; msg=1435153005946077236
[11/04/2025 12:36:59.641 AM] Message  || User: slayc127            || Channel: #purrley-pawsitive-pussy-pals        || Content: EVIL.
[11/04/2025 12:37:05.759 AM] Message  || User: slayc127            || Channel: #purrley-pawsitive-pussy-pals        || Content: i think u should sue
[11/04/2025 12:37:08.255 AM] React+   || User: slayc127            || Channel: #pet-pictures                        || emoji=❤️; msg=1435153005946077236
[11/04/2025 12:37:15.712 AM] React+   || User: moineau_l.oiseau    || Channel: #memes                               || emoji=<:smilecat:836868602220380160>; msg=1435111929407475803
[11/04/2025 12:37:24.530 AM] Message  || User: slayc127            || Channel: #purrley-pawsitive-pussy-pals        || Content: my less than two month old charger stopped working on me and i threw...
[11/04/2025 12:39:09.109 AM] React+   || User: lemonelon_          || Channel: #itty-bitty-kitty-commitee           || emoji=❤️; msg="okay im glad to hear" by slayc127
[11/04/2025 12:40:17.041 AM] Action   || Name: send_suppressed     || Trigger: ch=1341696618688286720               || Output: Gmail authorization needed. Open and approve, then reply: 'TomCat, au...
[11/04/2025 12:40:17.041 AM] Action   || Name: gmail_auth_url      || Trigger:                                      || Output: https://accounts.google.com/o/oauth2/auth?response_type=code&client_i...
[11/04/2025 12:40:17.041 AM] Action   || Name: gmail_log_scheduler || Trigger: auth                                 || Output: pending
[11/04/2025 12:40:26.633 AM] Action   || Name: send_suppressed     || Trigger: ch=1341696618688286720               || Output: Gmail authorization needed. Open and approve, then reply: 'TomCat, au...
[11/04/2025 12:40:26.633 AM] Action   || Name: gmail_auth_url      || Trigger:                                      || Output: https://accounts.google.com/o/oauth2/auth?response_type=code&client_i...
[11/04/2025 12:40:26.633 AM] Action   || Name: gmail_log_scheduler || Trigger: auth                                 || Output: pending
[11/04/2025 12:45:20.544 AM] Action   || Name: send_suppressed     || Trigger: ch=1341696618688286720               || Output: Gmail authorization needed. Open and approve, then reply: 'TomCat, au...
[11/04/2025 12:45:20.552 AM] Action   || Name: gmail_auth_url      || Trigger:                                      || Output: https://accounts.google.com/o/oauth2/auth?response_type=code&client_i...
[11/04/2025 12:45:20.552 AM] Action   || Name: gmail_log_scheduler || Trigger: auth                                 || Output: pending
[11/04/2025 12:56:12.990 AM] React+   || User: moineau_l.oiseau    || Channel: #pictures-of-the-cats                || emoji=❤️; msg="Empanada my beloved ❤️" by a1darek
[11/04/2025 12:56:17.663 AM] React+   || User: moineau_l.oiseau    || Channel: #pictures-of-the-cats                || emoji=❤️; msg="If situations were different I would've ..." by a1darek
[11/04/2025 12:56:20.277 AM] React-   || User: unknown             || Channel: #pictures-of-the-cats                || emoji=❤️; msg="Empanada my beloved ❤️" by a1darek
[11/04/2025 12:57:56.485 AM] React+   || User: kitadan             || Channel: #pet-pictures                        || emoji=❤️; msg=1435153005946077236
[11/04/2025 01:05:44.969 AM] Message  || User: izzyballz           || Channel: #yapper-committee                    || Content: i’m gonna go bald
[11/04/2025 01:13:48.672 AM] Message  || User: slayc127            || Channel: #yapper-committee                    || Content: thatz not allowed
[11/04/2025 01:33:34.486 AM] Action   || Name: send_suppressed     || Trigger: ch=1341696618688286720               || Output: Gmail authorization needed. Open and approve, then reply: 'TomCat, au...
[11/04/2025 01:33:34.486 AM] Action   || Name: gmail_auth_url      || Trigger:                                      || Output: https://accounts.google.com/o/oauth2/auth?response_type=code&client_i...
[11/04/2025 01:33:34.486 AM] Action   || Name: gmail_log_scheduler || Trigger: auth                                 || Output: pending
[11/04/2025 01:44:01.974 AM] Action   || Name: send_suppressed     || Trigger: ch=1341696618688286720               || Output: Gmail authorization needed. Open and approve, then reply: 'TomCat, au...
[11/04/2025 01:44:01.974 AM] Action   || Name: gmail_auth_url      || Trigger:                                      || Output: https://accounts.google.com/o/oauth2/auth?response_type=code&client_i...
[11/04/2025 01:44:01.974 AM] Action   || Name: gmail_log_scheduler || Trigger: auth                                 || Output: pending
[11/04/2025 01:44:05.983 AM] Action   || Name: send_suppressed     || Trigger: ch=1341696618688286720               || Output: Gmail authorization needed. Open and approve, then reply: 'TomCat, au...
[11/04/2025 01:44:05.983 AM] Action   || Name: gmail_auth_url      || Trigger:                                      || Output: https://accounts.google.com/o/oauth2/auth?response_type=code&client_i...
[11/04/2025 01:44:05.983 AM] Action   || Name: gmail_log_scheduler || Trigger: auth                                 || Output: pending
[11/04/2025 01:51:25.796 AM] Action   || Name: send_suppressed     || Trigger: ch=1341696618688286720               || Output: Gmail authorization needed. Open and approve, then reply: 'TomCat, au...
[11/04/2025 01:51:25.796 AM] Action   || Name: gmail_auth_url      || Trigger:                                      || Output: https://accounts.google.com/o/oauth2/auth?response_type=code&client_i...
[11/04/2025 01:51:25.796 AM] Action   || Name: gmail_log_scheduler || Trigger: auth                                 || Output: pending
[11/04/2025 01:52:41.359 AM] Message  || User: yaeji               || Channel: #yapper-committee                    || Content: writing my first college essay for the first time
[11/04/2025 01:52:43.196 AM] Message  || User: yaeji               || Channel: #yapper-committee                    || Content: : (
[11/04/2025 01:52:48.672 AM] Edit     || User: yaeji               || Channel: #yapper-committee                    || writing my first college essay for the first time -> writing my first college...
[11/04/2025 01:53:06.496 AM] Message  || User: yaeji               || Channel: #yapper-committee                    || Content: izzy bald
[11/04/2025 01:54:35.576 AM] Message  || User: austinbaustinb      || Channel: #logging                             || Content: How did you make it to November without an essay
[11/04/2025 01:54:54.663 AM] Message  || User: austinbaustinb      || Channel: #logging                             || Content: I dropped like half my classes and have like only music classes that...
[11/04/2025 01:54:56.005 AM] Message  || User: austinbaustinb      || Channel: #logging                             || Content: Huh
[11/04/2025 02:04:27.244 AM] Message  || User: kitadan             || Channel: #yapper-committee                    || Content: What kind of bald?
[11/04/2025 02:10:12.213 AM] Action   || Name: profiles_error      || Trigger: sheet_read                           || Output: APIError: [429]: Quota exceeded for quota metric 'Read requests' and ...
[11/04/2025 02:10:12.213 AM] Action   || Name: profiles_scheduler  || Trigger: update_all                           || Output: ran
[11/04/2025 02:10:12.263 AM] Action   || Name: profiles_error      || Trigger: sheet_read                           || Output: APIError: [429]: Quota exceeded for quota metric 'Read requests' and ...
[11/04/2025 02:10:12.263 AM] Action   || Name: profiles_scheduler  || Trigger: update_all                           || Output: ran
[11/04/2025 02:10:12.331 AM] Action   || Name: profiles_error      || Trigger: sheet_read                           || Output: APIError: [429]: Quota exceeded for quota metric 'Read requests' and ...
[11/04/2025 02:10:12.331 AM] Action   || Name: profiles_scheduler  || Trigger: update_all                           || Output: ran
[11/04/2025 02:10:12.373 AM] Action   || Name: profiles_error      || Trigger: sheet_read                           || Output: APIError: [429]: Quota exceeded for quota metric 'Read requests' and ...
[11/04/2025 02:10:12.373 AM] Action   || Name: profiles_scheduler  || Trigger: update_all                           || Output: ran
[11/04/2025 02:10:12.437 AM] Action   || Name: profiles_error      || Trigger: sheet_read                           || Output: APIError: [429]: Quota exceeded for quota metric 'Read requests' and ...
[11/04/2025 02:10:12.453 AM] Action   || Name: profiles_scheduler  || Trigger: update_all                           || Output: ran
[11/04/2025 02:10:12.511 AM] Action   || Name: profiles_error      || Trigger: sheet_read                           || Output: APIError: [429]: Quota exceeded for quota metric 'Read requests' and ...
[11/04/2025 02:10:12.511 AM] Action   || Name: profiles_scheduler  || Trigger: update_all                           || Output: ran
[11/04/2025 02:10:12.564 AM] Action   || Name: profiles_error      || Trigger: sheet_read                           || Output: APIError: [429]: Quota exceeded for quota metric 'Read requests' and ...
[11/04/2025 02:10:12.564 AM] Action   || Name: profiles_scheduler  || Trigger: update_all                           || Output: ran
[11/04/2025 02:10:12.620 AM] Action   || Name: profiles_error      || Trigger: sheet_read                           || Output: APIError: [429]: Quota exceeded for quota metric 'Read requests' and ...
[11/04/2025 02:10:12.620 AM] Action   || Name: profiles_scheduler  || Trigger: update_all                           || Output: ran
[11/04/2025 02:10:12.668 AM] Action   || Name: profiles_error      || Trigger: sheet_read                           || Output: APIError: [429]: Quota exceeded for quota metric 'Read requests' and ...
[11/04/2025 02:10:12.668 AM] Action   || Name: profiles_scheduler  || Trigger: update_all                           || Output: ran
[11/04/2025 02:10:12.748 AM] Action   || Name: profiles_error      || Trigger: sheet_read                           || Output: APIError: [429]: Quota exceeded for quota metric 'Read requests' and ...
[11/04/2025 02:10:12.748 AM] Action   || Name: profiles_scheduler  || Trigger: update_all                           || Output: ran
[11/04/2025 02:10:12.809 AM] Action   || Name: profiles_error      || Trigger: sheet_read                           || Output: APIError: [429]: Quota exceeded for quota metric 'Read requests' and ...
[11/04/2025 02:10:12.809 AM] Action   || Name: profiles_scheduler  || Trigger: update_all                           || Output: ran
[11/04/2025 02:10:13.340 AM] Action   || Name: profile_update_e... || Trigger: id=1                                 || Output: 404 Not Found (error code: 10008): Unknown Message
[11/04/2025 02:10:13.401 AM] Action   || Name: profile_update_e... || Trigger: id=2                                 || Output: APIError: [429]: Quota exceeded for quota metric 'Read requests' and ...
[11/04/2025 02:10:13.465 AM] Action   || Name: profile_update_e... || Trigger: id=4                                 || Output: APIError: [429]: Quota exceeded for quota metric 'Read requests' and ...
[11/04/2025 02:10:13.529 AM] Action   || Name: profile_update_e... || Trigger: id=5                                 || Output: APIError: [429]: Quota exceeded for quota metric 'Read requests' and ...
[11/04/2025 02:10:13.593 AM] Action   || Name: profile_update_e... || Trigger: id=6                                 || Output: APIError: [429]: Quota exceeded for quota metric 'Read requests' and ...
[11/04/2025 02:10:13.656 AM] Action   || Name: profile_update_e... || Trigger: id=7                                 || Output: APIError: [429]: Quota exceeded for quota metric 'Read requests' and ...
[11/04/2025 02:10:13.720 AM] Action   || Name: profile_update_e... || Trigger: id=9                                 || Output: APIError: [429]: Quota exceeded for quota metric 'Read requests' and ...
[11/04/2025 02:10:13.767 AM] Action   || Name: profile_update_e... || Trigger: id=17                                || Output: APIError: [429]: Quota exceeded for quota metric 'Read requests' and ...
[11/04/2025 02:10:13.878 AM] Action   || Name: profile_update_e... || Trigger: id=67                                || Output: APIError: [429]: Quota exceeded for quota metric 'Read requests' and ...
[11/04/2025 02:10:13.878 AM] Action   || Name: profile_update_f... || Trigger: count=9                              || Output: 1,2,4,5,6,7,9,17,67
[11/04/2025 02:10:13.878 AM] Action   || Name: profiles_scheduler  || Trigger: update_all                           || Output: ran
[11/04/2025 02:10:13.894 AM] Action   || Name: profile_update_e... || Trigger: id=1                                 || Output: 404 Not Found (error code: 10008): Unknown Message
[11/04/2025 02:10:13.942 AM] Action   || Name: profile_update_e... || Trigger: id=2                                 || Output: APIError: [429]: Quota exceeded for quota metric 'Read requests' and ...
[11/04/2025 02:10:14.010 AM] Action   || Name: profile_update_e... || Trigger: id=4                                 || Output: APIError: [429]: Quota exceeded for quota metric 'Read requests' and ...
[11/04/2025 02:10:14.054 AM] Action   || Name: profile_update_e... || Trigger: id=5                                 || Output: APIError: [429]: Quota exceeded for quota metric 'Read requests' and ...
[11/04/2025 02:10:14.117 AM] Action   || Name: profile_update_e... || Trigger: id=6                                 || Output: APIError: [429]: Quota exceeded for quota metric 'Read requests' and ...
[11/04/2025 02:10:14.166 AM] Action   || Name: profile_update_e... || Trigger: id=7                                 || Output: APIError: [429]: Quota exceeded for quota metric 'Read requests' and ...
[11/04/2025 02:10:14.228 AM] Action   || Name: profile_update_e... || Trigger: id=9                                 || Output: APIError: [429]: Quota exceeded for quota metric 'Read requests' and ...
[11/04/2025 02:10:14.319 AM] Action   || Name: profile_update_e... || Trigger: id=17                                || Output: APIError: [429]: Quota exceeded for quota metric 'Read requests' and ...
[11/04/2025 02:10:14.373 AM] Action   || Name: profile_update_e... || Trigger: id=67                                || Output: APIError: [429]: Quota exceeded for quota metric 'Read requests' and ...
[11/04/2025 02:10:14.373 AM] Action   || Name: profile_update_f... || Trigger: count=9                              || Output: 1,2,4,5,6,7,9,17,67
[11/04/2025 02:10:14.373 AM] Action   || Name: profiles_scheduler  || Trigger: update_all                           || Output: ran
[11/04/2025 02:10:14.373 AM] Action   || Name: profile_update_e... || Trigger: id=1                                 || Output: 404 Not Found (error code: 10008): Unknown Message
[11/04/2025 02:10:14.445 AM] Action   || Name: profile_update_e... || Trigger: id=2                                 || Output: APIError: [429]: Quota exceeded for quota metric 'Read requests' and ...
[11/04/2025 02:10:14.500 AM] Action   || Name: profile_update_e... || Trigger: id=4                                 || Output: APIError: [429]: Quota exceeded for quota metric 'Read requests' and ...
[11/04/2025 02:10:14.565 AM] Action   || Name: profile_update_e... || Trigger: id=5                                 || Output: APIError: [429]: Quota exceeded for quota metric 'Read requests' and ...
[11/04/2025 02:10:14.629 AM] Action   || Name: profile_update_e... || Trigger: id=6                                 || Output: APIError: [429]: Quota exceeded for quota metric 'Read requests' and ...
[11/04/2025 02:10:14.677 AM] Action   || Name: profile_update_e... || Trigger: id=7                                 || Output: APIError: [429]: Quota exceeded for quota metric 'Read requests' and ...
[11/04/2025 02:10:14.757 AM] Action   || Name: profile_update_e... || Trigger: id=9                                 || Output: APIError: [429]: Quota exceeded for quota metric 'Read requests' and ...
[11/04/2025 02:10:14.852 AM] Action   || Name: profile_update_e... || Trigger: id=17                                || Output: APIError: [429]: Quota exceeded for quota metric 'Read requests' and ...
[11/04/2025 02:10:14.932 AM] Action   || Name: profile_update_e... || Trigger: id=67                                || Output: APIError: [429]: Quota exceeded for quota metric 'Read requests' and ...
[11/04/2025 02:10:14.932 AM] Action   || Name: profile_update_f... || Trigger: count=9                              || Output: 1,2,4,5,6,7,9,17,67
[11/04/2025 02:10:14.932 AM] Action   || Name: profiles_scheduler  || Trigger: update_all                           || Output: ran
[11/04/2025 02:10:14.932 AM] Action   || Name: profile_update_e... || Trigger: id=1                                 || Output: 404 Not Found (error code: 10008): Unknown Message
[11/04/2025 02:10:14.996 AM] Action   || Name: profile_update_e... || Trigger: id=2                                 || Output: APIError: [429]: Quota exceeded for quota metric 'Read requests' and ...
[11/04/2025 02:10:15.060 AM] Action   || Name: profile_update_e... || Trigger: id=4                                 || Output: APIError: [429]: Quota exceeded for quota metric 'Read requests' and ...
[11/04/2025 02:10:15.119 AM] Action   || Name: profile_update_e... || Trigger: id=5                                 || Output: APIError: [429]: Quota exceeded for quota metric 'Read requests' and ...
[11/04/2025 02:10:15.171 AM] Action   || Name: profile_update_e... || Trigger: id=6                                 || Output: APIError: [429]: Quota exceeded for quota metric 'Read requests' and ...
[11/04/2025 02:10:15.219 AM] Action   || Name: profile_update_e... || Trigger: id=7                                 || Output: APIError: [429]: Quota exceeded for quota metric 'Read requests' and ...
[11/04/2025 02:10:15.299 AM] Action   || Name: profile_update_e... || Trigger: id=9                                 || Output: APIError: [429]: Quota exceeded for quota metric 'Read requests' and ...
[11/04/2025 02:10:15.363 AM] Action   || Name: profile_update_e... || Trigger: id=17                                || Output: APIError: [429]: Quota exceeded for quota metric 'Read requests' and ...
[11/04/2025 02:10:15.411 AM] Action   || Name: profile_update_e... || Trigger: id=67                                || Output: APIError: [429]: Quota exceeded for quota metric 'Read requests' and ...
[11/04/2025 02:10:15.411 AM] Action   || Name: profile_update_f... || Trigger: count=9                              || Output: 1,2,4,5,6,7,9,17,67
[11/04/2025 02:10:15.427 AM] Action   || Name: profiles_scheduler  || Trigger: update_all                           || Output: ran
[11/04/2025 02:10:15.597 AM] Action   || Name: profile_update_e... || Trigger: id=1                                 || Output: 404 Not Found (error code: 10008): Unknown Message
[11/04/2025 02:10:15.659 AM] Action   || Name: profile_update_e... || Trigger: id=2                                 || Output: APIError: [429]: Quota exceeded for quota metric 'Read requests' and ...
[11/04/2025 02:10:15.720 AM] Action   || Name: profile_update_e... || Trigger: id=4                                 || Output: APIError: [429]: Quota exceeded for quota metric 'Read requests' and ...
[11/04/2025 02:10:15.780 AM] Action   || Name: profile_update_e... || Trigger: id=5                                 || Output: APIError: [429]: Quota exceeded for quota metric 'Read requests' and ...
[11/04/2025 02:10:15.837 AM] Action   || Name: profile_update_e... || Trigger: id=6                                 || Output: APIError: [429]: Quota exceeded for quota metric 'Read requests' and ...
[11/04/2025 02:10:15.898 AM] Action   || Name: profile_update_e... || Trigger: id=7                                 || Output: APIError: [429]: Quota exceeded for quota metric 'Read requests' and ...
[11/04/2025 02:10:15.948 AM] Action   || Name: profile_update_e... || Trigger: id=9                                 || Output: APIError: [429]: Quota exceeded for quota metric 'Read requests' and ...
[11/04/2025 02:10:16.012 AM] Action   || Name: profile_update_e... || Trigger: id=17                                || Output: APIError: [429]: Quota exceeded for quota metric 'Read requests' and ...
[11/04/2025 02:10:16.076 AM] Action   || Name: profile_update_e... || Trigger: id=67                                || Output: APIError: [429]: Quota exceeded for quota metric 'Read requests' and ...
[11/04/2025 02:10:16.076 AM] Action   || Name: profile_update_f... || Trigger: count=9                              || Output: 1,2,4,5,6,7,9,17,67
[11/04/2025 02:10:16.076 AM] Action   || Name: profiles_scheduler  || Trigger: update_all                           || Output: ran
[11/04/2025 02:10:16.076 AM] Action   || Name: profile_update_e... || Trigger: id=1                                 || Output: 404 Not Found (error code: 10008): Unknown Message
[11/04/2025 02:10:16.146 AM] Action   || Name: profile_update_e... || Trigger: id=2                                 || Output: APIError: [429]: Quota exceeded for quota metric 'Read requests' and ...
[11/04/2025 02:10:16.226 AM] Action   || Name: profile_update_e... || Trigger: id=4                                 || Output: APIError: [429]: Quota exceeded for quota metric 'Read requests' and ...
[11/04/2025 02:10:16.272 AM] Action   || Name: profile_update_e... || Trigger: id=5                                 || Output: APIError: [429]: Quota exceeded for quota metric 'Read requests' and ...
[11/04/2025 02:10:16.359 AM] Action   || Name: profile_update_e... || Trigger: id=6                                 || Output: APIError: [429]: Quota exceeded for quota metric 'Read requests' and ...
[11/04/2025 02:10:16.413 AM] Action   || Name: profile_update_e... || Trigger: id=7                                 || Output: APIError: [429]: Quota exceeded for quota metric 'Read requests' and ...
[11/04/2025 02:10:16.474 AM] Action   || Name: profile_update_e... || Trigger: id=9                                 || Output: APIError: [429]: Quota exceeded for quota metric 'Read requests' and ...
[11/04/2025 02:10:16.541 AM] Action   || Name: profile_update_e... || Trigger: id=17                                || Output: APIError: [429]: Quota exceeded for quota metric 'Read requests' and ...
[11/04/2025 02:10:16.597 AM] Action   || Name: profile_update_e... || Trigger: id=67                                || Output: APIError: [429]: Quota exceeded for quota metric 'Read requests' and ...
[11/04/2025 02:10:16.598 AM] Action   || Name: profile_update_f... || Trigger: count=9                              || Output: 1,2,4,5,6,7,9,17,67
[11/04/2025 02:10:16.600 AM] Action   || Name: profiles_scheduler  || Trigger: update_all                           || Output: ran
[11/04/2025 02:10:16.811 AM] Action   || Name: profile_update_e... || Trigger: id=1                                 || Output: 404 Not Found (error code: 10008): Unknown Message
[11/04/2025 02:10:16.870 AM] Action   || Name: profile_update_e... || Trigger: id=2                                 || Output: APIError: [429]: Quota exceeded for quota metric 'Read requests' and ...
[11/04/2025 02:10:16.923 AM] Action   || Name: profile_update_e... || Trigger: id=4                                 || Output: APIError: [429]: Quota exceeded for quota metric 'Read requests' and ...
[11/04/2025 02:10:16.968 AM] Action   || Name: profile_update_e... || Trigger: id=5                                 || Output: APIError: [429]: Quota exceeded for quota metric 'Read requests' and ...
[11/04/2025 02:10:17.032 AM] Action   || Name: profile_update_e... || Trigger: id=6                                 || Output: APIError: [429]: Quota exceeded for quota metric 'Read requests' and ...
[11/04/2025 02:10:17.080 AM] Action   || Name: profile_update_e... || Trigger: id=7                                 || Output: APIError: [429]: Quota exceeded for quota metric 'Read requests' and ...
[11/04/2025 02:10:17.144 AM] Action   || Name: profile_update_e... || Trigger: id=9                                 || Output: APIError: [429]: Quota exceeded for quota metric 'Read requests' and ...
[11/04/2025 02:10:17.192 AM] Action   || Name: profile_update_e... || Trigger: id=17                                || Output: APIError: [429]: Quota exceeded for quota metric 'Read requests' and ...
[11/04/2025 02:10:17.256 AM] Action   || Name: profile_update_e... || Trigger: id=67                                || Output: APIError: [429]: Quota exceeded for quota metric 'Read requests' and ...
[11/04/2025 02:10:17.256 AM] Action   || Name: profile_update_f... || Trigger: count=9                              || Output: 1,2,4,5,6,7,9,17,67
[11/04/2025 02:10:17.256 AM] Action   || Name: profiles_scheduler  || Trigger: update_all                           || Output: ran
[11/04/2025 02:10:19.648 AM] Action   || Name: profile_update_e... || Trigger: id=1                                 || Output: 404 Not Found (error code: 10008): Unknown Message
[11/04/2025 02:10:19.708 AM] Action   || Name: profile_update_e... || Trigger: id=2                                 || Output: APIError: [429]: Quota exceeded for quota metric 'Read requests' and ...
[11/04/2025 02:10:19.776 AM] Action   || Name: profile_update_e... || Trigger: id=4                                 || Output: APIError: [429]: Quota exceeded for quota metric 'Read requests' and ...
[11/04/2025 02:10:19.824 AM] Action   || Name: profile_update_e... || Trigger: id=5                                 || Output: APIError: [429]: Quota exceeded for quota metric 'Read requests' and ...
[11/04/2025 02:10:19.890 AM] Action   || Name: profile_update_e... || Trigger: id=6                                 || Output: APIError: [429]: Quota exceeded for quota metric 'Read requests' and ...
[11/04/2025 02:10:19.952 AM] Action   || Name: profile_update_e... || Trigger: id=7                                 || Output: APIError: [429]: Quota exceeded for quota metric 'Read requests' and ...
[11/04/2025 02:10:20.014 AM] Action   || Name: profile_update_e... || Trigger: id=9                                 || Output: APIError: [429]: Quota exceeded for quota metric 'Read requests' and ...
[11/04/2025 02:10:20.077 AM] Action   || Name: profile_update_e... || Trigger: id=17                                || Output: APIError: [429]: Quota exceeded for quota metric 'Read requests' and ...
[11/04/2025 02:10:20.135 AM] Action   || Name: profile_update_e... || Trigger: id=67                                || Output: APIError: [429]: Quota exceeded for quota metric 'Read requests' and ...
[11/04/2025 02:10:20.135 AM] Action   || Name: profile_update_f... || Trigger: count=9                              || Output: 1,2,4,5,6,7,9,17,67
[11/04/2025 02:10:20.135 AM] Action   || Name: profiles_scheduler  || Trigger: update_all                           || Output: ran
[11/04/2025 02:13:51.722 AM] Action   || Name: send_suppressed     || Trigger: ch=1341696618688286720               || Output: Gmail authorization needed. Open and approve, then reply: 'TomCat, au...
[11/04/2025 02:13:51.722 AM] Action   || Name: gmail_auth_url      || Trigger:                                      || Output: https://accounts.google.com/o/oauth2/auth?response_type=code&client_i...
[11/04/2025 02:13:51.725 AM] Action   || Name: gmail_log_scheduler || Trigger: auth                                 || Output: pending
[11/04/2025 02:20:57.848 AM] Action   || Name: send_suppressed     || Trigger: ch=1341696618688286720               || Output: Gmail authorization needed. Open and approve, then reply: 'TomCat, au...
[11/04/2025 02:20:57.848 AM] Action   || Name: gmail_auth_url      || Trigger:                                      || Output: https://accounts.google.com/o/oauth2/auth?response_type=code&client_i...
[11/04/2025 02:20:57.848 AM] Action   || Name: gmail_log_scheduler || Trigger: auth                                 || Output: pending
[11/04/2025 02:21:01.920 AM] Action   || Name: send_suppressed     || Trigger: ch=1341696618688286720               || Output: Gmail authorization needed. Open and approve, then reply: 'TomCat, au...
[11/04/2025 02:21:01.920 AM] Action   || Name: gmail_auth_url      || Trigger:                                      || Output: https://accounts.google.com/o/oauth2/auth?response_type=code&client_i...
[11/04/2025 02:21:01.923 AM] Action   || Name: gmail_log_scheduler || Trigger: auth                                 || Output: pending
[11/04/2025 02:22:08.486 AM] Action   || Name: send_suppressed     || Trigger: ch=1341696618688286720               || Output: Gmail authorization needed. Open and approve, then reply: 'TomCat, au...
[11/04/2025 02:22:08.488 AM] Action   || Name: gmail_auth_url      || Trigger:                                      || Output: https://accounts.google.com/o/oauth2/auth?response_type=code&client_i...
[11/04/2025 02:22:08.488 AM] Action   || Name: gmail_log_scheduler || Trigger: auth                                 || Output: pending
[11/04/2025 02:28:48.208 AM] Action   || Name: send_suppressed     || Trigger: ch=1341696618688286720               || Output: Gmail authorization needed. Open and approve, then reply: 'TomCat, au...
[11/04/2025 02:28:48.208 AM] Action   || Name: gmail_auth_url      || Trigger:                                      || Output: https://accounts.google.com/o/oauth2/auth?response_type=code&client_i...
[11/04/2025 02:28:48.208 AM] Action   || Name: gmail_log_scheduler || Trigger: auth                                 || Output: pending
[11/04/2025 02:34:05.259 AM] Action   || Name: send_suppressed     || Trigger: ch=1341696618688286720               || Output: Gmail authorization needed. Open and approve, then reply: 'TomCat, au...
[11/04/2025 02:34:05.260 AM] Action   || Name: gmail_auth_url      || Trigger:                                      || Output: https://accounts.google.com/o/oauth2/auth?response_type=code&client_i...
[11/04/2025 02:34:05.261 AM] Action   || Name: gmail_log_scheduler || Trigger: auth                                 || Output: pending
[11/04/2025 02:49:20.449 AM] Message  || User: slayc127            || Channel: #executive-board                     || Content: remember how we were supposed to be tabling w another group...they c...
[11/04/2025 02:49:26.987 AM] Message  || User: slayc127            || Channel: #executive-board                     || Content: A Win tho do not get me wrong
[11/04/2025 03:00:00.569 AM] Action   || Name: dues_membership_... || Trigger: sheet=1PBvCd6gTwc1_aqlCtn93xPW7XJ... || Output: ws=Membership Application List
[11/04/2025 03:00:04.953 AM] Action   || Name: dues_membership_... || Trigger: row=2                                || Output: Date|Mavorgs Invite|Semester|Email|Full Name|Discord Username|Payment...
[11/04/2025 03:00:04.969 AM] Action   || Name: dues_membership_... || Trigger: total=1002                           || Output: usable=858
[11/04/2025 03:00:04.969 AM] Action   || Name: dues_scheduler      || Trigger: count=0                              || Output: done
[11/04/2025 03:00:04.969 AM] Action   || Name: dues_membership_... || Trigger: sheet=1PBvCd6gTwc1_aqlCtn93xPW7XJ... || Output: ws=Membership Application List
[11/04/2025 03:00:04.969 AM] Action   || Name: dues_scheduler      || Trigger: count=0                              || Output: done
[11/04/2025 03:00:05.195 AM] Action   || Name: dues_membership_... || Trigger: sheet=1PBvCd6gTwc1_aqlCtn93xPW7XJ... || Output: ws=Membership Application List
[11/04/2025 03:00:05.209 AM] Action   || Name: dues_scheduler      || Trigger: count=0                              || Output: done
[11/04/2025 03:00:05.274 AM] Action   || Name: dues_membership_... || Trigger: sheet=1PBvCd6gTwc1_aqlCtn93xPW7XJ... || Output: ws=Membership Application List
[11/04/2025 03:00:05.274 AM] Action   || Name: dues_scheduler      || Trigger: count=0                              || Output: done
[11/04/2025 03:00:06.160 AM] Action   || Name: dues_membership_... || Trigger: sheet=1PBvCd6gTwc1_aqlCtn93xPW7XJ... || Output: ws=Membership Application List
[11/04/2025 03:00:06.160 AM] Action   || Name: dues_scheduler      || Trigger: count=0                              || Output: done
[11/04/2025 03:00:06.322 AM] Action   || Name: dues_membership_... || Trigger: sheet=1PBvCd6gTwc1_aqlCtn93xPW7XJ... || Output: ws=Membership Application List
[11/04/2025 03:00:06.330 AM] Action   || Name: dues_scheduler      || Trigger: count=0                              || Output: done
[11/04/2025 03:00:06.330 AM] Action   || Name: dues_membership_... || Trigger: sheet=1PBvCd6gTwc1_aqlCtn93xPW7XJ... || Output: ws=Membership Application List
[11/04/2025 03:00:06.330 AM] Action   || Name: dues_scheduler      || Trigger: count=0                              || Output: done
[11/04/2025 03:00:07.388 AM] Action   || Name: dues_membership_... || Trigger: sheet=1PBvCd6gTwc1_aqlCtn93xPW7XJ... || Output: ws=Membership Application List
[11/04/2025 03:00:07.388 AM] Action   || Name: dues_scheduler      || Trigger: count=0                              || Output: done
[11/04/2025 03:00:08.606 AM] Action   || Name: dues_membership_... || Trigger: sheet=1PBvCd6gTwc1_aqlCtn93xPW7XJ... || Output: ws=Membership Application List
[11/04/2025 03:00:08.606 AM] Action   || Name: dues_scheduler      || Trigger: count=0                              || Output: done
[11/04/2025 03:00:09.139 AM] Action   || Name: dues_membership_... || Trigger: sheet=1PBvCd6gTwc1_aqlCtn93xPW7XJ... || Output: ws=Membership Application List
[11/04/2025 03:00:09.139 AM] Action   || Name: dues_scheduler      || Trigger: count=0                              || Output: done
[11/04/2025 03:00:10.227 AM] Action   || Name: dues_membership_... || Trigger: sheet=1PBvCd6gTwc1_aqlCtn93xPW7XJ... || Output: ws=Membership Application List
[11/04/2025 03:00:10.229 AM] Action   || Name: dues_scheduler      || Trigger: count=0                              || Output: done
[11/04/2025 03:00:11.244 AM] Action   || Name: dues_membership_... || Trigger: sheet=1PBvCd6gTwc1_aqlCtn93xPW7XJ... || Output: ws=Membership Application List
[11/04/2025 03:00:11.245 AM] Action   || Name: dues_scheduler      || Trigger: count=0                              || Output: done
[11/04/2025 03:00:12.343 AM] Action   || Name: dues_membership_... || Trigger: sheet=1PBvCd6gTwc1_aqlCtn93xPW7XJ... || Output: ws=Membership Application List
[11/04/2025 03:00:12.344 AM] Action   || Name: dues_scheduler      || Trigger: count=0                              || Output: done
[11/04/2025 03:00:13.227 AM] Action   || Name: dues_membership_... || Trigger: sheet=1PBvCd6gTwc1_aqlCtn93xPW7XJ... || Output: ws=Membership Application List
[11/04/2025 03:00:13.228 AM] Action   || Name: dues_scheduler      || Trigger: count=0                              || Output: done
[11/04/2025 03:00:14.205 AM] Action   || Name: dues_membership_... || Trigger: sheet=1PBvCd6gTwc1_aqlCtn93xPW7XJ... || Output: ws=Membership Application List
[11/04/2025 03:00:14.205 AM] Action   || Name: dues_scheduler      || Trigger: count=0                              || Output: done
[11/04/2025 03:00:15.218 AM] Action   || Name: dues_membership_... || Trigger: sheet=1PBvCd6gTwc1_aqlCtn93xPW7XJ... || Output: ws=Membership Application List
[11/04/2025 03:00:15.219 AM] Action   || Name: dues_scheduler      || Trigger: count=0                              || Output: done
[11/04/2025 03:00:16.353 AM] Action   || Name: dues_membership_... || Trigger: sheet=1PBvCd6gTwc1_aqlCtn93xPW7XJ... || Output: ws=Membership Application List
[11/04/2025 03:00:16.354 AM] Action   || Name: dues_scheduler      || Trigger: count=0                              || Output: done
[11/04/2025 03:00:17.261 AM] Action   || Name: dues_membership_... || Trigger: sheet=1PBvCd6gTwc1_aqlCtn93xPW7XJ... || Output: ws=Membership Application List
[11/04/2025 03:00:17.262 AM] Action   || Name: dues_scheduler      || Trigger: count=0                              || Output: done
[11/04/2025 03:00:19.191 AM] Action   || Name: dues_membership_... || Trigger: sheet=1PBvCd6gTwc1_aqlCtn93xPW7XJ... || Output: ws=Membership Application List
[11/04/2025 03:00:19.191 AM] Action   || Name: dues_scheduler      || Trigger: count=0                              || Output: done
[11/04/2025 03:03:21.458 AM] Action   || Name: send_suppressed     || Trigger: ch=1341696618688286720               || Output: Gmail authorization needed. Open and approve, then reply: 'TomCat, au...
[11/04/2025 03:03:21.458 AM] Action   || Name: gmail_auth_url      || Trigger:                                      || Output: https://accounts.google.com/o/oauth2/auth?response_type=code&client_i...
[11/04/2025 03:03:21.458 AM] Action   || Name: gmail_log_scheduler || Trigger: auth                                 || Output: pending
[11/04/2025 03:06:27.788 AM] Action   || Name: send_suppressed     || Trigger: ch=1341696618688286720               || Output: Gmail authorization needed. Open and approve, then reply: 'TomCat, au...
[11/04/2025 03:06:27.788 AM] Action   || Name: gmail_auth_url      || Trigger:                                      || Output: https://accounts.google.com/o/oauth2/auth?response_type=code&client_i...
[11/04/2025 03:06:27.788 AM] Action   || Name: gmail_log_scheduler || Trigger: auth                                 || Output: pending
[11/04/2025 03:06:31.655 AM] Action   || Name: send_suppressed     || Trigger: ch=1341696618688286720               || Output: Gmail authorization needed. Open and approve, then reply: 'TomCat, au...
[11/04/2025 03:06:31.732 AM] Action   || Name: gmail_auth_url      || Trigger:                                      || Output: https://accounts.google.com/o/oauth2/auth?response_type=code&client_i...
[11/04/2025 03:06:31.732 AM] Action   || Name: gmail_log_scheduler || Trigger: auth                                 || Output: pending
[11/04/2025 03:30:06.891 AM] Action   || Name: send_suppressed     || Trigger: ch=1341696618688286720               || Output: Gmail authorization needed. Open and approve, then reply: 'TomCat, au...
[11/04/2025 03:30:06.891 AM] Action   || Name: gmail_auth_url      || Trigger:                                      || Output: https://accounts.google.com/o/oauth2/auth?response_type=code&client_i...
[11/04/2025 03:30:06.891 AM] Action   || Name: gmail_log_scheduler || Trigger: auth                                 || Output: pending
[11/04/2025 03:52:16.735 AM] Action   || Name: send_suppressed     || Trigger: ch=1341696618688286720               || Output: Gmail authorization needed. Open and approve, then reply: 'TomCat, au...
[11/04/2025 03:52:16.735 AM] Action   || Name: gmail_auth_url      || Trigger:                                      || Output: https://accounts.google.com/o/oauth2/auth?response_type=code&client_i...
[11/04/2025 03:52:16.735 AM] Action   || Name: gmail_log_scheduler || Trigger: auth                                 || Output: pending
[11/04/2025 04:01:10.761 AM] Action   || Name: send_suppressed     || Trigger: ch=1341696618688286720               || Output: Gmail authorization needed. Open and approve, then reply: 'TomCat, au...
[11/04/2025 04:01:10.761 AM] Action   || Name: gmail_auth_url      || Trigger:                                      || Output: https://accounts.google.com/o/oauth2/auth?response_type=code&client_i...
[11/04/2025 04:01:10.763 AM] Action   || Name: gmail_log_scheduler || Trigger: auth                                 || Output: pending
[11/04/2025 04:40:17.134 AM] Action   || Name: send_suppressed     || Trigger: ch=1341696618688286720               || Output: Gmail authorization needed. Open and approve, then reply: 'TomCat, au...
[11/04/2025 04:40:17.137 AM] Action   || Name: gmail_auth_url      || Trigger:                                      || Output: https://accounts.google.com/o/oauth2/auth?response_type=code&client_i...
[11/04/2025 04:40:17.137 AM] Action   || Name: gmail_log_scheduler || Trigger: auth                                 || Output: pending
[11/04/2025 04:40:26.686 AM] Action   || Name: send_suppressed     || Trigger: ch=1341696618688286720               || Output: Gmail authorization needed. Open and approve, then reply: 'TomCat, au...
[11/04/2025 04:40:26.686 AM] Action   || Name: gmail_auth_url      || Trigger:                                      || Output: https://accounts.google.com/o/oauth2/auth?response_type=code&client_i...
[11/04/2025 04:40:26.686 AM] Action   || Name: gmail_log_scheduler || Trigger: auth                                 || Output: pending
[11/04/2025 04:45:20.630 AM] Action   || Name: send_suppressed     || Trigger: ch=1341696618688286720               || Output: Gmail authorization needed. Open and approve, then reply: 'TomCat, au...
[11/04/2025 04:45:20.630 AM] Action   || Name: gmail_auth_url      || Trigger:                                      || Output: https://accounts.google.com/o/oauth2/auth?response_type=code&client_i...
[11/04/2025 04:45:20.630 AM] Action   || Name: gmail_log_scheduler || Trigger: auth                                 || Output: pending
[11/04/2025 05:08:46.308 AM] React+   || User: ludavis             || Channel: #itty-bitty-kitty-commitee           || emoji=‼️; msg="idk this shit really pisses me off" by slayc127
[11/04/2025 05:09:17.865 AM] React+   || User: ludavis             || Channel: #itty-bitty-kitty-commitee           || emoji=❤️; msg="i would talk to arroyo if u feel comfort..." by slayc127
[11/04/2025 05:33:34.576 AM] Action   || Name: send_suppressed     || Trigger: ch=1341696618688286720               || Output: Gmail authorization needed. Open and approve, then reply: 'TomCat, au...
[11/04/2025 05:33:34.576 AM] Action   || Name: gmail_auth_url      || Trigger:                                      || Output: https://accounts.google.com/o/oauth2/auth?response_type=code&client_i...
[11/04/2025 05:33:34.576 AM] Action   || Name: gmail_log_scheduler || Trigger: auth                                 || Output: pending
[11/04/2025 05:44:02.041 AM] Action   || Name: send_suppressed     || Trigger: ch=1341696618688286720               || Output: Gmail authorization needed. Open and approve, then reply: 'TomCat, au...
[11/04/2025 05:44:02.041 AM] Action   || Name: gmail_auth_url      || Trigger:                                      || Output: https://accounts.google.com/o/oauth2/auth?response_type=code&client_i...
[11/04/2025 05:44:02.041 AM] Action   || Name: gmail_log_scheduler || Trigger: auth                                 || Output: pending
[11/04/2025 05:44:06.042 AM] Action   || Name: send_suppressed     || Trigger: ch=1341696618688286720               || Output: Gmail authorization needed. Open and approve, then reply: 'TomCat, au...
[11/04/2025 05:44:06.042 AM] Action   || Name: gmail_auth_url      || Trigger:                                      || Output: https://accounts.google.com/o/oauth2/auth?response_type=code&client_i...
[11/04/2025 05:44:06.042 AM] Action   || Name: gmail_log_scheduler || Trigger: auth                                 || Output: pending
[11/04/2025 05:51:25.865 AM] Action   || Name: send_suppressed     || Trigger: ch=1341696618688286720               || Output: Gmail authorization needed. Open and approve, then reply: 'TomCat, au...
[11/04/2025 05:51:25.868 AM] Action   || Name: gmail_auth_url      || Trigger:                                      || Output: https://accounts.google.com/o/oauth2/auth?response_type=code&client_i...
[11/04/2025 05:51:25.868 AM] Action   || Name: gmail_log_scheduler || Trigger: auth                                 || Output: pending
[11/04/2025 06:13:51.810 AM] Action   || Name: send_suppressed     || Trigger: ch=1341696618688286720               || Output: Gmail authorization needed. Open and approve, then reply: 'TomCat, au...
[11/04/2025 06:13:51.810 AM] Action   || Name: gmail_auth_url      || Trigger:                                      || Output: https://accounts.google.com/o/oauth2/auth?response_type=code&client_i...
[11/04/2025 06:13:51.812 AM] Action   || Name: gmail_log_scheduler || Trigger: auth                                 || Output: pending
[11/04/2025 06:19:57.787 AM] Message  || User: adeyumii            || Channel: #yapper-committee                    || Content: saw some bunnies munching on grass behind the library this morning
[11/04/2025 06:20:57.914 AM] Action   || Name: send_suppressed     || Trigger: ch=1341696618688286720               || Output: Gmail authorization needed. Open and approve, then reply: 'TomCat, au...
[11/04/2025 06:20:57.914 AM] Action   || Name: gmail_auth_url      || Trigger:                                      || Output: https://accounts.google.com/o/oauth2/auth?response_type=code&client_i...
[11/04/2025 06:20:57.914 AM] Action   || Name: gmail_log_scheduler || Trigger: auth                                 || Output: pending
[11/04/2025 06:21:01.995 AM] Action   || Name: send_suppressed     || Trigger: ch=1341696618688286720               || Output: Gmail authorization needed. Open and approve, then reply: 'TomCat, au...
[11/04/2025 06:21:01.995 AM] Action   || Name: gmail_auth_url      || Trigger:                                      || Output: https://accounts.google.com/o/oauth2/auth?response_type=code&client_i...
[11/04/2025 06:21:01.998 AM] Action   || Name: gmail_log_scheduler || Trigger: auth                                 || Output: pending
[11/04/2025 06:22:08.554 AM] Action   || Name: send_suppressed     || Trigger: ch=1341696618688286720               || Output: Gmail authorization needed. Open and approve, then reply: 'TomCat, au...
[11/04/2025 06:22:08.554 AM] Action   || Name: gmail_auth_url      || Trigger:                                      || Output: https://accounts.google.com/o/oauth2/auth?response_type=code&client_i...
[11/04/2025 06:22:08.554 AM] Action   || Name: gmail_log_scheduler || Trigger: auth                                 || Output: pending
[11/04/2025 06:22:40.782 AM] React+   || User: m_digio             || Channel: #pet-pictures                        || emoji=❤️; msg=1435153005946077236
[11/04/2025 06:23:04.283 AM] Message  || User: m_digio             || Channel: #executive-board                     || Content: Actually super happy abt that
[11/04/2025 06:28:48.266 AM] Action   || Name: send_suppressed     || Trigger: ch=1341696618688286720               || Output: Gmail authorization needed. Open and approve, then reply: 'TomCat, au...
[11/04/2025 06:28:48.266 AM] Action   || Name: gmail_auth_url      || Trigger:                                      || Output: https://accounts.google.com/o/oauth2/auth?response_type=code&client_i...
[11/04/2025 06:28:48.266 AM] Action   || Name: gmail_log_scheduler || Trigger: auth                                 || Output: pending
[11/04/2025 06:34:05.402 AM] Action   || Name: send_suppressed     || Trigger: ch=1341696618688286720               || Output: Gmail authorization needed. Open and approve, then reply: 'TomCat, au...
[11/04/2025 06:34:05.402 AM] Action   || Name: gmail_auth_url      || Trigger:                                      || Output: https://accounts.google.com/o/oauth2/auth?response_type=code&client_i...
[11/04/2025 06:34:05.402 AM] Action   || Name: gmail_log_scheduler || Trigger: auth                                 || Output: pending
[11/04/2025 07:03:21.540 AM] Action   || Name: send_suppressed     || Trigger: ch=1341696618688286720               || Output: Gmail authorization needed. Open and approve, then reply: 'TomCat, au...
[11/04/2025 07:03:21.540 AM] Action   || Name: gmail_auth_url      || Trigger:                                      || Output: https://accounts.google.com/o/oauth2/auth?response_type=code&client_i...
[11/04/2025 07:03:21.540 AM] Action   || Name: gmail_log_scheduler || Trigger: auth                                 || Output: pending
[11/04/2025 07:06:27.858 AM] Action   || Name: send_suppressed     || Trigger: ch=1341696618688286720               || Output: Gmail authorization needed. Open and approve, then reply: 'TomCat, au...
[11/04/2025 07:06:27.874 AM] Action   || Name: gmail_auth_url      || Trigger:                                      || Output: https://accounts.google.com/o/oauth2/auth?response_type=code&client_i...
[11/04/2025 07:06:27.874 AM] Action   || Name: gmail_log_scheduler || Trigger: auth                                 || Output: pending
[11/04/2025 07:06:31.801 AM] Action   || Name: send_suppressed     || Trigger: ch=1341696618688286720               || Output: Gmail authorization needed. Open and approve, then reply: 'TomCat, au...
[11/04/2025 07:06:31.801 AM] Action   || Name: gmail_auth_url      || Trigger:                                      || Output: https://accounts.google.com/o/oauth2/auth?response_type=code&client_i...
[11/04/2025 07:06:31.801 AM] Action   || Name: gmail_log_scheduler || Trigger: auth                                 || Output: pending
[11/04/2025 07:28:03.052 AM] Message  || User: m_digio             || Channel: #executive-board                     || Content: So for my crocheting stuff ill js need half a table
[11/04/2025 07:28:20.515 AM] Message  || User: m_digio             || Channel: #executive-board                     || Content: Gonna use as little space as possible
[11/04/2025 07:30:06.969 AM] Action   || Name: send_suppressed     || Trigger: ch=1341696618688286720               || Output: Gmail authorization needed. Open and approve, then reply: 'TomCat, au...
[11/04/2025 07:30:06.969 AM] Action   || Name: gmail_auth_url      || Trigger:                                      || Output: https://accounts.google.com/o/oauth2/auth?response_type=code&client_i...
[11/04/2025 07:30:06.969 AM] Action   || Name: gmail_log_scheduler || Trigger: auth                                 || Output: pending
[11/04/2025 07:51:52.766 AM] Leave    || User: gee068356 (14341... || Guild: Campus Cat Coalition                  
[11/04/2025 07:52:16.837 AM] Action   || Name: send_suppressed     || Trigger: ch=1341696618688286720               || Output: Gmail authorization needed. Open and approve, then reply: 'TomCat, au...
[11/04/2025 07:52:16.839 AM] Action   || Name: gmail_auth_url      || Trigger:                                      || Output: https://accounts.google.com/o/oauth2/auth?response_type=code&client_i...
[11/04/2025 07:52:16.839 AM] Action   || Name: gmail_log_scheduler || Trigger: auth                                 || Output: pending
[11/04/2025 08:01:10.830 AM] Action   || Name: send_suppressed     || Trigger: ch=1341696618688286720               || Output: Gmail authorization needed. Open and approve, then reply: 'TomCat, au...
[11/04/2025 08:01:10.837 AM] Action   || Name: gmail_auth_url      || Trigger:                                      || Output: https://accounts.google.com/o/oauth2/auth?response_type=code&client_i...
[11/04/2025 08:01:10.837 AM] Action   || Name: gmail_log_scheduler || Trigger: auth                                 || Output: pending
[11/04/2025 08:06:49.706 AM] Message  || User: le_nuit_sans_fin    || Channel: #itty-bitty-kitty-commitee           || Content: Bro there has been 4 wasps in my apartment in the past week
[11/04/2025 08:07:10.108 AM] Message  || User: le_nuit_sans_fin    || Channel: #itty-bitty-kitty-commitee           || Content: Literally going to jump off a bridge
[11/04/2025 08:14:53.531 AM] React+   || User: nostalgicsapphic    || Channel: #purrley-pawsitive-pussy-pals        || emoji=❤️; msg="I need to do a line of coffee grounds" by the.lemonade.stand
[11/04/2025 08:15:22.856 AM] Message  || User: nostalgicsapphic    || Channel: #purrley-pawsitive-pussy-pals        || Content: fuck my stupid baka life (the lady replacing my battery at the o’rei...
[11/04/2025 08:16:05.779 AM] React+   || User: slayc127            || Channel: #purrley-pawsitive-pussy-pals        || emoji=😭; msg="fuck my stupid baka life (the lady repla..." by nostalgicsapphic
[11/04/2025 08:16:09.429 AM] Message  || User: slayc127            || Channel: #purrley-pawsitive-pussy-pals        || Content: u dont deserve this
[11/04/2025 08:16:37.553 AM] Message  || User: slayc127            || Channel: #executive-board                     || Content: heard, we dont have as many donations this time so it shouldnt matte...
[11/04/2025 08:16:49.172 AM] React+   || User: slayc127            || Channel: #executive-board                     || emoji=‼️; msg="Actually super happy abt that" by m_digio
[11/04/2025 08:19:04.883 AM] React+   || User: nostalgicsapphic    || Channel: #purrley-pawsitive-pussy-pals        || emoji=‼️; msg="u dont deserve this" by slayc127
[11/04/2025 08:30:58.414 AM] Message  || User: lazziegh            || Channel: #external-adoption-ads               || Content: Such a cute boy, is he good with other cats?
[11/04/2025 08:40:17.206 AM] Action   || Name: send_suppressed     || Trigger: ch=1341696618688286720               || Output: Gmail authorization needed. Open and approve, then reply: 'TomCat, au...
[11/04/2025 08:40:17.206 AM] Action   || Name: gmail_auth_url      || Trigger:                                      || Output: https://accounts.google.com/o/oauth2/auth?response_type=code&client_i...
[11/04/2025 08:40:17.206 AM] Action   || Name: gmail_log_scheduler || Trigger: auth                                 || Output: pending
[11/04/2025 08:40:26.746 AM] Action   || Name: send_suppressed     || Trigger: ch=1341696618688286720               || Output: Gmail authorization needed. Open and approve, then reply: 'TomCat, au...
[11/04/2025 08:40:26.746 AM] Action   || Name: gmail_auth_url      || Trigger:                                      || Output: https://accounts.google.com/o/oauth2/auth?response_type=code&client_i...
[11/04/2025 08:40:26.746 AM] Action   || Name: gmail_log_scheduler || Trigger: auth                                 || Output: pending
[11/04/2025 08:40:36.890 AM] Message  || User: .s3j                || Channel: #external-adoption-ads               || Content: Yes, he does! He's lived with another cat before and got along fine!
[11/04/2025 08:42:57.781 AM] React+   || User: m_digio             || Channel: #purrley-pawsitive-pussy-pals        || emoji=👎; msg="turned in an assignment and canvas didn’..." by celeryiscelery
[11/04/2025 08:45:20.682 AM] Action   || Name: send_suppressed     || Trigger: ch=1341696618688286720               || Output: Gmail authorization needed. Open and approve, then reply: 'TomCat, au...
[11/04/2025 08:45:20.694 AM] Action   || Name: gmail_auth_url      || Trigger:                                      || Output: https://accounts.google.com/o/oauth2/auth?response_type=code&client_i...
[11/04/2025 08:45:20.694 AM] Action   || Name: gmail_log_scheduler || Trigger: auth                                 || Output: pending
[11/04/2025 08:49:49.571 AM] React+   || User: _rambone_           || Channel: #purrley-pawsitive-pussy-pals        || emoji=👎; msg="turned in an assignment and canvas didn’..." by celeryiscelery
[11/04/2025 08:49:57.081 AM] React+   || User: _rambone_           || Channel: #purrley-pawsitive-pussy-pals        || emoji=😭; msg="fuck my stupid baka life (the lady repla..." by nostalgicsapphic
[11/04/2025 08:55:57.252 AM] Message  || User: adeyumii            || Channel: #bot-spam                            || Content: Can't wait for tomcat to exist again and have double the amount of p...
[11/04/2025 09:13:29.110 AM] Message  || User: bubblebee5866       || Channel: #itty-bitty-kitty-commitee           || Content: The wasps around my house are pretty friendly, and I've been able to...
[11/04/2025 09:28:11.271 AM] Message  || User: le_nuit_sans_fin    || Channel: #itty-bitty-kitty-commitee           || Content: I have to kill them cuz my roommate is ✨deathly allergic✨
[11/04/2025 09:28:36.801 AM] Message  || User: simplyshadow171295  || Channel: #bot-spam                            || Content: oh he’s getting there
[11/04/2025 09:33:34.635 AM] Action   || Name: send_suppressed     || Trigger: ch=1341696618688286720               || Output: Gmail authorization needed. Open and approve, then reply: 'TomCat, au...
[11/04/2025 09:33:34.635 AM] Action   || Name: gmail_auth_url      || Trigger:                                      || Output: https://accounts.google.com/o/oauth2/auth?response_type=code&client_i...
[11/04/2025 09:33:34.635 AM] Action   || Name: gmail_log_scheduler || Trigger: auth                                 || Output: pending
[11/04/2025 09:36:51.428 AM] Message  || User: izzyballz           || Channel: #yapper-committee                    || Content: to the scalp (i’m not going bald)
[11/04/2025 09:37:11.064 AM] React+   || User: slayc127            || Channel: #yapper-committee                    || emoji=😭; msg="to the scalp (i’m not going bald)" by izzyballz
[11/04/2025 09:37:34.968 AM] React+   || User: kitadan             || Channel: #yapper-committee                    || emoji=😭; msg="to the scalp (i’m not going bald)" by izzyballz
[11/04/2025 09:39:01.017 AM] Message  || User: slayc127            || Channel: #purrley-pawsitive-pussy-pals        || Content: kazius vs always managing to get down to the bus stop right as the s...
[11/04/2025 09:44:02.123 AM] Action   || Name: send_suppressed     || Trigger: ch=1341696618688286720               || Output: Gmail authorization needed. Open and approve, then reply: 'TomCat, au...
[11/04/2025 09:44:02.123 AM] Action   || Name: gmail_auth_url      || Trigger:                                      || Output: https://accounts.google.com/o/oauth2/auth?response_type=code&client_i...
[11/04/2025 09:44:02.123 AM] Action   || Name: gmail_log_scheduler || Trigger: auth                                 || Output: pending
[11/04/2025 09:44:06.113 AM] Action   || Name: send_suppressed     || Trigger: ch=1341696618688286720               || Output: Gmail authorization needed. Open and approve, then reply: 'TomCat, au...
[11/04/2025 09:44:06.113 AM] Action   || Name: gmail_auth_url      || Trigger:                                      || Output: https://accounts.google.com/o/oauth2/auth?response_type=code&client_i...
[11/04/2025 09:44:06.113 AM] Action   || Name: gmail_log_scheduler || Trigger: auth                                 || Output: pending
[11/04/2025 09:47:14.078 AM] Message  || User: _rambone_           || Channel: #purrley-pawsitive-pussy-pals        || Content: What should I take guys
[11/04/2025 09:48:33.788 AM] Message  || User: _rambone_           || Channel: #purrley-pawsitive-pussy-pals        || Content: (no text; attachments=2)
[11/04/2025 09:51:25.934 AM] Action   || Name: send_suppressed     || Trigger: ch=1341696618688286720               || Output: Gmail authorization needed. Open and approve, then reply: 'TomCat, au...
[11/04/2025 09:51:25.934 AM] Action   || Name: gmail_auth_url      || Trigger:                                      || Output: https://accounts.google.com/o/oauth2/auth?response_type=code&client_i...
[11/04/2025 09:51:25.934 AM] Action   || Name: gmail_log_scheduler || Trigger: auth                                 || Output: pending
[11/04/2025 09:52:12.520 AM] React+   || User: .bettercalljack     || Channel: #yapper-committee                    || emoji=😭; msg="to the scalp (i’m not going bald)" by izzyballz
[11/04/2025 09:53:06.455 AM] Message  || User: slayc127            || Channel: #purrley-pawsitive-pussy-pals        || Content: LMFAOOOOOO
[11/04/2025 09:53:10.509 AM] React+   || User: slayc127            || Channel: #purrley-pawsitive-pussy-pals        || emoji=😆; msg=1435294663446757580
[11/04/2025 09:53:13.251 AM] React+   || User: slayc127            || Channel: #purrley-pawsitive-pussy-pals        || emoji=😆; msg="What should I take guys" by _rambone_
[11/04/2025 09:53:21.654 AM] Message  || User: slayc127            || Channel: #purrley-pawsitive-pussy-pals        || Content: whatever u do dont touch my albums ‼️‼️‼️
[11/04/2025 09:58:26.401 AM] Message  || User: a1darek             || Channel: #purrley-pawsitive-pussy-pals        || Content: Body realized I could finally restless and I ended up sleeping for 1...
[11/04/2025 09:58:37.765 AM] Edit     || User: a1darek             || Channel: #purrley-pawsitive-pussy-pals        || Body realized I could finally restless and I ended up sleeping for 11 hours -...
[11/04/2025 09:58:44.265 AM] React+   || User: nostalgicsapphic    || Channel: #purrley-pawsitive-pussy-pals        || emoji=😆; msg="What should I take guys" by _rambone_
[11/04/2025 09:58:52.580 AM] React+   || User: nostalgicsapphic    || Channel: #purrley-pawsitive-pussy-pals        || emoji=😆; msg=1435294663446757580
[11/04/2025 09:59:04.679 AM] Message  || User: nostalgicsapphic    || Channel: #purrley-pawsitive-pussy-pals        || Content: everything !
[11/04/2025 09:59:09.598 AM] React+   || User: nostalgicsapphic    || Channel: #purrley-pawsitive-pussy-pals        || emoji=😆; msg="whatever u do dont touch my albums ‼️‼️‼..." by slayc127
[11/04/2025 09:59:20.557 AM] React+   || User: _rambone_           || Channel: #purrley-pawsitive-pussy-pals        || emoji=❤️; msg="everything !" by nostalgicsapphic
[11/04/2025 09:59:32.004 AM] React+   || User: a1darek             || Channel: #logging                             || emoji=❤️; msg="How did you make it to November without ..." by austinbaustinb
[11/04/2025 09:59:51.752 AM] Message  || User: _rambone_           || Channel: #purrley-pawsitive-pussy-pals        || Content: Those are the first things I'm taking
[11/04/2025 10:03:59.433 AM] React+   || User: not_d3fault_1420    || Channel: #memes                               || emoji=<:smilecat:836868602220380160>; msg=1435111929407475803
[11/04/2025 10:07:40.660 AM] React+   || User: reyesthighs         || Channel: #yapper-committee                    || emoji=😭; msg="to the scalp (i’m not going bald)" by izzyballz
[11/04/2025 10:09:13.304 AM] Message  || User: ludavis             || Channel: #memes                               || Content: https://x.com/PunchingCat/status/1985160000470405226?t=DrPhxld39hl76...
[11/04/2025 10:09:13.737 AM] Edit     || User: ludavis             || Channel: #memes                               || https://x.com/PunchingCat/status/1985160000470405226?t=DrPhxld39hl76QVcUqW3oQ...
[11/04/2025 10:10:26.935 AM] React+   || User: pancakemixteamdj    || Channel: #itty-bitty-kitty-commitee           || emoji=🤣; msg="he's a PhD student so he's not real" by lemonelon_
[11/04/2025 10:13:51.879 AM] Action   || Name: send_suppressed     || Trigger: ch=1341696618688286720               || Output: Gmail authorization needed. Open and approve, then reply: 'TomCat, au...
[11/04/2025 10:13:51.879 AM] Action   || Name: gmail_auth_url      || Trigger:                                      || Output: https://accounts.google.com/o/oauth2/auth?response_type=code&client_i...
[11/04/2025 10:13:51.879 AM] Action   || Name: gmail_log_scheduler || Trigger: auth                                 || Output: pending
[11/04/2025 10:14:50.843 AM] React+   || User: hatshura            || Channel: #pet-pictures                        || emoji=❤️; msg=1435153005946077236
[11/04/2025 10:20:57.972 AM] Action   || Name: send_suppressed     || Trigger: ch=1341696618688286720               || Output: Gmail authorization needed. Open and approve, then reply: 'TomCat, au...
[11/04/2025 10:20:57.972 AM] Action   || Name: gmail_auth_url      || Trigger:                                      || Output: https://accounts.google.com/o/oauth2/auth?response_type=code&client_i...
[11/04/2025 10:20:57.972 AM] Action   || Name: gmail_log_scheduler || Trigger: auth                                 || Output: pending
[11/04/2025 10:21:02.070 AM] Action   || Name: send_suppressed     || Trigger: ch=1341696618688286720               || Output: Gmail authorization needed. Open and approve, then reply: 'TomCat, au...
[11/04/2025 10:21:02.070 AM] Action   || Name: gmail_auth_url      || Trigger:                                      || Output: https://accounts.google.com/o/oauth2/auth?response_type=code&client_i...
[11/04/2025 10:21:02.070 AM] Action   || Name: gmail_log_scheduler || Trigger: auth                                 || Output: pending
[11/04/2025 10:22:08.611 AM] Action   || Name: send_suppressed     || Trigger: ch=1341696618688286720               || Output: Gmail authorization needed. Open and approve, then reply: 'TomCat, au...
[11/04/2025 10:22:08.611 AM] Action   || Name: gmail_auth_url      || Trigger:                                      || Output: https://accounts.google.com/o/oauth2/auth?response_type=code&client_i...
[11/04/2025 10:22:08.625 AM] Action   || Name: gmail_log_scheduler || Trigger: auth                                 || Output: pending
[11/04/2025 10:26:28.195 AM] Message  || User: m_digio             || Channel: #purrley-pawsitive-pussy-pals        || Content: Yall out there yet?
[11/04/2025 10:26:32.232 AM] Message  || User: m_digio             || Channel: #purrley-pawsitive-pussy-pals        || Content: Js got out of my exam
[11/04/2025 10:28:48.338 AM] Action   || Name: send_suppressed     || Trigger: ch=1341696618688286720               || Output: Gmail authorization needed. Open and approve, then reply: 'TomCat, au...
[11/04/2025 10:28:48.338 AM] Action   || Name: gmail_auth_url      || Trigger:                                      || Output: https://accounts.google.com/o/oauth2/auth?response_type=code&client_i...
[11/04/2025 10:28:48.342 AM] Action   || Name: gmail_log_scheduler || Trigger: auth                                 || Output: pending
[11/04/2025 10:34:05.493 AM] Action   || Name: send_suppressed     || Trigger: ch=1341696618688286720               || Output: Gmail authorization needed. Open and approve, then reply: 'TomCat, au...
[11/04/2025 10:34:05.493 AM] Action   || Name: gmail_auth_url      || Trigger:                                      || Output: https://accounts.google.com/o/oauth2/auth?response_type=code&client_i...
[11/04/2025 10:34:05.493 AM] Action   || Name: gmail_log_scheduler || Trigger: auth                                 || Output: pending
[11/04/2025 10:34:37.960 AM] Message  || User: m_digio             || Channel: #pictures-of-the-cats                || Content: Ive heard the voice of angels (microwave meowed)
[11/04/2025 10:34:38.947 AM] Action   || Name: image_intake        || Trigger: channel=551084964318543904           || Output: rows=3
[11/04/2025 10:35:26.632 AM] React+   || User: slayc127            || Channel: #purrley-pawsitive-pussy-pals        || emoji=❤️; msg="everything !" by nostalgicsapphic
[11/04/2025 10:35:29.660 AM] React+   || User: slayc127            || Channel: #purrley-pawsitive-pussy-pals        || emoji=🎉; msg="Body realized I could finally rest and I..." by a1darek
[11/04/2025 10:35:36.424 AM] Message  || User: slayc127            || Channel: #purrley-pawsitive-pussy-pals        || Content: same
[11/04/2025 10:35:40.848 AM] Message  || User: m_digio             || Channel: #executive-board                     || Content: @Jacob [Fundraising Officer] eta?
[11/04/2025 10:35:49.249 AM] React+   || User: _costco_wholesale_  || Channel: #pictures-of-the-cats                || emoji=❤️; msg="Ive heard the voice of angels (microwave..." by m_digio
[11/04/2025 10:36:02.903 AM] Message  || User: _rambone_           || Channel: #executive-board                     || Content: I'm on a bench reading chainsaw man
[11/04/2025 10:36:08.331 AM] Message  || User: _rambone_           || Channel: #executive-board                     || Content: My bad
[11/04/2025 10:36:11.363 AM] Message  || User: slayc127            || Channel: #executive-board                     || Content: im out
[11/04/2025 10:36:25.599 AM] Message  || User: _rambone_           || Channel: #executive-board                     || Content: I was just waiting to get the tables and chairs
[11/04/2025 10:36:30.029 AM] Message  || User: slayc127            || Channel: #executive-board                     || Content: bringing stuff deown
[11/04/2025 10:36:34.108 AM] Message  || User: slayc127            || Channel: #executive-board                     || Content: vet them neow
[11/04/2025 10:36:37.754 AM] Message  || User: adeyumii            || Channel: #pictures-of-the-cats                || Content: he's looking especially taxidermied today
[11/04/2025 10:36:53.084 AM] React+   || User: _costco_wholesale_  || Channel: #pictures-of-the-cats                || emoji=😭; msg="he's looking especially taxidermied toda..." by adeyumii
[11/04/2025 10:36:54.726 AM] React+   || User: _costco_wholesale_  || Channel: #pictures-of-the-cats                || emoji=❤️; msg="If situations were different I would've ..." by a1darek
[11/04/2025 10:37:19.749 AM] Message  || User: a1darek             || Channel: #purrley-pawsitive-pussy-pals        || Content: https://discord.com/channels/551082419768393729/629370899753205781/1...
[11/04/2025 10:37:27.149 AM] Message  || User: a1darek             || Channel: #purrley-pawsitive-pussy-pals        || Content: https://tenor.com/view/catpire-gif-18059911
[11/04/2025 10:37:27.366 AM] Edit     || User: a1darek             || Channel: #purrley-pawsitive-pussy-pals        || https://tenor.com/view/catpire-gif-18059911 -> https://tenor.com/view/catpire...
[11/04/2025 10:37:56.278 AM] Message  || User: m_digio             || Channel: #pictures-of-the-cats                || Content: He kept getting mad when i stopped petting him
[11/04/2025 10:38:06.965 AM] Message  || User: adeyumii            || Channel: #pictures-of-the-cats                || Content: awwwe
[11/04/2025 10:38:14.589 AM] Message  || User: adeyumii            || Channel: #pictures-of-the-cats                || Content: I didn't see him this morning when I dropped off the paintings
[11/04/2025 10:38:35.502 AM] Message  || User: _costco_wholesale_  || Channel: #pictures-of-the-cats                || Content: we should bring him to the bake sale and charge a dollar per pet
[11/04/2025 10:38:52.619 AM] Message  || User: adeyumii            || Channel: #pictures-of-the-cats                || Content: Honestly? You could probably lure him over there with the promise of...
[11/04/2025 10:39:21.013 AM] React+   || User: bubblebee5866       || Channel: #pictures-of-the-cats                || emoji=❤️; msg="Ive heard the voice of angels (microwave..." by m_digio
[11/04/2025 10:39:24.941 AM] Message  || User: slayc127            || Channel: #purrley-pawsitive-pussy-pals        || Content: lol
[11/04/2025 10:51:55.099 AM] Message  || User: slayc127            || Channel: #purrley-pawsitive-pussy-pals        || Content: @Derek [TNR] i am bringing ur abandoned child to the loung2
[11/04/2025 10:53:06.800 AM] Message  || User: bubblebee5866       || Channel: #itty-bitty-kitty-commitee           || Content: oh noooo R.I.P. 😔 🙏
[11/04/2025 10:53:07.528 AM] React+   || User: slayc127            || Channel: #pictures-of-the-cats                || emoji=❤️; msg="Ive heard the voice of angels (microwave..." by m_digio
[11/04/2025 10:53:20.571 AM] React+   || User: slayc127            || Channel: #pictures-of-the-cats                || emoji=😭; msg="Honestly? You could probably lure him ov..." by adeyumii
[11/04/2025 10:53:28.943 AM] Message  || User: slayc127            || Channel: #pictures-of-the-cats                || Content: not w how many ppl r out and about
[11/04/2025 10:53:32.292 AM] Message  || User: slayc127            || Channel: #pictures-of-the-cats                || Content: too scary for the wave
[11/04/2025 10:54:04.912 AM] Message  || User: adeyumii            || Channel: #pictures-of-the-cats                || Content: we should kidnap toothless for the day
[11/04/2025 10:54:08.051 AM] Message  || User: adeyumii            || Channel: #pictures-of-the-cats                || Content: toothless might like it
[11/04/2025 10:56:59.188 AM] React+   || User: _costco_wholesale_  || Channel: #pictures-of-the-cats                || emoji=❤️; msg="toothless might like it" by adeyumii
[11/04/2025 11:00:23.568 AM] React+   || User: .bettercalljack     || Channel: #pictures-of-the-cats                || emoji=❤️; msg="Ive heard the voice of angels (microwave..." by m_digio
[11/04/2025 11:02:55.912 AM] React+   || User: kitadan             || Channel: #pictures-of-the-cats                || emoji=❤️; msg="Ive heard the voice of angels (microwave..." by m_digio
[11/04/2025 11:03:11.403 AM] React+   || User: kitadan             || Channel: #pictures-of-the-cats                || emoji=😭; msg="Honestly? You could probably lure him ov..." by adeyumii
[11/04/2025 11:03:14.774 AM] Message  || User: slayc127            || Channel: #announcements                       || Content: @​everyone we are HERE outside ransom hall for the bake sale!!!!!! w...
[11/04/2025 11:03:21.617 AM] Action   || Name: send_suppressed     || Trigger: ch=1341696618688286720               || Output: Gmail authorization needed. Open and approve, then reply: 'TomCat, au...
[11/04/2025 11:03:21.617 AM] Action   || Name: gmail_auth_url      || Trigger:                                      || Output: https://accounts.google.com/o/oauth2/auth?response_type=code&client_i...
[11/04/2025 11:03:21.617 AM] Action   || Name: gmail_log_scheduler || Trigger: auth                                 || Output: pending
[11/04/2025 11:03:54.788 AM] Message  || User: slayc127            || Channel: #events                              || Content: current stock
[11/04/2025 11:04:12.174 AM] Message  || User: slayc127            || Channel: #events                              || Content: bagels arrived!
[11/04/2025 11:04:25.680 AM] Message  || User: kukieari            || Channel: #events                              || Content: would u be able to save me a crochet
[11/04/2025 11:04:28.602 AM] Message  || User: kukieari            || Channel: #events                              || Content: or naur
[11/04/2025 11:04:30.557 AM] Message  || User: slayc127            || Channel: #events                              || Content: erong pic
[11/04/2025 11:04:32.274 AM] Message  || User: slayc127            || Channel: #events                              || Content: funny as fuck
[11/04/2025 11:04:37.067 AM] Message  || User: slayc127            || Channel: #events                              || Content: (no text; attachments=1)
[11/04/2025 11:04:41.996 AM] Message  || User: slayc127            || Channel: #events                              || Content: no :( first come first serve
[11/04/2025 11:04:47.010 AM] Message  || User: kukieari            || Channel: #events                              || Content: okok!!!
[11/04/2025 11:04:51.365 AM] Message  || User: .keatn              || Channel: #events                              || Content: what all is gluten free if anything
[11/04/2025 11:05:01.553 AM] Message  || User: slayc127            || Channel: #events                              || Content: nothing this bake sale unfortunately :(
[11/04/2025 11:05:06.510 AM] Message  || User: .keatn              || Channel: #events                              || Content: womp
[11/04/2025 11:05:19.222 AM] Message  || User: kukieari            || Channel: #events                              || Content: the pretzel sticks look yummy
[11/04/2025 11:05:28.971 AM] Message  || User: kukieari            || Channel: #events                              || Content: i hope u guys sell out of everything!!!!<:f_TikTokPeach_Happy:133803...
[11/04/2025 11:05:32.652 AM] Message  || User: izzyballz           || Channel: #events                              || Content: sigh i should not have slept in
[11/04/2025 11:05:47.278 AM] React+   || User: slayc127            || Channel: #events                              || emoji=😆; msg="sigh i should not have slept in" by izzyballz
[11/04/2025 11:06:27.960 AM] Action   || Name: send_suppressed     || Trigger: ch=1341696618688286720               || Output: Gmail authorization needed. Open and approve, then reply: 'TomCat, au...
[11/04/2025 11:06:27.960 AM] Action   || Name: gmail_auth_url      || Trigger:                                      || Output: https://accounts.google.com/o/oauth2/auth?response_type=code&client_i...
[11/04/2025 11:06:27.960 AM] Action   || Name: gmail_log_scheduler || Trigger: auth                                 || Output: pending
[11/04/2025 11:06:31.869 AM] Action   || Name: send_suppressed     || Trigger: ch=1341696618688286720               || Output: Gmail authorization needed. Open and approve, then reply: 'TomCat, au...
[11/04/2025 11:06:31.869 AM] Action   || Name: gmail_auth_url      || Trigger:                                      || Output: https://accounts.google.com/o/oauth2/auth?response_type=code&client_i...
[11/04/2025 11:06:31.869 AM] Action   || Name: gmail_log_scheduler || Trigger: auth                                 || Output: pending
[11/04/2025 11:06:44.829 AM] Message  || User: _costco_wholesale_  || Channel: #events                              || Content: megan also has her crochet items and they’re going fast!
[11/04/2025 11:06:58.151 AM] React+   || User: simplyshadow171295  || Channel: #pictures-of-the-cats                || emoji=❤️; msg="Ive heard the voice of angels (microwave..." by m_digio
[11/04/2025 11:06:59.843 AM] Message  || User: .keatn              || Channel: #events                              || Content: you guys really should make them slightly more expensive
[11/04/2025 11:07:03.753 AM] React+   || User: simplyshadow171295  || Channel: #pictures-of-the-cats                || emoji=😭; msg="Honestly? You could probably lure him ov..." by adeyumii
[11/04/2025 11:07:07.610 AM] Message  || User: pancakemixteamdj    || Channel: #itty-bitty-kitty-commitee           || Content: If you know anything about me , me and the wasp in my backyard  have...
[11/04/2025 11:07:07.898 AM] Message  || User: simplyshadow171295  || Channel: #pictures-of-the-cats                || Content: we tried last time
[11/04/2025 11:07:10.383 AM] Message  || User: simplyshadow171295  || Channel: #pictures-of-the-cats                || Content: he didn’t enjoy
[11/04/2025 11:07:11.172 AM] Message  || User: .keatn              || Channel: #events                              || Content: seems like the demand is crazy high for them
[11/04/2025 11:08:37.734 AM] React+   || User: rocktail1202        || Channel: #memes                               || emoji=😂; msg="https://x.com/PunchingCat/status/1985160..." by ludavis
[11/04/2025 11:09:06.887 AM] React+   || User: pancakemixteamdj    || Channel: #pictures-of-the-cats                || emoji=❤️; msg="Ive heard the voice of angels (microwave..." by m_digio
[11/04/2025 11:10:09.288 AM] React+   || User: adeyumii            || Channel: #announcements                       || emoji=🍰; msg="@​everyone we are HERE outside ransom ha..." by slayc127
[11/04/2025 11:10:11.285 AM] React+   || User: nostalgicsapphic    || Channel: #announcements                       || emoji=🍰; msg="@​everyone we are HERE outside ransom ha..." by slayc127
[11/04/2025 11:10:19.220 AM] Message  || User: nostalgicsapphic    || Channel: #announcements                       || Content: no photo of table????
[11/04/2025 11:10:47.662 AM] React+   || User: nostalgicsapphic    || Channel: #purrley-pawsitive-pussy-pals        || emoji=😆; msg="https://tenor.com/view/catpire-gif-18059..." by a1darek
[11/04/2025 11:10:57.979 AM] React+   || User: nostalgicsapphic    || Channel: #purrley-pawsitive-pussy-pals        || emoji=😭; msg="@Derek [TNR] i am bringing ur abandoned ..." by slayc127
[11/04/2025 11:11:36.755 AM] Message  || User: slayc127            || Channel: #events                              || Content: :3 dont tempt us /silly
[11/04/2025 11:12:25.988 AM] React+   || User: _costco_wholesale_  || Channel: #events                              || emoji=😆; msg="sigh i should not have slept in" by izzyballz
[11/04/2025 11:12:40.841 AM] Message  || User: slayc127            || Channel: #announcements                       || Content: THEYRE IN #events
[11/04/2025 11:12:48.976 AM] Message  || User: kcreepertux04       || Channel: #yapper-committee                    || Content: My coke guy has informed me the lando norris monster is a LTO
[11/04/2025 11:12:52.398 AM] Message  || User: slayc127            || Channel: #announcements                       || Content: we r luring people into using our fancy new channel for our events :3
[11/04/2025 11:12:55.226 AM] React+   || User: nostalgicsapphic    || Channel: #events                              || emoji=😆; msg=1433876370416599141
[11/04/2025 11:12:56.481 AM] Message  || User: slayc127            || Channel: #announcements                       || Content: (no text; attachments=1)
[11/04/2025 11:12:58.123 AM] Message  || User: kcreepertux04       || Channel: #yapper-committee                    || Content: I am having him order me an ungodly number of cases of the stuff
[11/04/2025 11:13:06.116 AM] Message  || User: kcreepertux04       || Channel: #yapper-committee                    || Content: I am going to stockpile it like i’m a doomsday prepper
[11/04/2025 11:13:42.650 AM] React+   || User: nostalgicsapphic    || Channel: #announcements                       || emoji=😆; msg="we r luring people into using our fancy ..." by slayc127
[11/04/2025 11:14:47.422 AM] React+   || User: _costco_wholesale_  || Channel: #announcements                       || emoji=😆; msg="we r luring people into using our fancy ..." by slayc127
[11/04/2025 11:15:33.182 AM] React+   || User: simplyshadow171295  || Channel: #events                              || emoji=‼️; msg=":3 dont tempt us /silly" by slayc127
[11/04/2025 11:15:49.552 AM] Message  || User: a1darek             || Channel: #purrley-pawsitive-pussy-pals        || Content: My abandoned child???
[11/04/2025 11:15:59.734 AM] React+   || User: not_d3fault_1420    || Channel: #pictures-of-the-cats                || emoji=❤️; msg="Ive heard the voice of angels (microwave..." by m_digio
[11/04/2025 11:16:36.924 AM] Message  || User: not_d3fault_1420    || Channel: #pictures-of-the-cats                || Content: (no text; attachments=1)
[11/04/2025 11:16:37.715 AM] Action   || Name: image_intake        || Trigger: channel=551084964318543904           || Output: rows=1
[11/04/2025 11:16:56.414 AM] Message  || User: slayc127            || Channel: #purrley-pawsitive-pussy-pals        || Content: u paid for this a yeat ago for a friend megan says
[11/04/2025 11:17:01.047 AM] Message  || User: not_d3fault_1420    || Channel: #pictures-of-the-cats                || Content: (no text; attachments=1)
[11/04/2025 11:17:01.605 AM] Action   || Name: image_intake        || Trigger: channel=551084964318543904           || Output: rows=1
[11/04/2025 11:17:08.609 AM] Message  || User: racerdg             || Channel: #pictures-of-the-cats                || Content: (no text; attachments=1)
[11/04/2025 11:17:09.249 AM] Action   || Name: image_intake        || Trigger: channel=551084964318543904           || Output: rows=1
[11/04/2025 11:17:09.881 AM] Message  || User: a1darek             || Channel: #purrley-pawsitive-pussy-pals        || Content: Omg let me text her
[11/04/2025 11:17:19.971 AM] Message  || User: simplyshadow171295  || Channel: #pictures-of-the-cats                || Content: bring him over /silly
[11/04/2025 11:17:25.535 AM] Message  || User: slayc127            || Channel: #purrley-pawsitive-pussy-pals        || Content: lmfao
[11/04/2025 11:19:18.409 AM] React+   || User: .s3j                || Channel: #events                              || emoji=‼️; msg="you guys really should make them slightl..." by .keatn
[11/04/2025 11:19:41.221 AM] Message  || User: .s3j                || Channel: #events                              || Content: I thought I was tweaking LMAO my bagels look different here
[11/04/2025 11:19:46.491 AM] Message  || User: not_d3fault_1420    || Channel: #yapper-committee                    || Content: lando norris monster is ok imo
[11/04/2025 11:19:50.135 AM] React+   || User: .s3j                || Channel: #events                              || emoji=❤️; msg=1435313802580201544
[11/04/2025 11:19:57.833 AM] React+   || User: not_d3fault_1420    || Channel: #yapper-committee                    || emoji=😭; msg="I am going to stockpile it like i’m a do..." by kcreepertux04
[11/04/2025 11:20:24.890 AM] Message  || User: adeyumii            || Channel: #events                              || Content: I forgot to print out my stickers <:macrowave:857753712591634442>
[11/04/2025 11:20:27.463 AM] Message  || User: kcreepertux04       || Channel: #yapper-committee                    || Content: I am an addict to it
[11/04/2025 11:20:30.655 AM] Message  || User: adeyumii            || Channel: #events                              || Content: January trust
[11/04/2025 11:20:35.797 AM] React+   || User: reyesthighs         || Channel: #announcements                       || emoji=😆; msg="we r luring people into using our fancy ..." by slayc127
[11/04/2025 11:21:22.632 AM] Message  || User: racerdg             || Channel: #pictures-of-the-cats                || Content: whos taking pictures of wave with a professional camera
[11/04/2025 11:21:29.363 AM] Message  || User: racerdg             || Channel: #pictures-of-the-cats                || Content: i see you
[11/04/2025 11:21:33.755 AM] Message  || User: adeyumii            || Channel: #pictures-of-the-cats                || Content: its not me for once
[11/04/2025 11:22:14.503 AM] Message  || User: racerdg             || Channel: #pictures-of-the-cats                || Content: they better post them here smh
[11/04/2025 11:23:37.414 AM] React+   || User: simplyshadow171295  || Channel: #events                              || emoji=😭; msg="I forgot to print out my stickers <:macr..." by adeyumii
[11/04/2025 11:23:52.214 AM] Message  || User: racerdg             || Channel: #itty-bitty-kitty-commitee           || Content: never heard a wasp be described as friendly
[11/04/2025 11:26:29.335 AM] React+   || User: slayc127            || Channel: #events                              || emoji=😭; msg="I forgot to print out my stickers <:macr..." by adeyumii
[11/04/2025 11:26:48.083 AM] Message  || User: slayc127            || Channel: #events                              || Content: yeah my phone was tweaking 😭😭😭 bagels r fire btw
[11/04/2025 11:26:53.033 AM] Message  || User: austinbaustinb      || Channel: #executive-board                     || Content: Bake sales are so good
[11/04/2025 11:27:02.110 AM] Message  || User: austinbaustinb      || Channel: #executive-board                     || Content: We make BANK and it’s like very little expenses
[11/04/2025 11:27:54.739 AM] Message  || User: m_digio             || Channel: #events                              || Content: Bagel
[11/04/2025 11:28:35.835 AM] React+   || User: .bettercalljack     || Channel: #events                              || emoji=‼️; msg=":3 dont tempt us /silly" by slayc127
[11/04/2025 11:28:54.449 AM] Message  || User: slayc127            || Channel: #executive-board                     || Content: yassssss
[11/04/2025 11:29:42.570 AM] Message  || User: racerdg             || Channel: #pictures-of-the-cats                || Content: (no text; attachments=1)
[11/04/2025 11:29:43.154 AM] Action   || Name: image_intake        || Trigger: channel=551084964318543904           || Output: rows=1
[11/04/2025 11:29:44.888 AM] Message  || User: .s3j                || Channel: #pictures-of-the-cats                || Content: Poor guy already got kidnapped to go to the vet let him be 😢
[11/04/2025 11:30:07.011 AM] Action   || Name: send_suppressed     || Trigger: ch=1341696618688286720               || Output: Gmail authorization needed. Open and approve, then reply: 'TomCat, au...
[11/04/2025 11:30:07.027 AM] Action   || Name: gmail_auth_url      || Trigger:                                      || Output: https://accounts.google.com/o/oauth2/auth?response_type=code&client_i...
[11/04/2025 11:30:07.027 AM] Action   || Name: gmail_log_scheduler || Trigger: auth                                 || Output: pending
[11/04/2025 11:30:21.569 AM] React+   || User: .s3j                || Channel: #events                              || emoji=❤️; msg="yeah my phone was tweaking 😭😭😭 bagels r ..." by slayc127
[11/04/2025 11:30:24.228 AM] React+   || User: .s3j                || Channel: #events                              || emoji=❤️; msg="Bagel" by m_digio
[11/04/2025 11:30:47.107 AM] Message  || User: .s3j                || Channel: #events                              || Content: Yayyy I hope yall like them I wish I could've kept them warm but my ...
[11/04/2025 11:31:47.874 AM] React+   || User: _costco_wholesale_  || Channel: #events                              || emoji=❤️; msg="Bagel" by m_digio
[11/04/2025 11:32:30.780 AM] Message  || User: slayc127            || Channel: #events                              || Content: iz sooooo pkay seja
[11/04/2025 11:32:38.073 AM] React+   || User: slayc127            || Channel: #pictures-of-the-cats                || emoji=😭; msg=1435320117285355642
[11/04/2025 11:32:40.811 AM] React+   || User: slayc127            || Channel: #pictures-of-the-cats                || emoji=😭; msg="Poor guy already got kidnapped to go to ..." by .s3j
[11/04/2025 11:34:47.404 AM] Message  || User: bubblebee5866       || Channel: #itty-bitty-kitty-commitee           || Content: Well they ain't aggressive, never bothered me before, and they're of...
[11/04/2025 11:35:08.317 AM] Message  || User: pancakemixteamdj    || Channel: #itty-bitty-kitty-commitee           || Content: You seen those videos , where they nearly freeze them and while they...
[11/04/2025 11:35:26.957 AM] Message  || User: pancakemixteamdj    || Channel: #itty-bitty-kitty-commitee           || Content: Well me and you have had very much different experiences
[11/04/2025 11:37:35.431 AM] Message  || User: yaeji               || Channel: #itty-bitty-kitty-commitee           || Content: ive always seen wasps as indiscriminate harm machines
[11/04/2025 11:37:49.062 AM] Message  || User: yaeji               || Channel: #itty-bitty-kitty-commitee           || Content: you breathe the wrong direction and they press you
[11/04/2025 11:37:49.379 AM] Message  || User: bubblebee5866       || Channel: #itty-bitty-kitty-commitee           || Content: You are not in good graces with the wasps. Repent. Maybe they will f...
[11/04/2025 11:38:10.062 AM] Message  || User: yaeji               || Channel: #itty-bitty-kitty-commitee           || Content: the amount of lumps they've given me
[11/04/2025 11:38:26.302 AM] Message  || User: yaeji               || Channel: #itty-bitty-kitty-commitee           || Content: i'm cool with bees but i draw the line at wasps
[11/04/2025 11:38:28.294 AM] React+   || User: simplyshadow171295  || Channel: #pictures-of-the-cats                || emoji=😭; msg=1435320117285355642
[11/04/2025 11:38:52.879 AM] Message  || User: pancakemixteamdj    || Channel: #itty-bitty-kitty-commitee           || Content: ^^
[11/04/2025 11:39:06.943 AM] Message  || User: pancakemixteamdj    || Channel: #itty-bitty-kitty-commitee           || Content: When I find a nest , it turns into ww1
[11/04/2025 11:39:30.942 AM] Message  || User: slayc127            || Channel: #itty-bitty-kitty-commitee           || Content: why is there generational beef w wasps
[11/04/2025 11:39:34.604 AM] Message  || User: slayc127            || Channel: #itty-bitty-kitty-commitee           || Content: ive never been stung by one
[11/04/2025 11:39:44.832 AM] Message  || User: bubblebee5866       || Channel: #itty-bitty-kitty-commitee           || Content: Oh I love bees, especially the bumble variety
[11/04/2025 11:40:01.565 AM] Message  || User: yaeji               || Channel: #itty-bitty-kitty-commitee           || Content: i'm a fan of pressure washing with soapy water akin the the stuff i ...
[11/04/2025 11:40:25.789 AM] Message  || User: yaeji               || Channel: #itty-bitty-kitty-commitee           || Content: have you seen them when they sleep in flowers
[11/04/2025 11:40:28.536 AM] Message  || User: yaeji               || Channel: #itty-bitty-kitty-commitee           || Content: they're so cute
[11/04/2025 11:40:30.105 AM] Message  || User: pancakemixteamdj    || Channel: #itty-bitty-kitty-commitee           || Content: I have a back shed
[11/04/2025 11:40:41.287 AM] Message  || User: pancakemixteamdj    || Channel: #itty-bitty-kitty-commitee           || Content: The wasp love  to nest back there
[11/04/2025 11:40:45.517 AM] React+   || User: kitadan             || Channel: #pictures-of-the-cats                || emoji=😭; msg=1435320117285355642
[11/04/2025 11:40:53.180 AM] Message  || User: yaeji               || Channel: #itty-bitty-kitty-commitee           || Content: they singlehandedly turned me to an introvert
[11/04/2025 11:40:59.982 AM] Message  || User: bubblebee5866       || Channel: #itty-bitty-kitty-commitee           || Content: Yesssss they're so cute
[11/04/2025 11:41:09.342 AM] Message  || User: pancakemixteamdj    || Channel: #itty-bitty-kitty-commitee           || Content: And I’m the only one who back there so , it on the spot when I see them
[11/04/2025 11:41:20.287 AM] Message  || User: bubblebee5866       || Channel: #itty-bitty-kitty-commitee           || Content: Maybe the wasps smell your fear?
[11/04/2025 11:41:36.633 AM] React+   || User: kitadan             || Channel: #events                              || emoji=❤️; msg="Bagel" by m_digio
[11/04/2025 11:41:55.280 AM] Message  || User: bubblebee5866       || Channel: #itty-bitty-kitty-commitee           || Content: Don't like your aura
[11/04/2025 11:41:59.946 AM] React+   || User: kitadan             || Channel: #yapper-committee                    || emoji=😭; msg="I am going to stockpile it like i’m a do..." by kcreepertux04
[11/04/2025 11:42:19.108 AM] Message  || User: bubblebee5866       || Channel: #itty-bitty-kitty-commitee           || Content: Wasp vibe check
[11/04/2025 11:42:38.368 AM] Message  || User: bubblebee5866       || Channel: #itty-bitty-kitty-commitee           || Content: I have beef with praying mantis'
[11/04/2025 11:43:02.534 AM] Message  || User: yaeji               || Channel: #itty-bitty-kitty-commitee           || Content: how about crane flies
[11/04/2025 11:43:24.204 AM] Message  || User: bubblebee5866       || Channel: #itty-bitty-kitty-commitee           || Content: They're sick as hell
[11/04/2025 11:43:31.579 AM] Message  || User: bubblebee5866       || Channel: #itty-bitty-kitty-commitee           || Content: Cool lil dudes
[11/04/2025 11:43:52.907 AM] React+   || User: gupguppy            || Channel: #announcements                       || emoji=😆; msg="we r luring people into using our fancy ..." by slayc127
[11/04/2025 11:43:55.299 AM] Message  || User: spitonme            || Channel: #itty-bitty-kitty-commitee           || Content: pleasebee
[11/04/2025 11:43:55.585 AM] Message  || User: bubblebee5866       || Channel: #itty-bitty-kitty-commitee           || Content: Don't know how to fly and yet they keep trying. Respect.
[11/04/2025 11:43:56.834 AM] React+   || User: .s3j                || Channel: #itty-bitty-kitty-commitee           || emoji=❤️; msg="You are not in good graces with the wasp..." by bubblebee5866
[11/04/2025 11:44:11.161 AM] Message  || User: ludavis             || Channel: #bot-spam                            || Content: Wdym wenus isnt a word <a:noooo:801986114079424562>
[11/04/2025 11:44:28.860 AM] Message  || User: pancakemixteamdj    || Channel: #itty-bitty-kitty-commitee           || Content: I smell theirs
[11/04/2025 11:44:38.029 AM] Message  || User: pancakemixteamdj    || Channel: #itty-bitty-kitty-commitee           || Content: Plus a have a small dog who to damn curious for her own good
[11/04/2025 11:44:57.850 AM] Message  || User: pancakemixteamdj    || Channel: #itty-bitty-kitty-commitee           || Content: If she sees one , she will attempt to eat it
[11/04/2025 11:45:01.962 AM] Message  || User: yaeji               || Channel: #itty-bitty-kitty-commitee           || Content: i would be totally cool with them if they didn't fly inside
[11/04/2025 11:45:24.822 AM] Message  || User: yaeji               || Channel: #itty-bitty-kitty-commitee           || Content: all they live to do is replicate and theyn die
[11/04/2025 11:45:29.813 AM] Edit     || User: yaeji               || Channel: #itty-bitty-kitty-commitee           || all they live to do is replicate and theyn die -> all they live to do is repl...
[11/04/2025 11:45:44.126 AM] Message  || User: bubblebee5866       || Channel: #itty-bitty-kitty-commitee           || Content: Oh I feel that with my cat. Luckily he's smart enough to learn after...
[11/04/2025 11:47:31.828 AM] Message  || User: austinbaustinb      || Channel: #itty-bitty-kitty-commitee           || Content: You can say that about any living thing really
[11/04/2025 11:47:51.354 AM] Message  || User: yaeji               || Channel: #itty-bitty-kitty-commitee           || Content: they do no harm though
[11/04/2025 11:49:03.462 AM] React+   || User: austinbaustinb      || Channel: #events                              || emoji=❤️; msg=1435313802580201544
[11/04/2025 11:50:18.970 AM] Message  || User: bubblebee5866       || Channel: #itty-bitty-kitty-commitee           || Content: The baby and his poor forehead after being stung by a bee or wasp he...
[11/04/2025 11:50:38.221 AM] Message  || User: le_nuit_sans_fin    || Channel: #itty-bitty-kitty-commitee           || Content: Wasps are territorial so if you put up a fake wasps nest, chances ar...
[11/04/2025 11:50:54.090 AM] Message  || User: le_nuit_sans_fin    || Channel: #itty-bitty-kitty-commitee           || Content: Anyways another wasp was seen in my apartment after I left this morning
[11/04/2025 11:51:12.215 AM] Message  || User: pancakemixteamdj    || Channel: #itty-bitty-kitty-commitee           || Content: Hold on
[11/04/2025 11:51:17.120 AM] Message  || User: slayc127            || Channel: #itty-bitty-kitty-commitee           || Content: bro u have to have a nesy somewhere
[11/04/2025 11:51:17.415 AM] Message  || User: pancakemixteamdj    || Channel: #itty-bitty-kitty-commitee           || Content: Might have to  do this
[11/04/2025 11:51:26.894 AM] Message  || User: le_nuit_sans_fin    || Channel: #itty-bitty-kitty-commitee           || Content: I knowwwwwwwww
[11/04/2025 11:51:33.312 AM] Message  || User: pancakemixteamdj    || Channel: #itty-bitty-kitty-commitee           || Content: I did leave a old nest as a warning
[11/04/2025 11:51:34.354 AM] Message  || User: le_nuit_sans_fin    || Channel: #itty-bitty-kitty-commitee           || Content: I’m pretty sure it’s in the bathroom
[11/04/2025 11:51:34.776 AM] Message  || User: pancakemixteamdj    || Channel: #itty-bitty-kitty-commitee           || Content: Once
[11/04/2025 11:51:46.762 AM] Message  || User: le_nuit_sans_fin    || Channel: #itty-bitty-kitty-commitee           || Content: There was two in the fan this morning
[11/04/2025 11:52:07.789 AM] Message  || User: le_nuit_sans_fin    || Channel: #itty-bitty-kitty-commitee           || Content: I can’t keep dealing with this shit bro
[11/04/2025 11:52:11.050 AM] Message  || User: le_nuit_sans_fin    || Channel: #itty-bitty-kitty-commitee           || Content: 😭🤚
[11/04/2025 11:52:16.891 AM] Action   || Name: send_suppressed     || Trigger: ch=1341696618688286720               || Output: Gmail authorization needed. Open and approve, then reply: 'TomCat, au...
[11/04/2025 11:52:16.891 AM] Action   || Name: gmail_auth_url      || Trigger:                                      || Output: https://accounts.google.com/o/oauth2/auth?response_type=code&client_i...
[11/04/2025 11:52:16.891 AM] Action   || Name: gmail_log_scheduler || Trigger: auth                                 || Output: pending
[11/04/2025 11:52:28.732 AM] Message  || User: pancakemixteamdj    || Channel: #itty-bitty-kitty-commitee           || Content: Gas them
[11/04/2025 11:52:37.535 AM] Message  || User: le_nuit_sans_fin    || Channel: #itty-bitty-kitty-commitee           || Content: I would but my roommate had a dog
[11/04/2025 11:52:43.151 AM] Message  || User: le_nuit_sans_fin    || Channel: #itty-bitty-kitty-commitee           || Content: And can’t harm the puppy
[11/04/2025 11:52:50.211 AM] Message  || User: le_nuit_sans_fin    || Channel: #itty-bitty-kitty-commitee           || Content: I cant**
[11/04/2025 11:52:58.910 AM] Message  || User: pancakemixteamdj    || Channel: #itty-bitty-kitty-commitee           || Content: High powered vacuum , your only chance
[11/04/2025 11:53:07.475 AM] Message  || User: le_nuit_sans_fin    || Channel: #itty-bitty-kitty-commitee           || Content: fr
[11/04/2025 11:55:04.048 AM] Message  || User: racerdg             || Channel: #bot-spam                            || Content: wenis is
[11/04/2025 11:58:41.639 AM] Message  || User: slayc127            || Channel: #purrley-pawsitive-pussy-pals        || Content: the translation for this short story is kind of ass
[11/04/2025 11:58:50.993 AM] React+   || User: the_frog.sorcerer   || Channel: #events                              || emoji=❤️; msg=1435313802580201544
[11/04/2025 11:59:38.480 AM] Message  || User: slayc127            || Channel: #purrley-pawsitive-pussy-pals        || Content: "ever since robots had to come to a slightly better understanding of...
[11/04/2025 12:01:10.941 PM] Action   || Name: send_suppressed     || Trigger: ch=1341696618688286720               || Output: Gmail authorization needed. Open and approve, then reply: 'TomCat, au...
[11/04/2025 12:01:10.941 PM] Action   || Name: gmail_auth_url      || Trigger:                                      || Output: https://accounts.google.com/o/oauth2/auth?response_type=code&client_i...
[11/04/2025 12:01:10.957 PM] Action   || Name: gmail_log_scheduler || Trigger: auth                                 || Output: pending
[11/04/2025 12:03:00.624 PM] Join     || User: noyukio (7397137... || Guild: Campus Cat Coalition                   || age_days=1919; invite=pSCV2WZ8P
[11/04/2025 12:06:07.522 PM] React+   || User: moineau_l.oiseau    || Channel: #logging                             || emoji=‼️; msg="How did you make it to November without ..." by austinbaustinb
[11/04/2025 12:06:17.054 PM] React+   || User: moineau_l.oiseau    || Channel: #logging                             || emoji=😭; msg="I dropped like half my classes and have ..." by austinbaustinb
[11/04/2025 12:06:37.934 PM] Message  || User: moineau_l.oiseau    || Channel: #logging                             || Content: Omg that's one of my besties <:happycat:834819172546510868>
[11/04/2025 12:07:59.818 PM] React+   || User: moineau_l.oiseau    || Channel: #announcements                       || emoji=😆; msg="we r luring people into using our fancy ..." by slayc127
[11/04/2025 12:08:45.166 PM] React+   || User: moineau_l.oiseau    || Channel: #itty-bitty-kitty-commitee           || emoji=😭; msg="The baby and his poor forehead after bei..." by bubblebee5866
[11/04/2025 12:09:03.234 PM] React+   || User: moineau_l.oiseau    || Channel: #itty-bitty-kitty-commitee           || emoji=<:sobbing:828777375876907038>; msg="Anyways another wasp was seen in my...
[11/04/2025 12:09:49.913 PM] React+   || User: yaeji               || Channel: #itty-bitty-kitty-commitee           || emoji=😭; msg="The baby and his poor forehead after bei..." by bubblebee5866
[11/04/2025 12:09:57.200 PM] React+   || User: moineau_l.oiseau    || Channel: #memes                               || emoji=<:sad_cat:828777514335600641>; msg="https://x.com/PunchingCat/status/19...
[11/04/2025 12:10:19.791 PM] Message  || User: kukieari            || Channel: #yapper-committee                    || Content: i hate that the timber brook stop is STILL under construction
[11/04/2025 12:10:24.517 PM] Message  || User: kukieari            || Channel: #yapper-committee                    || Content: i swear i havent seen them do anything
[11/04/2025 12:10:39.406 PM] React+   || User: moineau_l.oiseau    || Channel: #events                              || emoji=❤️; msg=1435313802580201544
[11/04/2025 12:10:53.848 PM] React+   || User: moineau_l.oiseau    || Channel: #events                              || emoji=‼️; msg="i hope u guys sell out of everything!!!!..." by kukieari
[11/04/2025 12:10:54.782 PM] React+   || User: moineau_l.oiseau    || Channel: #events                              || emoji=✨; msg="i hope u guys sell out of everything!!!!..." by kukieari
[11/04/2025 12:13:19.784 PM] React+   || User: a1darek             || Channel: #logging                             || emoji=🎉; msg="Omg that's one of my besties <:happycat:..." by moineau_l.oiseau
[11/04/2025 12:13:54.465 PM] Message  || User: a1darek             || Channel: #purrley-pawsitive-pussy-pals        || Content: Me trying to hit the word limit
[11/04/2025 12:15:07.741 PM] React+   || User: bixzu               || Channel: #events                              || emoji=😆; msg="sigh i should not have slept in" by izzyballz
[11/04/2025 12:15:21.739 PM] React+   || User: bixzu               || Channel: #events                              || emoji=❤️; msg="Bagel" by m_digio
[11/04/2025 12:18:45.497 PM] React+   || User: slayc127            || Channel: #purrley-pawsitive-pussy-pals        || emoji=😆; msg="Me trying to hit the word limit" by a1darek
[11/04/2025 12:32:03.457 PM] Message  || User: not_d3fault_1420    || Channel: #pictures-of-the-cats                || Content: ya caught me lol
[11/04/2025 12:32:13.202 PM] Message  || User: not_d3fault_1420    || Channel: #pictures-of-the-cats                || Content: I will
[11/04/2025 12:35:19.552 PM] React+   || User: not_d3fault_1420    || Channel: #memes                               || emoji=😂; msg="https://x.com/PunchingCat/status/1985160..." by ludavis
[11/04/2025 12:38:35.215 PM] Message  || User: izzyballz           || Channel: #feeding-team                        || Content: @active feeders i skipped class today can anyone feed maintenance 💔
[11/04/2025 12:38:36.272 PM] Intent   || sub_request               ||                                               || station=Maintenance; dates=['2025-11-04']
[11/04/2025 12:38:36.333 PM] Action   || Name: sub_request         || Trigger: station=Maintenance; dates=2025-1... || Output: status=logged; trigger=can anyone; text=<@&933465874860494989> i skip...
[11/04/2025 12:38:45.086 PM] Message  || User: izzyballz           || Channel: #feeding-team                        || Content: everyone throw tomatoes at me
[11/04/2025 12:38:59.009 PM] React+   || User: _costco_wholesale_  || Channel: #feeding-team                        || emoji=🍅; msg="everyone throw tomatoes at me" by izzyballz
[11/04/2025 12:39:01.153 PM] React+   || User: not_d3fault_1420    || Channel: #feeding-team                        || emoji=🍅; msg="everyone throw tomatoes at me" by izzyballz
[11/04/2025 12:39:02.278 PM] React+   || User: simplyshadow171295  || Channel: #feeding-team                        || emoji=🍅; msg="everyone throw tomatoes at me" by izzyballz
[11/04/2025 12:39:04.566 PM] React+   || User: bubblebee5866       || Channel: #feeding-team                        || emoji=🍅; msg="everyone throw tomatoes at me" by izzyballz
[11/04/2025 12:39:05.542 PM] React+   || User: racerdg             || Channel: #feeding-team                        || emoji=🍅; msg="everyone throw tomatoes at me" by izzyballz
[11/04/2025 12:39:13.337 PM] React+   || User: spitonme            || Channel: #feeding-team                        || emoji=🐙; msg="everyone throw tomatoes at me" by izzyballz
[11/04/2025 12:39:15.151 PM] React+   || User: spitonme            || Channel: #feeding-team                        || emoji=🍅; msg="everyone throw tomatoes at me" by izzyballz
[11/04/2025 12:39:18.814 PM] React+   || User: simplyshadow171295  || Channel: #feeding-team                        || emoji=<:SHAME:1418029043399266355>; msg="everyone throw tomatoes at me" by iz...
[11/04/2025 12:39:21.309 PM] React+   || User: spitonme            || Channel: #feeding-team                        || emoji=<:SHAME:1418029043399266355>; msg="everyone throw tomatoes at me" by iz...
[11/04/2025 12:39:24.534 PM] React+   || User: _costco_wholesale_  || Channel: #feeding-team                        || emoji=<:SHAME:1418029043399266355>; msg="everyone throw tomatoes at me" by iz...
[11/04/2025 12:39:29.279 PM] React+   || User: bubblebee5866       || Channel: #feeding-team                        || emoji=<:SHAME:1418029043399266355>; msg="everyone throw tomatoes at me" by iz...
[11/04/2025 12:39:49.820 PM] React+   || User: abstractly_         || Channel: #feeding-team                        || emoji=🍅; msg="everyone throw tomatoes at me" by izzyballz
[11/04/2025 12:40:04.943 PM] Message  || User: bubblebee5866       || Channel: #feeding-team                        || Content: yeah, i can do it, just gotta figure out where that station iiiiissss~
[11/04/2025 12:40:04.943 PM] Intent   || sub_accept                ||                                              
[11/04/2025 12:40:04.974 PM] Action   || Name: sub_accept          || Trigger: user=609945813128445974; sub_id=s... || Output: status=ok; text=yeah, i can do it, just gotta figure out where that s...
[11/04/2025 12:40:17.279 PM] Action   || Name: send_suppressed     || Trigger: ch=1341696618688286720               || Output: Gmail authorization needed. Open and approve, then reply: 'TomCat, au...
[11/04/2025 12:40:17.279 PM] Action   || Name: gmail_auth_url      || Trigger:                                      || Output: https://accounts.google.com/o/oauth2/auth?response_type=code&client_i...
[11/04/2025 12:40:17.279 PM] Action   || Name: gmail_log_scheduler || Trigger: auth                                 || Output: pending
[11/04/2025 12:40:23.331 PM] Message  || User: simplyshadow171295  || Channel: #feeding-team                        || Content: check pins :3
[11/04/2025 12:40:26.807 PM] Action   || Name: send_suppressed     || Trigger: ch=1341696618688286720               || Output: Gmail authorization needed. Open and approve, then reply: 'TomCat, au...
[11/04/2025 12:40:26.807 PM] Action   || Name: gmail_auth_url      || Trigger:                                      || Output: https://accounts.google.com/o/oauth2/auth?response_type=code&client_i...
[11/04/2025 12:40:26.807 PM] Action   || Name: gmail_log_scheduler || Trigger: auth                                 || Output: pending
[11/04/2025 12:40:34.954 PM] React+   || User: _costco_wholesale_  || Channel: #feeding-team                        || emoji=❤️; msg="check pins :3" by simplyshadow171295
[11/04/2025 12:40:35.800 PM] Message  || User: izzyballz           || Channel: #feeding-team                        || Content: directions !
[11/04/2025 12:42:23.922 PM] React+   || User: izzyballz           || Channel: #feeding-team                        || emoji=🩷; msg="yeah, i can do it, just gotta figure out..." by bubblebee5866
[11/04/2025 12:43:47.587 PM] Message  || User: le_nuit_sans_fin    || Channel: #itty-bitty-kitty-commitee           || Content: Yippie the exterminator is here
[11/04/2025 12:45:20.785 PM] Action   || Name: send_suppressed     || Trigger: ch=1341696618688286720               || Output: Gmail authorization needed. Open and approve, then reply: 'TomCat, au...
[11/04/2025 12:45:20.785 PM] Action   || Name: gmail_auth_url      || Trigger:                                      || Output: https://accounts.google.com/o/oauth2/auth?response_type=code&client_i...
[11/04/2025 12:45:20.785 PM] Action   || Name: gmail_log_scheduler || Trigger: auth                                 || Output: pending
[11/04/2025 12:46:43.830 PM] Message  || User: lazziegh            || Channel: #external-adoption-ads               || Content: What's his name?
[11/04/2025 12:47:03.133 PM] Message  || User: bubblebee5866       || Channel: #feeding-team                        || Content: Hey yall, not to publicly shame, but remember to lock the lock with ...
[11/04/2025 12:47:27.373 PM] React+   || User: .s3j                || Channel: #feeding-team                        || emoji=🍅; msg="everyone throw tomatoes at me" by izzyballz
[11/04/2025 12:47:49.881 PM] Message  || User: .s3j                || Channel: #external-adoption-ads               || Content: Pikachu :)
[11/04/2025 12:48:03.565 PM] Message  || User: lazziegh            || Channel: #external-adoption-ads               || Content: <:cutesmolcri:1133941125145698459>
[11/04/2025 12:48:29.269 PM] Message  || User: lazziegh            || Channel: #external-adoption-ads               || Content: Is he up to date on his shots?
[11/04/2025 12:49:07.444 PM] Message  || User: bubblebee5866       || Channel: #feeding-team                        || Content: Also, if anyone knows where the food scooper is, let me know~~
[11/04/2025 12:49:56.303 PM] Edit     || User: not_d3fault_1420    || Channel: #pictures-of-the-cats                || ya caught me lol -> me lol
[11/04/2025 12:51:00.631 PM] React+   || User: frostfire312        || Channel: #feeding-team                        || emoji=🍅; msg="everyone throw tomatoes at me" by izzyballz
[11/04/2025 12:52:19.133 PM] React+   || User: slayc127            || Channel: #feeding-team                        || emoji=🍅; msg="everyone throw tomatoes at me" by izzyballz
[11/04/2025 12:52:20.362 PM] React+   || User: slayc127            || Channel: #feeding-team                        || emoji=<:SHAME:1418029043399266355>; msg="everyone throw tomatoes at me" by iz...
[11/04/2025 12:52:30.514 PM] React+   || User: slayc127            || Channel: #feeding-team                        || emoji=‼️; msg="Hey yall, not to publicly shame, but rem..." by bubblebee5866
[11/04/2025 12:53:38.962 PM] React+   || User: cici4f3             || Channel: #feeding-team                        || emoji=🍅; msg="everyone throw tomatoes at me" by izzyballz
[11/04/2025 12:55:33.704 PM] React+   || User: _costco_wholesale_  || Channel: #feeding-team                        || emoji=‼️; msg="Hey yall, not to publicly shame, but rem..." by bubblebee5866
[11/04/2025 12:55:33.968 PM] React+   || User: nostalgicsapphic    || Channel: #purrley-pawsitive-pussy-pals        || emoji=😭; msg=""ever since robots had to come to a slig..." by slayc127
[11/04/2025 12:55:38.146 PM] React+   || User: nostalgicsapphic    || Channel: #purrley-pawsitive-pussy-pals        || emoji=‼️; msg="Me trying to hit the word limit" by a1darek
[11/04/2025 12:55:42.632 PM] Message  || User: _costco_wholesale_  || Channel: #feeding-team                        || Content: should be in the yellow
[11/04/2025 12:55:42.898 PM] Message  || User: kukieari            || Channel: #events                              || Content: @Megan [Feeding Head & PR] tysm for making such cute crochets :)
[11/04/2025 12:55:47.892 PM] Edit     || User: _costco_wholesale_  || Channel: #feeding-team                        || should be in the yellow -> should be in the yellow bin
[11/04/2025 12:55:50.493 PM] Message  || User: kukieari            || Channel: #events                              || Content: hes my friend named bob jr
[11/04/2025 12:56:28.236 PM] Message  || User: rice.muncher        || Channel: #itty-bitty-kitty-commitee           || Content: Wasps are also allergic to fire
[11/04/2025 12:58:07.990 PM] Message  || User: bubblebee5866       || Channel: #feeding-team                        || Content: Microwave is being tormented out heeeere 😭
[11/04/2025 12:58:07.990 PM] Action   || Name: feed_pending_set    || Trigger: ch=643586809166561310; user=60994... || Output: stations=Microwave; text=Microwave is being tormented out heeeere 😭
[11/04/2025 12:58:21.479 PM] Message  || User: bubblebee5866       || Channel: #feeding-team                        || Content: He's old he ain't ment to run no mooore
[11/04/2025 12:58:21.487 PM] Action   || Name: feed_pending_set    || Trigger: ch=643586809166561310; user=60994... || Output: stations=Microwave; text=He's old he ain't ment to run no mooore
[11/04/2025 12:59:14.568 PM] React+   || User: m_digio             || Channel: #events                              || emoji=❤️; msg="@Megan [Feeding Head & PR] tysm for maki..." by kukieari
[11/04/2025 12:59:49.334 PM] Message  || User: m_digio             || Channel: #external-promotions                 || Content: (no text; attachments=1)
[11/04/2025 01:00:06.894 PM] React+   || User: adeyumii            || Channel: #feeding-team                        || emoji=🍅; msg="everyone throw tomatoes at me" by izzyballz
[11/04/2025 01:01:25.382 PM] Message  || User: bubblebee5866       || Channel: #feeding-team                        || Content: Oops wrong chat sry
[11/04/2025 01:02:45.575 PM] Message  || User: not_d3fault_1420    || Channel: #itty-bitty-kitty-commitee           || Content: true
[11/04/2025 01:10:35.243 PM] Message  || User: .s3j                || Channel: #external-adoption-ads               || Content: Yes he is!
[11/04/2025 01:10:42.612 PM] Message  || User: not_d3fault_1420    || Channel: #pictures-of-the-cats                || Content: (no text; attachments=4)
[11/04/2025 01:10:43.378 PM] Action   || Name: image_intake        || Trigger: channel=551084964318543904           || Output: rows=4
[11/04/2025 01:10:49.647 PM] Message  || User: lazziegh            || Channel: #external-adoption-ads               || Content: <:happycat:834819172546510868>
[11/04/2025 01:10:52.179 PM] React+   || User: kitadan             || Channel: #feeding-team                        || emoji=🍅; msg="everyone throw tomatoes at me" by izzyballz
[11/04/2025 01:10:54.710 PM] Message  || User: lazziegh            || Channel: #external-adoption-ads               || Content: i love the child
[11/04/2025 01:11:06.379 PM] React+   || User: kitadan             || Channel: #feeding-team                        || emoji=‼️; msg="Hey yall, not to publicly shame, but rem..." by bubblebee5866
[11/04/2025 01:11:18.324 PM] Message  || User: lazziegh            || Channel: #external-adoption-ads               || Content: do you have more photos
[11/04/2025 01:11:49.370 PM] React+   || User: kitadan             || Channel: #events                              || emoji=❤️; msg="@Megan [Feeding Head & PR] tysm for maki..." by kukieari
[11/04/2025 01:16:54.462 PM] Message  || User: lazziegh            || Channel: #external-adoption-ads               || Content: is there a way I could meet him?
[11/04/2025 01:17:17.045 PM] Join     || User: skycat21 (539995... || Guild: Campus Cat Coalition                   || age_days=2470; invite=pSCV2WZ8P
[11/04/2025 01:17:47.254 PM] Message  || User: .s3j                || Channel: #external-adoption-ads               || Content: Yass dming you
[11/04/2025 01:17:51.302 PM] Message  || User: lazziegh            || Channel: #external-adoption-ads               || Content: :D
[11/04/2025 01:21:34.232 PM] Message  || User: kitadan             || Channel: #external-promotions                 || Content: Reminder to go vote today if you haven't already.
[11/04/2025 01:21:47.641 PM] React+   || User: orphean_            || Channel: #feeding-team                        || emoji=🍅; msg="everyone throw tomatoes at me" by izzyballz
[11/04/2025 01:23:23.750 PM] Roles    || User: skycat21            || Guild: Campus Cat Coalition                   || added=['she/her']; removed=[]
[11/04/2025 01:23:23.894 PM] React+   || User: skycat21            || Channel: #get-roles                           || emoji=❤️; msg="**Role Menu: Pronouns**
Please select yo..." by Carl-bot
[11/04/2025 01:23:46.645 PM] Roles    || User: skycat21            || Guild: Campus Cat Coalition                   || added=['community member']; removed=[]
[11/04/2025 01:23:46.677 PM] React+   || User: skycat21            || Channel: #get-roles                           || emoji=👜; msg="**Role Menu: Member Type**
Please select..." by Carl-bot
[11/04/2025 01:24:08.109 PM] React+   || User: skycat21            || Channel: #get-roles                           || emoji=🌊; msg="**Role Menu: Color**
Please select the c..." by Carl-bot
[11/04/2025 01:24:08.124 PM] Roles    || User: skycat21            || Guild: Campus Cat Coalition                   || added=['seafoam [color]']; removed=[]
[11/04/2025 01:24:41.066 PM] React+   || User: simplyshadow171295  || Channel: #feeding-team                        || emoji=‼️; msg="Hey yall, not to publicly shame, but rem..." by bubblebee5866
[11/04/2025 01:24:48.326 PM] React+   || User: skycat21            || Channel: #get-roles                           || emoji=🕹; msg="**Role Menu: Gaming Chat**
Please select..." by Carl-bot
[11/04/2025 01:24:49.976 PM] Roles    || User: skycat21            || Guild: Campus Cat Coalition                   || added=['Free Games ping']; removed=[]
[11/04/2025 01:24:50.349 PM] React+   || User: skycat21            || Channel: #get-roles                           || emoji=🕹️; msg="Select this role if you want to be pinge..." by Carl-bot
[11/04/2025 01:24:51.983 PM] Roles    || User: skycat21            || Guild: Campus Cat Coalition                   || added=['gamercats']; removed=[]
[11/04/2025 01:24:52.199 PM] React+   || User: skycat21            || Channel: #get-roles                           || emoji=🎮; msg="**Role Menu: Gaming Chat**
Please select..." by Carl-bot
[11/04/2025 01:25:05.798 PM] Message  || User: kukieari            || Channel: #external-promotions                 || Content: where do we go for that
[11/04/2025 01:25:06.484 PM] React+   || User: skycat21            || Channel: #get-roles                           || emoji=🚗; msg="**Role Menu: On or Off Campus**

:school..." by Carl-bot
[11/04/2025 01:25:06.533 PM] Roles    || User: skycat21            || Guild: Campus Cat Coalition                   || added=['commuter']; removed=[]
[11/04/2025 01:25:09.531 PM] React+   || User: skycat21            || Channel: #get-roles                           || emoji=😭; msg="**Role Menu: On or Off Campus**

:school..." by Carl-bot
[11/04/2025 01:25:12.913 PM] React-   || User: unknown             || Channel: #get-roles                           || emoji=🚗; msg="**Role Menu: On or Off Campus**

:school..." by Carl-bot
[11/04/2025 01:30:40.973 PM] React+   || User: vasyline            || Channel: #feeding-team                        || emoji=🍅; msg="everyone throw tomatoes at me" by izzyballz
[11/04/2025 01:31:12.351 PM] Message  || User: bubblebee5866       || Channel: #feeding-team                        || Content: Maintenance fed
[11/04/2025 01:31:12.353 PM] Action   || Name: feed_pending_exp... || Trigger: ch=643586809166561310; user=60994... || Output: 
[11/04/2025 01:31:12.355 PM] Intent   || feed_update               ||                                               || station=Maintenance; dates=['2025-11-04']
[11/04/2025 01:31:15.542 PM] Action   || Name: sheet_mark          || Trigger: station=Maintenance date=2025-11-04  || Output: ok
[11/04/2025 01:31:15.555 PM] Action   || Name: feed_update         || Trigger: station=Maintenance; dates=2025-1... || Output: ok
[11/04/2025 01:32:04.854 PM] React+   || User: izzyballz           || Channel: #feeding-team                        || emoji=❤️; msg="Maintenance fed" by bubblebee5866
[11/04/2025 01:32:12.809 PM] React+   || User: vasyline            || Channel: #pictures-of-the-cats                || emoji=❤️; msg="Ive heard the voice of angels (microwave..." by m_digio
[11/04/2025 01:33:34.743 PM] Action   || Name: send_suppressed     || Trigger: ch=1341696618688286720               || Output: Gmail authorization needed. Open and approve, then reply: 'TomCat, au...
[11/04/2025 01:33:34.743 PM] Action   || Name: gmail_auth_url      || Trigger:                                      || Output: https://accounts.google.com/o/oauth2/auth?response_type=code&client_i...
[11/04/2025 01:33:34.746 PM] Action   || Name: gmail_log_scheduler || Trigger: auth                                 || Output: pending
[11/04/2025 01:34:04.839 PM] Message  || User: racerdg             || Channel: #external-promotions                 || Content: https://goelect.txelections.civixapps.com/ivis-mvp-ui/#/login
[11/04/2025 01:35:22.214 PM] Message  || User: racerdg             || Channel: #external-promotions                 || Content: https://gisit.tarrantcounty.com/TCVL/
[11/04/2025 01:35:22.634 PM] Edit     || User: racerdg             || Channel: #external-promotions                 || https://gisit.tarrantcounty.com/TCVL/ -> https://gisit.tarrantcounty.com/TCVL/
[11/04/2025 01:37:10.400 PM] React+   || User: .bettercalljack     || Channel: #events                              || emoji=❤️; msg="@Megan [Feeding Head & PR] tysm for maki..." by kukieari
[11/04/2025 01:41:50.923 PM] Message  || User: adeyumii            || Channel: #itty-bitty-kitty-commitee           || Content: @Atlas ᓚᘏᗢ I'm getting to my apartment now
[11/04/2025 01:41:56.237 PM] Message  || User: adeyumii            || Channel: #itty-bitty-kitty-commitee           || Content: Eta 10-15?
[11/04/2025 01:42:04.283 PM] Message  || User: simplyshadow171295  || Channel: #itty-bitty-kitty-commitee           || Content: w
[11/04/2025 01:42:44.881 PM] React+   || User: hatshura            || Channel: #feeding-team                        || emoji=🍅; msg="everyone throw tomatoes at me" by izzyballz
[11/04/2025 01:43:42.343 PM] Message  || User: adeyumii            || Channel: #itty-bitty-kitty-commitee           || Content: @Atlas ᓚᘏᗢ if you wanna see gory's kittens. They like wet treats
[11/04/2025 01:43:55.813 PM] Message  || User: adeyumii            || Channel: #itty-bitty-kitty-commitee           || Content: Im gonna bring my teaser/flirt toy
[11/04/2025 01:43:56.019 PM] Message  || User: simplyshadow171295  || Channel: #itty-bitty-kitty-commitee           || Content: i don’t have any on me
[11/04/2025 01:44:00.212 PM] Message  || User: adeyumii            || Channel: #itty-bitty-kitty-commitee           || Content: That's okay
[11/04/2025 01:44:02.194 PM] Action   || Name: send_suppressed     || Trigger: ch=1341696618688286720               || Output: Gmail authorization needed. Open and approve, then reply: 'TomCat, au...
[11/04/2025 01:44:02.194 PM] Action   || Name: gmail_auth_url      || Trigger:                                      || Output: https://accounts.google.com/o/oauth2/auth?response_type=code&client_i...
[11/04/2025 01:44:02.196 PM] Action   || Name: gmail_log_scheduler || Trigger: auth                                 || Output: pending
[11/04/2025 01:44:03.414 PM] Message  || User: hatshura            || Channel: #pet-pictures                        || Content: Milo dump
[11/04/2025 01:44:06.166 PM] Action   || Name: send_suppressed     || Trigger: ch=1341696618688286720               || Output: Gmail authorization needed. Open and approve, then reply: 'TomCat, au...
[11/04/2025 01:44:06.166 PM] Action   || Name: gmail_auth_url      || Trigger:                                      || Output: https://accounts.google.com/o/oauth2/auth?response_type=code&client_i...
[11/04/2025 01:44:06.166 PM] Action   || Name: gmail_log_scheduler || Trigger: auth                                 || Output: pending
[11/04/2025 01:44:06.398 PM] Message  || User: simplyshadow171295  || Channel: #itty-bitty-kitty-commitee           || Content: i’ve only got my catnip solid ones
[11/04/2025 01:44:07.427 PM] Message  || User: adeyumii            || Channel: #itty-bitty-kitty-commitee           || Content: Might take 1 or 2 from Marcellos stash
[11/04/2025 01:44:15.100 PM] Message  || User: simplyshadow171295  || Channel: #itty-bitty-kitty-commitee           || Content: real
[11/04/2025 01:44:17.604 PM] Message  || User: adeyumii            || Channel: #itty-bitty-kitty-commitee           || Content: They might like those, I've never tried them on it
[11/04/2025 01:44:31.201 PM] Message  || User: simplyshadow171295  || Channel: #itty-bitty-kitty-commitee           || Content: i’m sure they’re old enough for hard food
[11/04/2025 01:44:36.504 PM] Message  || User: adeyumii            || Channel: #itty-bitty-kitty-commitee           || Content: They are
[11/04/2025 01:44:58.204 PM] Message  || User: simplyshadow171295  || Channel: #itty-bitty-kitty-commitee           || Content: the church kids are obsessed with them
[11/04/2025 01:45:01.065 PM] Message  || User: adeyumii            || Channel: #itty-bitty-kitty-commitee           || Content: They've had dry food and wet treats. Only one of them tried wet food...
[11/04/2025 01:45:05.368 PM] Message  || User: simplyshadow171295  || Channel: #itty-bitty-kitty-commitee           || Content: i also have some kitten food on me
[11/04/2025 01:45:14.221 PM] Message  || User: adeyumii            || Channel: #itty-bitty-kitty-commitee           || Content: They'd probably be happy
[11/04/2025 01:45:25.789 PM] Message  || User: adeyumii            || Channel: #itty-bitty-kitty-commitee           || Content: Meet me by the feeding station. I'm gonna sit for a second and then ...
[11/04/2025 01:45:35.847 PM] Message  || User: adeyumii            || Channel: #itty-bitty-kitty-commitee           || Content: I need a Dr peppy
[11/04/2025 01:47:45.871 PM] Message  || User: simplyshadow171295  || Channel: #itty-bitty-kitty-commitee           || Content: real
[11/04/2025 01:48:00.698 PM] Message  || User: simplyshadow171295  || Channel: #itty-bitty-kitty-commitee           || Content: the mavmover driver is in the bathroom rn so i’m waiting on them
[11/04/2025 01:48:26.576 PM] Message  || User: cici4f3             || Channel: #events                              || Content: I squeezed him too much while standing around so it felt wrong to no...
[11/04/2025 01:48:33.268 PM] Message  || User: adeyumii            || Channel: #itty-bitty-kitty-commitee           || Content: Marcello wants pets so he's getting pets
[11/04/2025 01:48:43.797 PM] Message  || User: adeyumii            || Channel: #itty-bitty-kitty-commitee           || Content: He's laying on his side with his head at a weird angle so he can sta...
[11/04/2025 01:48:44.723 PM] React+   || User: simplyshadow171295  || Channel: #itty-bitty-kitty-commitee           || emoji=‼️; msg="Marcello wants pets so he's getting pets" by adeyumii
[11/04/2025 01:48:52.326 PM] Message  || User: simplyshadow171295  || Channel: #itty-bitty-kitty-commitee           || Content: aw
[11/04/2025 01:49:10.776 PM] React+   || User: hatshura            || Channel: #itty-bitty-kitty-commitee           || emoji=‼️; msg="Marcello wants pets so he's getting pets" by adeyumii
[11/04/2025 01:49:13.587 PM] Message  || User: adeyumii            || Channel: #itty-bitty-kitty-commitee           || Content: Your mom isn't gonna shit herself seeing you in this parking lot rig...
[11/04/2025 01:49:50.786 PM] Message  || User: adeyumii            || Channel: #itty-bitty-kitty-commitee           || Content: hat I see u typing what's up
[11/04/2025 01:50:12.190 PM] Message  || User: hatshura            || Channel: #itty-bitty-kitty-commitee           || Content: *steal the bus*
[11/04/2025 01:50:20.818 PM] Message  || User: reyesthighs         || Channel: #yapper-committee                    || Content: Everyone wish me luck I'm going to half ass this presentation I did ...
[11/04/2025 01:50:27.033 PM] Message  || User: adeyumii            || Channel: #itty-bitty-kitty-commitee           || Content: https://tenor.com/view/cat-shaking-head-gif-21797829
[11/04/2025 01:50:28.526 PM] React+   || User: simplyshadow171295  || Channel: #itty-bitty-kitty-commitee           || emoji=😆; msg="*steal the bus*" by hatshura
[11/04/2025 01:50:30.052 PM] Message  || User: cici4f3             || Channel: #yapper-committee                    || Content: good luck roach
[11/04/2025 01:50:36.756 PM] Message  || User: simplyshadow171295  || Channel: #itty-bitty-kitty-commitee           || Content: what she doesn’t know won’t kill her
[11/04/2025 01:50:39.466 PM] Message  || User: hatshura            || Channel: #itty-bitty-kitty-commitee           || Content: https://tenor.com/view/rahhh-rahh-willem-dafoe-tongue-out-screaming-...
[11/04/2025 01:50:47.695 PM] Message  || User: simplyshadow171295  || Channel: #itty-bitty-kitty-commitee           || Content: and she’s not at home to be chronically online
[11/04/2025 01:50:52.802 PM] Message  || User: adeyumii            || Channel: #itty-bitty-kitty-commitee           || Content: yay
[11/04/2025 01:51:02.335 PM] Message  || User: slayc127            || Channel: #executive-board                     || Content: i have a giftcard someone donated
[11/04/2025 01:51:02.415 PM] Message  || User: cici4f3             || Channel: #itty-bitty-kitty-commitee           || Content: marcelo mention
[11/04/2025 01:51:09.553 PM] React+   || User: simplyshadow171295  || Channel: #itty-bitty-kitty-commitee           || emoji=😆; msg="marcelo mention" by cici4f3
[11/04/2025 01:51:15.726 PM] Message  || User: adeyumii            || Channel: #itty-bitty-kitty-commitee           || Content: not to hate on ur mom but I'm atlas's mom's #1 hater
[11/04/2025 01:51:26.001 PM] Action   || Name: send_suppressed     || Trigger: ch=1341696618688286720               || Output: Gmail authorization needed. Open and approve, then reply: 'TomCat, au...
[11/04/2025 01:51:26.001 PM] Action   || Name: gmail_auth_url      || Trigger:                                      || Output: https://accounts.google.com/o/oauth2/auth?response_type=code&client_i...
[11/04/2025 01:51:26.001 PM] Action   || Name: gmail_log_scheduler || Trigger: auth                                 || Output: pending
[11/04/2025 01:51:29.030 PM] Message  || User: cici4f3             || Channel: #itty-bitty-kitty-commitee           || Content: based on what I've heard low-key me too
[11/04/2025 01:52:02.171 PM] Message  || User: void_now            || Channel: #itty-bitty-kitty-commitee           || Content: that man was deliberately walking ALL over my laptop fr
[11/04/2025 01:52:14.285 PM] Message  || User: adeyumii            || Channel: #itty-bitty-kitty-commitee           || Content: he's a male manipulator
[11/04/2025 01:52:22.149 PM] Message  || User: adeyumii            || Channel: #itty-bitty-kitty-commitee           || Content: If he had a movie it'd be a hit with teenage girls
[11/04/2025 01:53:01.670 PM] React+   || User: m_digio             || Channel: #events                              || emoji=❤️; msg="I squeezed him too much while standing a..." by cici4f3
[11/04/2025 01:53:29.099 PM] React+   || User: simplyshadow171295  || Channel: #itty-bitty-kitty-commitee           || emoji=😆; msg="not to hate on ur mom but I'm atlas's mo..." by adeyumii
[11/04/2025 01:53:39.856 PM] React+   || User: simplyshadow171295  || Channel: #itty-bitty-kitty-commitee           || emoji=😆; msg="based on what I've heard low-key me too" by cici4f3
[11/04/2025 01:53:41.052 PM] Message  || User: simplyshadow171295  || Channel: #itty-bitty-kitty-commitee           || Content: da bus is on its way
[11/04/2025 01:53:48.114 PM] Message  || User: simplyshadow171295  || Channel: #itty-bitty-kitty-commitee           || Content: that’s actually my dad get in line /silly
[11/04/2025 01:54:37.327 PM] Message  || User: cici4f3             || Channel: #itty-bitty-kitty-commitee           || Content: marcelo is evil but he gets away with it because he is a cute and sw...
[11/04/2025 01:54:38.247 PM] React+   || User: simplyshadow171295  || Channel: #pet-pictures                        || emoji=💖; msg="Milo dump" by hatshura
[11/04/2025 01:54:44.999 PM] Message  || User: simplyshadow171295  || Channel: #pet-pictures                        || Content: he’s so precious to me
[11/04/2025 01:54:46.923 PM] React+   || User: cici4f3             || Channel: #announcements                       || emoji=😆; msg="we r luring people into using our fancy ..." by slayc127
[11/04/2025 01:55:00.028 PM] Message  || User: adeyumii            || Channel: #itty-bitty-kitty-commitee           || Content: I'm leaving da partment
[11/04/2025 01:55:48.560 PM] React+   || User: slayc127            || Channel: #events                              || emoji=❤️; msg="I squeezed him too much while standing a..." by cici4f3
[11/04/2025 01:55:55.281 PM] React+   || User: simplyshadow171295  || Channel: #itty-bitty-kitty-commitee           || emoji=🎉; msg="I'm leaving da partment" by adeyumii
[11/04/2025 01:57:59.251 PM] Message  || User: adeyumii            || Channel: #itty-bitty-kitty-commitee           || Content: time to play crossy roads on south cooper
[11/04/2025 01:58:31.768 PM] Message  || User: void_now            || Channel: #itty-bitty-kitty-commitee           || Content: (he's getting shaved next time)
[11/04/2025 01:58:48.365 PM] Message  || User: simplyshadow171295  || Channel: #itty-bitty-kitty-commitee           || Content: feeders in sight
[11/04/2025 01:59:03.910 PM] React+   || User: slayc127            || Channel: #yapper-committee                    || emoji=🎉; msg="Everyone wish me luck I'm going to half ..." by reyesthighs
[11/04/2025 01:59:06.351 PM] Message  || User: slayc127            || Channel: #yapper-committee                    || Content: u so got this
[11/04/2025 01:59:50.993 PM] Message  || User: reyesthighs         || Channel: #yapper-committee                    || Content: Thank you guys
[11/04/2025 02:00:19.426 PM] React+   || User: m_digio             || Channel: #pet-pictures                        || emoji=💖; msg="Milo dump" by hatshura
[11/04/2025 02:01:34.598 PM] React+   || User: bixzu               || Channel: #events                              || emoji=❤️; msg="I squeezed him too much while standing a..." by cici4f3
[11/04/2025 02:01:36.655 PM] React+   || User: bixzu               || Channel: #events                              || emoji=❤️; msg="@Megan [Feeding Head & PR] tysm for maki..." by kukieari
[11/04/2025 02:01:56.388 PM] Message  || User: simplyshadow171295  || Channel: #itty-bitty-kitty-commitee           || Content: i accidentally spooked a cat lmao
[11/04/2025 02:02:41.768 PM] Message  || User: simplyshadow171295  || Channel: #itty-bitty-kitty-commitee           || Content: awkwardly standing here
[11/04/2025 02:03:23.380 PM] Message  || User: izzyballz           || Channel: #yapper-committee                    || Content: just found out my car has no registration …
[11/04/2025 02:03:26.861 PM] Message  || User: izzyballz           || Channel: #yapper-committee                    || Content: <:balloonboi:933099871257382983>
[11/04/2025 02:03:57.725 PM] React+   || User: slayc127            || Channel: #yapper-committee                    || emoji=😭; msg="just found out my car has no registratio..." by izzyballz
[11/04/2025 02:04:12.119 PM] Message  || User: simplyshadow171295  || Channel: #pictures-of-the-cats                || Content: rubber baby spotted
[11/04/2025 02:04:12.885 PM] Action   || Name: image_intake        || Trigger: channel=551084964318543904           || Output: rows=1
[11/04/2025 02:04:58.471 PM] Message  || User: simplyshadow171295  || Channel: #itty-bitty-kitty-commitee           || Content: miranda has left me here to perish
[11/04/2025 02:06:25.189 PM] Message  || User: simplyshadow171295  || Channel: #itty-bitty-kitty-commitee           || Content: (she just got here)
[11/04/2025 02:06:35.684 PM] Message  || User: izzyballz           || Channel: #yapper-committee                    || Content: so now i have to like
[11/04/2025 02:06:37.704 PM] Message  || User: izzyballz           || Channel: #yapper-committee                    || Content: go get that
[11/04/2025 02:06:43.170 PM] React+   || User: bixzu               || Channel: #memes                               || emoji=😂; msg="https://x.com/PunchingCat/status/1985160..." by ludavis
[11/04/2025 02:06:45.155 PM] Message  || User: izzyballz           || Channel: #yapper-committee                    || Content: idk my dad told me to head over there
[11/04/2025 02:07:22.331 PM] React+   || User: bixzu               || Channel: #pet-pictures                        || emoji=💖; msg="Milo dump" by hatshura
[11/04/2025 02:08:04.989 PM] Message  || User: izzyballz           || Channel: #yapper-committee                    || Content: apparently i had a temp one but they never sent the actual one
[11/04/2025 02:08:12.735 PM] Message  || User: izzyballz           || Channel: #yapper-committee                    || Content: and the temp one has expired at this point
[11/04/2025 02:08:29.290 PM] Message  || User: izzyballz           || Channel: #yapper-committee                    || Content: awkward!
[11/04/2025 02:09:35.327 PM] React+   || User: kukieari            || Channel: #events                              || emoji=❤️; msg="I squeezed him too much while standing a..." by cici4f3
[11/04/2025 02:09:36.212 PM] Message  || User: racerdg             || Channel: #yapper-committee                    || Content: https://tenor.com/view/rabbit-alice-in-wonderland-the-white-rabbit-l...
[11/04/2025 02:10:18.622 PM] Message  || User: izzyballz           || Channel: #yapper-committee                    || Content: im dead
[11/04/2025 02:10:55.984 PM] React+   || User: kitadan             || Channel: #external-promotions                 || emoji=<:cute:933104767348134018>; msg="https://gisit.tarrantcounty.com/TCVL/"...
[11/04/2025 02:11:21.648 PM] React+   || User: kitadan             || Channel: #feeding-team                        || emoji=❤️; msg="Maintenance fed" by bubblebee5866
[11/04/2025 02:11:21.664 PM] Message  || User: simplyshadow171295  || Channel: #pictures-of-the-cats                || Content: eden & ariel
[11/04/2025 02:11:22.430 PM] Action   || Name: image_intake        || Trigger: channel=551084964318543904           || Output: rows=2
[11/04/2025 02:11:37.546 PM] React+   || User: kitadan             || Channel: #events                              || emoji=❤️; msg="I squeezed him too much while standing a..." by cici4f3
[11/04/2025 02:11:49.251 PM] React+   || User: kitadan             || Channel: #yapper-committee                    || emoji=🎉; msg="Everyone wish me luck I'm going to half ..." by reyesthighs
[11/04/2025 02:12:54.281 PM] Message  || User: kukieari            || Channel: #yapper-committee                    || Content: live
[11/04/2025 02:13:01.495 PM] Message  || User: kukieari            || Channel: #itty-bitty-kitty-commitee           || Content: hey so i have a question for like
[11/04/2025 02:13:04.666 PM] Message  || User: kukieari            || Channel: #itty-bitty-kitty-commitee           || Content: cat people
[11/04/2025 02:13:18.266 PM] Message  || User: izzyballz           || Channel: #itty-bitty-kitty-commitee           || Content: we are all ears
[11/04/2025 02:13:39.801 PM] Message  || User: kukieari            || Channel: #itty-bitty-kitty-commitee           || Content: cause idk much about cats but

my friend got bit by her cat aggresiv...
[11/04/2025 02:13:46.310 PM] Message  || User: kukieari            || Channel: #itty-bitty-kitty-commitee           || Content: SHE SHOULD CALL OUT RIGHT
[11/04/2025 02:13:47.259 PM] Message  || User: kukieari            || Channel: #itty-bitty-kitty-commitee           || Content: OF WORK
[11/04/2025 02:13:48.696 PM] Message  || User: racerdg             || Channel: #itty-bitty-kitty-commitee           || Content: hospital
[11/04/2025 02:13:48.839 PM] Message  || User: simplyshadow171295  || Channel: #itty-bitty-kitty-commitee           || Content: doctor
[11/04/2025 02:13:49.235 PM] Message  || User: izzyballz           || Channel: #itty-bitty-kitty-commitee           || Content: oh yikes
[11/04/2025 02:13:50.654 PM] Message  || User: izzyballz           || Channel: #itty-bitty-kitty-commitee           || Content: yes
[11/04/2025 02:13:51.964 PM] Action   || Name: send_suppressed     || Trigger: ch=1341696618688286720               || Output: Gmail authorization needed. Open and approve, then reply: 'TomCat, au...
[11/04/2025 02:13:51.964 PM] Action   || Name: gmail_auth_url      || Trigger:                                      || Output: https://accounts.google.com/o/oauth2/auth?response_type=code&client_i...
[11/04/2025 02:13:51.964 PM] Action   || Name: gmail_log_scheduler || Trigger: auth                                 || Output: pending
[11/04/2025 02:13:55.823 PM] Message  || User: kukieari            || Channel: #itty-bitty-kitty-commitee           || Content: okay i told her the same thing too
[11/04/2025 02:14:01.239 PM] Message  || User: kukieari            || Channel: #itty-bitty-kitty-commitee           || Content: JUST WANNA MAKE SURE IM RIGHT
[11/04/2025 02:14:08.401 PM] Message  || User: izzyballz           || Channel: #itty-bitty-kitty-commitee           || Content: cat bites can get so dangerous
[11/04/2025 02:14:14.280 PM] Message  || User: kukieari            || Channel: #itty-bitty-kitty-commitee           || Content: shes allergic too
[11/04/2025 02:14:15.710 PM] Message  || User: simplyshadow171295  || Channel: #pictures-of-the-cats                || Content: him neck so long
[11/04/2025 02:14:16.637 PM] Action   || Name: image_intake        || Trigger: channel=551084964318543904           || Output: rows=1
[11/04/2025 02:14:16.794 PM] Message  || User: slayc127            || Channel: #itty-bitty-kitty-commitee           || Content: she HAS to go to the hospital
[11/04/2025 02:14:17.504 PM] Message  || User: izzyballz           || Channel: #itty-bitty-kitty-commitee           || Content: oh my god
[11/04/2025 02:14:17.891 PM] Message  || User: kukieari            || Channel: #itty-bitty-kitty-commitee           || Content: so i was like scared
[11/04/2025 02:14:24.400 PM] Message  || User: racerdg             || Channel: #itty-bitty-kitty-commitee           || Content: if they have anything to disinfect it they should do that immediately
[11/04/2025 02:14:30.205 PM] Message  || User: izzyballz           || Channel: #itty-bitty-kitty-commitee           || Content: bro she should be otw to urgent care
[11/04/2025 02:14:30.562 PM] Message  || User: slayc127            || Channel: #itty-bitty-kitty-commitee           || Content: it will get infected and she will need likely serious medical attention
[11/04/2025 02:14:33.923 PM] Message  || User: slayc127            || Channel: #itty-bitty-kitty-commitee           || Content: bruh
[11/04/2025 02:14:39.952 PM] Message  || User: kukieari            || Channel: #itty-bitty-kitty-commitee           || Content: i think shes already there, she hasnt responded to me
[11/04/2025 02:14:43.470 PM] React+   || User: slayc127            || Channel: #itty-bitty-kitty-commitee           || emoji=❤️; msg="i think shes already there, she hasnt re..." by kukieari
[11/04/2025 02:14:46.301 PM] Message  || User: slayc127            || Channel: #itty-bitty-kitty-commitee           || Content: okay good
[11/04/2025 02:14:51.463 PM] Message  || User: kukieari            || Channel: #itty-bitty-kitty-commitee           || Content: THANK U GUYS
[11/04/2025 02:14:53.261 PM] Message  || User: izzyballz           || Channel: #itty-bitty-kitty-commitee           || Content: yay!
[11/04/2025 02:14:53.574 PM] Message  || User: kukieari            || Channel: #itty-bitty-kitty-commitee           || Content: just wanna make sure
[11/04/2025 02:14:57.694 PM] React+   || User: izzyballz           || Channel: #itty-bitty-kitty-commitee           || emoji=❤️; msg="THANK U GUYS" by kukieari
[11/04/2025 02:15:00.230 PM] Message  || User: slayc127            || Channel: #itty-bitty-kitty-commitee           || Content: ofc! always good to double check
[11/04/2025 02:15:04.897 PM] Message  || User: kukieari            || Channel: #itty-bitty-kitty-commitee           || Content: <:ab_blush:1085637671382159461>
[11/04/2025 02:15:05.888 PM] Message  || User: slayc127            || Channel: #itty-bitty-kitty-commitee           || Content: cat bites r especially dangerous
[11/04/2025 02:15:16.801 PM] Message  || User: kukieari            || Channel: #itty-bitty-kitty-commitee           || Content: she said she stopped feeling her thumb
[11/04/2025 02:15:17.747 PM] Message  || User: kukieari            || Channel: #itty-bitty-kitty-commitee           || Content: so
[11/04/2025 02:15:18.342 PM] Message  || User: kukieari            || Channel: #itty-bitty-kitty-commitee           || Content: um
[11/04/2025 02:15:19.996 PM] Message  || User: slayc127            || Channel: #itty-bitty-kitty-commitee           || Content: got bit by a cat my first year and my hand swelled up overnight
[11/04/2025 02:15:20.076 PM] Message  || User: izzyballz           || Channel: #itty-bitty-kitty-commitee           || Content: bro
[11/04/2025 02:15:24.030 PM] Message  || User: slayc127            || Channel: #itty-bitty-kitty-commitee           || Content: bro.
[11/04/2025 02:15:25.364 PM] Message  || User: kukieari            || Channel: #itty-bitty-kitty-commitee           || Content: hopefully she took me and my friends advice
[11/04/2025 02:15:28.501 PM] Message  || User: kukieari            || Channel: #itty-bitty-kitty-commitee           || Content: <:mari_after_saku_bullies_her:1011029864356253726>
[11/04/2025 02:15:32.269 PM] React+   || User: slayc127            || Channel: #itty-bitty-kitty-commitee           || emoji=‼️; msg="hopefully she took me and my friends adv..." by kukieari
[11/04/2025 02:16:08.991 PM] Message  || User: m_digio             || Channel: #events                              || Content: I made him while *not* watching midsummer
[11/04/2025 02:16:19.376 PM] Message  || User: kukieari            || Channel: #itty-bitty-kitty-commitee           || Content: ill let u guys know what happens
[11/04/2025 02:16:28.112 PM] Message  || User: kukieari            || Channel: #events                              || Content: is that a movie
[11/04/2025 02:16:34.846 PM] Message  || User: m_digio             || Channel: #events                              || Content: Its a horror movie
[11/04/2025 02:16:36.585 PM] Message  || User: simplyshadow171295  || Channel: #pictures-of-the-cats                || Content: not interested in photos
[11/04/2025 02:16:37.280 PM] Action   || Name: image_intake        || Trigger: channel=551084964318543904           || Output: rows=1
[11/04/2025 02:16:46.486 PM] React+   || User: m_digio             || Channel: #pictures-of-the-cats                || emoji=❤️; msg="not interested in photos" by simplyshadow171295
[11/04/2025 02:16:51.273 PM] Message  || User: m_digio             || Channel: #pictures-of-the-cats                || Content: Turtle
[11/04/2025 02:18:18.766 PM] Message  || User: kukieari            || Channel: #events                              || Content: oh spooky
[11/04/2025 02:18:22.785 PM] Message  || User: kukieari            || Channel: #events                              || Content: WELL ITS ADOABLE
[11/04/2025 02:18:32.740 PM] React+   || User: slayc127            || Channel: #pictures-of-the-cats                || emoji=❤️; msg="not interested in photos" by simplyshadow171295
[11/04/2025 02:19:20.656 PM] Message  || User: m_digio             || Channel: #events                              || Content: He is full of bravery since he got me through that movie
[11/04/2025 02:20:11.926 PM] Message  || User: kukieari            || Channel: #events                              || Content: my friend said he likes his eyeballs
[11/04/2025 02:20:19.635 PM] Message  || User: kukieari            || Channel: #events                              || Content: well ok carbart
[11/04/2025 02:20:58.037 PM] Action   || Name: send_suppressed     || Trigger: ch=1341696618688286720               || Output: Gmail authorization needed. Open and approve, then reply: 'TomCat, au...
[11/04/2025 02:20:58.037 PM] Action   || Name: gmail_auth_url      || Trigger:                                      || Output: https://accounts.google.com/o/oauth2/auth?response_type=code&client_i...
[11/04/2025 02:20:58.037 PM] Action   || Name: gmail_log_scheduler || Trigger: auth                                 || Output: pending
[11/04/2025 02:21:02.153 PM] Action   || Name: send_suppressed     || Trigger: ch=1341696618688286720               || Output: Gmail authorization needed. Open and approve, then reply: 'TomCat, au...
[11/04/2025 02:21:02.153 PM] Action   || Name: gmail_auth_url      || Trigger:                                      || Output: https://accounts.google.com/o/oauth2/auth?response_type=code&client_i...
[11/04/2025 02:21:02.156 PM] Action   || Name: gmail_log_scheduler || Trigger: auth                                 || Output: pending
[11/04/2025 02:22:08.691 PM] Action   || Name: send_suppressed     || Trigger: ch=1341696618688286720               || Output: Gmail authorization needed. Open and approve, then reply: 'TomCat, au...
[11/04/2025 02:22:08.691 PM] Action   || Name: gmail_auth_url      || Trigger:                                      || Output: https://accounts.google.com/o/oauth2/auth?response_type=code&client_i...
[11/04/2025 02:22:08.691 PM] Action   || Name: gmail_log_scheduler || Trigger: auth                                 || Output: pending
[11/04/2025 02:23:26.577 PM] Message  || User: m_digio             || Channel: #events                              || Content: Carbart my beloved
[11/04/2025 02:24:44.985 PM] React+   || User: kitadan             || Channel: #itty-bitty-kitty-commitee           || emoji=❤️; msg="i think shes already there, she hasnt re..." by kukieari
[11/04/2025 02:24:47.158 PM] React+   || User: kitadan             || Channel: #itty-bitty-kitty-commitee           || emoji=❤️; msg="THANK U GUYS" by kukieari
[11/04/2025 02:25:02.620 PM] Message  || User: peacetothemoon      || Channel: #feeding-team                        || Content: business cats fed !
[11/04/2025 02:25:02.620 PM] Intent   || feed_update               ||                                               || station=Business; dates=['2025-11-04']
[11/04/2025 02:25:04.331 PM] Action   || Name: sheet_mark          || Trigger: station=Business date=2025-11-04     || Output: ok
[11/04/2025 02:25:04.331 PM] Action   || Name: feed_update         || Trigger: station=Business; dates=2025-11-04   || Output: ok
[11/04/2025 02:25:06.264 PM] React+   || User: kitadan             || Channel: #itty-bitty-kitty-commitee           || emoji=👍; msg="ill let u guys know what happens" by kukieari
[11/04/2025 02:26:14.840 PM] Message  || User: peacetothemoon      || Channel: #feeding-team                        || Content: and microwave spotted
[11/04/2025 02:26:14.843 PM] Intent   || feed_update               ||                                               || station=Microwave; dates=['2025-11-04']
[11/04/2025 02:26:15.746 PM] Action   || Name: sheet_mark          || Trigger: station=Microwave date=2025-11-04    || Output: ok
[11/04/2025 02:26:15.746 PM] Action   || Name: feed_update         || Trigger: station=Microwave; dates=2025-11-04  || Output: ok
[11/04/2025 02:27:22.832 PM] Message  || User: simplyshadow171295  || Channel: #pictures-of-the-cats                || Content: “oh god it’s crying again”
[11/04/2025 02:27:23.898 PM] Action   || Name: image_intake        || Trigger: channel=551084964318543904           || Output: rows=1
[11/04/2025 02:27:27.909 PM] Message  || User: yaeji               || Channel: #yapper-committee                    || Content: what...
[11/04/2025 02:27:41.378 PM] React+   || User: simplyshadow171295  || Channel: #pictures-of-the-cats                || emoji=‼️; msg="Turtle" by m_digio
[11/04/2025 02:28:22.414 PM] Message  || User: simplyshadow171295  || Channel: #pictures-of-the-cats                || Content: nyoom
[11/04/2025 02:28:23.097 PM] Action   || Name: image_intake        || Trigger: channel=551084964318543904           || Output: rows=1
[11/04/2025 02:28:48.398 PM] Action   || Name: send_suppressed     || Trigger: ch=1341696618688286720               || Output: Gmail authorization needed. Open and approve, then reply: 'TomCat, au...
[11/04/2025 02:28:48.398 PM] Action   || Name: gmail_auth_url      || Trigger:                                      || Output: https://accounts.google.com/o/oauth2/auth?response_type=code&client_i...
[11/04/2025 02:28:48.398 PM] Action   || Name: gmail_log_scheduler || Trigger: auth                                 || Output: pending
[11/04/2025 02:30:30.166 PM] Message  || User: racerdg             || Channel: #feeding-team                        || Content: i like how slightly crosseyed he is
[11/04/2025 02:33:47.483 PM] Message  || User: izzyballz           || Channel: #yapper-committee                    || Content: how bad is this i know it’s bad but like scale of 1-10
[11/04/2025 02:34:05.587 PM] Action   || Name: send_suppressed     || Trigger: ch=1341696618688286720               || Output: Gmail authorization needed. Open and approve, then reply: 'TomCat, au...
[11/04/2025 02:34:05.587 PM] Action   || Name: gmail_auth_url      || Trigger:                                      || Output: https://accounts.google.com/o/oauth2/auth?response_type=code&client_i...
[11/04/2025 02:34:05.587 PM] Action   || Name: gmail_log_scheduler || Trigger: auth                                 || Output: pending
[11/04/2025 02:36:25.880 PM] Message  || User: yaeji               || Channel: #yapper-committee                    || Content: i'm pretty sure you can just go to the dealer and request a new temp...
[11/04/2025 02:37:03.101 PM] Message  || User: yaeji               || Channel: #yapper-committee                    || Content: they may or may not also have your actual plates there
[11/04/2025 02:37:14.480 PM] Edit     || User: yaeji               || Channel: #yapper-committee                    || they may or may not also have your actual plates there -> they may or may not...
[11/04/2025 02:37:49.379 PM] Edit     || User: yaeji               || Channel: #yapper-committee                    || they may or may not also have your actual plates there, but you can ask -> th...
[11/04/2025 02:40:12.794 PM] React+   || User: not_d3fault_1420    || Channel: #pet-pictures                        || emoji=💖; msg="Milo dump" by hatshura
[11/04/2025 02:40:17.154 PM] Edit     || User: yaeji               || Channel: #yapper-committee                    || i'm pretty sure you can just go to the dealer and request a new temp tag -> i...
[11/04/2025 02:40:24.825 PM] Edit     || User: yaeji               || Channel: #yapper-committee                    || i'm pretty sure you can just go to the dealer and request a new temp tag? but...
[11/04/2025 02:42:32.175 PM] Message  || User: _rambone_           || Channel: #purrley-pawsitive-pussy-pals        || Content: @kazius [membership+fundraising] which donut is yours?
[11/04/2025 02:47:23.749 PM] Message  || User: slayc127            || Channel: #purrley-pawsitive-pussy-pals        || Content: bavarian cream
[11/04/2025 02:47:43.257 PM] Message  || User: _rambone_           || Channel: #purrley-pawsitive-pussy-pals        || Content: Whatever that means
[11/04/2025 02:47:49.432 PM] Message  || User: slayc127            || Channel: #purrley-pawsitive-pussy-pals        || Content: bruh
[11/04/2025 02:48:05.609 PM] Message  || User: kukieari            || Channel: #yapper-committee                    || Content: @kazius [membership+fundraising] sorry to bother, but what psych pro...
[11/04/2025 02:48:06.637 PM] Message  || User: slayc127            || Channel: #purrley-pawsitive-pussy-pals        || Content: kazius is taking a nap btw
[11/04/2025 02:48:18.807 PM] React+   || User: _rambone_           || Channel: #purrley-pawsitive-pussy-pals        || emoji=❤️; msg="kazius is taking a nap btw" by slayc127
[11/04/2025 02:49:57.119 PM] Message  || User: kukieari            || Channel: #yapper-committee                    || Content: also for history, which history did u guys like, technology and scie...
[11/04/2025 02:50:20.887 PM] Message  || User: hatshura            || Channel: #pet-pictures                        || Content: Can't live w/o Milo 🥹
[11/04/2025 02:58:59.517 PM] Message  || User: simplyshadow171295  || Channel: #yapper-committee                    || Content: @𓃠 miranda 𓃠 we timed it right because as i was walking up the bus g...
[11/04/2025 03:02:37.034 PM] Message  || User: adeyumii            || Channel: #yapper-committee                    || Content: nice
[11/04/2025 03:03:21.678 PM] Action   || Name: send_suppressed     || Trigger: ch=1341696618688286720               || Output: Gmail authorization needed. Open and approve, then reply: 'TomCat, au...
[11/04/2025 03:03:21.678 PM] Action   || Name: gmail_auth_url      || Trigger:                                      || Output: https://accounts.google.com/o/oauth2/auth?response_type=code&client_i...
[11/04/2025 03:03:21.678 PM] Action   || Name: gmail_log_scheduler || Trigger: auth                                 || Output: pending
[11/04/2025 03:03:31.976 PM] Message  || User: adeyumii            || Channel: #pictures-of-the-cats                || Content: boots has a turbo engine
[11/04/2025 03:04:31.831 PM] Message  || User: slayc127            || Channel: #yapper-committee                    || Content: laster, austin, escoto!
[11/04/2025 03:04:47.624 PM] React+   || User: kukieari            || Channel: #yapper-committee                    || emoji=<a:4_pinkheart:1154457135674044429>; msg="laster, austin, escoto!" by s...
[11/04/2025 03:04:51.890 PM] Message  || User: kukieari            || Channel: #yapper-committee                    || Content: tysm :)
[11/04/2025 03:06:28.012 PM] Action   || Name: send_suppressed     || Trigger: ch=1341696618688286720               || Output: Gmail authorization needed. Open and approve, then reply: 'TomCat, au...
[11/04/2025 03:06:28.012 PM] Action   || Name: gmail_auth_url      || Trigger:                                      || Output: https://accounts.google.com/o/oauth2/auth?response_type=code&client_i...
[11/04/2025 03:06:28.012 PM] Action   || Name: gmail_log_scheduler || Trigger: auth                                 || Output: pending
[11/04/2025 03:06:31.918 PM] Action   || Name: send_suppressed     || Trigger: ch=1341696618688286720               || Output: Gmail authorization needed. Open and approve, then reply: 'TomCat, au...
[11/04/2025 03:06:31.918 PM] Action   || Name: gmail_auth_url      || Trigger:                                      || Output: https://accounts.google.com/o/oauth2/auth?response_type=code&client_i...
[11/04/2025 03:06:31.931 PM] Action   || Name: gmail_log_scheduler || Trigger: auth                                 || Output: pending
[11/04/2025 03:06:45.977 PM] Message  || User: kc.yt               || Channel: #pictures-of-the-cats                || Content: (no text; attachments=2)
[11/04/2025 03:06:47.096 PM] Action   || Name: image_intake        || Trigger: channel=551084964318543904           || Output: rows=1
[11/04/2025 03:08:50.599 PM] Message  || User: adeyumii            || Channel: #pictures-of-the-cats                || Content: BARBIE
[11/04/2025 03:17:07.918 PM] Message  || User: moineau_l.oiseau    || Channel: #logging                             || Content: This is my other bestie from Oklahoma… I’ve just realized that appar...
[11/04/2025 03:19:58.257 PM] Message  || User: adeyumii            || Channel: #pictures-of-the-cats                || Content: lot 50
[11/04/2025 03:19:59.329 PM] Action   || Name: image_intake        || Trigger: channel=551084964318543904           || Output: rows=10
[11/04/2025 03:20:46.632 PM] Message  || User: adeyumii            || Channel: #pictures-of-the-cats                || Content: (no text; attachments=4)
[11/04/2025 03:20:47.453 PM] Action   || Name: image_intake        || Trigger: channel=551084964318543904           || Output: rows=4
[11/04/2025 03:21:32.132 PM] Message  || User: adeyumii            || Channel: #feeding-team                        || Content: Lot 50 was given water
[11/04/2025 03:21:32.132 PM] Action   || Name: feed_pending_set    || Trigger: ch=643586809166561310; user=47432... || Output: stations=Lot 50; text=Lot 50 was given water
[11/04/2025 03:21:36.468 PM] Message  || User: adeyumii            || Channel: #feeding-team                        || Content: by me
[11/04/2025 03:24:13.151 PM] Message  || User: a1darek             || Channel: #pictures-of-the-cats                || Content: Bro got a soul patch
[11/04/2025 03:24:28.252 PM] Message  || User: adeyumii            || Channel: #pictures-of-the-cats                || Content: i told u
[11/04/2025 03:25:42.258 PM] Message  || User: pancakemixteamdj    || Channel: #yapper-committee                    || Content: GAH the price tag what I’m working on
[11/04/2025 03:25:58.654 PM] Message  || User: pancakemixteamdj    || Channel: #yapper-committee                    || Content: (no text; attachments=1)
[11/04/2025 03:27:13.736 PM] React+   || User: moineau_l.oiseau    || Channel: #itty-bitty-kitty-commitee           || emoji=😭; msg="time to play crossy roads on south coope..." by adeyumii
[11/04/2025 03:27:42.515 PM] Message  || User: slayc127            || Channel: #announcements                       || Content: @​here if you brought food for us and want ur goods come snag it or ...
[11/04/2025 03:27:58.832 PM] Message  || User: slayc127            || Channel: #announcements                       || Content: i am very serious this is a free for all unless you tell me right ne...
[11/04/2025 03:28:33.877 PM] React+   || User: moineau_l.oiseau    || Channel: #itty-bitty-kitty-commitee           || emoji=👍; msg="ill let u guys know what happens" by kukieari
[11/04/2025 03:29:03.137 PM] Message  || User: izzyballz           || Channel: #yapper-committee                    || Content: bagels still left omg this is what i get for being a bum
[11/04/2025 03:29:13.198 PM] React+   || User: izzyballz           || Channel: #yapper-committee                    || emoji=‼️; msg=1435379576669999187
[11/04/2025 03:29:30.582 PM] Message  || User: izzyballz           || Channel: #yapper-committee                    || Content: fml
[11/04/2025 03:30:07.109 PM] Action   || Name: send_suppressed     || Trigger: ch=1341696618688286720               || Output: Gmail authorization needed. Open and approve, then reply: 'TomCat, au...
[11/04/2025 03:30:07.109 PM] Action   || Name: gmail_auth_url      || Trigger:                                      || Output: https://accounts.google.com/o/oauth2/auth?response_type=code&client_i...
[11/04/2025 03:30:07.112 PM] Action   || Name: gmail_log_scheduler || Trigger: auth                                 || Output: pending
[11/04/2025 03:30:19.505 PM] Message  || User: slayc127            || Channel: #yapper-committee                    || Content: lol
[11/04/2025 03:30:20.570 PM] React+   || User: moineau_l.oiseau    || Channel: #pet-pictures                        || emoji=💖; msg="Milo dump" by hatshura
[11/04/2025 03:30:36.964 PM] Message  || User: izzyballz           || Channel: #yapper-committee                    || Content: laughing at my suffering how dare you
[11/04/2025 03:30:46.245 PM] Message  || User: izzyballz           || Channel: #yapper-committee                    || Content: i will never recover from this loss
[11/04/2025 03:30:52.180 PM] Message  || User: moineau_l.oiseau    || Channel: #yapper-committee                    || Content: I’m not on campus again until 6 but I’ll take a bagel 👀
[11/04/2025 03:30:54.587 PM] Message  || User: slayc127            || Channel: #announcements                       || Content: the president is inhaling ur goods
[11/04/2025 03:31:16.723 PM] React+   || User: moineau_l.oiseau    || Channel: #events                              || emoji=❤️; msg="@Megan [Feeding Head & PR] tysm for maki..." by kukieari
[11/04/2025 03:31:29.333 PM] React+   || User: moineau_l.oiseau    || Channel: #events                              || emoji=❤️; msg="I squeezed him too much while standing a..." by cici4f3
[11/04/2025 03:31:32.008 PM] Message  || User: iliekwatchingnar... || Channel: #feeding-team                        || Content: Greens fed and watered
[11/04/2025 03:31:32.008 PM] Intent   || feed_update               ||                                               || station=Greens; dates=['2025-11-04']
[11/04/2025 03:31:33.673 PM] Action   || Name: sheet_mark          || Trigger: station=Greens date=2025-11-04       || Output: ok
[11/04/2025 03:31:33.673 PM] Action   || Name: feed_update         || Trigger: station=Greens; dates=2025-11-04     || Output: ok
[11/04/2025 03:32:53.111 PM] React+   || User: moineau_l.oiseau    || Channel: #pictures-of-the-cats                || emoji=😭; msg=1435320117285355642
[11/04/2025 03:32:57.124 PM] React+   || User: moineau_l.oiseau    || Channel: #pictures-of-the-cats                || emoji=😭; msg="Poor guy already got kidnapped to go to ..." by .s3j
[11/04/2025 03:33:22.195 PM] React+   || User: moineau_l.oiseau    || Channel: #pictures-of-the-cats                || emoji=<:happycat:834819172546510868>; msg="rubber baby spotted" by simplyshad...
[11/04/2025 03:33:27.774 PM] React+   || User: moineau_l.oiseau    || Channel: #pictures-of-the-cats                || emoji=❤️; msg="Ive heard the voice of angels (microwave..." by m_digio
[11/04/2025 03:33:48.084 PM] React+   || User: moineau_l.oiseau    || Channel: #pictures-of-the-cats                || emoji=❤️; msg="not interested in photos" by simplyshadow171295
[11/04/2025 03:33:48.369 PM] Message  || User: the.lemonade.stand  || Channel: #announcements                       || Content: save me the bagel !
[11/04/2025 03:33:59.684 PM] React+   || User: moineau_l.oiseau    || Channel: #pictures-of-the-cats                || emoji=😆; msg="Turtle" by m_digio
[11/04/2025 03:34:01.568 PM] React+   || User: moineau_l.oiseau    || Channel: #pictures-of-the-cats                || emoji=‼️; msg="Turtle" by m_digio
[11/04/2025 03:34:07.448 PM] React+   || User: moineau_l.oiseau    || Channel: #pictures-of-the-cats                || emoji=🤣; msg="nyoom" by simplyshadow171295
[11/04/2025 03:34:49.159 PM] React+   || User: moineau_l.oiseau    || Channel: #pictures-of-the-cats                || emoji=😭; msg=1435374742180724776
[11/04/2025 03:34:50.888 PM] Message  || User: izzyballz           || Channel: #yapper-committee                    || Content: i am not on my phone but im sending that photo of the man choking hi...
[11/04/2025 03:34:51.581 PM] React+   || User: moineau_l.oiseau    || Channel: #pictures-of-the-cats                || emoji=🫶; msg=1435374742180724776
[11/04/2025 03:34:54.915 PM] Message  || User: izzyballz           || Channel: #yapper-committee                    || Content: real ones know
[11/04/2025 03:36:05.275 PM] React+   || User: moineau_l.oiseau    || Channel: #pictures-of-the-cats                || emoji=💖; msg=1435378267380256818
[11/04/2025 03:36:08.331 PM] React+   || User: moineau_l.oiseau    || Channel: #pictures-of-the-cats                || emoji=🤣; msg="Bro got a soul patch" by a1darek
[11/04/2025 03:36:10.961 PM] React+   || User: moineau_l.oiseau    || Channel: #pictures-of-the-cats                || emoji=‼️; msg="Bro got a soul patch" by a1darek
[11/04/2025 03:36:11.415 PM] React-   || User: unknown             || Channel: #pictures-of-the-cats                || emoji=🤣; msg="Bro got a soul patch" by a1darek
[11/04/2025 03:36:13.436 PM] React+   || User: moineau_l.oiseau    || Channel: #pictures-of-the-cats                || emoji=🤣; msg="Bro got a soul patch" by a1darek
[11/04/2025 03:36:19.347 PM] React+   || User: moineau_l.oiseau    || Channel: #pictures-of-the-cats                || emoji=<:cute:933104767348134018>; msg=1435378267380256818
[11/04/2025 03:36:23.791 PM] React+   || User: moineau_l.oiseau    || Channel: #report-new-cats                     || emoji=😭; msg="A 4th rubber baby has hit the lot 50" by adeyumii
[11/04/2025 03:36:42.208 PM] React+   || User: slayc127            || Channel: #announcements                       || emoji=‼️; msg="save me the bagel !" by the.lemonade.stand
[11/04/2025 03:36:47.661 PM] React+   || User: moineau_l.oiseau    || Channel: #report-new-cats                     || emoji=🎉; msg="Also yes it's 4 kittens for sure. I've j..." by adeyumii
[11/04/2025 03:37:25.967 PM] Message  || User: the_frog.sorcerer   || Channel: #pictures-of-the-cats                || Content: Big stretch after his nap
[11/04/2025 03:37:27.049 PM] Action   || Name: image_intake        || Trigger: channel=551084964318543904           || Output: rows=1
[11/04/2025 03:37:43.358 PM] React+   || User: slayc127            || Channel: #pictures-of-the-cats                || emoji=‼️; msg="Big stretch after his nap" by the_frog.sorcerer
[11/04/2025 03:40:20.169 PM] React+   || User: not_d3fault_1420    || Channel: #pictures-of-the-cats                || emoji=‼️; msg="Big stretch after his nap" by the_frog.sorcerer
[11/04/2025 03:40:53.193 PM] Message  || User: not_d3fault_1420    || Channel: #pictures-of-the-cats                || Content: she's so photogenic omg
[11/04/2025 03:40:53.863 PM] Action   || Name: image_intake        || Trigger: channel=551084964318543904           || Output: rows=1
[11/04/2025 03:42:33.634 PM] React+   || User: m_digio             || Channel: #pictures-of-the-cats                || emoji=‼️; msg="Big stretch after his nap" by the_frog.sorcerer
[11/04/2025 03:42:36.809 PM] React+   || User: m_digio             || Channel: #pictures-of-the-cats                || emoji=❤️; msg="she's so photogenic omg" by not_d3fault_1420
[11/04/2025 03:43:33.300 PM] React+   || User: the_frog.sorcerer   || Channel: #pictures-of-the-cats                || emoji=❤️; msg="she's so photogenic omg" by not_d3fault_1420
[11/04/2025 03:47:39.132 PM] React+   || User: moineau_l.oiseau    || Channel: #executive-board                     || emoji=‼️; msg="It's not as bad but it's a very similar ..." by a1darek
[11/04/2025 03:47:53.507 PM] React+   || User: moineau_l.oiseau    || Channel: #executive-board                     || emoji=❤️; msg="lots of cat fights going on i see. if th..." by celeryiscelery
[11/04/2025 03:48:01.493 PM] React+   || User: moineau_l.oiseau    || Channel: #executive-board                     || emoji=‼️; msg="yes ofc. i’m sorry for my slow responses..." by celeryiscelery
[11/04/2025 03:48:13.760 PM] React+   || User: moineau_l.oiseau    || Channel: #executive-board                     || emoji=‼️; msg="no fr cant they wait until after finals?" by coziidruid
[11/04/2025 03:48:16.318 PM] React+   || User: moineau_l.oiseau    || Channel: #executive-board                     || emoji=🤣; msg="no fr cant they wait until after finals?" by coziidruid
[11/04/2025 03:48:18.792 PM] React+   || User: moineau_l.oiseau    || Channel: #executive-board                     || emoji=<:sobbing:828777375876907038>; msg="no fr cant they wait until after fi...
[11/04/2025 03:49:13.649 PM] React+   || User: moineau_l.oiseau    || Channel: #executive-board                     || emoji=😭; msg="apologizing in advance for the big ass c..." by celeryiscelery
[11/04/2025 03:49:17.253 PM] React+   || User: moineau_l.oiseau    || Channel: #executive-board                     || emoji=‼️; msg="nefarious shaped lump in our funds" by a1darek
[11/04/2025 03:51:15.685 PM] React+   || User: the_frog.sorcerer   || Channel: #pictures-of-the-cats                || emoji=❤️; msg="Ive heard the voice of angels (microwave..." by m_digio
[11/04/2025 03:51:19.932 PM] React+   || User: the_frog.sorcerer   || Channel: #pictures-of-the-cats                || emoji=😭; msg="he's looking especially taxidermied toda..." by adeyumii
[11/04/2025 03:52:16.963 PM] Action   || Name: send_suppressed     || Trigger: ch=1341696618688286720               || Output: Gmail authorization needed. Open and approve, then reply: 'TomCat, au...
[11/04/2025 03:52:16.963 PM] Action   || Name: gmail_auth_url      || Trigger:                                      || Output: https://accounts.google.com/o/oauth2/auth?response_type=code&client_i...
[11/04/2025 03:52:16.963 PM] Action   || Name: gmail_log_scheduler || Trigger: auth                                 || Output: pending
[11/04/2025 03:56:30.877 PM] Message  || User: the_frog.sorcerer   || Channel: #pictures-of-the-cats                || Content: Just to nap again .. real
[11/04/2025 03:56:31.668 PM] Action   || Name: image_intake        || Trigger: channel=551084964318543904           || Output: rows=1
[11/04/2025 03:56:46.036 PM] React+   || User: vasyline            || Channel: #pictures-of-the-cats                || emoji=‼️; msg="Big stretch after his nap" by the_frog.sorcerer
[11/04/2025 04:01:11.002 PM] Action   || Name: send_suppressed     || Trigger: ch=1341696618688286720               || Output: Gmail authorization needed. Open and approve, then reply: 'TomCat, au...
[11/04/2025 04:01:11.002 PM] Action   || Name: gmail_auth_url      || Trigger:                                      || Output: https://accounts.google.com/o/oauth2/auth?response_type=code&client_i...
[11/04/2025 04:01:11.002 PM] Action   || Name: gmail_log_scheduler || Trigger: auth                                 || Output: pending
[11/04/2025 04:01:21.222 PM] Message  || User: m_digio             || Channel: #executive-board                     || Content: @Jacob [Fundraising Officer] howd we do with money?
[11/04/2025 04:01:52.063 PM] Message  || User: celeryiscelery      || Channel: #executive-board                     || Content: 245
[11/04/2025 04:01:58.123 PM] Message  || User: celeryiscelery      || Channel: #executive-board                     || Content: not great but not bad
[11/04/2025 04:02:32.752 PM] Message  || User: m_digio             || Channel: #executive-board                     || Content: slow day and limited items, not bad
[11/04/2025 04:03:45.494 PM] Message  || User: slayc127            || Channel: #purrley-pawsitive-pussy-pals        || Content: kidnapping
[11/04/2025 04:03:56.760 PM] React+   || User: m_digio             || Channel: #purrley-pawsitive-pussy-pals        || emoji=😭; msg="kidnapping" by slayc127
[11/04/2025 04:08:36.351 PM] React+   || User: simplyshadow171295  || Channel: #pictures-of-the-cats                || emoji=😭; msg=1435374742180724776
[11/04/2025 04:08:39.030 PM] React+   || User: simplyshadow171295  || Channel: #pictures-of-the-cats                || emoji=🫶; msg=1435374742180724776
[11/04/2025 04:09:30.636 PM] React+   || User: simplyshadow171295  || Channel: #pictures-of-the-cats                || emoji=‼️; msg="Big stretch after his nap" by the_frog.sorcerer
[11/04/2025 04:09:33.049 PM] React+   || User: simplyshadow171295  || Channel: #pictures-of-the-cats                || emoji=❤️; msg="she's so photogenic omg" by not_d3fault_1420
[11/04/2025 04:09:35.944 PM] React+   || User: simplyshadow171295  || Channel: #pictures-of-the-cats                || emoji=‼️; msg="Just to nap again .. real" by the_frog.sorcerer
[11/04/2025 04:10:16.031 PM] Message  || User: simplyshadow171295  || Channel: #pictures-of-the-cats                || Content: girl’s got PEEPERS
[11/04/2025 04:13:18.718 PM] React+   || User: lemonelon_          || Channel: #feeding-team                        || emoji=‼️; msg="Hey yall, not to publicly shame, but rem..." by bubblebee5866
[11/04/2025 04:13:47.965 PM] Message  || User: frostfire312        || Channel: #feeding-team                        || Content: Has anyone ever spotted cats at HOP?
[11/04/2025 04:13:47.965 PM] Action   || Name: feed_pending_set    || Trigger: ch=643586809166561310; user=64213... || Output: stations=HOP; text=Has anyone ever spotted cats at HOP?
[11/04/2025 04:13:54.396 PM] Message  || User: adeyumii            || Channel: #feeding-team                        || Content: ye
[11/04/2025 04:13:57.037 PM] Message  || User: slayc127            || Channel: #purrley-pawsitive-pussy-pals        || Content: (no text; attachments=1)
[11/04/2025 04:14:01.847 PM] Message  || User: adeyumii            || Channel: #feeding-team                        || Content: theres quite a few of them actually
[11/04/2025 04:14:08.762 PM] Message  || User: adeyumii            || Channel: #feeding-team                        || Content: scringle, scringus, scraggle, ernie, ummm
[11/04/2025 04:14:19.079 PM] Message  || User: blank_name0         || Channel: #feeding-team                        || Content: Same I only saw one tho
[11/04/2025 04:14:20.610 PM] React+   || User: m_digio             || Channel: #purrley-pawsitive-pussy-pals        || emoji=❤️; msg=1435391650389299210
[11/04/2025 04:14:52.623 PM] Message  || User: adeyumii            || Channel: #feeding-team                        || Content: i lied theres no one named scringus
[11/04/2025 04:14:52.861 PM] Message  || User: adeyumii            || Channel: #feeding-team                        || Content: its dingus, not scringus
[11/04/2025 04:15:19.722 PM] Message  || User: blank_name0         || Channel: #feeding-team                        || Content: It was an black and white cat I aslo saw possums and raccoon
[11/04/2025 04:17:46.938 PM] Message  || User: _rambone_           || Channel: #executive-board                     || Content: Is that including what Megan sent us?
[11/04/2025 04:18:09.657 PM] React+   || User: _rambone_           || Channel: #purrley-pawsitive-pussy-pals        || emoji=❤️; msg=1435391650389299210
[11/04/2025 04:22:16.221 PM] React+   || User: blank_name0         || Channel: #feeding-team                        || emoji=<:SHAME:1418029043399266355>; msg="everyone throw tomatoes at me" by iz...
[11/04/2025 04:23:07.487 PM] Message  || User: blank_name0         || Channel: #feeding-team                        || Content: @active feeders Can someone please feed microwave and HOP
[11/04/2025 04:23:07.493 PM] Intent   || sub_request               ||                                               || station=HOP
[11/04/2025 04:23:07.530 PM] Action   || Name: sub_request         || Trigger: station=HOP; dates=2025-11-04        || Output: status=logged; trigger=; text=<@&933465874860494989> Can someone plea...
[11/04/2025 04:23:07.562 PM] Action   || Name: sub_request         || Trigger: station=Microwave; dates=2025-11-04  || Output: status=logged; trigger=; text=<@&933465874860494989> Can someone plea...
[11/04/2025 04:23:42.047 PM] Message  || User: simplyshadow171295  || Channel: #feeding-team                        || Content: ernie!
[11/04/2025 04:23:55.162 PM] Message  || User: le_nuit_sans_fin    || Channel: #feeding-team                        || Content: I can get heights
[11/04/2025 04:23:55.162 PM] Action   || Name: feed_pending_set    || Trigger: ch=643586809166561310; user=69072... || Output: stations=HOP; text=I can get heights
[11/04/2025 04:24:24.747 PM] Message  || User: blank_name0         || Channel: #feeding-team                        || Content: Thank you so much
[11/04/2025 04:24:36.941 PM] Message  || User: le_nuit_sans_fin    || Channel: #feeding-team                        || Content: No problem
[11/04/2025 04:24:38.532 PM] Message  || User: le_nuit_sans_fin    || Channel: #feeding-team                        || Content: :D
[11/04/2025 04:24:47.227 PM] Message  || User: kukieari            || Channel: #yapper-committee                    || Content: (no text; attachments=1)
[11/04/2025 04:24:49.472 PM] Message  || User: kukieari            || Channel: #yapper-committee                    || Content: i gotchu
[11/04/2025 04:26:28.932 PM] Message  || User: slayc127            || Channel: #yapper-committee                    || Content: I DIDNT SEE THISSSSS
[11/04/2025 04:26:43.923 PM] Message  || User: slayc127            || Channel: #yapper-committee                    || Content: someone might still bw in the lounge then :3 cel was there before we...
[11/04/2025 04:26:56.184 PM] Message  || User: void_now            || Channel: #feeding-team                        || Content: Was this him
[11/04/2025 04:27:25.701 PM] React+   || User: nostalgicsapphic    || Channel: #purrley-pawsitive-pussy-pals        || emoji=😭; msg="kidnapping" by slayc127
[11/04/2025 04:27:27.515 PM] React+   || User: nostalgicsapphic    || Channel: #purrley-pawsitive-pussy-pals        || emoji=❤️; msg=1435391650389299210
[11/04/2025 04:29:16.560 PM] Message  || User: izzyballz           || Channel: #pictures-of-the-cats                || Content: i’m crying what’s her problem
[11/04/2025 04:29:40.639 PM] Message  || User: celeryiscelery      || Channel: #executive-board                     || Content: tis not
[11/04/2025 04:30:02.784 PM] React+   || User: slayc127            || Channel: #pictures-of-the-cats                || emoji=😭; msg=1435374742180724776
[11/04/2025 04:30:03.101 PM] React+   || User: slayc127            || Channel: #pictures-of-the-cats                || emoji=🫶; msg=1435374742180724776
[11/04/2025 04:30:57.215 PM] React+   || User: _costco_wholesale_  || Channel: #pictures-of-the-cats                || emoji=😭; msg=1435374742180724776
[11/04/2025 04:31:00.953 PM] React+   || User: _costco_wholesale_  || Channel: #pictures-of-the-cats                || emoji=🤣; msg="nyoom" by simplyshadow171295
[11/04/2025 04:32:10.576 PM] React+   || User: _costco_wholesale_  || Channel: #pet-pictures                        || emoji=💖; msg="Milo dump" by hatshura
[11/04/2025 04:32:34.117 PM] Message  || User: moineau_l.oiseau    || Channel: #yapper-committee                    || Content: Tempting <:balls:949786884979167253>
[11/04/2025 04:32:56.822 PM] Message  || User: moineau_l.oiseau    || Channel: #yapper-committee                    || Content: I would fight carbart for a bagel
[11/04/2025 04:33:17.661 PM] React+   || User: slayc127            || Channel: #yapper-committee                    || emoji=‼️; msg="I would fight carbart for a bagel" by moineau_l.oiseau
[11/04/2025 04:34:13.793 PM] React+   || User: the_frog.sorcerer   || Channel: #itty-bitty-kitty-commitee           || emoji=‼️; msg="got bit by a cat my first year and my ha..." by slayc127
[11/04/2025 04:34:20.238 PM] Message  || User: cici4f3             || Channel: #feeding-team                        || Content: I can do mike
[11/04/2025 04:34:20.238 PM] Action   || Name: feed_pending_set    || Trigger: ch=643586809166561310; user=34238... || Output: stations=Microwave; text=I can do mike
[11/04/2025 04:36:21.832 PM] Message  || User: the_frog.sorcerer   || Channel: #itty-bitty-kitty-commitee           || Content: My cat deeply scratched by my ankle ,, it got infected and i had to ...
[11/04/2025 04:36:26.619 PM] React+   || User: the_frog.sorcerer   || Channel: #itty-bitty-kitty-commitee           || emoji=👍; msg="ill let u guys know what happens" by kukieari
[11/04/2025 04:36:55.095 PM] React+   || User: void_now            || Channel: #itty-bitty-kitty-commitee           || emoji=✅; msg="My cat deeply scratched by my ankle ,, i..." by the_frog.sorcerer
[11/04/2025 04:36:56.388 PM] React-   || User: unknown             || Channel: #itty-bitty-kitty-commitee           || emoji=✅; msg="My cat deeply scratched by my ankle ,, i..." by the_frog.sorcerer
[11/04/2025 04:36:57.856 PM] React+   || User: void_now            || Channel: #itty-bitty-kitty-commitee           || emoji=😭; msg="My cat deeply scratched by my ankle ,, i..." by the_frog.sorcerer
[11/04/2025 04:36:58.040 PM] React+   || User: emlenisgremlin      || Channel: #feeding-team                        || emoji=🍅; msg="everyone throw tomatoes at me" by izzyballz
[11/04/2025 04:36:58.696 PM] Message  || User: void_now            || Channel: #itty-bitty-kitty-commitee           || Content: OW
[11/04/2025 04:37:02.376 PM] Message  || User: the_frog.sorcerer   || Channel: #itty-bitty-kitty-commitee           || Content: Felt like a ziplock bag full of water was taped to the top of my foot
[11/04/2025 04:37:07.926 PM] Message  || User: coziidruid          || Channel: #executive-board                     || Content: oh the petsmart one??
[11/04/2025 04:37:19.879 PM] Message  || User: coziidruid          || Channel: #executive-board                     || Content: i just saw that email i was abt to share lol
[11/04/2025 04:37:48.844 PM] Message  || User: m_digio             || Channel: #executive-board                     || Content: So 245+53
[11/04/2025 04:38:13.087 PM] React+   || User: m_digio             || Channel: #pictures-of-the-cats                || emoji=😭; msg=1435374742180724776
[11/04/2025 04:38:13.667 PM] React+   || User: m_digio             || Channel: #pictures-of-the-cats                || emoji=🫶; msg=1435374742180724776
[11/04/2025 04:38:21.457 PM] React+   || User: m_digio             || Channel: #pictures-of-the-cats                || emoji=👁️; msg=1435374742180724776
[11/04/2025 04:38:22.754 PM] Message  || User: bubblebee5866       || Channel: #feeding-team                        || Content: pppppppppppppppppppppppppppppppppppppppp;
[11/04/2025 04:38:27.499 PM] React+   || User: m_digio             || Channel: #pictures-of-the-cats                || emoji=❤️; msg="lot 50" by adeyumii
[11/04/2025 04:38:32.321 PM] Message  || User: bubblebee5866       || Channel: #feeding-team                        || Content: sorry that was my cat
[11/04/2025 04:38:37.912 PM] React+   || User: _costco_wholesale_  || Channel: #feeding-team                        || emoji=🇵; msg="pppppppppppppppppppppppppppppppppppppppp..." by bubblebee5866
[11/04/2025 04:38:42.187 PM] React+   || User: m_digio             || Channel: #feeding-team                        || emoji=🇵; msg="pppppppppppppppppppppppppppppppppppppppp..." by bubblebee5866
[11/04/2025 04:38:42.283 PM] React+   || User: _costco_wholesale_  || Channel: #feeding-team                        || emoji=🔥; msg="pppppppppppppppppppppppppppppppppppppppp..." by bubblebee5866
[11/04/2025 04:38:50.159 PM] Message  || User: m_digio             || Channel: #feeding-team                        || Content: What's your cats name
[11/04/2025 04:38:51.129 PM] React+   || User: m_digio             || Channel: #feeding-team                        || emoji=🔥; msg="pppppppppppppppppppppppppppppppppppppppp..." by bubblebee5866
[11/04/2025 04:38:51.964 PM] Message  || User: _costco_wholesale_  || Channel: #feeding-team                        || Content: cats got a way with words
[11/04/2025 04:38:59.612 PM] Message  || User: bubblebee5866       || Channel: #feeding-team                        || Content: Moonie
[11/04/2025 04:39:08.184 PM] Message  || User: _costco_wholesale_  || Channel: #feeding-team                        || Content: AWW
[11/04/2025 04:39:08.331 PM] Message  || User: m_digio             || Channel: #feeding-team                        || Content: Hello moonie!!
[11/04/2025 04:39:21.152 PM] Message  || User: bubblebee5866       || Channel: #feeding-team                        || Content: youre so right, he should do poetry
[11/04/2025 04:40:17.351 PM] Action   || Name: send_suppressed     || Trigger: ch=1341696618688286720               || Output: Gmail authorization needed. Open and approve, then reply: 'TomCat, au...
[11/04/2025 04:40:17.351 PM] Action   || Name: gmail_auth_url      || Trigger:                                      || Output: https://accounts.google.com/o/oauth2/auth?response_type=code&client_i...
[11/04/2025 04:40:17.351 PM] Action   || Name: gmail_log_scheduler || Trigger: auth                                 || Output: pending
[11/04/2025 04:40:26.887 PM] Action   || Name: send_suppressed     || Trigger: ch=1341696618688286720               || Output: Gmail authorization needed. Open and approve, then reply: 'TomCat, au...
[11/04/2025 04:40:26.889 PM] Action   || Name: gmail_auth_url      || Trigger:                                      || Output: https://accounts.google.com/o/oauth2/auth?response_type=code&client_i...
[11/04/2025 04:40:26.889 PM] Action   || Name: gmail_log_scheduler || Trigger: auth                                 || Output: pending
[11/04/2025 04:42:04.231 PM] React+   || User: slayc127            || Channel: #itty-bitty-kitty-commitee           || emoji=😭; msg="My cat deeply scratched by my ankle ,, i..." by the_frog.sorcerer
[11/04/2025 04:42:04.458 PM] React+   || User: the_frog.sorcerer   || Channel: #yapper-committee                    || emoji=‼️; msg="I would fight carbart for a bagel" by moineau_l.oiseau
[11/04/2025 04:42:31.346 PM] Message  || User: slayc127            || Channel: #feeding-team                        || Content: @Atlas ᓚᘏᗢ omw back deowm
[11/04/2025 04:42:41.674 PM] React+   || User: simplyshadow171295  || Channel: #feeding-team                        || emoji=🎉; msg="@Atlas ᓚᘏᗢ omw back deowm" by slayc127
[11/04/2025 04:42:47.032 PM] React+   || User: simplyshadow171295  || Channel: #feeding-team                        || emoji=🇵; msg="pppppppppppppppppppppppppppppppppppppppp..." by bubblebee5866
[11/04/2025 04:42:47.923 PM] React+   || User: simplyshadow171295  || Channel: #feeding-team                        || emoji=🔥; msg="pppppppppppppppppppppppppppppppppppppppp..." by bubblebee5866
[11/04/2025 04:42:48.128 PM] React-   || User: unknown             || Channel: #feeding-team                        || emoji=🔥; msg="pppppppppppppppppppppppppppppppppppppppp..." by bubblebee5866
[11/04/2025 04:42:48.969 PM] React+   || User: simplyshadow171295  || Channel: #feeding-team                        || emoji=🔥; msg="pppppppppppppppppppppppppppppppppppppppp..." by bubblebee5866
[11/04/2025 04:42:58.937 PM] React+   || User: blank_name0         || Channel: #feeding-team                        || emoji=🔥; msg="pppppppppppppppppppppppppppppppppppppppp..." by bubblebee5866
[11/04/2025 04:43:13.714 PM] React+   || User: blank_name0         || Channel: #feeding-team                        || emoji=❤️; msg="Was this him" by void_now
[11/04/2025 04:43:51.952 PM] React+   || User: bubblebee5866       || Channel: #pet-pictures                        || emoji=😭; msg="holly regretting ever letting me touch h..." by simplyshadow171295
[11/04/2025 04:44:13.511 PM] React+   || User: bubblebee5866       || Channel: #pet-pictures                        || emoji=🦞; msg=1433964491531620423
[11/04/2025 04:44:16.243 PM] React+   || User: bubblebee5866       || Channel: #pet-pictures                        || emoji=😆; msg="Let's call him a mummy" by .s3j
[11/04/2025 04:44:30.327 PM] React+   || User: bubblebee5866       || Channel: #pet-pictures                        || emoji=❤️; msg="He's going to an art market with Soraya ..." by reyesthighs
[11/04/2025 04:45:08.279 PM] React+   || User: bubblebee5866       || Channel: #pet-pictures                        || emoji=💖; msg="Milo dump" by hatshura
[11/04/2025 04:45:16.324 PM] React+   || User: bubblebee5866       || Channel: #pet-pictures                        || emoji=❤️; msg=1435153005946077236
[11/04/2025 04:45:20.883 PM] Action   || Name: send_suppressed     || Trigger: ch=1341696618688286720               || Output: Gmail authorization needed. Open and approve, then reply: 'TomCat, au...
[11/04/2025 04:45:20.886 PM] Action   || Name: gmail_auth_url      || Trigger:                                      || Output: https://accounts.google.com/o/oauth2/auth?response_type=code&client_i...
[11/04/2025 04:45:20.886 PM] Action   || Name: gmail_log_scheduler || Trigger: auth                                 || Output: pending
[11/04/2025 04:45:24.005 PM] React+   || User: bubblebee5866       || Channel: #pet-pictures                        || emoji=😆; msg="Teehee" by m_digio
[11/04/2025 04:45:28.911 PM] React+   || User: bubblebee5866       || Channel: #pet-pictures                        || emoji=❤️; msg="update: she has been declared as an engl..." by a1darek
[11/04/2025 04:45:45.171 PM] React+   || User: coziidruid          || Channel: #executive-board                     || emoji=‼️; msg="So 245+53" by m_digio
[11/04/2025 04:46:12.258 PM] React+   || User: bubblebee5866       || Channel: #pet-pictures                        || emoji=❤️; msg=1434629853432385748
[11/04/2025 04:47:38.809 PM] Message  || User: celeryiscelery      || Channel: #executive-board                     || Content: cashapp is me
[11/04/2025 04:47:42.039 PM] Message  || User: kukieari            || Channel: #itty-bitty-kitty-commitee           || Content: update, she got it cleaned and stuff now shes at work
[11/04/2025 04:47:53.285 PM] React+   || User: the_frog.sorcerer   || Channel: #itty-bitty-kitty-commitee           || emoji=❤️; msg="update, she got it cleaned and stuff now..." by kukieari
[11/04/2025 04:48:10.891 PM] Message  || User: celeryiscelery      || Channel: #executive-board                     || Content: does anyone know the cashapp pin?
[11/04/2025 04:48:29.787 PM] Message  || User: celeryiscelery      || Channel: #executive-board                     || Content: i lied
[11/04/2025 04:49:40.070 PM] React+   || User: .bettercalljack     || Channel: #pictures-of-the-cats                || emoji=<:happycat:834819172546510868>; msg="rubber baby spotted" by simplyshad...
[11/04/2025 04:50:09.405 PM] React+   || User: slayc127            || Channel: #itty-bitty-kitty-commitee           || emoji=❤️; msg="update, she got it cleaned and stuff now..." by kukieari
[11/04/2025 04:51:31.294 PM] Message  || User: baseketballin       || Channel: #pictures-of-the-cats                || Content: nonchalant ahh coba cats
[11/04/2025 04:51:32.059 PM] Action   || Name: image_intake        || Trigger: channel=551084964318543904           || Output: rows=2
[11/04/2025 04:52:12.490 PM] React+   || User: slayc127            || Channel: #pictures-of-the-cats                || emoji=😆; msg="nonchalant ahh coba cats" by baseketballin
[11/04/2025 04:52:33.387 PM] Message  || User: simplyshadow171295  || Channel: #pictures-of-the-cats                || Content: she hates kaz
[11/04/2025 04:52:34.381 PM] Action   || Name: image_intake        || Trigger: channel=551084964318543904           || Output: rows=1
[11/04/2025 04:52:48.301 PM] Message  || User: _costco_wholesale_  || Channel: #pictures-of-the-cats                || Content: rip
[11/04/2025 04:54:28.995 PM] Message  || User: slayc127            || Channel: #pictures-of-the-cats                || Content: so unfortunate
[11/04/2025 04:54:58.723 PM] Message  || User: cici4f3             || Channel: #yapper-committee                    || Content: annoying guys in the general library area with a camera watch out y'all
[11/04/2025 04:55:09.126 PM] Message  || User: izzyballz           || Channel: #yapper-committee                    || Content: sighhhhhhhh
[11/04/2025 04:56:36.423 PM] Message  || User: le_nuit_sans_fin    || Channel: #feeding-team                        || Content: Heights on pecan fed and water changed
[11/04/2025 04:56:36.423 PM] Action   || Name: feed_pending_exp... || Trigger: ch=643586809166561310; user=69072... || Output: 
[11/04/2025 04:56:36.435 PM] Intent   || feed_update               ||                                               || station=HOP; dates=['2025-11-04']
[11/04/2025 04:56:37.973 PM] Action   || Name: sheet_mark          || Trigger: station=HOP date=2025-11-04          || Output: ok
[11/04/2025 04:56:37.973 PM] Action   || Name: feed_update         || Trigger: station=HOP; dates=2025-11-04        || Output: ok
[11/04/2025 04:57:01.820 PM] React+   || User: blank_name0         || Channel: #feeding-team                        || emoji=❤️; msg="Heights on pecan fed and water changed" by le_nuit_sans_fin
[11/04/2025 04:57:28.732 PM] React+   || User: vasyline            || Channel: #feeding-team                        || emoji=🇵; msg="pppppppppppppppppppppppppppppppppppppppp..." by bubblebee5866
[11/04/2025 04:57:38.208 PM] Message  || User: le_nuit_sans_fin    || Channel: #feeding-team                        || Content: (no text; attachments=1)
[11/04/2025 04:57:38.653 PM] Message  || User: le_nuit_sans_fin    || Channel: #feeding-team                        || Content: Friend
[11/04/2025 04:57:45.452 PM] Message  || User: adeyumii            || Channel: #yapper-committee                    || Content: sigh
[11/04/2025 04:57:50.689 PM] Message  || User: le_nuit_sans_fin    || Channel: #pictures-of-the-cats                || Content: (no text; attachments=1)
[11/04/2025 04:57:51.720 PM] Action   || Name: image_intake        || Trigger: channel=551084964318543904           || Output: rows=1
[11/04/2025 04:57:54.802 PM] Message  || User: adeyumii            || Channel: #feeding-team                        || Content: scringle
[11/04/2025 04:58:03.020 PM] Message  || User: le_nuit_sans_fin    || Channel: #pictures-of-the-cats                || Content: Friend
[11/04/2025 05:00:56.496 PM] Message  || User: cici4f3             || Channel: #feeding-team                        || Content: psycho mycho fed
[11/04/2025 05:00:56.496 PM] Action   || Name: feed_pending_exp... || Trigger: ch=643586809166561310; user=34238... || Output: 
[11/04/2025 05:01:44.320 PM] Message  || User: the_frog.sorcerer   || Channel: #yapper-committee                    || Content: There are some guys with a camera by me too
[11/04/2025 05:02:04.767 PM] Message  || User: the_frog.sorcerer   || Channel: #yapper-committee                    || Content: By microwaves house
[11/04/2025 05:02:34.567 PM] Message  || User: simplyshadow171295  || Channel: #pictures-of-the-cats                || Content: scringle
[11/04/2025 05:03:28.979 PM] Message  || User: cici4f3             || Channel: #pictures-of-the-cats                || Content: (no text; attachments=2)
[11/04/2025 05:03:29.770 PM] Action   || Name: image_intake        || Trigger: channel=551084964318543904           || Output: rows=2
[11/04/2025 05:03:50.421 PM] Message  || User: baseketballin       || Channel: #itty-bitty-kitty-commitee           || Content: omg u swam during hs as well??
[11/04/2025 05:03:56.839 PM] Message  || User: cici4f3             || Channel: #yapper-committee                    || Content: oh that's crazy I was just there too
[11/04/2025 05:04:06.583 PM] Message  || User: the_frog.sorcerer   || Channel: #itty-bitty-kitty-commitee           || Content: Yessss and middle school
[11/04/2025 05:04:26.654 PM] Message  || User: baseketballin       || Channel: #itty-bitty-kitty-commitee           || Content: LOLLL ME TOO
[11/04/2025 05:04:30.896 PM] Message  || User: baseketballin       || Channel: #itty-bitty-kitty-commitee           || Content: it was the best
[11/04/2025 05:04:59.725 PM] Message  || User: baseketballin       || Channel: #itty-bitty-kitty-commitee           || Content: lowk joined for the varsity jacket but i didnt say that 🥲
[11/04/2025 05:06:23.943 PM] Message  || User: the_frog.sorcerer   || Channel: #itty-bitty-kitty-commitee           || Content: Lollll fair
[11/04/2025 05:06:29.440 PM] React+   || User: .bettercalljack     || Channel: #itty-bitty-kitty-commitee           || emoji=😭; msg="My cat deeply scratched by my ankle ,, i..." by the_frog.sorcerer
[11/04/2025 05:06:47.855 PM] Message  || User: the_frog.sorcerer   || Channel: #itty-bitty-kitty-commitee           || Content: What highschool ?
[11/04/2025 05:07:12.710 PM] Message  || User: baseketballin       || Channel: #itty-bitty-kitty-commitee           || Content: plano east 😋
[11/04/2025 05:07:15.828 PM] Message  || User: baseketballin       || Channel: #itty-bitty-kitty-commitee           || Content: you ?
[11/04/2025 05:07:26.482 PM] Message  || User: the_frog.sorcerer   || Channel: #itty-bitty-kitty-commitee           || Content: South Grand Prairie
[11/04/2025 05:07:36.043 PM] Message  || User: baseketballin       || Channel: #itty-bitty-kitty-commitee           || Content: ohhh ic ic
[11/04/2025 05:08:00.978 PM] Message  || User: the_frog.sorcerer   || Channel: #itty-bitty-kitty-commitee           || Content: We had to have competed against each other perhaps
[11/04/2025 05:08:05.526 PM] Message  || User: slayc127            || Channel: #purrley-pawsitive-pussy-pals        || Content: was able to spot cel bc of the moneyboxes
[11/04/2025 05:08:09.695 PM] Message  || User: slayc127            || Channel: #purrley-pawsitive-pussy-pals        || Content: funny
[11/04/2025 05:08:13.797 PM] Message  || User: baseketballin       || Channel: #itty-bitty-kitty-commitee           || Content: hmmm
[11/04/2025 05:08:20.207 PM] Message  || User: baseketballin       || Channel: #itty-bitty-kitty-commitee           || Content: what division r u in
[11/04/2025 05:08:25.064 PM] Message  || User: baseketballin       || Channel: #itty-bitty-kitty-commitee           || Content: i was in 6a
[11/04/2025 05:08:35.402 PM] Message  || User: slayc127            || Channel: #yapper-committee                    || Content: huh
[11/04/2025 05:08:36.667 PM] Message  || User: the_frog.sorcerer   || Channel: #itty-bitty-kitty-commitee           || Content: I think we were 6a
[11/04/2025 05:09:45.742 PM] Message  || User: the_frog.sorcerer   || Channel: #itty-bitty-kitty-commitee           || Content: Yes google says 6a (never paid attention to that)
[11/04/2025 05:09:59.702 PM] Message  || User: baseketballin       || Channel: #itty-bitty-kitty-commitee           || Content: ohh ic
[11/04/2025 05:10:02.759 PM] Message  || User: baseketballin       || Channel: #itty-bitty-kitty-commitee           || Content: wait
[11/04/2025 05:10:06.982 PM] Message  || User: baseketballin       || Channel: #itty-bitty-kitty-commitee           || Content: what events did u do
[11/04/2025 05:10:46.408 PM] Message  || User: the_frog.sorcerer   || Channel: #itty-bitty-kitty-commitee           || Content: Usually 500 free backstroke 200 and some relays
[11/04/2025 05:10:57.158 PM] Message  || User: baseketballin       || Channel: #itty-bitty-kitty-commitee           || Content: i did majority 50 fr and 100 fr + relays
[11/04/2025 05:11:06.416 PM] Message  || User: the_frog.sorcerer   || Channel: #itty-bitty-kitty-commitee           || Content: Ohhhh ok i see u
[11/04/2025 05:11:34.982 PM] Message  || User: baseketballin       || Channel: #itty-bitty-kitty-commitee           || Content: im not the greatest distance swimmer i fear  🥲
[11/04/2025 05:11:48.212 PM] Message  || User: the_frog.sorcerer   || Channel: #itty-bitty-kitty-commitee           || Content: Im definitely not a sprinter
[11/04/2025 05:11:56.044 PM] Message  || User: baseketballin       || Channel: #itty-bitty-kitty-commitee           || Content: i threw up my first 500 fr event
[11/04/2025 05:12:03.380 PM] Message  || User: baseketballin       || Channel: #itty-bitty-kitty-commitee           || Content: like i hopped out after
[11/04/2025 05:12:07.725 PM] Message  || User: baseketballin       || Channel: #itty-bitty-kitty-commitee           || Content: ran to the restroom
[11/04/2025 05:12:08.322 PM] Message  || User: the_frog.sorcerer   || Channel: #itty-bitty-kitty-commitee           || Content: yeah sounds about right 😭
[11/04/2025 05:12:10.002 PM] Message  || User: baseketballin       || Channel: #itty-bitty-kitty-commitee           || Content: threw up
[11/04/2025 05:12:20.051 PM] Message  || User: baseketballin       || Channel: #itty-bitty-kitty-commitee           || Content: walked out to talk to my coaches 😬
[11/04/2025 05:12:54.328 PM] Message  || User: the_frog.sorcerer   || Channel: #itty-bitty-kitty-commitee           || Content: I kept my hair very long and consistently lost my swim cap , goggles...
[11/04/2025 05:13:13.792 PM] Message  || User: the_frog.sorcerer   || Channel: #itty-bitty-kitty-commitee           || Content: Like within 150
[11/04/2025 05:13:34.386 PM] Message  || User: celeryiscelery      || Channel: #purrley-pawsitive-pussy-pals        || Content: got damn pepto bismol boxes 😭
[11/04/2025 05:13:40.373 PM] React+   || User: slayc127            || Channel: #purrley-pawsitive-pussy-pals        || emoji=😆; msg="got damn pepto bismol boxes 😭" by celeryiscelery
[11/04/2025 05:13:43.585 PM] Message  || User: baseketballin       || Channel: #itty-bitty-kitty-commitee           || Content: oh nooo 😭
[11/04/2025 05:13:46.300 PM] Message  || User: slayc127            || Channel: #purrley-pawsitive-pussy-pals        || Content: we ♥️ them
[11/04/2025 05:14:24.017 PM] Message  || User: baseketballin       || Channel: #itty-bitty-kitty-commitee           || Content: yeah it would always suck when you dive in and the goggles fall off ...
[11/04/2025 05:15:11.567 PM] Message  || User: baseketballin       || Channel: #itty-bitty-kitty-commitee           || Content: that also happened during my 500 😞
[11/04/2025 05:15:19.012 PM] Message  || User: baseketballin       || Channel: #itty-bitty-kitty-commitee           || Content: first 50 or 100
[11/04/2025 05:15:36.043 PM] Message  || User: baseketballin       || Channel: #itty-bitty-kitty-commitee           || Content: i would pick up swim again ngl if the pool hours werent weird here
[11/04/2025 05:15:58.267 PM] Message  || User: the_frog.sorcerer   || Channel: #itty-bitty-kitty-commitee           || Content: I learned better hair tying techniques by junior year but also the f...
[11/04/2025 05:16:09.335 PM] Message  || User: the_frog.sorcerer   || Channel: #itty-bitty-kitty-commitee           || Content: YEAH SAME
[11/04/2025 05:16:53.634 PM] Message  || User: the_frog.sorcerer   || Channel: #itty-bitty-kitty-commitee           || Content: Swim is one of the only sports i can do bc i have deformed knees 😭😭
[11/04/2025 05:17:11.297 PM] React+   || User: the_frog.sorcerer   || Channel: #itty-bitty-kitty-commitee           || emoji=‼️; msg="i would pick up swim again ngl if the po..." by baseketballin
[11/04/2025 05:21:00.679 PM] React+   || User: baseketballin       || Channel: #itty-bitty-kitty-commitee           || emoji=❤️; msg="I learned better hair tying techniques b..." by the_frog.sorcerer
[11/04/2025 05:21:25.367 PM] Message  || User: kitadan             || Channel: #feeding-team                        || Content: Zen fed.
[11/04/2025 05:21:25.367 PM] Intent   || feed_update               ||                                               || station=Mary Kay and Zen; dates=['2025-11-04']
[11/04/2025 05:21:27.037 PM] Action   || Name: sheet_mark          || Trigger: station=Mary Kay and Zen date=202... || Output: ok
[11/04/2025 05:21:27.037 PM] Action   || Name: feed_update         || Trigger: station=Mary Kay and Zen; dates=2... || Output: ok
[11/04/2025 05:21:35.594 PM] React+   || User: baseketballin       || Channel: #itty-bitty-kitty-commitee           || emoji=❤️; msg="Swim is one of the only sports i can do ..." by the_frog.sorcerer
[11/04/2025 05:21:43.164 PM] React+   || User: kitadan             || Channel: #pictures-of-the-cats                || emoji=❤️; msg="she's so photogenic omg" by not_d3fault_1420
[11/04/2025 05:21:51.384 PM] Message  || User: kitadan             || Channel: #pictures-of-the-cats                || Content: (no text; attachments=1)
[11/04/2025 05:21:52.100 PM] Action   || Name: image_intake        || Trigger: channel=551084964318543904           || Output: rows=1
[11/04/2025 05:23:07.771 PM] Message  || User: kitadan             || Channel: #yapper-committee                    || Content: I left my apartment at 9:45 am this morning.  I have not been back t...
[11/04/2025 05:23:11.132 PM] Message  || User: simplyshadow171295  || Channel: #pictures-of-the-cats                || Content: she’s got at least one leg
[11/04/2025 05:23:11.723 PM] Action   || Name: image_intake        || Trigger: channel=551084964318543904           || Output: rows=1
[11/04/2025 05:23:42.384 PM] React+   || User: the_frog.sorcerer   || Channel: #yapper-committee                    || emoji=<:sad_cat:828777514335600641>; msg="I left my apartment at 9:45 am this...
[11/04/2025 05:23:44.241 PM] React+   || User: simplyshadow171295  || Channel: #yapper-committee                    || emoji=<:sad_cat:828777514335600641>; msg="I left my apartment at 9:45 am this...
[11/04/2025 05:23:51.665 PM] Message  || User: simplyshadow171295  || Channel: #yapper-committee                    || Content: horrible
[11/04/2025 05:23:57.114 PM] Message  || User: _costco_wholesale_  || Channel: #pictures-of-the-cats                || Content: we’ve got the campus cangaroo coalition
[11/04/2025 05:24:21.092 PM] React+   || User: simplyshadow171295  || Channel: #pictures-of-the-cats                || emoji=😭; msg="we’ve got the campus cangaroo coalition" by _costco_wholesale_
[11/04/2025 05:24:48.605 PM] Message  || User: simplyshadow171295  || Channel: #pictures-of-the-cats                || Content: she’s so cute
[11/04/2025 05:24:49.334 PM] Action   || Name: image_intake        || Trigger: channel=551084964318543904           || Output: rows=1
[11/04/2025 05:25:11.001 PM] Message  || User: _costco_wholesale_  || Channel: #pictures-of-the-cats                || Content: (no text; attachments=1)
[11/04/2025 05:29:18.411 PM] Message  || User: _costco_wholesale_  || Channel: #pictures-of-the-cats                || Content: SHES SO PRETTY
[11/04/2025 05:29:19.262 PM] Action   || Name: image_intake        || Trigger: channel=551084964318543904           || Output: rows=1
[11/04/2025 05:29:29.900 PM] Message  || User: adeyumii            || Channel: #feeding-team                        || Content: is that noir's tail i see
[11/04/2025 05:30:20.851 PM] Message  || User: simplyshadow171295  || Channel: #pictures-of-the-cats                || Content: she’s self aware now (she saw her reflection)
[11/04/2025 05:30:21.457 PM] Action   || Name: image_intake        || Trigger: channel=551084964318543904           || Output: rows=1
[11/04/2025 05:30:42.302 PM] Message  || User: simplyshadow171295  || Channel: #pictures-of-the-cats                || Content: one void and no more
[11/04/2025 05:30:42.876 PM] Action   || Name: image_intake        || Trigger: channel=551084964318543904           || Output: rows=1
[11/04/2025 05:30:47.568 PM] Message  || User: adeyumii            || Channel: #pictures-of-the-cats                || Content: she looks like she finally got her turn for the orange braincell
[11/04/2025 05:30:51.024 PM] React+   || User: simplyshadow171295  || Channel: #pictures-of-the-cats                || emoji=‼️; msg="she looks like she finally got her turn ..." by adeyumii
[11/04/2025 05:31:01.459 PM] Message  || User: void_now            || Channel: #pictures-of-the-cats                || Content: The voids poor nose ):
[11/04/2025 05:31:18.911 PM] Message  || User: simplyshadow171295  || Channel: #pictures-of-the-cats                || Content: she needs antibiotics
[11/04/2025 05:32:10.702 PM] Message  || User: simplyshadow171295  || Channel: #pictures-of-the-cats                || Content: or something
[11/04/2025 05:33:34.825 PM] Action   || Name: send_suppressed     || Trigger: ch=1341696618688286720               || Output: Gmail authorization needed. Open and approve, then reply: 'TomCat, au...
[11/04/2025 05:33:34.825 PM] Action   || Name: gmail_auth_url      || Trigger:                                      || Output: https://accounts.google.com/o/oauth2/auth?response_type=code&client_i...
[11/04/2025 05:33:34.828 PM] Action   || Name: gmail_log_scheduler || Trigger: auth                                 || Output: pending
[11/04/2025 05:40:42.262 PM] React+   || User: slayc127            || Channel: #yapper-committee                    || emoji=<:sad_cat:828777514335600641>; msg="I left my apartment at 9:45 am this...
[11/04/2025 05:40:51.681 PM] React+   || User: slayc127            || Channel: #pictures-of-the-cats                || emoji=😭; msg="we’ve got the campus cangaroo coalition" by _costco_wholesale_
[11/04/2025 05:43:58.122 PM] React+   || User: nostalgicsapphic    || Channel: #purrley-pawsitive-pussy-pals        || emoji=😆; msg="got damn pepto bismol boxes 😭" by celeryiscelery
[11/04/2025 05:44:02.295 PM] Action   || Name: send_suppressed     || Trigger: ch=1341696618688286720               || Output: Gmail authorization needed. Open and approve, then reply: 'TomCat, au...
[11/04/2025 05:44:02.298 PM] Action   || Name: gmail_auth_url      || Trigger:                                      || Output: https://accounts.google.com/o/oauth2/auth?response_type=code&client_i...
[11/04/2025 05:44:02.298 PM] Action   || Name: gmail_log_scheduler || Trigger: auth                                 || Output: pending
[11/04/2025 05:44:06.232 PM] Action   || Name: send_suppressed     || Trigger: ch=1341696618688286720               || Output: Gmail authorization needed. Open and approve, then reply: 'TomCat, au...
[11/04/2025 05:44:06.232 PM] Action   || Name: gmail_auth_url      || Trigger:                                      || Output: https://accounts.google.com/o/oauth2/auth?response_type=code&client_i...
[11/04/2025 05:44:06.232 PM] Action   || Name: gmail_log_scheduler || Trigger: auth                                 || Output: pending
[11/04/2025 05:45:05.284 PM] Message  || User: kcreepertux04       || Channel: #yapper-committee                    || Content: welp fuck me i guess
[11/04/2025 05:45:15.708 PM] Message  || User: kcreepertux04       || Channel: #yapper-committee                    || Content: my car out of service until further notice 🤡
[11/04/2025 05:45:22.874 PM] Message  || User: kcreepertux04       || Channel: #memes                               || Content: (no text; attachments=1)
[11/04/2025 05:45:45.557 PM] React+   || User: not_d3fault_1420    || Channel: #pictures-of-the-cats                || emoji=😆; msg="nonchalant ahh coba cats" by baseketballin
[11/04/2025 05:45:53.226 PM] React+   || User: not_d3fault_1420    || Channel: #pictures-of-the-cats                || emoji=‼️; msg="Just to nap again .. real" by the_frog.sorcerer
[11/04/2025 05:46:30.434 PM] React+   || User: kitadan             || Channel: #pictures-of-the-cats                || emoji=❤️; msg="she’s self aware now (she saw her reflec..." by simplyshadow17...
[11/04/2025 05:46:39.926 PM] React+   || User: not_d3fault_1420    || Channel: #feeding-team                        || emoji=🇵; msg="pppppppppppppppppppppppppppppppppppppppp..." by bubblebee5866
[11/04/2025 05:46:56.630 PM] React+   || User: not_d3fault_1420    || Channel: #feeding-team                        || emoji=🔥; msg="pppppppppppppppppppppppppppppppppppppppp..." by bubblebee5866
[11/04/2025 05:47:03.306 PM] Message  || User: kitadan             || Channel: #pictures-of-the-cats                || Content: @𓃠 miranda 𓃠   It was indeed Noir's tail you saw.
[11/04/2025 05:47:11.855 PM] Message  || User: adeyumii            || Channel: #pictures-of-the-cats                || Content: nice
[11/04/2025 05:47:11.862 PM] React+   || User: kitadan             || Channel: #memes                               || emoji=😂; msg="https://x.com/PunchingCat/status/1985160..." by ludavis
[11/04/2025 05:47:32.127 PM] Message  || User: kcreepertux04       || Channel: #pet-pictures                        || Content: i haven’t fed him yet
[11/04/2025 05:47:32.138 PM] Intent   || feed_update               ||                                               || station=Microwave; dates=['2025-11-04']
[11/04/2025 05:47:32.138 PM] Action   || Name: feed_update_ignored || Trigger: station=Microwave                    || Output: channel_blocked:558485121016135682
[11/04/2025 05:47:38.622 PM] Message  || User: kcreepertux04       || Channel: #pet-pictures                        || Content: he’s staring at me eating my dinner, angry.
[11/04/2025 05:48:05.697 PM] Message  || User: kcreepertux04       || Channel: #pet-pictures                        || Content: his face just screams “i now where you sleep”
[11/04/2025 05:51:26.065 PM] Action   || Name: send_suppressed     || Trigger: ch=1341696618688286720               || Output: Gmail authorization needed. Open and approve, then reply: 'TomCat, au...
[11/04/2025 05:51:26.065 PM] Action   || Name: gmail_auth_url      || Trigger:                                      || Output: https://accounts.google.com/o/oauth2/auth?response_type=code&client_i...
[11/04/2025 05:51:26.065 PM] Action   || Name: gmail_log_scheduler || Trigger: auth                                 || Output: pending
[11/04/2025 05:57:51.970 PM] Message  || User: simplyshadow171295  || Channel: #pictures-of-the-cats                || Content: @Cici your son
[11/04/2025 05:57:52.669 PM] Action   || Name: image_intake        || Trigger: channel=551084964318543904           || Output: rows=1
[11/04/2025 05:59:33.204 PM] React+   || User: not_d3fault_1420    || Channel: #pictures-of-the-cats                || emoji=❤️; msg="one void and no more" by simplyshadow171295
[11/04/2025 06:00:48.564 PM] Message  || User: cici4f3             || Channel: #pictures-of-the-cats                || Content: MY SON MY SON
[11/04/2025 06:00:52.376 PM] Message  || User: cici4f3             || Channel: #pictures-of-the-cats                || Content: I MISSED MY SON
[11/04/2025 06:00:54.106 PM] React+   || User: hatshura            || Channel: #pet-pictures                        || emoji=<:sad_cat:828777514335600641>; msg="i haven’t fed him yet" by kcreepert...
[11/04/2025 06:01:34.580 PM] React+   || User: _costco_wholesale_  || Channel: #pet-pictures                        || emoji=<:sad_cat:828777514335600641>; msg="i haven’t fed him yet" by kcreepert...
[11/04/2025 06:01:58.651 PM] React+   || User: a1darek             || Channel: #purrley-pawsitive-pussy-pals        || emoji=😭; msg="got damn pepto bismol boxes 😭" by celeryiscelery
[11/04/2025 06:02:03.887 PM] React+   || User: a1darek             || Channel: #pictures-of-the-cats                || emoji=‼️; msg="Just to nap again .. real" by the_frog.sorcerer
[11/04/2025 06:04:01.971 PM] Message  || User: kitadan             || Channel: #yapper-committee                    || Content: Super Beaver Moon.
[11/04/2025 06:07:15.900 PM] React+   || User: _costco_wholesale_  || Channel: #yapper-committee                    || emoji=❤️; msg="Super Beaver Moon." by kitadan
[11/04/2025 06:07:51.629 PM] Message  || User: _costco_wholesale_  || Channel: #yapper-committee                    || Content: I THOUFHT IT EAS TOMORROW
[11/04/2025 06:09:53.497 PM] Message  || User: autumn065829        || Channel: #feeding-team                        || Content: west hall was fed
[11/04/2025 06:09:53.501 PM] Intent   || feed_update               ||                                               || station=West Hall; dates=['2025-11-04']
[11/04/2025 06:09:54.702 PM] Action   || Name: sheet_mark          || Trigger: station=West Hall date=2025-11-04    || Output: ok
[11/04/2025 06:09:54.702 PM] Action   || Name: feed_update         || Trigger: station=West Hall; dates=2025-11-04  || Output: ok
[11/04/2025 06:10:57.611 PM] Message  || User: adeyumii            || Channel: #yapper-committee                    || Content: i didnt know justin beaber became the boon
[11/04/2025 06:11:03.275 PM] Edit     || User: adeyumii            || Channel: #yapper-committee                    || i didnt know justin beaber became the boon -> i didnt know justin beiber beca...
[11/04/2025 06:11:08.699 PM] Edit     || User: adeyumii            || Channel: #yapper-committee                    || i didnt know justin beiber became the boon -> i didnt know justin beiber beca...
[11/04/2025 06:11:10.124 PM] Message  || User: adeyumii            || Channel: #yapper-committee                    || Content: cant spell
[11/04/2025 06:11:28.101 PM] Message  || User: reyesthighs         || Channel: #yapper-committee                    || Content: Today I get a 20 minute break from my 3 & 1/2 hour shift because the...
[11/04/2025 06:11:47.365 PM] Message  || User: reyesthighs         || Channel: #yapper-committee                    || Content: It's 6. I got here at 5:30. Why am I on break right now???
[11/04/2025 06:13:37.478 PM] React+   || User: m_digio             || Channel: #pet-pictures                        || emoji=<:sad_cat:828777514335600641>; msg="i haven’t fed him yet" by kcreepert...
[11/04/2025 06:13:52.030 PM] Action   || Name: send_suppressed     || Trigger: ch=1341696618688286720               || Output: Gmail authorization needed. Open and approve, then reply: 'TomCat, au...
[11/04/2025 06:13:52.032 PM] Action   || Name: gmail_auth_url      || Trigger:                                      || Output: https://accounts.google.com/o/oauth2/auth?response_type=code&client_i...
[11/04/2025 06:13:52.032 PM] Action   || Name: gmail_log_scheduler || Trigger: auth                                 || Output: pending
[11/04/2025 06:14:07.586 PM] Message  || User: m_digio             || Channel: #purrley-pawsitive-pussy-pals        || Content: Gotta cover it with stickers now
[11/04/2025 06:14:46.481 PM] React+   || User: m_digio             || Channel: #feeding-team                        || emoji=❤️; msg=1435402643618136064
[11/04/2025 06:15:14.177 PM] Message  || User: m_digio             || Channel: #pet-pictures                        || Content: My babie kitties are back
[11/04/2025 06:15:25.081 PM] Message  || User: m_digio             || Channel: #pet-pictures                        || Content: But theyre big neow
[11/04/2025 06:16:22.439 PM] Message  || User: simplyshadow171295  || Channel: #pet-pictures                        || Content: oughhh
[11/04/2025 06:19:56.815 PM] React+   || User: nostalgicsapphic    || Channel: #purrley-pawsitive-pussy-pals        || emoji=‼️; msg="Gotta cover it with stickers now" by m_digio
[11/04/2025 06:20:58.112 PM] Action   || Name: send_suppressed     || Trigger: ch=1341696618688286720               || Output: Gmail authorization needed. Open and approve, then reply: 'TomCat, au...
[11/04/2025 06:20:58.112 PM] Action   || Name: gmail_auth_url      || Trigger:                                      || Output: https://accounts.google.com/o/oauth2/auth?response_type=code&client_i...
[11/04/2025 06:20:58.114 PM] Action   || Name: gmail_log_scheduler || Trigger: auth                                 || Output: pending
[11/04/2025 06:21:02.214 PM] Action   || Name: send_suppressed     || Trigger: ch=1341696618688286720               || Output: Gmail authorization needed. Open and approve, then reply: 'TomCat, au...
[11/04/2025 06:21:02.214 PM] Action   || Name: gmail_auth_url      || Trigger:                                      || Output: https://accounts.google.com/o/oauth2/auth?response_type=code&client_i...
[11/04/2025 06:21:02.214 PM] Action   || Name: gmail_log_scheduler || Trigger: auth                                 || Output: pending
[11/04/2025 06:22:08.755 PM] Action   || Name: send_suppressed     || Trigger: ch=1341696618688286720               || Output: Gmail authorization needed. Open and approve, then reply: 'TomCat, au...
[11/04/2025 06:22:08.758 PM] Action   || Name: gmail_auth_url      || Trigger:                                      || Output: https://accounts.google.com/o/oauth2/auth?response_type=code&client_i...
[11/04/2025 06:22:08.758 PM] Action   || Name: gmail_log_scheduler || Trigger: auth                                 || Output: pending
[11/04/2025 06:25:36.474 PM] React+   || User: slayc127            || Channel: #pet-pictures                        || emoji=<:sad_cat:828777514335600641>; msg="i haven’t fed him yet" by kcreepert...
[11/04/2025 06:28:22.662 PM] React+   || User: slayc127            || Channel: #purrley-pawsitive-pussy-pals        || emoji=‼️; msg="Gotta cover it with stickers now" by m_digio
[11/04/2025 06:28:48.441 PM] Action   || Name: send_suppressed     || Trigger: ch=1341696618688286720               || Output: Gmail authorization needed. Open and approve, then reply: 'TomCat, au...
[11/04/2025 06:28:48.441 PM] Action   || Name: gmail_auth_url      || Trigger:                                      || Output: https://accounts.google.com/o/oauth2/auth?response_type=code&client_i...
[11/04/2025 06:28:48.444 PM] Action   || Name: gmail_log_scheduler || Trigger: auth                                 || Output: pending
[11/04/2025 06:29:14.601 PM] Message  || User: kitadan             || Channel: #yapper-committee                    || Content: Tonight
[11/04/2025 06:29:35.667 PM] React+   || User: _costco_wholesale_  || Channel: #yapper-committee                    || emoji=❤️; msg="Tonight" by kitadan
[11/04/2025 06:29:52.605 PM] React+   || User: kitadan             || Channel: #pet-pictures                        || emoji=❤️; msg="My babie kitties are back" by m_digio
[11/04/2025 06:31:13.724 PM] Message  || User: slayc127            || Channel: #yapper-committee                    || Content: me when i clock into work and they send me on break immediately bc e...
[11/04/2025 06:32:56.321 PM] Message  || User: lifeye              || Channel: #feeding-team                        || Content: hey guys i may have left my keys at the feeding area has anyone seen...
[11/04/2025 06:34:05.681 PM] Action   || Name: send_suppressed     || Trigger: ch=1341696618688286720               || Output: Gmail authorization needed. Open and approve, then reply: 'TomCat, au...
[11/04/2025 06:34:05.681 PM] Action   || Name: gmail_auth_url      || Trigger:                                      || Output: https://accounts.google.com/o/oauth2/auth?response_type=code&client_i...
[11/04/2025 06:34:05.681 PM] Action   || Name: gmail_log_scheduler || Trigger: auth                                 || Output: pending
[11/04/2025 06:46:12.464 PM] React+   || User: _costco_wholesale_  || Channel: #pet-pictures                        || emoji=❤️; msg="My babie kitties are back" by m_digio
[11/04/2025 06:48:02.839 PM] React+   || User: hatshura            || Channel: #pet-pictures                        || emoji=❤️; msg="My babie kitties are back" by m_digio
[11/04/2025 06:49:46.024 PM] React+   || User: not_d3fault_1420    || Channel: #yapper-committee                    || emoji=❤️; msg="Super Beaver Moon." by kitadan
[11/04/2025 06:59:39.871 PM] React+   || User: celeryiscelery      || Channel: #pet-pictures                        || emoji=❤️; msg="update: she has been declared as an engl..." by a1darek
[11/04/2025 07:03:21.776 PM] Action   || Name: send_suppressed     || Trigger: ch=1341696618688286720               || Output: Gmail authorization needed. Open and approve, then reply: 'TomCat, au...
[11/04/2025 07:03:21.784 PM] Action   || Name: gmail_auth_url      || Trigger:                                      || Output: https://accounts.google.com/o/oauth2/auth?response_type=code&client_i...
[11/04/2025 07:03:21.784 PM] Action   || Name: gmail_log_scheduler || Trigger: auth                                 || Output: pending
[11/04/2025 07:06:28.073 PM] Action   || Name: send_suppressed     || Trigger: ch=1341696618688286720               || Output: Gmail authorization needed. Open and approve, then reply: 'TomCat, au...
[11/04/2025 07:06:28.073 PM] Action   || Name: gmail_auth_url      || Trigger:                                      || Output: https://accounts.google.com/o/oauth2/auth?response_type=code&client_i...
[11/04/2025 07:06:28.073 PM] Action   || Name: gmail_log_scheduler || Trigger: auth                                 || Output: pending
[11/04/2025 07:06:32.006 PM] Action   || Name: send_suppressed     || Trigger: ch=1341696618688286720               || Output: Gmail authorization needed. Open and approve, then reply: 'TomCat, au...
[11/04/2025 07:06:32.006 PM] Action   || Name: gmail_auth_url      || Trigger:                                      || Output: https://accounts.google.com/o/oauth2/auth?response_type=code&client_i...
[11/04/2025 07:06:32.006 PM] Action   || Name: gmail_log_scheduler || Trigger: auth                                 || Output: pending
[11/04/2025 07:06:40.190 PM] Message  || User: m_digio             || Channel: #feeding-team                        || Content: @active feeders
[11/04/2025 07:07:14.603 PM] Message  || User: le_nuit_sans_fin    || Channel: #feeding-team                        || Content: I don’t think I saw any keys when I went around 4:45
[11/04/2025 07:07:27.591 PM] Message  || User: le_nuit_sans_fin    || Channel: #feeding-team                        || Content: But I’m going to be 100% I wasn’t really looking
[11/04/2025 07:07:56.294 PM] Message  || User: le_nuit_sans_fin    || Channel: #feeding-team                        || Content: When did you go??
[11/04/2025 07:17:58.803 PM] React+   || User: vasyline            || Channel: #pet-pictures                        || emoji=<:sad_cat:828777514335600641>; msg="i haven’t fed him yet" by kcreepert...
[11/04/2025 07:18:01.196 PM] React+   || User: vasyline            || Channel: #pet-pictures                        || emoji=❤️; msg="My babie kitties are back" by m_digio
[11/04/2025 07:30:07.178 PM] Action   || Name: send_suppressed     || Trigger: ch=1341696618688286720               || Output: Gmail authorization needed. Open and approve, then reply: 'TomCat, au...
[11/04/2025 07:30:07.194 PM] Action   || Name: gmail_auth_url      || Trigger:                                      || Output: https://accounts.google.com/o/oauth2/auth?response_type=code&client_i...
[11/04/2025 07:30:07.194 PM] Action   || Name: gmail_log_scheduler || Trigger: auth                                 || Output: pending
[11/04/2025 07:35:46.195 PM] React+   || User: m_digio             || Channel: #feeding-team                        || emoji=🍅; msg="everyone throw tomatoes at me" by izzyballz
[11/04/2025 07:35:56.387 PM] React+   || User: m_digio             || Channel: #feeding-team                        || emoji=‼️; msg="Hey yall, not to publicly shame, but rem..." by bubblebee5866
[11/04/2025 07:35:58.532 PM] React+   || User: m_digio             || Channel: #feeding-team                        || emoji=❤️; msg="Hey yall, not to publicly shame, but rem..." by bubblebee5866
[11/04/2025 07:36:57.261 PM] Message  || User: .bettercalljack     || Channel: #feeding-team                        || Content: If you mean the food storage i didnt see anything
[11/04/2025 07:37:11.820 PM] Message  || User: reyesthighs         || Channel: #yapper-committee                    || Content: 😭
[11/04/2025 07:37:20.956 PM] Message  || User: .bettercalljack     || Channel: #feeding-team                        || Content: I just checked rn
[11/04/2025 07:39:15.351 PM] Message  || User: not_d3fault_1420    || Channel: #pictures-of-the-cats                || Content: some twix pics from earlier
[11/04/2025 07:39:17.302 PM] Action   || Name: image_intake        || Trigger: channel=551084964318543904           || Output: rows=3
[11/04/2025 07:48:41.460 PM] React+   || User: m_digio             || Channel: #pictures-of-the-cats                || emoji=❤️; msg="some twix pics from earlier" by not_d3fault_1420
[11/04/2025 07:51:12.449 PM] React+   || User: bubblebee5866       || Channel: #pet-pictures                        || emoji=<:sad_cat:828777514335600641>; msg="i haven’t fed him yet" by kcreepert...
[11/04/2025 07:52:17.064 PM] Action   || Name: send_suppressed     || Trigger: ch=1341696618688286720               || Output: Gmail authorization needed. Open and approve, then reply: 'TomCat, au...
[11/04/2025 07:52:17.064 PM] Action   || Name: gmail_auth_url      || Trigger:                                      || Output: https://accounts.google.com/o/oauth2/auth?response_type=code&client_i...
[11/04/2025 07:52:17.064 PM] Action   || Name: gmail_log_scheduler || Trigger: auth                                 || Output: pending
[11/04/2025 08:00:01.814 PM] Action   || Name: send_suppressed     || Trigger: ch=643586809166561310                || Output: **Currently unfed stations** • **Lot 50** → <@204682859217158144> • *...
[11/04/2025 08:00:01.814 PM] Action   || Name: feeding_8pm         || Trigger: unfed=2                              || Output: sent
[11/04/2025 08:00:02.423 PM] Action   || Name: send_suppressed     || Trigger: ch=643586809166561310                || Output: **Currently unfed stations** • **Lot 50** → <@204682859217158144> • *...
[11/04/2025 08:00:02.423 PM] Action   || Name: feeding_8pm         || Trigger: unfed=2                              || Output: sent
[11/04/2025 08:00:03.017 PM] Action   || Name: send_suppressed     || Trigger: ch=643586809166561310                || Output: **Currently unfed stations** • **Lot 50** → <@204682859217158144> • *...
[11/04/2025 08:00:03.017 PM] Action   || Name: feeding_8pm         || Trigger: unfed=2                              || Output: sent
[11/04/2025 08:00:03.618 PM] Action   || Name: send_suppressed     || Trigger: ch=643586809166561310                || Output: **Currently unfed stations** • **Lot 50** → <@204682859217158144> • *...
[11/04/2025 08:00:03.632 PM] Action   || Name: feeding_8pm         || Trigger: unfed=2                              || Output: sent
[11/04/2025 08:00:04.228 PM] Action   || Name: send_suppressed     || Trigger: ch=643586809166561310                || Output: **Currently unfed stations** • **Lot 50** → <@204682859217158144> • *...
[11/04/2025 08:00:04.230 PM] Action   || Name: feeding_8pm         || Trigger: unfed=2                              || Output: sent
[11/04/2025 08:00:04.838 PM] Action   || Name: send_suppressed     || Trigger: ch=643586809166561310                || Output: **Currently unfed stations** • **Lot 50** → <@204682859217158144> • *...
[11/04/2025 08:00:04.838 PM] Action   || Name: feeding_8pm         || Trigger: unfed=2                              || Output: sent
[11/04/2025 08:00:05.483 PM] Action   || Name: send_suppressed     || Trigger: ch=643586809166561310                || Output: **Currently unfed stations** • **Lot 50** → <@204682859217158144> • *...
[11/04/2025 08:00:05.483 PM] Action   || Name: feeding_8pm         || Trigger: unfed=2                              || Output: sent
[11/04/2025 08:00:06.139 PM] Action   || Name: send_suppressed     || Trigger: ch=643586809166561310                || Output: **Currently unfed stations** • **Lot 50** → <@204682859217158144> • *...
[11/04/2025 08:00:06.139 PM] Action   || Name: feeding_8pm         || Trigger: unfed=2                              || Output: sent
[11/04/2025 08:00:06.740 PM] Action   || Name: send_suppressed     || Trigger: ch=643586809166561310                || Output: **Currently unfed stations** • **Lot 50** → <@204682859217158144> • *...
[11/04/2025 08:00:06.740 PM] Action   || Name: feeding_8pm         || Trigger: unfed=2                              || Output: sent
[11/04/2025 08:00:07.361 PM] Action   || Name: send_suppressed     || Trigger: ch=643586809166561310                || Output: **Currently unfed stations** • **Lot 50** → <@204682859217158144> • *...
[11/04/2025 08:00:07.361 PM] Action   || Name: feeding_8pm         || Trigger: unfed=2                              || Output: sent
[11/04/2025 08:00:07.947 PM] Action   || Name: send_suppressed     || Trigger: ch=643586809166561310                || Output: **Currently unfed stations** • **Lot 50** → <@204682859217158144> • *...
[11/04/2025 08:00:07.947 PM] Action   || Name: feeding_8pm         || Trigger: unfed=2                              || Output: sent
[11/04/2025 08:00:08.525 PM] Action   || Name: send_suppressed     || Trigger: ch=643586809166561310                || Output: **Currently unfed stations** • **Lot 50** → <@204682859217158144> • *...
[11/04/2025 08:00:08.525 PM] Action   || Name: feeding_8pm         || Trigger: unfed=2                              || Output: sent
[11/04/2025 08:00:09.175 PM] Action   || Name: send_suppressed     || Trigger: ch=643586809166561310                || Output: **Currently unfed stations** • **Lot 50** → <@204682859217158144> • *...
[11/04/2025 08:00:09.175 PM] Action   || Name: feeding_8pm         || Trigger: unfed=2                              || Output: sent
[11/04/2025 08:00:09.782 PM] Action   || Name: send_suppressed     || Trigger: ch=643586809166561310                || Output: **Currently unfed stations** • **Lot 50** → <@204682859217158144> • *...
[11/04/2025 08:00:09.782 PM] Action   || Name: feeding_8pm         || Trigger: unfed=2                              || Output: sent
[11/04/2025 08:00:10.405 PM] Action   || Name: send_suppressed     || Trigger: ch=643586809166561310                || Output: **Currently unfed stations** • **Lot 50** → <@204682859217158144> • *...
[11/04/2025 08:00:10.405 PM] Action   || Name: feeding_8pm         || Trigger: unfed=2                              || Output: sent
[11/04/2025 08:00:10.772 PM] Action   || Name: feeding_sheet       || Trigger: date_col_error                       || Output: APIError: [429]: Quota exceeded for quota metric 'Read requests' and ...
[11/04/2025 08:00:11.035 PM] Action   || Name: feeding_sheet       || Trigger: add_row                              || Output: 2025-11-04
[11/04/2025 08:00:11.075 PM] Action   || Name: feeding_sheet       || Trigger: date_col_error                       || Output: APIError: [429]: Quota exceeded for quota metric 'Read requests' and ...
[11/04/2025 08:00:11.075 PM] Action   || Name: unfed_list          || Trigger: date=2025-11-04                      || Output: date_row_not_found
[11/04/2025 08:00:11.075 PM] Action   || Name: send_suppressed     || Trigger: ch=643586809166561310                || Output: All stations have been fed! Yippee!!!
[11/04/2025 08:00:11.075 PM] Action   || Name: feeding_8pm         || Trigger: unfed=0                              || Output: celebrated
[11/04/2025 08:00:11.109 PM] Action   || Name: feeding_sheet       || Trigger: open_error                           || Output: APIError: [429]: Quota exceeded for quota metric 'Read requests' and ...
[11/04/2025 08:00:11.109 PM] Action   || Name: send_suppressed     || Trigger: ch=643586809166561310                || Output: All stations have been fed! Yippee!!!
[11/04/2025 08:00:11.109 PM] Action   || Name: feeding_8pm         || Trigger: unfed=0                              || Output: celebrated
[11/04/2025 08:00:11.139 PM] Action   || Name: feeding_sheet       || Trigger: open_error                           || Output: APIError: [429]: Quota exceeded for quota metric 'Read requests' and ...
[11/04/2025 08:00:11.139 PM] Action   || Name: send_suppressed     || Trigger: ch=643586809166561310                || Output: All stations have been fed! Yippee!!!
[11/04/2025 08:00:11.139 PM] Action   || Name: feeding_8pm         || Trigger: unfed=0                              || Output: celebrated
[11/04/2025 08:00:11.161 PM] Action   || Name: feeding_sheet       || Trigger: open_error                           || Output: APIError: [429]: Quota exceeded for quota metric 'Read requests' and ...
[11/04/2025 08:00:11.171 PM] Action   || Name: send_suppressed     || Trigger: ch=643586809166561310                || Output: All stations have been fed! Yippee!!!
[11/04/2025 08:00:11.171 PM] Action   || Name: feeding_8pm         || Trigger: unfed=0                              || Output: celebrated
[11/04/2025 08:01:11.112 PM] Action   || Name: send_suppressed     || Trigger: ch=1341696618688286720               || Output: Gmail authorization needed. Open and approve, then reply: 'TomCat, au...
[11/04/2025 08:01:11.114 PM] Action   || Name: gmail_auth_url      || Trigger:                                      || Output: https://accounts.google.com/o/oauth2/auth?response_type=code&client_i...
[11/04/2025 08:01:11.114 PM] Action   || Name: gmail_log_scheduler || Trigger: auth                                 || Output: pending
[11/04/2025 08:01:34.029 PM] React+   || User: the.lemonade.stand  || Channel: #purrley-pawsitive-pussy-pals        || emoji=😆; msg="https://tenor.com/view/catpire-gif-18059..." by a1darek
[11/04/2025 08:01:42.785 PM] React+   || User: the.lemonade.stand  || Channel: #purrley-pawsitive-pussy-pals        || emoji=❤️; msg=1435391650389299210
[11/04/2025 08:07:31.165 PM] Message  || User: cici4f3             || Channel: #feeding-team                        || Content: I didn't see any when I went at around 5pm
[11/04/2025 08:09:22.919 PM] Message  || User: austinbaustinb      || Channel: #purrley-pawsitive-pussy-pals        || Content: R da bagels still there
[11/04/2025 08:09:24.993 PM] Message  || User: austinbaustinb      || Channel: #purrley-pawsitive-pussy-pals        || Content: Seja askin
[11/04/2025 08:11:27.311 PM] Message  || User: celeryiscelery      || Channel: #purrley-pawsitive-pussy-pals        || Content: some of them were yes, i left around 5pm and there was 3 left
[11/04/2025 08:11:34.763 PM] Message  || User: celeryiscelery      || Channel: #purrley-pawsitive-pussy-pals        || Content: but the lounge is most likely closed now
[11/04/2025 08:22:30.913 PM] Message  || User: austinbaustinb      || Channel: #purrley-pawsitive-pussy-pals        || Content: Oh
[11/04/2025 08:22:37.078 PM] Message  || User: austinbaustinb      || Channel: #purrley-pawsitive-pussy-pals        || Content: Lounge should beb247/
[11/04/2025 08:22:44.227 PM] Message  || User: slayc127            || Channel: #purrley-pawsitive-pussy-pals        || Content: agree
[11/04/2025 08:26:56.137 PM] Message  || User: celeryiscelery      || Channel: #purrley-pawsitive-pussy-pals        || Content: also @Derek [TNR] we sold none of your friends cookies bc we had no ...
[11/04/2025 08:29:16.861 PM] Message  || User: a1darek             || Channel: #purrley-pawsitive-pussy-pals        || Content: <:wuuh:1331331057076932750>
[11/04/2025 08:29:51.230 PM] Message  || User: celeryiscelery      || Channel: #purrley-pawsitive-pussy-pals        || Content: good morning?
[11/04/2025 08:40:17.437 PM] Action   || Name: send_suppressed     || Trigger: ch=1341696618688286720               || Output: Gmail authorization needed. Open and approve, then reply: 'TomCat, au...
[11/04/2025 08:40:17.437 PM] Action   || Name: gmail_auth_url      || Trigger:                                      || Output: https://accounts.google.com/o/oauth2/auth?response_type=code&client_i...
[11/04/2025 08:40:17.437 PM] Action   || Name: gmail_log_scheduler || Trigger: auth                                 || Output: pending
[11/04/2025 08:40:26.946 PM] Action   || Name: send_suppressed     || Trigger: ch=1341696618688286720               || Output: Gmail authorization needed. Open and approve, then reply: 'TomCat, au...
[11/04/2025 08:40:26.946 PM] Action   || Name: gmail_auth_url      || Trigger:                                      || Output: https://accounts.google.com/o/oauth2/auth?response_type=code&client_i...
[11/04/2025 08:40:26.946 PM] Action   || Name: gmail_log_scheduler || Trigger: auth                                 || Output: pending
[11/04/2025 08:40:48.648 PM] React+   || User: baseketballin       || Channel: #feeding-team                        || emoji=🔥; msg="pppppppppppppppppppppppppppppppppppppppp..." by bubblebee5866
[11/04/2025 08:45:20.942 PM] Action   || Name: send_suppressed     || Trigger: ch=1341696618688286720               || Output: Gmail authorization needed. Open and approve, then reply: 'TomCat, au...
[11/04/2025 08:45:20.942 PM] Action   || Name: gmail_auth_url      || Trigger:                                      || Output: https://accounts.google.com/o/oauth2/auth?response_type=code&client_i...
[11/04/2025 08:45:20.942 PM] Action   || Name: gmail_log_scheduler || Trigger: auth                                 || Output: pending
[11/04/2025 08:48:14.809 PM] Message  || User: slayc127            || Channel: #purrley-pawsitive-pussy-pals        || Content: sigh guys
[11/04/2025 08:48:19.494 PM] Message  || User: slayc127            || Channel: #purrley-pawsitive-pussy-pals        || Content: i love kung fu panda.
[11/04/2025 08:48:29.148 PM] Message  || User: slayc127            || Channel: #purrley-pawsitive-pussy-pals        || Content: i forgot just how gorgeous the third movie is
[11/04/2025 08:49:18.395 PM] Message  || User: austinbaustinb      || Channel: #purrley-pawsitive-pussy-pals        || Content: I LOVE naps
[11/04/2025 08:49:43.308 PM] React+   || User: slayc127            || Channel: #purrley-pawsitive-pussy-pals        || emoji=😆; msg="I LOVE naps" by austinbaustinb
[11/04/2025 08:50:42.507 PM] Message  || User: m_digio             || Channel: #purrley-pawsitive-pussy-pals        || Content: (no text; attachments=1)
[11/04/2025 08:50:53.929 PM] React+   || User: slayc127            || Channel: #purrley-pawsitive-pussy-pals        || emoji=😆; msg=1435461299021676615
[11/04/2025 08:50:58.095 PM] Message  || User: slayc127            || Channel: #purrley-pawsitive-pussy-pals        || Content: HI DEDE
[11/04/2025 08:51:00.371 PM] React+   || User: slayc127            || Channel: #purrley-pawsitive-pussy-pals        || emoji=‼️; msg=1435461299021676615
[11/04/2025 08:51:02.975 PM] Edit     || User: m_digio             || Channel: #purrley-pawsitive-pussy-pals        ||  -> 
[11/04/2025 08:51:02.992 PM] Message  || User: slayc127            || Channel: #purrley-pawsitive-pussy-pals        || Content: (no text; attachments=0)
[11/04/2025 08:51:20.877 PM] Message  || User: m_digio             || Channel: #purrley-pawsitive-pussy-pals        || Content: I got a new lamp and color changing bulbs
[11/04/2025 08:51:23.778 PM] Message  || User: m_digio             || Channel: #purrley-pawsitive-pussy-pals        || Content: (no text; attachments=1)
[11/04/2025 08:51:27.766 PM] Message  || User: m_digio             || Channel: #purrley-pawsitive-pussy-pals        || Content: She LOVES the blue
[11/04/2025 08:51:36.630 PM] Message  || User: m_digio             || Channel: #purrley-pawsitive-pussy-pals        || Content: Got mad at me when i changed it to warm lighting
[11/04/2025 08:52:26.011 PM] Message  || User: m_digio             || Channel: #purrley-pawsitive-pussy-pals        || Content: Huh
[11/04/2025 08:52:53.027 PM] React+   || User: slayc127            || Channel: #purrley-pawsitive-pussy-pals        || emoji=😆; msg="Got mad at me when i changed it to warm ..." by m_digio
[11/04/2025 08:52:57.824 PM] Message  || User: slayc127            || Channel: #purrley-pawsitive-pussy-pals        || Content: inch resting
[11/04/2025 08:53:41.892 PM] Message  || User: m_digio             || Channel: #purrley-pawsitive-pussy-pals        || Content: I js turned on violet light and her eyes got HUGE
[11/04/2025 08:54:06.732 PM] React+   || User: slayc127            || Channel: #purrley-pawsitive-pussy-pals        || emoji=😭; msg="I js turned on violet light and her eyes..." by m_digio
[11/04/2025 08:54:58.323 PM] Message  || User: izzyballz           || Channel: #yapper-committee                    || Content: i am too kind and considerate for general admission concerts
[11/04/2025 08:55:43.079 PM] Message  || User: izzyballz           || Channel: #yapper-committee                    || Content: why am i worrying if im blocking the people behind me while 64 six f...
[11/04/2025 08:55:47.280 PM] Message  || User: izzyballz           || Channel: #yapper-committee                    || Content: i’m ill
[11/04/2025 09:00:55.487 PM] Message  || User: celeryiscelery      || Channel: #purrley-pawsitive-pussy-pals        || Content: you just gave me an idea for something unrelated
[11/04/2025 09:00:56.947 PM] Message  || User: celeryiscelery      || Channel: #purrley-pawsitive-pussy-pals        || Content: thank you
[11/04/2025 09:01:10.054 PM] Message  || User: m_digio             || Channel: #purrley-pawsitive-pussy-pals        || Content: (no text; attachments=1)
[11/04/2025 09:01:19.925 PM] Message  || User: celeryiscelery      || Channel: #purrley-pawsitive-pussy-pals        || Content: <:catgasp:933093804934852608>
[11/04/2025 09:01:35.614 PM] Message  || User: pancakemixteamdj    || Channel: #pictures-of-the-cats                || Content: Who that
[11/04/2025 09:01:44.498 PM] Message  || User: simplyshadow171295  || Channel: #pictures-of-the-cats                || Content: paqui
[11/04/2025 09:01:45.069 PM] Message  || User: adeyumii            || Channel: #pictures-of-the-cats                || Content: Paquini
[11/04/2025 09:01:48.139 PM] Edit     || User: simplyshadow171295  || Channel: #pictures-of-the-cats                || paqui -> paquini
[11/04/2025 09:01:48.794 PM] Message  || User: m_digio             || Channel: #purrley-pawsitive-pussy-pals        || Content: (no text; attachments=2)
[11/04/2025 09:01:51.745 PM] Message  || User: m_digio             || Channel: #purrley-pawsitive-pussy-pals        || Content: (no text; attachments=1)
[11/04/2025 09:01:52.818 PM] Message  || User: simplyshadow171295  || Channel: #pictures-of-the-cats                || Content: i got too excited
[11/04/2025 09:22:19.042 PM] React+   || User: nostalgicsapphic    || Channel: #purrley-pawsitive-pussy-pals        || emoji=😆; msg=1435461299021676615
[11/04/2025 09:22:20.132 PM] React+   || User: nostalgicsapphic    || Channel: #purrley-pawsitive-pussy-pals        || emoji=‼️; msg=1435461299021676615
[11/04/2025 09:22:28.169 PM] React+   || User: nostalgicsapphic    || Channel: #purrley-pawsitive-pussy-pals        || emoji=😆; msg="Got mad at me when i changed it to warm ..." by m_digio
[11/04/2025 09:22:38.626 PM] React+   || User: nostalgicsapphic    || Channel: #purrley-pawsitive-pussy-pals        || emoji=😭; msg="I js turned on violet light and her eyes..." by m_digio
[11/04/2025 09:30:13.864 PM] React+   || User: coziidruid          || Channel: #purrley-pawsitive-pussy-pals        || emoji=‼️; msg=1435464106084925542
[11/04/2025 09:31:24.995 PM] Message  || User: coziidruid          || Channel: #purrley-pawsitive-pussy-pals        || Content: i accidentally flashbanged pickled
[11/04/2025 09:33:34.918 PM] Action   || Name: send_suppressed     || Trigger: ch=1341696618688286720               || Output: Gmail authorization needed. Open and approve, then reply: 'TomCat, au...
[11/04/2025 09:33:34.918 PM] Action   || Name: gmail_auth_url      || Trigger:                                      || Output: https://accounts.google.com/o/oauth2/auth?response_type=code&client_i...
[11/04/2025 09:33:34.918 PM] Action   || Name: gmail_log_scheduler || Trigger: auth                                 || Output: pending
[11/04/2025 09:33:37.069 PM] React+   || User: m_digio             || Channel: #purrley-pawsitive-pussy-pals        || emoji=😭; msg="i accidentally flashbanged pickled" by coziidruid
[11/04/2025 09:36:51.719 PM] React+   || User: nostalgicsapphic    || Channel: #purrley-pawsitive-pussy-pals        || emoji=😭; msg="i accidentally flashbanged pickled" by coziidruid
[11/04/2025 09:39:48.383 PM] Message  || User: spitonme            || Channel: #feeding-team                        || Content: did u find it
[11/04/2025 09:39:59.614 PM] Message  || User: lifeye              || Channel: #feeding-team                        || Content: yes thank god
[11/04/2025 09:40:07.467 PM] Message  || User: lifeye              || Channel: #feeding-team                        || Content: thank you everyone
[11/04/2025 09:40:16.368 PM] React+   || User: kitadan             || Channel: #feeding-team                        || emoji=❤️; msg="yes thank god" by lifeye
[11/04/2025 09:41:00.895 PM] React+   || User: slayc127            || Channel: #purrley-pawsitive-pussy-pals        || emoji=😭; msg="i accidentally flashbanged pickled" by coziidruid
[11/04/2025 09:41:09.274 PM] Message  || User: spitonme            || Channel: #logging                             || Content: (no text; attachments=0)
[11/04/2025 09:42:18.447 PM] React+   || User: spitonme            || Channel: #feeding-team                        || emoji=🐙; msg="yes thank god" by lifeye
[11/04/2025 09:44:02.374 PM] Action   || Name: send_suppressed     || Trigger: ch=1341696618688286720               || Output: Gmail authorization needed. Open and approve, then reply: 'TomCat, au...
[11/04/2025 09:44:02.374 PM] Action   || Name: gmail_auth_url      || Trigger:                                      || Output: https://accounts.google.com/o/oauth2/auth?response_type=code&client_i...
[11/04/2025 09:44:02.374 PM] Action   || Name: gmail_log_scheduler || Trigger: auth                                 || Output: pending
[11/04/2025 09:44:06.285 PM] Action   || Name: send_suppressed     || Trigger: ch=1341696618688286720               || Output: Gmail authorization needed. Open and approve, then reply: 'TomCat, au...
[11/04/2025 09:44:06.287 PM] Action   || Name: gmail_auth_url      || Trigger:                                      || Output: https://accounts.google.com/o/oauth2/auth?response_type=code&client_i...
[11/04/2025 09:44:06.287 PM] Action   || Name: gmail_log_scheduler || Trigger: auth                                 || Output: pending
[11/04/2025 09:44:23.393 PM] React+   || User: spitonme            || Channel: #pet-pictures                        || emoji=🐙; msg="Milo dump" by hatshura
[11/04/2025 09:44:26.011 PM] Message  || User: spitonme            || Channel: #pet-pictures                        || Content: im blessed
[11/04/2025 09:44:40.731 PM] Message  || User: spitonme            || Channel: #pet-pictures                        || Content: i should change my name to milo luvr
[11/04/2025 09:46:52.448 PM] React+   || User: _costco_wholesale_  || Channel: #feeding-team                        || emoji=❤️; msg="yes thank god" by lifeye
[11/04/2025 09:47:01.450 PM] React+   || User: simplyshadow171295  || Channel: #pet-pictures                        || emoji=❤️; msg="My babie kitties are back" by m_digio
[11/04/2025 09:50:25.551 PM] Message  || User: spitonme            || Channel: #bot-spam                            || Content: feel like that should be spoilered
[11/04/2025 09:50:31.192 PM] Message  || User: spitonme            || Channel: #bot-spam                            || Content: but also it took me 6 trues still
[11/04/2025 09:50:44.238 PM] React+   || User: spitonme            || Channel: #events                              || emoji=🐙; msg="Bagel" by m_digio
[11/04/2025 09:51:16.605 PM] Message  || User: spitonme            || Channel: #events                              || Content: dede stole your rightful name
[11/04/2025 09:51:26.124 PM] Action   || Name: send_suppressed     || Trigger: ch=1341696618688286720               || Output: Gmail authorization needed. Open and approve, then reply: 'TomCat, au...
[11/04/2025 09:51:26.124 PM] Action   || Name: gmail_auth_url      || Trigger:                                      || Output: https://accounts.google.com/o/oauth2/auth?response_type=code&client_i...
[11/04/2025 09:51:26.127 PM] Action   || Name: gmail_log_scheduler || Trigger: auth                                 || Output: pending
[11/04/2025 09:52:00.790 PM] Message  || User: hatshura            || Channel: #pet-pictures                        || Content: but shiki needs luv too
[11/04/2025 09:52:11.689 PM] Message  || User: spitonme            || Channel: #pet-pictures                        || Content: WAHHHH YOURE RIGHT
[11/04/2025 09:52:22.358 PM] Message  || User: hatshura            || Channel: #pet-pictures                        || Content: GO REPENT UR SINS
[11/04/2025 09:52:30.122 PM] Message  || User: hatshura            || Channel: #pet-pictures                        || Content: *give Shiki extra cuddles*
[11/04/2025 09:52:36.868 PM] React+   || User: spitonme            || Channel: #pet-pictures                        || emoji=🐙; msg="*give Shiki extra cuddles*" by hatshura
[11/04/2025 09:53:34.115 PM] Message  || User: spitonme            || Channel: #pet-pictures                        || Content: im going to eat her actually
[11/04/2025 09:53:41.216 PM] Message  || User: spitonme            || Channel: #pet-pictures                        || Content: i will when i see her !!!
[11/04/2025 09:54:07.999 PM] Message  || User: hatshura            || Channel: #pet-pictures                        || Content: https://tenor.com/view/happy-cat-silly-cat-happy-cat-smile-gif-11748...
[11/04/2025 09:54:21.185 PM] React+   || User: spitonme            || Channel: #pet-pictures                        || emoji=🐙; msg="https://tenor.com/view/happy-cat-silly-c..." by hatshura
[11/04/2025 09:54:41.006 PM] Message  || User: spitonme            || Channel: #yapper-committee                    || Content: im not beating these stereotypes by sayingni want to eat cats bc the...
[11/04/2025 09:55:01.129 PM] Message  || User: spitonme            || Channel: #yapper-committee                    || Content: (no text; attachments=1)
[11/04/2025 09:55:05.046 PM] React+   || User: _costco_wholesale_  || Channel: #pet-pictures                        || emoji=🐙; msg="https://tenor.com/view/happy-cat-silly-c..." by hatshura
[11/04/2025 09:55:07.093 PM] Message  || User: spitonme            || Channel: #yapper-committee                    || Content: i just want to nom them
[11/04/2025 09:55:12.736 PM] Message  || User: spitonme            || Channel: #yapper-committee                    || Content: hey so thats the wrong picture
[11/04/2025 09:55:26.283 PM] React+   || User: _costco_wholesale_  || Channel: #yapper-committee                    || emoji=💀; msg="hey so thats the wrong picture" by spitonme
[11/04/2025 09:56:08.629 PM] React+   || User: slayc127            || Channel: #yapper-committee                    || emoji=😭; msg=1435477483431657512
[11/04/2025 09:56:13.964 PM] Edit     || User: spitonme            || Channel: #yapper-committee                    ||  -> 
[11/04/2025 09:56:13.976 PM] Message  || User: slayc127            || Channel: #yapper-committee                    || Content: (no text; attachments=0)
[11/04/2025 09:56:15.103 PM] React+   || User: slayc127            || Channel: #yapper-committee                    || emoji=💀; msg="hey so thats the wrong picture" by spitonme
[11/04/2025 10:01:35.985 PM] React+   || User: adeyumii            || Channel: #yapper-committee                    || emoji=💀; msg="hey so thats the wrong picture" by spitonme
[11/04/2025 10:05:47.013 PM] Message  || User: austinbaustinb      || Channel: #pet-pictures                        || Content: AI!!!!
[11/04/2025 10:07:03.432 PM] Message  || User: a1darek             || Channel: #purrley-pawsitive-pussy-pals        || Content: No i just feel really bad because I had thought yall got em and she ...
[11/04/2025 10:07:14.571 PM] Message  || User: a1darek             || Channel: #purrley-pawsitive-pussy-pals        || Content: I should've confirmed but I just. Didnt
[11/04/2025 10:13:52.081 PM] Action   || Name: send_suppressed     || Trigger: ch=1341696618688286720               || Output: Gmail authorization needed. Open and approve, then reply: 'TomCat, au...
[11/04/2025 10:13:52.081 PM] Action   || Name: gmail_auth_url      || Trigger:                                      || Output: https://accounts.google.com/o/oauth2/auth?response_type=code&client_i...
[11/04/2025 10:13:52.093 PM] Action   || Name: gmail_log_scheduler || Trigger: auth                                 || Output: pending
[11/04/2025 10:15:07.587 PM] Message  || User: void_now            || Channel: #pet-pictures                        || Content: I knew it
[11/04/2025 10:15:19.911 PM] Message  || User: void_now            || Channel: #pet-pictures                        || Content: tomcat incinerate hat
[11/04/2025 10:20:58.165 PM] Action   || Name: send_suppressed     || Trigger: ch=1341696618688286720               || Output: Gmail authorization needed. Open and approve, then reply: 'TomCat, au...
[11/04/2025 10:20:58.165 PM] Action   || Name: gmail_auth_url      || Trigger:                                      || Output: https://accounts.google.com/o/oauth2/auth?response_type=code&client_i...
[11/04/2025 10:20:58.165 PM] Action   || Name: gmail_log_scheduler || Trigger: auth                                 || Output: pending
[11/04/2025 10:21:02.280 PM] Action   || Name: send_suppressed     || Trigger: ch=1341696618688286720               || Output: Gmail authorization needed. Open and approve, then reply: 'TomCat, au...
[11/04/2025 10:21:02.280 PM] Action   || Name: gmail_auth_url      || Trigger:                                      || Output: https://accounts.google.com/o/oauth2/auth?response_type=code&client_i...
[11/04/2025 10:21:02.280 PM] Action   || Name: gmail_log_scheduler || Trigger: auth                                 || Output: pending
[11/04/2025 10:22:08.827 PM] Action   || Name: send_suppressed     || Trigger: ch=1341696618688286720               || Output: Gmail authorization needed. Open and approve, then reply: 'TomCat, au...
[11/04/2025 10:22:08.832 PM] Action   || Name: gmail_auth_url      || Trigger:                                      || Output: https://accounts.google.com/o/oauth2/auth?response_type=code&client_i...
[11/04/2025 10:22:08.832 PM] Action   || Name: gmail_log_scheduler || Trigger: auth                                 || Output: pending
[11/04/2025 10:22:21.058 PM] React+   || User: kitadan             || Channel: #yapper-committee                    || emoji=😭; msg=1435477483431657512
[11/04/2025 10:23:41.198 PM] Message  || User: kitadan             || Channel: #bot-spam                            || Content: If I solve the word, I spoil any possible double letters.
[11/04/2025 10:28:48.511 PM] Action   || Name: send_suppressed     || Trigger: ch=1341696618688286720               || Output: Gmail authorization needed. Open and approve, then reply: 'TomCat, au...
[11/04/2025 10:28:48.513 PM] Action   || Name: gmail_auth_url      || Trigger:                                      || Output: https://accounts.google.com/o/oauth2/auth?response_type=code&client_i...
[11/04/2025 10:28:48.513 PM] Action   || Name: gmail_log_scheduler || Trigger: auth                                 || Output: pending
[11/04/2025 10:29:29.245 PM] React+   || User: spitonme            || Channel: #bot-spam                            || emoji=🐙; msg="If I solve the word, I spoil any possibl..." by kitadan
[11/04/2025 10:29:58.669 PM] Message  || User: spitonme            || Channel: #bot-spam                            || Content: ||yah its just that wenus has three letters in the exact order||
[11/04/2025 10:34:05.753 PM] Action   || Name: send_suppressed     || Trigger: ch=1341696618688286720               || Output: Gmail authorization needed. Open and approve, then reply: 'TomCat, au...
[11/04/2025 10:34:05.753 PM] Action   || Name: gmail_auth_url      || Trigger:                                      || Output: https://accounts.google.com/o/oauth2/auth?response_type=code&client_i...
[11/04/2025 10:34:05.755 PM] Action   || Name: gmail_log_scheduler || Trigger: auth                                 || Output: pending
[11/04/2025 10:35:17.049 PM] React+   || User: .s3j                || Channel: #yapper-committee                    || emoji=😭; msg=1435477483431657512
[11/04/2025 10:35:26.024 PM] React+   || User: .s3j                || Channel: #yapper-committee                    || emoji=💀; msg="hey so thats the wrong picture" by spitonme
[11/04/2025 10:36:34.589 PM] React+   || User: .s3j                || Channel: #pet-pictures                        || emoji=😭; msg="tomcat incinerate hat" by void_now
[11/04/2025 10:42:28.384 PM] Message  || User: slayc127            || Channel: #purrley-pawsitive-pussy-pals        || Content: anotha
[11/04/2025 10:42:39.693 PM] Message  || User: slayc127            || Channel: #purrley-pawsitive-pussy-pals        || Content: note my mother said she moved this so the cats couldnt get back on it
[11/04/2025 10:45:50.940 PM] React+   || User: simplyshadow171295  || Channel: #yapper-committee                    || emoji=😭; msg=1435477483431657512
[11/04/2025 10:45:52.428 PM] React+   || User: simplyshadow171295  || Channel: #yapper-committee                    || emoji=💀; msg="hey so thats the wrong picture" by spitonme
