[11/03/2025 12:00:12.670 AM] Message  || User: racerdg             || Channel: #external-promotions                 || Content: are the embroidered pants capris i cant tell if its the angle or not
[11/03/2025 12:00:19.563 AM] React+   || User: moineau_l.oiseau    || Channel: #memes                               || emoji=🤣; msg="https://x.com/literallymecats/status/198..." by ludavis
[11/03/2025 12:00:47.922 AM] Action   || Name: send_suppressed     || Trigger: ch=1341696618688286720               || Output: Gmail authorization needed. Open and approve, then reply: 'TomCat, au...
[11/03/2025 12:00:47.922 AM] Action   || Name: gmail_auth_url      || Trigger:                                      || Output: https://accounts.google.com/o/oauth2/auth?response_type=code&client_i...
[11/03/2025 12:00:47.922 AM] Action   || Name: gmail_log_scheduler || Trigger: auth                                 || Output: pending
[11/03/2025 12:01:13.997 AM] React+   || User: kitadan             || Channel: #yapper-committee                    || emoji=🤝; msg="it been one of those nights" by pancakemixteamdj
[11/03/2025 12:02:06.631 AM] Message  || User: mochenoch           || Channel: #external-promotions                 || Content: I’m 5’0” so they go just about 2 inches above my ankles if that help...
[11/03/2025 12:02:39.158 AM] Message  || User: mochenoch           || Channel: #external-promotions                 || Content: So not really capris but might be like them depending on height
[11/03/2025 12:03:25.530 AM] Message  || User: izzyballz           || Channel: #yapper-committee                    || Content: i never want to wake up at 7:30 am again
[11/03/2025 12:04:42.791 AM] React+   || User: slayc127            || Channel: #yapper-committee                    || emoji=🤝; msg="it been one of those nights" by pancakemixteamdj
[11/03/2025 12:04:47.905 AM] Message  || User: pancakemixteamdj    || Channel: #yapper-committee                    || Content: Two of my professors about to see me turn in assignments the  night of
[11/03/2025 12:05:05.118 AM] Message  || User: slayc127            || Channel: #yapper-committee                    || Content: open is likely around 8am they locked at 6pm
[11/03/2025 12:05:25.509 AM] Message  || User: slayc127            || Channel: #yapper-committee                    || Content: forreal almost sent you "open is likely around they lock at" because...
[11/03/2025 12:05:43.232 AM] Message  || User: slayc127            || Channel: #feeding-team                        || Content: shaking my damn head
[11/03/2025 12:07:22.818 AM] Message  || User: izzyballz           || Channel: #feeding-team                        || Content: https://tenor.com/view/speak-gif-9578947274896178319
[11/03/2025 12:07:52.403 AM] Message  || User: izzyballz           || Channel: #feeding-team                        || Content: ccc vs uta student body
[11/03/2025 12:10:18.295 AM] Message  || User: slayc127            || Channel: #feeding-team                        || Content: FUCKING LITERALLY
[11/03/2025 12:20:29.672 AM] Message  || User: racerdg             || Channel: #yapper-committee                    || Content: <:catthumbsup:931115163317329920>
[11/03/2025 12:21:28.043 AM] Message  || User: racerdg             || Channel: #yapper-committee                    || Content: i kinda forgot i had to do the painting thing for twix so im going t...
[11/03/2025 12:30:41.934 AM] Message  || User: yaeji               || Channel: #itty-bitty-kitty-commitee           || Content: i use a lot of double hyphens and semicolons
[11/03/2025 12:31:57.762 AM] Message  || User: izzyballz           || Channel: #yapper-committee                    || Content: my life would be awesome if i adhered to the schedule i set each week
[11/03/2025 12:33:53.673 AM] Message  || User: yaeji               || Channel: #yapper-committee                    || Content: i don't schedule anything because i usually disappoint myself and i ...
[11/03/2025 12:35:06.214 AM] Message  || User: izzyballz           || Channel: #yapper-committee                    || Content: i hate when i make a poor choice and then i have to deal with the co...
[11/03/2025 12:35:39.077 AM] Message  || User: izzyballz           || Channel: #yapper-committee                    || Content: did not patch test my halloween face paint now i’m breaking out 💔
[11/03/2025 12:35:56.099 AM] Message  || User: izzyballz           || Channel: #yapper-committee                    || Content: and pierced by seconds and lowk messed one of them up
[11/03/2025 12:37:04.770 AM] Edit     || User: izzyballz           || Channel: #yapper-committee                    || and pierced by seconds and lowk messed one of them up -> and pierced my secon...
[11/03/2025 12:38:48.711 AM] React+   || User: _costco_wholesale_  || Channel: #feeding-team                        || emoji=😔; msg="ccc vs uta student body" by izzyballz
[11/03/2025 12:39:08.747 AM] Message  || User: _costco_wholesale_  || Channel: #feeding-team                        || Content: I’m assuming it’s the church
[11/03/2025 12:39:08.747 AM] Action   || Name: feed_pending_set    || Trigger: ch=643586809166561310; user=75192... || Output: stations=Bookstore; text=I’m assuming it’s the church
[11/03/2025 12:40:08.919 AM] Message  || User: _costco_wholesale_  || Channel: #feeding-team                        || Content: dk if it’s them anymore tho since mikes bowl looks the same <:sad_ca...
[11/03/2025 12:40:08.933 AM] Action   || Name: feed_pending_set    || Trigger: ch=643586809166561310; user=75192... || Output: stations=Microwave; text=dk if it’s them anymore tho since mikes bowl...
[11/03/2025 12:43:26.261 AM] React+   || User: lemonelon_          || Channel: #itty-bitty-kitty-commitee           || emoji=❤️; msg="i use a lot of double hyphens and semico..." by yaeji
[11/03/2025 12:43:56.910 AM] Message  || User: simplyshadow171295  || Channel: #feeding-team                        || Content: how many more damn signs do we have to put up
[11/03/2025 12:45:18.796 AM] Action   || Name: send_suppressed     || Trigger: ch=1341696618688286720               || Output: Gmail authorization needed. Open and approve, then reply: 'TomCat, au...
[11/03/2025 12:45:18.796 AM] Action   || Name: gmail_auth_url      || Trigger:                                      || Output: https://accounts.google.com/o/oauth2/auth?response_type=code&client_i...
[11/03/2025 12:45:18.796 AM] Action   || Name: gmail_log_scheduler || Trigger: auth                                 || Output: pending
[11/03/2025 12:45:51.238 AM] Message  || User: _costco_wholesale_  || Channel: #feeding-team                        || Content: we needa chase them down and show up at their doorstep
[11/03/2025 12:45:51.242 AM] Action   || Name: feed_pending_set    || Trigger: ch=643586809166561310; user=75192... || Output: stations=Greens; text=we needa chase them down and show up at their d...
[11/03/2025 12:46:02.504 AM] Message  || User: _costco_wholesale_  || Channel: #feeding-team                        || Content: I’m convinced they don’t read the signs
[11/03/2025 12:46:02.726 AM] Message  || User: izzyballz           || Channel: #feeding-team                        || Content: this would imply that people can read
[11/03/2025 12:46:08.968 AM] React+   || User: _costco_wholesale_  || Channel: #feeding-team                        || emoji=❤️; msg="this would imply that people can read" by izzyballz
[11/03/2025 12:46:10.047 AM] React+   || User: izzyballz           || Channel: #feeding-team                        || emoji=❤️; msg="I’m convinced they don’t read the signs" by _costco_wholesale_
[11/03/2025 12:46:12.737 AM] React+   || User: simplyshadow171295  || Channel: #feeding-team                        || emoji=❤️; msg="I’m convinced they don’t read the signs" by _costco_wholesale_
[11/03/2025 12:46:14.631 AM] React+   || User: simplyshadow171295  || Channel: #feeding-team                        || emoji=❤️; msg="this would imply that people can read" by izzyballz
[11/03/2025 12:48:21.354 AM] Message  || User: racerdg             || Channel: #yapper-committee                    || Content: do i go see if twix is out rn yn
[11/03/2025 12:49:40.581 AM] Message  || User: izzyballz           || Channel: #yapper-committee                    || Content: i would not ever do this
[11/03/2025 12:51:01.253 AM] Edit     || User: yaeji               || Channel: #itty-bitty-kitty-commitee           || i use a lot of double hyphens and semicolons -> i use a lot of double hyphens...
[11/03/2025 12:51:53.631 AM] Edit     || User: yaeji               || Channel: #itty-bitty-kitty-commitee           || i use a lot of double hyphens and semicolons, but my informality/train of tho...
[11/03/2025 12:52:45.419 AM] React+   || User: slayc127            || Channel: #feeding-team                        || emoji=❤️; msg="I’m convinced they don’t read the signs" by _costco_wholesale_
[11/03/2025 12:52:45.794 AM] React+   || User: slayc127            || Channel: #feeding-team                        || emoji=❤️; msg="this would imply that people can read" by izzyballz
[11/03/2025 12:53:17.675 AM] Message  || User: slayc127            || Channel: #yapper-committee                    || Content: yes
[11/03/2025 12:53:25.563 AM] Message  || User: lemonelon_          || Channel: #itty-bitty-kitty-commitee           || Content: trying to save my paper but instead my computer just explodes
[11/03/2025 12:53:41.307 AM] Edit     || User: yaeji               || Channel: #itty-bitty-kitty-commitee           || i use a lot of double hyphens and semicolons, but my informality/train of tho...
[11/03/2025 12:53:50.170 AM] Message  || User: yaeji               || Channel: #itty-bitty-kitty-commitee           || Content: 💥
[11/03/2025 12:54:08.704 AM] Message  || User: .bettercalljack     || Channel: #yapper-committee                    || Content: If you dont wanna redo look into stacked lobes can make the unevenne...
[11/03/2025 12:54:52.480 AM] Edit     || User: yaeji               || Channel: #itty-bitty-kitty-commitee           || i use a lot of double hyphens and semicolons, but my informality/stream of th...
[11/03/2025 12:55:25.950 AM] React+   || User: mochenoch           || Channel: #yapper-committee                    || emoji=🤝; msg="it been one of those nights" by pancakemixteamdj
[11/03/2025 12:56:34.920 AM] React+   || User: lemonelon_          || Channel: #itty-bitty-kitty-commitee           || emoji=🤯; msg="💥" by yaeji
[11/03/2025 12:57:57.911 AM] Message  || User: yaeji               || Channel: #itty-bitty-kitty-commitee           || Content: i feel like people are taught correctness but not enough authenticit...
[11/03/2025 12:58:09.235 AM] Edit     || User: yaeji               || Channel: #itty-bitty-kitty-commitee           || i feel like people are taught correctness but not enough authenticity in writ...
[11/03/2025 01:02:16.975 AM] Message  || User: izzyballz           || Channel: #yapper-committee                    || Content: it is not a positioning error unfortunately 🥀
[11/03/2025 01:02:35.721 AM] Message  || User: izzyballz           || Channel: #yapper-committee                    || Content: pierced it at an angle
[11/03/2025 01:03:30.598 AM] Message  || User: racerdg             || Channel: #yapper-committee                    || Content: yeowch
[11/03/2025 01:03:46.411 AM] Message  || User: racerdg             || Channel: #yapper-committee                    || Content: im breaking out too we r in this together izzy balls
[11/03/2025 01:06:12.549 AM] React+   || User: kitadan             || Channel: #itty-bitty-kitty-commitee           || emoji=❤️; msg="i use a lot of double hyphens and semico..." by yaeji
[11/03/2025 01:06:21.505 AM] React+   || User: kitadan             || Channel: #itty-bitty-kitty-commitee           || emoji=🤯; msg="💥" by yaeji
[11/03/2025 01:06:46.732 AM] React+   || User: kitadan             || Channel: #feeding-team                        || emoji=😔; msg="ccc vs uta student body" by izzyballz
[11/03/2025 01:06:59.052 AM] React+   || User: kitadan             || Channel: #feeding-team                        || emoji=❤️; msg="I’m convinced they don’t read the signs" by _costco_wholesale_
[11/03/2025 01:07:01.785 AM] React+   || User: kitadan             || Channel: #feeding-team                        || emoji=❤️; msg="this would imply that people can read" by izzyballz
[11/03/2025 01:11:53.688 AM] React+   || User: izzyballz           || Channel: #yapper-committee                    || emoji=❤️; msg="im breaking out too we r in this togethe..." by racerdg
[11/03/2025 01:11:54.644 AM] Message  || User: izzyballz           || Channel: #yapper-committee                    || Content: i’m gonna be like 85 and my username on everything is still gonna be...
[11/03/2025 01:14:32.910 AM] Message  || User: .bettercalljack     || Channel: #yapper-committee                    || Content: Oof
[11/03/2025 01:18:08.214 AM] Message  || User: yaeji               || Channel: #yapper-committee                    || Content: izzy saggy b*lls
[11/03/2025 01:33:32.695 AM] Action   || Name: send_suppressed     || Trigger: ch=1341696618688286720               || Output: Gmail authorization needed. Open and approve, then reply: 'TomCat, au...
[11/03/2025 01:33:32.700 AM] Action   || Name: gmail_auth_url      || Trigger:                                      || Output: https://accounts.google.com/o/oauth2/auth?response_type=code&client_i...
[11/03/2025 01:33:32.700 AM] Action   || Name: gmail_log_scheduler || Trigger: auth                                 || Output: pending
[11/03/2025 01:44:00.249 AM] Action   || Name: send_suppressed     || Trigger: ch=1341696618688286720               || Output: Gmail authorization needed. Open and approve, then reply: 'TomCat, au...
[11/03/2025 01:44:00.249 AM] Action   || Name: gmail_auth_url      || Trigger:                                      || Output: https://accounts.google.com/o/oauth2/auth?response_type=code&client_i...
[11/03/2025 01:44:00.253 AM] Action   || Name: gmail_log_scheduler || Trigger: auth                                 || Output: pending
[11/03/2025 01:44:04.359 AM] Action   || Name: send_suppressed     || Trigger: ch=1341696618688286720               || Output: Gmail authorization needed. Open and approve, then reply: 'TomCat, au...
[11/03/2025 01:44:04.359 AM] Action   || Name: gmail_auth_url      || Trigger:                                      || Output: https://accounts.google.com/o/oauth2/auth?response_type=code&client_i...
[11/03/2025 01:44:04.363 AM] Action   || Name: gmail_log_scheduler || Trigger: auth                                 || Output: pending
[11/03/2025 01:51:23.895 AM] Action   || Name: send_suppressed     || Trigger: ch=1341696618688286720               || Output: Gmail authorization needed. Open and approve, then reply: 'TomCat, au...
[11/03/2025 01:51:23.895 AM] Action   || Name: gmail_auth_url      || Trigger:                                      || Output: https://accounts.google.com/o/oauth2/auth?response_type=code&client_i...
[11/03/2025 01:51:23.895 AM] Action   || Name: gmail_log_scheduler || Trigger: auth                                 || Output: pending
[11/03/2025 02:03:12.645 AM] Message  || User: rice.muncher        || Channel: #yapper-committee                    || Content: type shit
[11/03/2025 02:03:32.308 AM] Message  || User: rice.muncher        || Channel: #yapper-committee                    || Content: i feel it too rn
[11/03/2025 02:03:35.164 AM] Message  || User: pancakemixteamdj    || Channel: #yapper-committee                    || Content: it still one of those nights, im doing another project
[11/03/2025 02:03:36.666 AM] Message  || User: rice.muncher        || Channel: #yapper-committee                    || Content: i got an exam tmr
[11/03/2025 02:03:45.093 AM] Message  || User: rice.muncher        || Channel: #yapper-committee                    || Content: so average last night cram
[11/03/2025 02:03:49.772 AM] Message  || User: pancakemixteamdj    || Channel: #yapper-committee                    || Content: but like i over did the first draft
[11/03/2025 02:03:57.316 AM] Message  || User: pancakemixteamdj    || Channel: #yapper-committee                    || Content: not much i can add to the 2nd one
[11/03/2025 02:04:03.833 AM] Message  || User: rice.muncher        || Channel: #yapper-committee                    || Content: essay?
[11/03/2025 02:09:20.985 AM] Message  || User: pancakemixteamdj    || Channel: #yapper-committee                    || Content: not really an essay
[11/03/2025 02:09:31.196 AM] Message  || User: pancakemixteamdj    || Channel: #yapper-committee                    || Content: proffesor left vague instructions
[11/03/2025 02:09:46.527 AM] Message  || User: pancakemixteamdj    || Channel: #yapper-committee                    || Content: like the end project is like slides
[11/03/2025 02:10:16.165 AM] Action   || Name: profile_update_e... || Trigger: id=1                                 || Output: APIError: [429]: Quota exceeded for quota metric 'Read requests' and ...
[11/03/2025 02:10:16.229 AM] Action   || Name: profile_update_e... || Trigger: id=2                                 || Output: APIError: [429]: Quota exceeded for quota metric 'Read requests' and ...
[11/03/2025 02:10:16.285 AM] Action   || Name: profile_update_e... || Trigger: id=4                                 || Output: APIError: [429]: Quota exceeded for quota metric 'Read requests' and ...
[11/03/2025 02:10:16.340 AM] Action   || Name: profile_update_e... || Trigger: id=5                                 || Output: APIError: [429]: Quota exceeded for quota metric 'Read requests' and ...
[11/03/2025 02:10:16.389 AM] Action   || Name: profile_update_e... || Trigger: id=6                                 || Output: APIError: [429]: Quota exceeded for quota metric 'Read requests' and ...
[11/03/2025 02:10:16.438 AM] Action   || Name: profile_update_e... || Trigger: id=7                                 || Output: APIError: [429]: Quota exceeded for quota metric 'Read requests' and ...
[11/03/2025 02:10:16.491 AM] Action   || Name: profile_update_e... || Trigger: id=9                                 || Output: APIError: [429]: Quota exceeded for quota metric 'Read requests' and ...
[11/03/2025 02:10:16.556 AM] Action   || Name: profile_update_e... || Trigger: id=17                                || Output: APIError: [429]: Quota exceeded for quota metric 'Read requests' and ...
[11/03/2025 02:10:16.620 AM] Action   || Name: profile_update_e... || Trigger: id=67                                || Output: APIError: [429]: Quota exceeded for quota metric 'Read requests' and ...
[11/03/2025 02:10:16.620 AM] Action   || Name: profile_update_f... || Trigger: count=9                              || Output: 1,2,4,5,6,7,9,17,67
[11/03/2025 02:10:16.620 AM] Action   || Name: profiles_scheduler  || Trigger: update_all                           || Output: ran
[11/03/2025 02:10:16.705 AM] Action   || Name: profiles_error      || Trigger: sheet_read                           || Output: APIError: [429]: Quota exceeded for quota metric 'Read requests' and ...
[11/03/2025 02:10:16.707 AM] Action   || Name: profiles_scheduler  || Trigger: update_all                           || Output: ran
[11/03/2025 02:10:16.765 AM] Action   || Name: profiles_error      || Trigger: sheet_read                           || Output: APIError: [429]: Quota exceeded for quota metric 'Read requests' and ...
[11/03/2025 02:10:16.765 AM] Action   || Name: profiles_scheduler  || Trigger: update_all                           || Output: ran
[11/03/2025 02:10:16.830 AM] Action   || Name: profiles_error      || Trigger: sheet_read                           || Output: APIError: [429]: Quota exceeded for quota metric 'Read requests' and ...
[11/03/2025 02:10:16.830 AM] Action   || Name: profiles_scheduler  || Trigger: update_all                           || Output: ran
[11/03/2025 02:10:16.892 AM] Action   || Name: profiles_error      || Trigger: sheet_read                           || Output: APIError: [429]: Quota exceeded for quota metric 'Read requests' and ...
[11/03/2025 02:10:16.892 AM] Action   || Name: profiles_scheduler  || Trigger: update_all                           || Output: ran
[11/03/2025 02:10:16.939 AM] Action   || Name: profiles_error      || Trigger: sheet_read                           || Output: APIError: [429]: Quota exceeded for quota metric 'Read requests' and ...
[11/03/2025 02:10:16.955 AM] Action   || Name: profiles_scheduler  || Trigger: update_all                           || Output: ran
[11/03/2025 02:10:17.003 AM] Action   || Name: profiles_error      || Trigger: sheet_read                           || Output: APIError: [429]: Quota exceeded for quota metric 'Read requests' and ...
[11/03/2025 02:10:17.003 AM] Action   || Name: profiles_scheduler  || Trigger: update_all                           || Output: ran
[11/03/2025 02:10:17.051 AM] Action   || Name: profiles_error      || Trigger: sheet_read                           || Output: APIError: [429]: Quota exceeded for quota metric 'Read requests' and ...
[11/03/2025 02:10:17.051 AM] Action   || Name: profiles_scheduler  || Trigger: update_all                           || Output: ran
[11/03/2025 02:10:17.115 AM] Action   || Name: profiles_error      || Trigger: sheet_read                           || Output: APIError: [429]: Quota exceeded for quota metric 'Read requests' and ...
[11/03/2025 02:10:17.117 AM] Action   || Name: profiles_scheduler  || Trigger: update_all                           || Output: ran
[11/03/2025 02:10:17.119 AM] Message  || User: pancakemixteamdj    || Channel: #yapper-committee                    || Content: just making points and sources in this draft
[11/03/2025 02:10:17.908 AM] Action   || Name: profile_update_e... || Trigger: id=1                                 || Output: 404 Not Found (error code: 10008): Unknown Message
[11/03/2025 02:10:17.963 AM] Action   || Name: profile_update_e... || Trigger: id=2                                 || Output: APIError: [429]: Quota exceeded for quota metric 'Read requests' and ...
[11/03/2025 02:10:18.019 AM] Action   || Name: profile_update_e... || Trigger: id=4                                 || Output: APIError: [429]: Quota exceeded for quota metric 'Read requests' and ...
[11/03/2025 02:10:18.084 AM] Action   || Name: profile_update_e... || Trigger: id=5                                 || Output: APIError: [429]: Quota exceeded for quota metric 'Read requests' and ...
[11/03/2025 02:10:18.146 AM] Action   || Name: profile_update_e... || Trigger: id=6                                 || Output: APIError: [429]: Quota exceeded for quota metric 'Read requests' and ...
[11/03/2025 02:10:18.194 AM] Action   || Name: profile_update_e... || Trigger: id=7                                 || Output: APIError: [429]: Quota exceeded for quota metric 'Read requests' and ...
[11/03/2025 02:10:18.273 AM] Action   || Name: profile_update_e... || Trigger: id=9                                 || Output: APIError: [429]: Quota exceeded for quota metric 'Read requests' and ...
[11/03/2025 02:10:18.415 AM] Action   || Name: profile_update_e... || Trigger: id=17                                || Output: APIError: [429]: Quota exceeded for quota metric 'Read requests' and ...
[11/03/2025 02:10:18.468 AM] Action   || Name: profile_update_e... || Trigger: id=67                                || Output: APIError: [429]: Quota exceeded for quota metric 'Read requests' and ...
[11/03/2025 02:10:18.468 AM] Action   || Name: profile_update_f... || Trigger: count=9                              || Output: 1,2,4,5,6,7,9,17,67
[11/03/2025 02:10:18.468 AM] Action   || Name: profiles_scheduler  || Trigger: update_all                           || Output: ran
[11/03/2025 02:10:18.504 AM] Action   || Name: profile_update_e... || Trigger: id=1                                 || Output: 404 Not Found (error code: 10008): Unknown Message
[11/03/2025 02:10:18.548 AM] Action   || Name: profile_update_e... || Trigger: id=2                                 || Output: APIError: [429]: Quota exceeded for quota metric 'Read requests' and ...
[11/03/2025 02:10:18.616 AM] Action   || Name: profile_update_e... || Trigger: id=4                                 || Output: APIError: [429]: Quota exceeded for quota metric 'Read requests' and ...
[11/03/2025 02:10:18.656 AM] Action   || Name: profile_update_e... || Trigger: id=5                                 || Output: APIError: [429]: Quota exceeded for quota metric 'Read requests' and ...
[11/03/2025 02:10:18.737 AM] Action   || Name: profile_update_e... || Trigger: id=6                                 || Output: APIError: [429]: Quota exceeded for quota metric 'Read requests' and ...
[11/03/2025 02:10:18.800 AM] Action   || Name: profile_update_e... || Trigger: id=7                                 || Output: APIError: [429]: Quota exceeded for quota metric 'Read requests' and ...
[11/03/2025 02:10:18.848 AM] Action   || Name: profile_update_e... || Trigger: id=9                                 || Output: APIError: [429]: Quota exceeded for quota metric 'Read requests' and ...
[11/03/2025 02:10:18.916 AM] Action   || Name: profile_update_e... || Trigger: id=17                                || Output: APIError: [429]: Quota exceeded for quota metric 'Read requests' and ...
[11/03/2025 02:10:18.974 AM] Action   || Name: profile_update_e... || Trigger: id=67                                || Output: APIError: [429]: Quota exceeded for quota metric 'Read requests' and ...
[11/03/2025 02:10:18.974 AM] Action   || Name: profile_update_f... || Trigger: count=9                              || Output: 1,2,4,5,6,7,9,17,67
[11/03/2025 02:10:18.974 AM] Action   || Name: profiles_scheduler  || Trigger: update_all                           || Output: ran
[11/03/2025 02:10:18.974 AM] Action   || Name: profile_update_e... || Trigger: id=1                                 || Output: 404 Not Found (error code: 10008): Unknown Message
[11/03/2025 02:10:19.046 AM] Action   || Name: profile_update_e... || Trigger: id=2                                 || Output: APIError: [429]: Quota exceeded for quota metric 'Read requests' and ...
[11/03/2025 02:10:19.118 AM] Action   || Name: profile_update_e... || Trigger: id=4                                 || Output: APIError: [429]: Quota exceeded for quota metric 'Read requests' and ...
[11/03/2025 02:10:19.166 AM] Action   || Name: profile_update_e... || Trigger: id=5                                 || Output: APIError: [429]: Quota exceeded for quota metric 'Read requests' and ...
[11/03/2025 02:10:19.230 AM] Action   || Name: profile_update_e... || Trigger: id=6                                 || Output: APIError: [429]: Quota exceeded for quota metric 'Read requests' and ...
[11/03/2025 02:10:19.309 AM] Action   || Name: profile_update_e... || Trigger: id=7                                 || Output: APIError: [429]: Quota exceeded for quota metric 'Read requests' and ...
[11/03/2025 02:10:19.357 AM] Action   || Name: profile_update_e... || Trigger: id=9                                 || Output: APIError: [429]: Quota exceeded for quota metric 'Read requests' and ...
[11/03/2025 02:10:19.417 AM] Action   || Name: profile_update_e... || Trigger: id=17                                || Output: APIError: [429]: Quota exceeded for quota metric 'Read requests' and ...
[11/03/2025 02:10:19.544 AM] Action   || Name: profile_update_e... || Trigger: id=67                                || Output: APIError: [429]: Quota exceeded for quota metric 'Read requests' and ...
[11/03/2025 02:10:19.544 AM] Action   || Name: profile_update_f... || Trigger: count=9                              || Output: 1,2,4,5,6,7,9,17,67
[11/03/2025 02:10:19.544 AM] Action   || Name: profiles_scheduler  || Trigger: update_all                           || Output: ran
[11/03/2025 02:10:19.544 AM] Action   || Name: profile_update_e... || Trigger: id=1                                 || Output: 404 Not Found (error code: 10008): Unknown Message
[11/03/2025 02:10:19.608 AM] Action   || Name: profile_update_e... || Trigger: id=2                                 || Output: APIError: [429]: Quota exceeded for quota metric 'Read requests' and ...
[11/03/2025 02:10:19.656 AM] Action   || Name: profile_update_e... || Trigger: id=4                                 || Output: APIError: [429]: Quota exceeded for quota metric 'Read requests' and ...
[11/03/2025 02:10:19.704 AM] Action   || Name: profile_update_e... || Trigger: id=5                                 || Output: APIError: [429]: Quota exceeded for quota metric 'Read requests' and ...
[11/03/2025 02:10:19.752 AM] Action   || Name: profile_update_e... || Trigger: id=6                                 || Output: APIError: [429]: Quota exceeded for quota metric 'Read requests' and ...
[11/03/2025 02:10:19.816 AM] Action   || Name: profile_update_e... || Trigger: id=7                                 || Output: APIError: [429]: Quota exceeded for quota metric 'Read requests' and ...
[11/03/2025 02:10:19.863 AM] Action   || Name: profile_update_e... || Trigger: id=9                                 || Output: APIError: [429]: Quota exceeded for quota metric 'Read requests' and ...
[11/03/2025 02:10:19.933 AM] Action   || Name: profile_update_e... || Trigger: id=17                                || Output: APIError: [429]: Quota exceeded for quota metric 'Read requests' and ...
[11/03/2025 02:10:19.987 AM] Action   || Name: profile_update_e... || Trigger: id=67                                || Output: APIError: [429]: Quota exceeded for quota metric 'Read requests' and ...
[11/03/2025 02:10:19.989 AM] Action   || Name: profile_update_f... || Trigger: count=9                              || Output: 1,2,4,5,6,7,9,17,67
[11/03/2025 02:10:19.989 AM] Action   || Name: profiles_scheduler  || Trigger: update_all                           || Output: ran
[11/03/2025 02:10:19.989 AM] Action   || Name: profile_update_e... || Trigger: id=1                                 || Output: 404 Not Found (error code: 10008): Unknown Message
[11/03/2025 02:10:20.037 AM] Action   || Name: profile_update_e... || Trigger: id=2                                 || Output: APIError: [429]: Quota exceeded for quota metric 'Read requests' and ...
[11/03/2025 02:10:20.101 AM] Action   || Name: profile_update_e... || Trigger: id=4                                 || Output: APIError: [429]: Quota exceeded for quota metric 'Read requests' and ...
[11/03/2025 02:10:20.149 AM] Action   || Name: profile_update_e... || Trigger: id=5                                 || Output: APIError: [429]: Quota exceeded for quota metric 'Read requests' and ...
[11/03/2025 02:10:20.213 AM] Action   || Name: profile_update_e... || Trigger: id=6                                 || Output: APIError: [429]: Quota exceeded for quota metric 'Read requests' and ...
[11/03/2025 02:10:20.261 AM] Action   || Name: profile_update_e... || Trigger: id=7                                 || Output: APIError: [429]: Quota exceeded for quota metric 'Read requests' and ...
[11/03/2025 02:10:20.318 AM] Action   || Name: profile_update_e... || Trigger: id=9                                 || Output: APIError: [429]: Quota exceeded for quota metric 'Read requests' and ...
[11/03/2025 02:10:20.362 AM] Action   || Name: profile_update_e... || Trigger: id=17                                || Output: APIError: [429]: Quota exceeded for quota metric 'Read requests' and ...
[11/03/2025 02:10:20.424 AM] Action   || Name: profile_update_e... || Trigger: id=67                                || Output: APIError: [429]: Quota exceeded for quota metric 'Read requests' and ...
[11/03/2025 02:10:20.424 AM] Action   || Name: profile_update_f... || Trigger: count=9                              || Output: 1,2,4,5,6,7,9,17,67
[11/03/2025 02:10:20.424 AM] Action   || Name: profiles_scheduler  || Trigger: update_all                           || Output: ran
[11/03/2025 02:10:20.656 AM] Action   || Name: profile_update_e... || Trigger: id=1                                 || Output: 404 Not Found (error code: 10008): Unknown Message
[11/03/2025 02:10:20.704 AM] Action   || Name: profile_update_e... || Trigger: id=2                                 || Output: APIError: [429]: Quota exceeded for quota metric 'Read requests' and ...
[11/03/2025 02:10:20.767 AM] Action   || Name: profile_update_e... || Trigger: id=4                                 || Output: APIError: [429]: Quota exceeded for quota metric 'Read requests' and ...
[11/03/2025 02:10:20.830 AM] Action   || Name: profile_update_e... || Trigger: id=5                                 || Output: APIError: [429]: Quota exceeded for quota metric 'Read requests' and ...
[11/03/2025 02:10:20.894 AM] Action   || Name: profile_update_e... || Trigger: id=6                                 || Output: APIError: [429]: Quota exceeded for quota metric 'Read requests' and ...
[11/03/2025 02:10:20.942 AM] Action   || Name: profile_update_e... || Trigger: id=7                                 || Output: APIError: [429]: Quota exceeded for quota metric 'Read requests' and ...
[11/03/2025 02:10:21.022 AM] Action   || Name: profile_update_e... || Trigger: id=9                                 || Output: APIError: [429]: Quota exceeded for quota metric 'Read requests' and ...
[11/03/2025 02:10:21.086 AM] Action   || Name: profile_update_e... || Trigger: id=17                                || Output: APIError: [429]: Quota exceeded for quota metric 'Read requests' and ...
[11/03/2025 02:10:21.134 AM] Action   || Name: profile_update_e... || Trigger: id=67                                || Output: APIError: [429]: Quota exceeded for quota metric 'Read requests' and ...
[11/03/2025 02:10:21.134 AM] Action   || Name: profile_update_f... || Trigger: count=9                              || Output: 1,2,4,5,6,7,9,17,67
[11/03/2025 02:10:21.134 AM] Action   || Name: profiles_scheduler  || Trigger: update_all                           || Output: ran
[11/03/2025 02:10:21.134 AM] Action   || Name: profile_update_e... || Trigger: id=1                                 || Output: 404 Not Found (error code: 10008): Unknown Message
[11/03/2025 02:10:21.198 AM] Action   || Name: profile_update_e... || Trigger: id=2                                 || Output: APIError: [429]: Quota exceeded for quota metric 'Read requests' and ...
[11/03/2025 02:10:21.246 AM] Action   || Name: profile_update_e... || Trigger: id=4                                 || Output: APIError: [429]: Quota exceeded for quota metric 'Read requests' and ...
[11/03/2025 02:10:21.294 AM] Action   || Name: profile_update_e... || Trigger: id=5                                 || Output: APIError: [429]: Quota exceeded for quota metric 'Read requests' and ...
[11/03/2025 02:10:21.359 AM] Action   || Name: profile_update_e... || Trigger: id=6                                 || Output: APIError: [429]: Quota exceeded for quota metric 'Read requests' and ...
[11/03/2025 02:10:21.407 AM] Action   || Name: profile_update_e... || Trigger: id=7                                 || Output: APIError: [429]: Quota exceeded for quota metric 'Read requests' and ...
[11/03/2025 02:10:21.472 AM] Action   || Name: profile_update_e... || Trigger: id=9                                 || Output: APIError: [429]: Quota exceeded for quota metric 'Read requests' and ...
[11/03/2025 02:10:21.521 AM] Action   || Name: profile_update_e... || Trigger: id=17                                || Output: APIError: [429]: Quota exceeded for quota metric 'Read requests' and ...
[11/03/2025 02:10:21.584 AM] Action   || Name: profile_update_e... || Trigger: id=67                                || Output: APIError: [429]: Quota exceeded for quota metric 'Read requests' and ...
[11/03/2025 02:10:21.584 AM] Action   || Name: profile_update_f... || Trigger: count=9                              || Output: 1,2,4,5,6,7,9,17,67
[11/03/2025 02:10:21.584 AM] Action   || Name: profiles_scheduler  || Trigger: update_all                           || Output: ran
[11/03/2025 02:10:23.439 AM] Action   || Name: profile_update_e... || Trigger: id=1                                 || Output: 404 Not Found (error code: 10008): Unknown Message
[11/03/2025 02:10:23.489 AM] Action   || Name: profile_update_e... || Trigger: id=2                                 || Output: APIError: [429]: Quota exceeded for quota metric 'Read requests' and ...
[11/03/2025 02:10:23.551 AM] Action   || Name: profile_update_e... || Trigger: id=4                                 || Output: APIError: [429]: Quota exceeded for quota metric 'Read requests' and ...
[11/03/2025 02:10:23.635 AM] Action   || Name: profile_update_e... || Trigger: id=5                                 || Output: APIError: [429]: Quota exceeded for quota metric 'Read requests' and ...
[11/03/2025 02:10:23.679 AM] Action   || Name: profile_update_e... || Trigger: id=6                                 || Output: APIError: [429]: Quota exceeded for quota metric 'Read requests' and ...
[11/03/2025 02:10:23.744 AM] Action   || Name: profile_update_e... || Trigger: id=7                                 || Output: APIError: [429]: Quota exceeded for quota metric 'Read requests' and ...
[11/03/2025 02:10:23.808 AM] Action   || Name: profile_update_e... || Trigger: id=9                                 || Output: APIError: [429]: Quota exceeded for quota metric 'Read requests' and ...
[11/03/2025 02:10:23.856 AM] Action   || Name: profile_update_e... || Trigger: id=17                                || Output: APIError: [429]: Quota exceeded for quota metric 'Read requests' and ...
[11/03/2025 02:10:23.903 AM] Action   || Name: profile_update_e... || Trigger: id=67                                || Output: APIError: [429]: Quota exceeded for quota metric 'Read requests' and ...
[11/03/2025 02:10:23.903 AM] Action   || Name: profile_update_f... || Trigger: count=9                              || Output: 1,2,4,5,6,7,9,17,67
[11/03/2025 02:10:23.919 AM] Action   || Name: profiles_scheduler  || Trigger: update_all                           || Output: ran
[11/03/2025 02:13:50.035 AM] Action   || Name: send_suppressed     || Trigger: ch=1341696618688286720               || Output: Gmail authorization needed. Open and approve, then reply: 'TomCat, au...
[11/03/2025 02:13:50.038 AM] Action   || Name: gmail_auth_url      || Trigger:                                      || Output: https://accounts.google.com/o/oauth2/auth?response_type=code&client_i...
[11/03/2025 02:13:50.038 AM] Action   || Name: gmail_log_scheduler || Trigger: auth                                 || Output: pending
[11/03/2025 02:19:52.678 AM] React+   || User: almunds             || Channel: #events                              || emoji=😆; msg="Meanwhile the  officers" by pancakemixteamdj
[11/03/2025 02:19:54.947 AM] React-   || User: unknown             || Channel: #events                              || emoji=😆; msg="Meanwhile the  officers" by pancakemixteamdj
[11/03/2025 02:20:41.055 AM] Message  || User: almunds             || Channel: #memes                               || Content: (no text; attachments=1)
[11/03/2025 02:20:56.145 AM] Action   || Name: send_suppressed     || Trigger: ch=1341696618688286720               || Output: Gmail authorization needed. Open and approve, then reply: 'TomCat, au...
[11/03/2025 02:20:56.145 AM] Action   || Name: gmail_auth_url      || Trigger:                                      || Output: https://accounts.google.com/o/oauth2/auth?response_type=code&client_i...
[11/03/2025 02:20:56.145 AM] Action   || Name: gmail_log_scheduler || Trigger: auth                                 || Output: pending
[11/03/2025 02:21:00.334 AM] Action   || Name: send_suppressed     || Trigger: ch=1341696618688286720               || Output: Gmail authorization needed. Open and approve, then reply: 'TomCat, au...
[11/03/2025 02:21:00.334 AM] Action   || Name: gmail_auth_url      || Trigger:                                      || Output: https://accounts.google.com/o/oauth2/auth?response_type=code&client_i...
[11/03/2025 02:21:00.334 AM] Action   || Name: gmail_log_scheduler || Trigger: auth                                 || Output: pending
[11/03/2025 02:22:06.802 AM] Action   || Name: send_suppressed     || Trigger: ch=1341696618688286720               || Output: Gmail authorization needed. Open and approve, then reply: 'TomCat, au...
[11/03/2025 02:22:06.802 AM] Action   || Name: gmail_auth_url      || Trigger:                                      || Output: https://accounts.google.com/o/oauth2/auth?response_type=code&client_i...
[11/03/2025 02:22:06.802 AM] Action   || Name: gmail_log_scheduler || Trigger: auth                                 || Output: pending
[11/03/2025 02:28:46.545 AM] Action   || Name: send_suppressed     || Trigger: ch=1341696618688286720               || Output: Gmail authorization needed. Open and approve, then reply: 'TomCat, au...
[11/03/2025 02:28:46.545 AM] Action   || Name: gmail_auth_url      || Trigger:                                      || Output: https://accounts.google.com/o/oauth2/auth?response_type=code&client_i...
[11/03/2025 02:28:46.545 AM] Action   || Name: gmail_log_scheduler || Trigger: auth                                 || Output: pending
[11/03/2025 02:34:03.595 AM] Action   || Name: send_suppressed     || Trigger: ch=1341696618688286720               || Output: Gmail authorization needed. Open and approve, then reply: 'TomCat, au...
[11/03/2025 02:34:03.595 AM] Action   || Name: gmail_auth_url      || Trigger:                                      || Output: https://accounts.google.com/o/oauth2/auth?response_type=code&client_i...
[11/03/2025 02:34:03.595 AM] Action   || Name: gmail_log_scheduler || Trigger: auth                                 || Output: pending
[11/03/2025 02:46:58.639 AM] Message  || User: a1darek             || Channel: #purrley-pawsitive-pussy-pals        || Content: https://www.tiktok.com/t/ZP8DAuHmQ/
[11/03/2025 02:46:59.482 AM] Edit     || User: a1darek             || Channel: #purrley-pawsitive-pussy-pals        || https://www.tiktok.com/t/ZP8DAuHmQ/ -> https://www.tiktok.com/t/ZP8DAuHmQ/
[11/03/2025 02:56:05.188 AM] Message  || User: pancakemixteamdj    || Channel: #yapper-committee                    || Content: realized there was format for this draft
[11/03/2025 02:56:07.637 AM] Message  || User: pancakemixteamdj    || Channel: #yapper-committee                    || Content: ooops
[11/03/2025 03:00:00.489 AM] Action   || Name: dues_membership_... || Trigger: sheet=1PBvCd6gTwc1_aqlCtn93xPW7XJ... || Output: ws=Membership Application List
[11/03/2025 03:00:04.038 AM] Action   || Name: dues_membership_... || Trigger: row=2                                || Output: Date|Mavorgs Invite|Semester|Email|Full Name|Discord Username|Payment...
[11/03/2025 03:00:04.049 AM] Action   || Name: dues_membership_... || Trigger: total=1002                           || Output: usable=858
[11/03/2025 03:00:04.049 AM] Action   || Name: dues_scheduler      || Trigger: count=0                              || Output: done
[11/03/2025 03:00:04.049 AM] Action   || Name: dues_membership_... || Trigger: sheet=1PBvCd6gTwc1_aqlCtn93xPW7XJ... || Output: ws=Membership Application List
[11/03/2025 03:00:04.049 AM] Action   || Name: dues_scheduler      || Trigger: count=0                              || Output: done
[11/03/2025 03:00:04.049 AM] Action   || Name: dues_membership_... || Trigger: sheet=1PBvCd6gTwc1_aqlCtn93xPW7XJ... || Output: ws=Membership Application List
[11/03/2025 03:00:04.049 AM] Action   || Name: dues_scheduler      || Trigger: count=0                              || Output: done
[11/03/2025 03:00:04.049 AM] Action   || Name: dues_membership_... || Trigger: sheet=1PBvCd6gTwc1_aqlCtn93xPW7XJ... || Output: ws=Membership Application List
[11/03/2025 03:00:04.065 AM] Action   || Name: dues_scheduler      || Trigger: count=0                              || Output: done
[11/03/2025 03:00:04.065 AM] Action   || Name: dues_membership_... || Trigger: sheet=1PBvCd6gTwc1_aqlCtn93xPW7XJ... || Output: ws=Membership Application List
[11/03/2025 03:00:04.065 AM] Action   || Name: dues_scheduler      || Trigger: count=0                              || Output: done
[11/03/2025 03:00:04.280 AM] Action   || Name: dues_membership_... || Trigger: sheet=1PBvCd6gTwc1_aqlCtn93xPW7XJ... || Output: ws=Membership Application List
[11/03/2025 03:00:04.282 AM] Action   || Name: dues_scheduler      || Trigger: count=0                              || Output: done
[11/03/2025 03:00:04.288 AM] Action   || Name: dues_membership_... || Trigger: sheet=1PBvCd6gTwc1_aqlCtn93xPW7XJ... || Output: ws=Membership Application List
[11/03/2025 03:00:04.291 AM] Action   || Name: dues_scheduler      || Trigger: count=0                              || Output: done
[11/03/2025 03:00:04.520 AM] Action   || Name: dues_membership_... || Trigger: sheet=1PBvCd6gTwc1_aqlCtn93xPW7XJ... || Output: ws=Membership Application List
[11/03/2025 03:00:04.520 AM] Action   || Name: dues_scheduler      || Trigger: count=0                              || Output: done
[11/03/2025 03:00:05.442 AM] Action   || Name: dues_membership_... || Trigger: sheet=1PBvCd6gTwc1_aqlCtn93xPW7XJ... || Output: ws=Membership Application List
[11/03/2025 03:00:05.444 AM] Action   || Name: dues_scheduler      || Trigger: count=0                              || Output: done
[11/03/2025 03:00:06.238 AM] Action   || Name: dues_membership_... || Trigger: sheet=1PBvCd6gTwc1_aqlCtn93xPW7XJ... || Output: ws=Membership Application List
[11/03/2025 03:00:06.238 AM] Action   || Name: dues_scheduler      || Trigger: count=0                              || Output: done
[11/03/2025 03:00:07.303 AM] Action   || Name: dues_membership_... || Trigger: sheet=1PBvCd6gTwc1_aqlCtn93xPW7XJ... || Output: ws=Membership Application List
[11/03/2025 03:00:07.303 AM] Action   || Name: dues_scheduler      || Trigger: count=0                              || Output: done
[11/03/2025 03:00:08.289 AM] Action   || Name: dues_membership_... || Trigger: sheet=1PBvCd6gTwc1_aqlCtn93xPW7XJ... || Output: ws=Membership Application List
[11/03/2025 03:00:08.289 AM] Action   || Name: dues_scheduler      || Trigger: count=0                              || Output: done
[11/03/2025 03:00:09.370 AM] Action   || Name: dues_membership_... || Trigger: sheet=1PBvCd6gTwc1_aqlCtn93xPW7XJ... || Output: ws=Membership Application List
[11/03/2025 03:00:09.372 AM] Action   || Name: dues_scheduler      || Trigger: count=0                              || Output: done
[11/03/2025 03:00:10.470 AM] Action   || Name: dues_membership_... || Trigger: sheet=1PBvCd6gTwc1_aqlCtn93xPW7XJ... || Output: ws=Membership Application List
[11/03/2025 03:00:10.471 AM] Action   || Name: dues_scheduler      || Trigger: count=0                              || Output: done
[11/03/2025 03:00:11.279 AM] Action   || Name: dues_membership_... || Trigger: sheet=1PBvCd6gTwc1_aqlCtn93xPW7XJ... || Output: ws=Membership Application List
[11/03/2025 03:00:11.279 AM] Action   || Name: dues_scheduler      || Trigger: count=0                              || Output: done
[11/03/2025 03:00:12.447 AM] Action   || Name: dues_membership_... || Trigger: sheet=1PBvCd6gTwc1_aqlCtn93xPW7XJ... || Output: ws=Membership Application List
[11/03/2025 03:00:12.448 AM] Action   || Name: dues_scheduler      || Trigger: count=0                              || Output: done
[11/03/2025 03:00:16.322 AM] Action   || Name: dues_membership_... || Trigger: sheet=1PBvCd6gTwc1_aqlCtn93xPW7XJ... || Output: ws=Membership Application List
[11/03/2025 03:00:16.324 AM] Action   || Name: dues_scheduler      || Trigger: count=0                              || Output: done
[11/03/2025 03:03:19.864 AM] Action   || Name: send_suppressed     || Trigger: ch=1341696618688286720               || Output: Gmail authorization needed. Open and approve, then reply: 'TomCat, au...
[11/03/2025 03:03:19.864 AM] Action   || Name: gmail_auth_url      || Trigger:                                      || Output: https://accounts.google.com/o/oauth2/auth?response_type=code&client_i...
[11/03/2025 03:03:19.864 AM] Action   || Name: gmail_log_scheduler || Trigger: auth                                 || Output: pending
[11/03/2025 03:04:14.401 AM] Message  || User: a1darek             || Channel: #yapper-committee                    || Content: fuck it we ball
[11/03/2025 03:06:26.101 AM] Action   || Name: send_suppressed     || Trigger: ch=1341696618688286720               || Output: Gmail authorization needed. Open and approve, then reply: 'TomCat, au...
[11/03/2025 03:06:26.101 AM] Action   || Name: gmail_auth_url      || Trigger:                                      || Output: https://accounts.google.com/o/oauth2/auth?response_type=code&client_i...
[11/03/2025 03:06:26.101 AM] Action   || Name: gmail_log_scheduler || Trigger: auth                                 || Output: pending
[11/03/2025 03:06:29.601 AM] Action   || Name: send_suppressed     || Trigger: ch=1341696618688286720               || Output: Gmail authorization needed. Open and approve, then reply: 'TomCat, au...
[11/03/2025 03:06:29.601 AM] Action   || Name: gmail_auth_url      || Trigger:                                      || Output: https://accounts.google.com/o/oauth2/auth?response_type=code&client_i...
[11/03/2025 03:06:29.601 AM] Action   || Name: gmail_log_scheduler || Trigger: auth                                 || Output: pending
[11/03/2025 03:11:27.600 AM] Message  || User: pancakemixteamdj    || Channel: #yapper-committee                    || Content: why you still up
[11/03/2025 03:16:27.244 AM] Message  || User: a1darek             || Channel: #yapper-committee                    || Content: Studying for zoology practical
[11/03/2025 03:21:26.304 AM] Message  || User: pancakemixteamdj    || Channel: #yapper-committee                    || Content: real
[11/03/2025 03:21:32.013 AM] Message  || User: pancakemixteamdj    || Channel: #yapper-committee                    || Content: i just finished for the night
[11/03/2025 03:21:47.526 AM] Message  || User: pancakemixteamdj    || Channel: #yapper-committee                    || Content: and that how you finish two major assignments in 6 hours
[11/03/2025 03:30:05.149 AM] Action   || Name: send_suppressed     || Trigger: ch=1341696618688286720               || Output: Gmail authorization needed. Open and approve, then reply: 'TomCat, au...
[11/03/2025 03:30:05.149 AM] Action   || Name: gmail_auth_url      || Trigger:                                      || Output: https://accounts.google.com/o/oauth2/auth?response_type=code&client_i...
[11/03/2025 03:30:05.149 AM] Action   || Name: gmail_log_scheduler || Trigger: auth                                 || Output: pending
[11/03/2025 03:52:15.022 AM] Action   || Name: send_suppressed     || Trigger: ch=1341696618688286720               || Output: Gmail authorization needed. Open and approve, then reply: 'TomCat, au...
[11/03/2025 03:52:15.038 AM] Action   || Name: gmail_auth_url      || Trigger:                                      || Output: https://accounts.google.com/o/oauth2/auth?response_type=code&client_i...
[11/03/2025 03:52:15.038 AM] Action   || Name: gmail_log_scheduler || Trigger: auth                                 || Output: pending
[11/03/2025 04:00:47.991 AM] Action   || Name: send_suppressed     || Trigger: ch=1341696618688286720               || Output: Gmail authorization needed. Open and approve, then reply: 'TomCat, au...
[11/03/2025 04:00:47.991 AM] Action   || Name: gmail_auth_url      || Trigger:                                      || Output: https://accounts.google.com/o/oauth2/auth?response_type=code&client_i...
[11/03/2025 04:00:47.991 AM] Action   || Name: gmail_log_scheduler || Trigger: auth                                 || Output: pending
[11/03/2025 04:33:01.185 AM] Message  || User: adeyumii            || Channel: #pictures-of-the-cats                || Content: no I think I named him before tomcat
[11/03/2025 04:45:18.875 AM] Action   || Name: send_suppressed     || Trigger: ch=1341696618688286720               || Output: Gmail authorization needed. Open and approve, then reply: 'TomCat, au...
[11/03/2025 04:45:18.875 AM] Action   || Name: gmail_auth_url      || Trigger:                                      || Output: https://accounts.google.com/o/oauth2/auth?response_type=code&client_i...
[11/03/2025 04:45:18.875 AM] Action   || Name: gmail_log_scheduler || Trigger: auth                                 || Output: pending
[11/03/2025 05:33:32.802 AM] Action   || Name: send_suppressed     || Trigger: ch=1341696618688286720               || Output: Gmail authorization needed. Open and approve, then reply: 'TomCat, au...
[11/03/2025 05:33:32.802 AM] Action   || Name: gmail_auth_url      || Trigger:                                      || Output: https://accounts.google.com/o/oauth2/auth?response_type=code&client_i...
[11/03/2025 05:33:32.804 AM] Action   || Name: gmail_log_scheduler || Trigger: auth                                 || Output: pending
[11/03/2025 05:44:00.309 AM] Action   || Name: send_suppressed     || Trigger: ch=1341696618688286720               || Output: Gmail authorization needed. Open and approve, then reply: 'TomCat, au...
[11/03/2025 05:44:00.311 AM] Action   || Name: gmail_auth_url      || Trigger:                                      || Output: https://accounts.google.com/o/oauth2/auth?response_type=code&client_i...
[11/03/2025 05:44:00.311 AM] Action   || Name: gmail_log_scheduler || Trigger: auth                                 || Output: pending
[11/03/2025 05:44:04.427 AM] Action   || Name: send_suppressed     || Trigger: ch=1341696618688286720               || Output: Gmail authorization needed. Open and approve, then reply: 'TomCat, au...
[11/03/2025 05:44:04.427 AM] Action   || Name: gmail_auth_url      || Trigger:                                      || Output: https://accounts.google.com/o/oauth2/auth?response_type=code&client_i...
[11/03/2025 05:44:04.427 AM] Action   || Name: gmail_log_scheduler || Trigger: auth                                 || Output: pending
[11/03/2025 05:51:23.960 AM] Action   || Name: send_suppressed     || Trigger: ch=1341696618688286720               || Output: Gmail authorization needed. Open and approve, then reply: 'TomCat, au...
[11/03/2025 05:51:23.960 AM] Action   || Name: gmail_auth_url      || Trigger:                                      || Output: https://accounts.google.com/o/oauth2/auth?response_type=code&client_i...
[11/03/2025 05:51:23.966 AM] Action   || Name: gmail_log_scheduler || Trigger: auth                                 || Output: pending
[11/03/2025 06:02:06.894 AM] Message  || User: simplyshadow171295  || Channel: #pictures-of-the-cats                || Content: technically not, tom was up like early april i think. regardless tho...
[11/03/2025 06:13:50.110 AM] Action   || Name: send_suppressed     || Trigger: ch=1341696618688286720               || Output: Gmail authorization needed. Open and approve, then reply: 'TomCat, au...
[11/03/2025 06:13:50.110 AM] Action   || Name: gmail_auth_url      || Trigger:                                      || Output: https://accounts.google.com/o/oauth2/auth?response_type=code&client_i...
[11/03/2025 06:13:50.110 AM] Action   || Name: gmail_log_scheduler || Trigger: auth                                 || Output: pending
[11/03/2025 06:20:56.227 AM] Action   || Name: send_suppressed     || Trigger: ch=1341696618688286720               || Output: Gmail authorization needed. Open and approve, then reply: 'TomCat, au...
[11/03/2025 06:20:56.229 AM] Action   || Name: gmail_auth_url      || Trigger:                                      || Output: https://accounts.google.com/o/oauth2/auth?response_type=code&client_i...
[11/03/2025 06:20:56.231 AM] Action   || Name: gmail_log_scheduler || Trigger: auth                                 || Output: pending
[11/03/2025 06:21:00.380 AM] Action   || Name: send_suppressed     || Trigger: ch=1341696618688286720               || Output: Gmail authorization needed. Open and approve, then reply: 'TomCat, au...
[11/03/2025 06:21:00.380 AM] Action   || Name: gmail_auth_url      || Trigger:                                      || Output: https://accounts.google.com/o/oauth2/auth?response_type=code&client_i...
[11/03/2025 06:21:00.382 AM] Action   || Name: gmail_log_scheduler || Trigger: auth                                 || Output: pending
[11/03/2025 06:22:06.857 AM] Action   || Name: send_suppressed     || Trigger: ch=1341696618688286720               || Output: Gmail authorization needed. Open and approve, then reply: 'TomCat, au...
[11/03/2025 06:22:06.857 AM] Action   || Name: gmail_auth_url      || Trigger:                                      || Output: https://accounts.google.com/o/oauth2/auth?response_type=code&client_i...
[11/03/2025 06:22:06.857 AM] Action   || Name: gmail_log_scheduler || Trigger: auth                                 || Output: pending
[11/03/2025 06:28:46.617 AM] Action   || Name: send_suppressed     || Trigger: ch=1341696618688286720               || Output: Gmail authorization needed. Open and approve, then reply: 'TomCat, au...
[11/03/2025 06:28:46.617 AM] Action   || Name: gmail_auth_url      || Trigger:                                      || Output: https://accounts.google.com/o/oauth2/auth?response_type=code&client_i...
[11/03/2025 06:28:46.630 AM] Action   || Name: gmail_log_scheduler || Trigger: auth                                 || Output: pending
[11/03/2025 06:34:03.662 AM] Action   || Name: send_suppressed     || Trigger: ch=1341696618688286720               || Output: Gmail authorization needed. Open and approve, then reply: 'TomCat, au...
[11/03/2025 06:34:03.662 AM] Action   || Name: gmail_auth_url      || Trigger:                                      || Output: https://accounts.google.com/o/oauth2/auth?response_type=code&client_i...
[11/03/2025 06:34:03.662 AM] Action   || Name: gmail_log_scheduler || Trigger: auth                                 || Output: pending
[11/03/2025 06:51:22.042 AM] Roles    || User: the_arietids        || Guild: Campus Cat Coalition                   || added=['sky blue [color]', 'he/him']; removed=[]
[11/03/2025 06:51:22.074 AM] Join     || User: the_arietids (51... || Guild: Campus Cat Coalition                   || age_days=2528; invite=rAEFDeT
[11/03/2025 06:51:47.734 AM] Join     || User: gee068356 (14341... || Guild: Campus Cat Coalition                   || age_days=2; invite=rAEFDeT
[11/03/2025 07:01:32.804 AM] Leave    || User: the_arietids (51... || Guild: Campus Cat Coalition                  
[11/03/2025 07:02:51.878 AM] Message  || User: .bettercalljack     || Channel: #yapper-committee                    || Content: This daylight savings thing screwed up my circadian rhythm
[11/03/2025 07:03:05.263 AM] Message  || User: .bettercalljack     || Channel: #yapper-committee                    || Content: I didnt even think i slept but i did
[11/03/2025 07:03:19.919 AM] Action   || Name: send_suppressed     || Trigger: ch=1341696618688286720               || Output: Gmail authorization needed. Open and approve, then reply: 'TomCat, au...
[11/03/2025 07:03:19.919 AM] Action   || Name: gmail_auth_url      || Trigger:                                      || Output: https://accounts.google.com/o/oauth2/auth?response_type=code&client_i...
[11/03/2025 07:03:19.935 AM] Action   || Name: gmail_log_scheduler || Trigger: auth                                 || Output: pending
[11/03/2025 07:04:16.391 AM] Message  || User: racerdg             || Channel: #yapper-committee                    || Content: sunrise at 6:30 is so crazy
[11/03/2025 07:05:19.475 AM] Message  || User: .bettercalljack     || Channel: #yapper-committee                    || Content: Yeah
[11/03/2025 07:05:36.814 AM] Message  || User: .bettercalljack     || Channel: #yapper-committee                    || Content: 7:35 is my alarm for mondays and i woke up laying at the foot of my ...
[11/03/2025 07:05:48.306 AM] Message  || User: .bettercalljack     || Channel: #yapper-committee                    || Content: Saw light out too
[11/03/2025 07:06:01.302 AM] Edit     || User: .bettercalljack     || Channel: #yapper-committee                    || 7:35 is my alarm for mondays and i woke up laying at the foot of my bed so co...
[11/03/2025 07:06:26.183 AM] Action   || Name: send_suppressed     || Trigger: ch=1341696618688286720               || Output: Gmail authorization needed. Open and approve, then reply: 'TomCat, au...
[11/03/2025 07:06:26.183 AM] Action   || Name: gmail_auth_url      || Trigger:                                      || Output: https://accounts.google.com/o/oauth2/auth?response_type=code&client_i...
[11/03/2025 07:06:26.183 AM] Action   || Name: gmail_log_scheduler || Trigger: auth                                 || Output: pending
[11/03/2025 07:06:29.649 AM] Action   || Name: send_suppressed     || Trigger: ch=1341696618688286720               || Output: Gmail authorization needed. Open and approve, then reply: 'TomCat, au...
[11/03/2025 07:06:29.649 AM] Action   || Name: gmail_auth_url      || Trigger:                                      || Output: https://accounts.google.com/o/oauth2/auth?response_type=code&client_i...
[11/03/2025 07:06:29.649 AM] Action   || Name: gmail_log_scheduler || Trigger: auth                                 || Output: pending
[11/03/2025 07:30:05.196 AM] Action   || Name: send_suppressed     || Trigger: ch=1341696618688286720               || Output: Gmail authorization needed. Open and approve, then reply: 'TomCat, au...
[11/03/2025 07:30:05.196 AM] Action   || Name: gmail_auth_url      || Trigger:                                      || Output: https://accounts.google.com/o/oauth2/auth?response_type=code&client_i...
[11/03/2025 07:30:05.196 AM] Action   || Name: gmail_log_scheduler || Trigger: auth                                 || Output: pending
[11/03/2025 07:52:16.337 AM] Action   || Name: send_suppressed     || Trigger: ch=1341696618688286720               || Output: Gmail authorization needed. Open and approve, then reply: 'TomCat, au...
[11/03/2025 07:52:16.339 AM] Action   || Name: gmail_auth_url      || Trigger:                                      || Output: https://accounts.google.com/o/oauth2/auth?response_type=code&client_i...
[11/03/2025 07:52:16.339 AM] Action   || Name: gmail_log_scheduler || Trigger: auth                                 || Output: pending
[11/03/2025 07:54:00.525 AM] Message  || User: yaeji               || Channel: #yapper-committee                    || Content: i thought my time was over when i opened my eyes at 7 am and saw the...
[11/03/2025 07:55:04.475 AM] React+   || User: emlenisgremlin      || Channel: #feeding-team                        || emoji=😭; msg="meow meow i'm atlascat. maintenance and ..." by simplyshadow171295
[11/03/2025 07:55:35.607 AM] Message  || User: emlenisgremlin      || Channel: #feeding-team                        || Content: so sorry fell asleep at 6pm 😭
[11/03/2025 08:00:49.277 AM] Action   || Name: send_suppressed     || Trigger: ch=1341696618688286720               || Output: Gmail authorization needed. Open and approve, then reply: 'TomCat, au...
[11/03/2025 08:00:49.277 AM] Action   || Name: gmail_auth_url      || Trigger:                                      || Output: https://accounts.google.com/o/oauth2/auth?response_type=code&client_i...
[11/03/2025 08:00:49.277 AM] Action   || Name: gmail_log_scheduler || Trigger: auth                                 || Output: pending
[11/03/2025 08:07:12.662 AM] React+   || User: slayc127            || Channel: #yapper-committee                    || emoji=😭; msg="i thought my time was over when i opened..." by yaeji
[11/03/2025 08:13:45.835 AM] React+   || User: not_d3fault_1420    || Channel: #pictures-of-the-cats                || emoji=❤️; msg="and a very polite mazatl to finish your ..." by simplyshadow17...
[11/03/2025 08:24:38.732 AM] Message  || User: racerdg             || Channel: #pictures-of-the-cats                || Content: (no text; attachments=1)
[11/03/2025 08:24:39.334 AM] Action   || Name: image_intake        || Trigger: channel=551084964318543904           || Output: rows=1
[11/03/2025 08:24:43.259 AM] Message  || User: racerdg             || Channel: #pictures-of-the-cats                || Content: chicken
[11/03/2025 08:27:51.212 AM] React+   || User: not_d3fault_1420    || Channel: #pictures-of-the-cats                || emoji=<:macrowave:857753712591634442>; msg=1434911154110730280
[11/03/2025 08:27:59.364 AM] Message  || User: not_d3fault_1420    || Channel: #pictures-of-the-cats                || Content: (no text; attachments=1)
[11/03/2025 08:28:00.273 AM] Action   || Name: image_intake        || Trigger: channel=551084964318543904           || Output: rows=1
[11/03/2025 08:28:07.664 AM] Message  || User: not_d3fault_1420    || Channel: #pictures-of-the-cats                || Content: (no text; attachments=1)
[11/03/2025 08:28:08.094 AM] Action   || Name: image_intake        || Trigger: channel=551084964318543904           || Output: rows=1
[11/03/2025 08:36:11.015 AM] React+   || User: lemonelon_          || Channel: #itty-bitty-kitty-commitee           || emoji=❤️; msg="i feel like people are taught a lot of c..." by yaeji
[11/03/2025 08:37:42.805 AM] Message  || User: lemonelon_          || Channel: #itty-bitty-kitty-commitee           || Content: off topic and lowkey tmi but starbucks shaken espresso at 6am and my...
[11/03/2025 08:38:05.510 AM] React+   || User: .bettercalljack     || Channel: #pictures-of-the-cats                || emoji=<:macrowave:857753712591634442>; msg=1434911154110730280
[11/03/2025 08:38:20.587 AM] Message  || User: lemonelon_          || Channel: #itty-bitty-kitty-commitee           || Content: my insides actually hurt god forbid a girl gets a grande apple crisp...
[11/03/2025 08:41:29.251 AM] React+   || User: kitadan             || Channel: #yapper-committee                    || emoji=😭; msg="i thought my time was over when i opened..." by yaeji
[11/03/2025 08:42:16.136 AM] Message  || User: kitadan             || Channel: #yapper-committee                    || Content: Joining in the why am I awake an hour early crowd
[11/03/2025 08:45:20.168 AM] Action   || Name: send_suppressed     || Trigger: ch=1341696618688286720               || Output: Gmail authorization needed. Open and approve, then reply: 'TomCat, au...
[11/03/2025 08:45:20.168 AM] Action   || Name: gmail_auth_url      || Trigger:                                      || Output: https://accounts.google.com/o/oauth2/auth?response_type=code&client_i...
[11/03/2025 08:45:20.168 AM] Action   || Name: gmail_log_scheduler || Trigger: auth                                 || Output: pending
[11/03/2025 08:54:55.038 AM] Message  || User: not_d3fault_1420    || Channel: #pictures-of-the-cats                || Content: (no text; attachments=1)
[11/03/2025 08:54:55.465 AM] Action   || Name: image_intake        || Trigger: channel=551084964318543904           || Output: rows=1
[11/03/2025 08:57:28.868 AM] Message  || User: racerdg             || Channel: #pictures-of-the-cats                || Content: did you see me painting with twix
[11/03/2025 08:57:39.870 AM] React+   || User: slayc127            || Channel: #itty-bitty-kitty-commitee           || emoji=😭; msg="off topic and lowkey tmi but starbucks s..." by lemonelon_
[11/03/2025 08:57:45.014 AM] Message  || User: racerdg             || Channel: #pictures-of-the-cats                || Content: or did we just miss eachother
[11/03/2025 08:57:48.308 AM] React+   || User: slayc127            || Channel: #pictures-of-the-cats                || emoji=<:macrowave:857753712591634442>; msg=1434911154110730280
[11/03/2025 08:58:19.227 AM] Message  || User: racerdg             || Channel: #pictures-of-the-cats                || Content: (no text; attachments=1)
[11/03/2025 08:58:19.938 AM] Action   || Name: image_intake        || Trigger: channel=551084964318543904           || Output: rows=1
[11/03/2025 09:03:55.667 AM] React+   || User: spitonme            || Channel: #itty-bitty-kitty-commitee           || emoji=❤️; msg="if u use a semicolon u r dead in a ditch" by slayc127
[11/03/2025 09:03:58.361 AM] React+   || User: spitonme            || Channel: #itty-bitty-kitty-commitee           || emoji=❤️; msg="see and the joke is my english professor..." by slayc127
[11/03/2025 09:04:17.342 AM] React+   || User: spitonme            || Channel: #itty-bitty-kitty-commitee           || emoji=🐙; msg="i use a lot of double hyphens and semico..." by yaeji
[11/03/2025 09:09:16.578 AM] React+   || User: nostalgicsapphic    || Channel: #purrley-pawsitive-pussy-pals        || emoji=😆; msg="they r making loops in the sky derek" by slayc127
[11/03/2025 09:09:18.024 AM] React+   || User: nostalgicsapphic    || Channel: #purrley-pawsitive-pussy-pals        || emoji=😆; msg="bro bought a carosel not a flight" by a1darek
[11/03/2025 09:15:05.314 AM] React+   || User: spitonme            || Channel: #yapper-committee                    || emoji=🐙; msg="i thought my time was over when i opened..." by yaeji
[11/03/2025 09:15:25.523 AM] React+   || User: spitonme            || Channel: #pictures-of-the-cats                || emoji=🐙; msg="did you see me painting with twix" by racerdg
[11/03/2025 09:15:27.886 AM] React+   || User: spitonme            || Channel: #pictures-of-the-cats                || emoji=🐙; msg="or did we just miss eachother" by racerdg
[11/03/2025 09:16:43.356 AM] Message  || User: nostalgicsapphic    || Channel: #purrley-pawsitive-pussy-pals        || Content: @Derek [TNR] what anthro class r u in rn
[11/03/2025 09:21:18.865 AM] Message  || User: simplyshadow171295  || Channel: #bot-spam                            || Content: i actually just about lost it doing today’s
[11/03/2025 09:22:10.644 AM] Message  || User: simplyshadow171295  || Channel: #bot-spam                            || Content: 🟩⬛️⬛️⬛️🟨
🟩⬛️🟩⬛️⬛️
🟩⬛️🟩⬛️⬛️
🟩⬛️🟩⬛️🟩
🟩⬛️🟩⬛️🟩
🟩🟩🟩🟩🟩
[11/03/2025 09:24:00.146 AM] React+   || User: pancakemixteamdj    || Channel: #pictures-of-the-cats                || emoji=<:macrowave:857753712591634442>; msg=1434911154110730280
[11/03/2025 09:24:00.845 AM] React+   || User: moineau_l.oiseau    || Channel: #itty-bitty-kitty-commitee           || emoji=😭; msg="trying to write my paper but i have no i..." by lemonelon_
[11/03/2025 09:24:43.527 AM] React+   || User: moineau_l.oiseau    || Channel: #itty-bitty-kitty-commitee           || emoji=😭; msg=""see, what even is biophilia? you can't ..." by lemonelon_
[11/03/2025 09:25:25.658 AM] React+   || User: moineau_l.oiseau    || Channel: #itty-bitty-kitty-commitee           || emoji=‼️; msg="Why are people so good at basic english ..." by .bettercalljack
[11/03/2025 09:25:26.835 AM] React+   || User: moineau_l.oiseau    || Channel: #itty-bitty-kitty-commitee           || emoji=😭; msg="Why are people so good at basic english ..." by .bettercalljack
[11/03/2025 09:25:38.179 AM] React+   || User: moineau_l.oiseau    || Channel: #itty-bitty-kitty-commitee           || emoji=❤️; msg="Anyone else ever forget to eat and you s..." by .bettercalljack
[11/03/2025 09:25:41.696 AM] React+   || User: moineau_l.oiseau    || Channel: #itty-bitty-kitty-commitee           || emoji=❤️; msg="yes you're very real" by cici4f3
[11/03/2025 09:25:58.939 AM] React+   || User: moineau_l.oiseau    || Channel: #itty-bitty-kitty-commitee           || emoji=❤️; msg="i use a lot of double hyphens and semico..." by yaeji
[11/03/2025 09:26:00.889 AM] React+   || User: moineau_l.oiseau    || Channel: #itty-bitty-kitty-commitee           || emoji=‼️; msg="i use a lot of double hyphens and semico..." by yaeji
[11/03/2025 09:26:18.088 AM] React+   || User: moineau_l.oiseau    || Channel: #itty-bitty-kitty-commitee           || emoji=😭; msg="trying to save my paper but instead my c..." by lemonelon_
[11/03/2025 09:26:24.756 AM] React+   || User: moineau_l.oiseau    || Channel: #itty-bitty-kitty-commitee           || emoji=❤️; msg="i feel like people are taught a lot of c..." by yaeji
[11/03/2025 09:26:25.557 AM] React+   || User: moineau_l.oiseau    || Channel: #itty-bitty-kitty-commitee           || emoji=🤯; msg="💥" by yaeji
[11/03/2025 09:26:26.911 AM] React-   || User: unknown             || Channel: #itty-bitty-kitty-commitee           || emoji=❤️; msg="i feel like people are taught a lot of c..." by yaeji
[11/03/2025 09:26:28.861 AM] React+   || User: moineau_l.oiseau    || Channel: #itty-bitty-kitty-commitee           || emoji=‼️; msg="i feel like people are taught a lot of c..." by yaeji
[11/03/2025 09:28:50.871 AM] React+   || User: moineau_l.oiseau    || Channel: #yapper-committee                    || emoji=‼️; msg="This daylight savings thing screwed up m..." by .bettercalljack
[11/03/2025 09:28:53.274 AM] React+   || User: moineau_l.oiseau    || Channel: #yapper-committee                    || emoji=😭; msg="sunrise at 6:30 is so crazy" by racerdg
[11/03/2025 09:29:08.567 AM] React+   || User: moineau_l.oiseau    || Channel: #yapper-committee                    || emoji=😭; msg="i thought my time was over when i opened..." by yaeji
[11/03/2025 09:29:15.437 AM] React+   || User: moineau_l.oiseau    || Channel: #yapper-committee                    || emoji=‼️; msg="Joining in the why am I awake an hour ea..." by kitadan
[11/03/2025 09:29:24.877 AM] React+   || User: moineau_l.oiseau    || Channel: #pet-pictures                        || emoji=‼️; msg="Man i love a good ending 🥹" by ludavis
[11/03/2025 09:29:35.418 AM] React+   || User: moineau_l.oiseau    || Channel: #pet-pictures                        || emoji=❤️; msg=1434629853432385748
[11/03/2025 09:29:43.754 AM] React+   || User: moineau_l.oiseau    || Channel: #pet-pictures                        || emoji=<:sad_cat:828777514335600641>; msg="Man i love a good ending 🥹" by ludavis
[11/03/2025 09:30:06.124 AM] React+   || User: moineau_l.oiseau    || Channel: #pet-pictures                        || emoji=✨; msg="shes so loved" by slayc127
[11/03/2025 09:30:55.009 AM] React+   || User: moineau_l.oiseau    || Channel: #pet-pictures                        || emoji=❤️; msg="update: she has been declared as an engl..." by a1darek
[11/03/2025 09:30:59.203 AM] React+   || User: moineau_l.oiseau    || Channel: #pet-pictures                        || emoji=<:sobbing:828777375876907038>; msg="update: she has been declared as an...
[11/03/2025 09:31:14.230 AM] React+   || User: moineau_l.oiseau    || Channel: #pet-pictures                        || emoji=😆; msg="her eyes are still blue ......" by cici4f3
[11/03/2025 09:31:20.876 AM] React+   || User: moineau_l.oiseau    || Channel: #pet-pictures                        || emoji=‼️; msg="They've been turning green for a bit neo..." by a1darek
[11/03/2025 09:31:23.152 AM] React+   || User: moineau_l.oiseau    || Channel: #pet-pictures                        || emoji=😆; msg="Yes" by a1darek
[11/03/2025 09:31:23.908 AM] React+   || User: moineau_l.oiseau    || Channel: #pet-pictures                        || emoji=😆; msg="save me a slice" by spitonme
[11/03/2025 09:31:46.768 AM] React+   || User: moineau_l.oiseau    || Channel: #memes                               || emoji=🤣; msg=1434819565191172117
[11/03/2025 09:33:34.196 AM] Action   || Name: send_suppressed     || Trigger: ch=1341696618688286720               || Output: Gmail authorization needed. Open and approve, then reply: 'TomCat, au...
[11/03/2025 09:33:34.196 AM] Action   || Name: gmail_auth_url      || Trigger:                                      || Output: https://accounts.google.com/o/oauth2/auth?response_type=code&client_i...
[11/03/2025 09:33:34.198 AM] Action   || Name: gmail_log_scheduler || Trigger: auth                                 || Output: pending
[11/03/2025 09:33:59.025 AM] Message  || User: pancakemixteamdj    || Channel: #yapper-committee                    || Content: Days Like this are the ones where the temptation of coffee or an ene...
[11/03/2025 09:34:07.527 AM] React+   || User: moineau_l.oiseau    || Channel: #purrley-pawsitive-pussy-pals        || emoji=‼️; msg="lmaooo have fun !" by nostalgicsapphic
[11/03/2025 09:34:08.337 AM] React+   || User: moineau_l.oiseau    || Channel: #purrley-pawsitive-pussy-pals        || emoji=😆; msg="kind of an L but also not really #travel..." by slayc127
[11/03/2025 09:34:18.546 AM] React+   || User: moineau_l.oiseau    || Channel: #purrley-pawsitive-pussy-pals        || emoji=🔥; msg="she thinks our flights r gonna be compel..." by slayc127
[11/03/2025 09:34:19.876 AM] React+   || User: moineau_l.oiseau    || Channel: #purrley-pawsitive-pussy-pals        || emoji=💖; msg="i am also hoping !" by nostalgicsapphic
[11/03/2025 09:34:31.696 AM] React+   || User: moineau_l.oiseau    || Channel: #purrley-pawsitive-pussy-pals        || emoji=🎉; msg="but eye am SEEING DODIE AGAIN the crowd ..." by slayc127
[11/03/2025 09:34:31.903 AM] React+   || User: moineau_l.oiseau    || Channel: #purrley-pawsitive-pussy-pals        || emoji=🔥; msg="but eye am SEEING DODIE AGAIN the crowd ..." by slayc127
[11/03/2025 09:34:35.626 AM] React+   || User: moineau_l.oiseau    || Channel: #purrley-pawsitive-pussy-pals        || emoji=😭; msg="rae looked at the wrong date" by slayc127
[11/03/2025 09:34:41.585 AM] React+   || User: moineau_l.oiseau    || Channel: #purrley-pawsitive-pussy-pals        || emoji=😭; msg="all she knows is that itz cold" by slayc127
[11/03/2025 09:34:44.938 AM] React+   || User: moineau_l.oiseau    || Channel: #purrley-pawsitive-pussy-pals        || emoji=‼️; msg="literally salem and museums and the OCEA..." by nostalgicsapphic
[11/03/2025 09:35:07.341 AM] React+   || User: moineau_l.oiseau    || Channel: #purrley-pawsitive-pussy-pals        || emoji=😭; msg="will update if we determine the flights ..." by slayc127
[11/03/2025 09:35:22.612 AM] React+   || User: moineau_l.oiseau    || Channel: #purrley-pawsitive-pussy-pals        || emoji=😆; msg="Shits mini for a  reason" by a1darek
[11/03/2025 09:35:48.291 AM] React+   || User: moineau_l.oiseau    || Channel: #purrley-pawsitive-pussy-pals        || emoji=😆; msg="i do not ask questions about our flights..." by slayc127
[11/03/2025 09:36:06.378 AM] React+   || User: moineau_l.oiseau    || Channel: #purrley-pawsitive-pussy-pals        || emoji=😆; msg="they r making loops in the sky derek" by slayc127
[11/03/2025 09:36:10.514 AM] React+   || User: moineau_l.oiseau    || Channel: #purrley-pawsitive-pussy-pals        || emoji=😆; msg="bro bought a carosel not a flight" by a1darek
[11/03/2025 09:36:13.871 AM] React+   || User: moineau_l.oiseau    || Channel: #purrley-pawsitive-pussy-pals        || emoji=‼️; msg="layovers my nemesis" by slayc127
[11/03/2025 09:36:34.293 AM] React+   || User: moineau_l.oiseau    || Channel: #purrley-pawsitive-pussy-pals        || emoji=‼️; msg="Southwest specifically is odd in DFW cuz..." by austinbaustinb
[11/03/2025 09:38:35.263 AM] React+   || User: moineau_l.oiseau    || Channel: #purrley-pawsitive-pussy-pals        || emoji=‼️; msg=1434761130823389326
[11/03/2025 09:38:41.225 AM] React+   || User: moineau_l.oiseau    || Channel: #purrley-pawsitive-pussy-pals        || emoji=🤣; msg=1434761130823389326
[11/03/2025 09:38:45.204 AM] React-   || User: unknown             || Channel: #purrley-pawsitive-pussy-pals        || emoji=🤣; msg=1434761130823389326
[11/03/2025 09:39:25.902 AM] React+   || User: moineau_l.oiseau    || Channel: #purrley-pawsitive-pussy-pals        || emoji=🤣; msg="https://www.tiktok.com/t/ZP8DAuHmQ/" by a1darek
[11/03/2025 09:39:44.931 AM] Message  || User: pancakemixteamdj    || Channel: #yapper-committee                    || Content: About to walk into the class whwre my professor gonna see I turned t...
[11/03/2025 09:44:01.616 AM] Action   || Name: send_suppressed     || Trigger: ch=1341696618688286720               || Output: Gmail authorization needed. Open and approve, then reply: 'TomCat, au...
[11/03/2025 09:44:01.616 AM] Action   || Name: gmail_auth_url      || Trigger:                                      || Output: https://accounts.google.com/o/oauth2/auth?response_type=code&client_i...
[11/03/2025 09:44:01.616 AM] Action   || Name: gmail_log_scheduler || Trigger: auth                                 || Output: pending
[11/03/2025 09:44:05.712 AM] Action   || Name: send_suppressed     || Trigger: ch=1341696618688286720               || Output: Gmail authorization needed. Open and approve, then reply: 'TomCat, au...
[11/03/2025 09:44:05.712 AM] Action   || Name: gmail_auth_url      || Trigger:                                      || Output: https://accounts.google.com/o/oauth2/auth?response_type=code&client_i...
[11/03/2025 09:44:05.712 AM] Action   || Name: gmail_log_scheduler || Trigger: auth                                 || Output: pending
[11/03/2025 09:45:34.031 AM] React+   || User: slayc127            || Channel: #yapper-committee                    || emoji=‼️; msg="Days Like this are the ones where the te..." by pancakemixteamdj
[11/03/2025 09:45:49.480 AM] React+   || User: simplyshadow171295  || Channel: #yapper-committee                    || emoji=‼️; msg="Days Like this are the ones where the te..." by pancakemixteamdj
[11/03/2025 09:48:40.773 AM] Message  || User: yaeji               || Channel: #yapper-committee                    || Content: one of my lab professors gives leeway if you submit it late
[11/03/2025 09:48:51.135 AM] Message  || User: yaeji               || Channel: #yapper-committee                    || Content: cuz it just be like that sometimes
[11/03/2025 09:48:59.952 AM] Edit     || User: yaeji               || Channel: #yapper-committee                    || one of my lab professors gives leeway if you submit it late -> one of my lab ...
[11/03/2025 09:50:07.214 AM] Message  || User: pancakemixteamdj    || Channel: #yapper-committee                    || Content: The assignment was due at 10 am , so I was fine
[11/03/2025 09:50:10.051 AM] Message  || User: izzyballz           || Channel: #yapper-committee                    || Content: i’m so over it let me go home
[11/03/2025 09:50:19.349 AM] Message  || User: yaeji               || Channel: #yapper-committee                    || Content: its ok izzy balls
[11/03/2025 09:50:28.377 AM] Message  || User: .bettercalljack     || Channel: #yapper-committee                    || Content: Same
[11/03/2025 09:50:52.640 AM] Message  || User: yaeji               || Channel: #yapper-committee                    || Content: oh perfect
[11/03/2025 09:51:01.608 AM] Message  || User: yaeji               || Channel: #yapper-committee                    || Content: almost like they knew...
[11/03/2025 09:51:16.171 AM] Message  || User: izzyballz           || Channel: #yapper-committee                    || Content: i’m lowk gonna fail everything but i have a 95 in my psych class so ...
[11/03/2025 09:51:25.285 AM] Action   || Name: send_suppressed     || Trigger: ch=1341696618688286720               || Output: Gmail authorization needed. Open and approve, then reply: 'TomCat, au...
[11/03/2025 09:51:25.285 AM] Action   || Name: gmail_auth_url      || Trigger:                                      || Output: https://accounts.google.com/o/oauth2/auth?response_type=code&client_i...
[11/03/2025 09:51:25.285 AM] Action   || Name: gmail_log_scheduler || Trigger: auth                                 || Output: pending
[11/03/2025 09:51:28.847 AM] Message  || User: yaeji               || Channel: #yapper-committee                    || Content: i need to maintain a gpa for my scholarship
[11/03/2025 09:51:37.678 AM] Message  || User: yaeji               || Channel: #yapper-committee                    || Content: and im barely holding on
[11/03/2025 09:55:29.475 AM] Message  || User: slayc127            || Channel: #yapper-committee                    || Content: twins
[11/03/2025 09:55:35.789 AM] Message  || User: slayc127            || Channel: #yapper-committee                    || Content: we should be freed from our torture
[11/03/2025 09:59:35.329 AM] Message  || User: slayc127            || Channel: #purrley-pawsitive-pussy-pals        || Content: guys kazius is so excited for fnaf 2
[11/03/2025 09:59:41.512 AM] React+   || User: nostalgicsapphic    || Channel: #purrley-pawsitive-pussy-pals        || emoji=‼️; msg="guys kazius is so excited for fnaf 2" by slayc127
[11/03/2025 09:59:44.777 AM] React+   || User: nostalgicsapphic    || Channel: #purrley-pawsitive-pussy-pals        || emoji=🤝; msg="guys kazius is so excited for fnaf 2" by slayc127
[11/03/2025 09:59:59.536 AM] Message  || User: slayc127            || Channel: #purrley-pawsitive-pussy-pals        || Content: https://tenor.com/view/life-inspirational-quotes-inspirational-quote...
[11/03/2025 09:59:59.888 AM] Edit     || User: slayc127            || Channel: #purrley-pawsitive-pussy-pals        || https://tenor.com/view/life-inspirational-quotes-inspirational-quotes-for-wom...
[11/03/2025 10:00:43.790 AM] Message  || User: slayc127            || Channel: #purrley-pawsitive-pussy-pals        || Content: watchig safiya nygaard.....fnaf is back.....perhaps it is 2015
[11/03/2025 10:01:09.161 AM] React+   || User: spitonme            || Channel: #feeding-team                        || emoji=🐙; msg="so someone is feeding her" by racerdg
[11/03/2025 10:01:31.895 AM] Message  || User: spitonme            || Channel: #feeding-team                        || Content: maybe we could be like
[11/03/2025 10:01:34.661 AM] Message  || User: pancakemixteamdj    || Channel: #yapper-committee                    || Content: why do i still see so many freshmen still struggling to to sign into...
[11/03/2025 10:02:02.686 AM] Message  || User: spitonme            || Channel: #feeding-team                        || Content: want to feed the cats ? not in the club? for $1 u can feed them too ...
[11/03/2025 10:02:24.056 AM] Message  || User: spitonme            || Channel: #feeding-team                        || Content: or use if they have the treats/food they can do it under supervision
[11/03/2025 10:02:38.188 AM] React+   || User: spitonme            || Channel: #bot-spam                            || emoji=🐙; msg="🟩⬛️⬛️⬛️🟨
🟩⬛️🟩⬛️⬛️
🟩⬛️🟩⬛️⬛️
🟩⬛️🟩⬛️🟩
🟩⬛️🟩⬛..." by simplyshadow171295
[11/03/2025 10:02:52.828 AM] Message  || User: spitonme            || Channel: #feeding-team                        || Content: (insta general interest post since they def wont be in discord
[11/03/2025 10:06:02.570 AM] Message  || User: littletechyyy       || Channel: #yapper-committee                    || Content: Because how tf do you
[11/03/2025 10:06:06.987 AM] Message  || User: littletechyyy       || Channel: #yapper-committee                    || Content: on a phone at least
[11/03/2025 10:08:22.432 AM] Message  || User: izzyballz           || Channel: #yapper-committee                    || Content: username and password brotato chip
[11/03/2025 10:09:46.115 AM] React+   || User: the_frog.sorcerer   || Channel: #yapper-committee                    || emoji=🤝; msg="it been one of those nights" by pancakemixteamdj
[11/03/2025 10:13:16.430 AM] Message  || User: not_d3fault_1420    || Channel: #pictures-of-the-cats                || Content: sadly not, I was there super early lol
[11/03/2025 10:13:29.001 AM] Message  || User: not_d3fault_1420    || Channel: #pictures-of-the-cats                || Content: (no text; attachments=2)
[11/03/2025 10:13:29.778 AM] Action   || Name: image_intake        || Trigger: channel=551084964318543904           || Output: rows=2
[11/03/2025 10:13:37.785 AM] Message  || User: .bettercalljack     || Channel: #yapper-committee                    || Content: For me it keeps randomly disconnecting my laptop but my phone is fine
[11/03/2025 10:13:51.405 AM] Action   || Name: send_suppressed     || Trigger: ch=1341696618688286720               || Output: Gmail authorization needed. Open and approve, then reply: 'TomCat, au...
[11/03/2025 10:13:51.407 AM] Action   || Name: gmail_auth_url      || Trigger:                                      || Output: https://accounts.google.com/o/oauth2/auth?response_type=code&client_i...
[11/03/2025 10:13:51.407 AM] Action   || Name: gmail_log_scheduler || Trigger: auth                                 || Output: pending
[11/03/2025 10:14:05.258 AM] Message  || User: not_d3fault_1420    || Channel: #pictures-of-the-cats                || Content: (no text; attachments=1)
[11/03/2025 10:14:05.726 AM] Action   || Name: image_intake        || Trigger: channel=551084964318543904           || Output: rows=1
[11/03/2025 10:14:08.437 AM] Message  || User: not_d3fault_1420    || Channel: #pictures-of-the-cats                || Content: eepy
[11/03/2025 10:14:52.093 AM] React+   || User: not_d3fault_1420    || Channel: #itty-bitty-kitty-commitee           || emoji=😭; msg="off topic and lowkey tmi but starbucks s..." by lemonelon_
[11/03/2025 10:15:03.654 AM] React+   || User: not_d3fault_1420    || Channel: #yapper-committee                    || emoji=‼️; msg="Joining in the why am I awake an hour ea..." by kitadan
[11/03/2025 10:15:52.094 AM] Message  || User: not_d3fault_1420    || Channel: #yapper-committee                    || Content: the wifi kinda sucks sometimes lol
[11/03/2025 10:17:06.438 AM] Delete   || User: not_d3fault_1420    || Channel: #yapper-committee                    || Content: the wifi kinda sucks sometimes lol
[11/03/2025 10:19:02.649 AM] Message  || User: izzyballz           || Channel: #pictures-of-the-cats                || Content: haying it up
[11/03/2025 10:20:57.540 AM] Action   || Name: send_suppressed     || Trigger: ch=1341696618688286720               || Output: Gmail authorization needed. Open and approve, then reply: 'TomCat, au...
[11/03/2025 10:20:57.540 AM] Action   || Name: gmail_auth_url      || Trigger:                                      || Output: https://accounts.google.com/o/oauth2/auth?response_type=code&client_i...
[11/03/2025 10:20:57.540 AM] Action   || Name: gmail_log_scheduler || Trigger: auth                                 || Output: pending
[11/03/2025 10:21:01.631 AM] Action   || Name: send_suppressed     || Trigger: ch=1341696618688286720               || Output: Gmail authorization needed. Open and approve, then reply: 'TomCat, au...
[11/03/2025 10:21:01.631 AM] Action   || Name: gmail_auth_url      || Trigger:                                      || Output: https://accounts.google.com/o/oauth2/auth?response_type=code&client_i...
[11/03/2025 10:21:01.647 AM] Action   || Name: gmail_log_scheduler || Trigger: auth                                 || Output: pending
[11/03/2025 10:22:08.160 AM] Action   || Name: send_suppressed     || Trigger: ch=1341696618688286720               || Output: Gmail authorization needed. Open and approve, then reply: 'TomCat, au...
[11/03/2025 10:22:08.160 AM] Action   || Name: gmail_auth_url      || Trigger:                                      || Output: https://accounts.google.com/o/oauth2/auth?response_type=code&client_i...
[11/03/2025 10:22:08.160 AM] Action   || Name: gmail_log_scheduler || Trigger: auth                                 || Output: pending
[11/03/2025 10:26:22.074 AM] Message  || User: not_d3fault_1420    || Channel: #yapper-committee                    || Content: vending machine gave me all dollar coins instead of bills
[11/03/2025 10:26:46.425 AM] Message  || User: not_d3fault_1420    || Channel: #yapper-committee                    || Content: do any places on campus take these?
[11/03/2025 10:28:33.636 AM] Message  || User: a1darek             || Channel: #purrley-pawsitive-pussy-pals        || Content: idk anymore man
[11/03/2025 10:28:47.906 AM] Action   || Name: send_suppressed     || Trigger: ch=1341696618688286720               || Output: Gmail authorization needed. Open and approve, then reply: 'TomCat, au...
[11/03/2025 10:28:47.906 AM] Action   || Name: gmail_auth_url      || Trigger:                                      || Output: https://accounts.google.com/o/oauth2/auth?response_type=code&client_i...
[11/03/2025 10:28:47.906 AM] Action   || Name: gmail_log_scheduler || Trigger: auth                                 || Output: pending
[11/03/2025 10:33:28.200 AM] Message  || User: racerdg             || Channel: #yapper-committee                    || Content: vending machines
[11/03/2025 10:34:04.943 AM] Action   || Name: send_suppressed     || Trigger: ch=1341696618688286720               || Output: Gmail authorization needed. Open and approve, then reply: 'TomCat, au...
[11/03/2025 10:34:04.943 AM] Action   || Name: gmail_auth_url      || Trigger:                                      || Output: https://accounts.google.com/o/oauth2/auth?response_type=code&client_i...
[11/03/2025 10:34:04.943 AM] Action   || Name: gmail_log_scheduler || Trigger: auth                                 || Output: pending
[11/03/2025 10:35:57.644 AM] Message  || User: pancakemixteamdj    || Channel: #yapper-committee                    || Content: same way you do it on computer
[11/03/2025 10:38:04.049 AM] Message  || User: littletechyyy       || Channel: #yapper-committee                    || Content: you think I didnt try that on the first day 😭
[11/03/2025 10:38:47.641 AM] React+   || User: vasyline            || Channel: #pictures-of-the-cats                || emoji=<:macrowave:857753712591634442>; msg=1434911154110730280
[11/03/2025 10:40:54.827 AM] Message  || User: pancakemixteamdj    || Channel: #yapper-committee                    || Content: dont want to go to my second class but i must persist
[11/03/2025 10:42:26.273 AM] React+   || User: pancakemixteamdj    || Channel: #pet-pictures                        || emoji=❤️; msg=1434629853432385748
[11/03/2025 10:46:40.726 AM] Message  || User: _costco_wholesale_  || Channel: #pictures-of-the-cats                || Content: WHERES MICHEAL
[11/03/2025 10:47:06.882 AM] Message  || User: izzyballz           || Channel: #pictures-of-the-cats                || Content: i’m with him !!
[11/03/2025 10:47:12.951 AM] Message  || User: _costco_wholesale_  || Channel: #pictures-of-the-cats                || Content: WHERE
[11/03/2025 10:47:19.850 AM] Message  || User: izzyballz           || Channel: #pictures-of-the-cats                || Content: (no text; attachments=1)
[11/03/2025 10:47:20.341 AM] Action   || Name: image_intake        || Trigger: channel=551084964318543904           || Output: rows=1
[11/03/2025 10:47:27.664 AM] React+   || User: _costco_wholesale_  || Channel: #pictures-of-the-cats                || emoji=❤️; msg=1434947062008647853
[11/03/2025 10:47:52.807 AM] Message  || User: izzyballz           || Channel: #pictures-of-the-cats                || Content: (no text; attachments=3)
[11/03/2025 10:47:53.274 AM] Action   || Name: image_intake        || Trigger: channel=551084964318543904           || Output: rows=3
[11/03/2025 10:48:17.509 AM] Message  || User: _costco_wholesale_  || Channel: #pictures-of-the-cats                || Content: he meow
[11/03/2025 10:48:17.907 AM] Action   || Name: image_intake        || Trigger: channel=551084964318543904           || Output: rows=1
[11/03/2025 10:48:17.907 AM] Action   || Name: send_suppressed     || Trigger: ch=551084964318543904                || Output: meow!
[11/03/2025 10:48:17.907 AM] Action   || Name: handle_misc         || Trigger: trigger=meow                         || Output: meow!
[11/03/2025 10:51:30.993 AM] Message  || User: _costco_wholesale_  || Channel: #pictures-of-the-cats                || Content: (no text; attachments=2)
[11/03/2025 10:51:31.800 AM] Action   || Name: image_intake        || Trigger: channel=551084964318543904           || Output: rows=2
[11/03/2025 10:54:04.156 AM] Message  || User: slayc127            || Channel: #yapper-committee                    || Content: because theyre st*pid /j (i had to stop bringing my tablet bc it nev...
[11/03/2025 10:54:27.025 AM] Message  || User: slayc127            || Channel: #yapper-committee                    || Content: contact IT theyll fix it for u in 2 mins
[11/03/2025 10:54:30.062 AM] Message  || User: slayc127            || Channel: #yapper-committee                    || Content: uta guest sucks
[11/03/2025 10:54:40.060 AM] Message  || User: otirain_butdiscorb  || Channel: #yapper-committee                    || Content: the wifi?
[11/03/2025 10:54:54.899 AM] Message  || User: slayc127            || Channel: #yapper-committee                    || Content: ya
[11/03/2025 10:55:04.881 AM] Message  || User: slayc127            || Channel: #yapper-committee                    || Content: genuinely their internet just sucks bad
[11/03/2025 10:59:50.178 AM] React+   || User: swiftieanna13       || Channel: #itty-bitty-kitty-commitee           || emoji=😭; msg="off topic and lowkey tmi but starbucks s..." by lemonelon_
[11/03/2025 11:00:01.846 AM] Message  || User: swiftieanna13       || Channel: #itty-bitty-kitty-commitee           || Content: HONESTLY REAL 😭
[11/03/2025 11:00:26.667 AM] React+   || User: lemonelon_          || Channel: #itty-bitty-kitty-commitee           || emoji=🙏; msg="HONESTLY REAL 😭" by swiftieanna13
[11/03/2025 11:00:28.359 AM] Message  || User: swiftieanna13       || Channel: #itty-bitty-kitty-commitee           || Content: I've been late to class bc of that fact like and then my mom got mad...
[11/03/2025 11:00:31.276 AM] Message  || User: swiftieanna13       || Channel: #itty-bitty-kitty-commitee           || Content: 😭💀
[11/03/2025 11:00:36.034 AM] React+   || User: lemonelon_          || Channel: #itty-bitty-kitty-commitee           || emoji=💔; msg="I've been late to class bc of that fact ..." by swiftieanna13
[11/03/2025 11:00:42.175 AM] Message  || User: emlenisgremlin      || Channel: #feeding-team                        || Content: bringing some small treats to apologize 😭
[11/03/2025 11:00:51.825 AM] Message  || User: emlenisgremlin      || Channel: #feeding-team                        || Content: poor babies
[11/03/2025 11:01:01.136 AM] Message  || User: swiftieanna13       || Channel: #itty-bitty-kitty-commitee           || Content: But when I remember my lactaid I'm good it's just I'm very forgetful...
[11/03/2025 11:02:15.911 AM] Message  || User: mochenoch           || Channel: #yapper-committee                    || Content: Pause are you connect to the uta WiFi and not uta guest?
[11/03/2025 11:02:24.705 AM] Message  || User: kitadan             || Channel: #yapper-committee                    || Content: And now gonna be late because I went back to sleep.  Oops
[11/03/2025 11:03:21.218 AM] Action   || Name: send_suppressed     || Trigger: ch=1341696618688286720               || Output: Gmail authorization needed. Open and approve, then reply: 'TomCat, au...
[11/03/2025 11:03:21.222 AM] Action   || Name: gmail_auth_url      || Trigger:                                      || Output: https://accounts.google.com/o/oauth2/auth?response_type=code&client_i...
[11/03/2025 11:03:21.222 AM] Action   || Name: gmail_log_scheduler || Trigger: auth                                 || Output: pending
[11/03/2025 11:03:22.212 AM] Message  || User: a1darek             || Channel: #purrley-pawsitive-pussy-pals        || Content: Intro to archaeology
[11/03/2025 11:04:52.602 AM] Message  || User: m_digio             || Channel: #purrley-pawsitive-pussy-pals        || Content: Mm
[11/03/2025 11:05:06.693 AM] React+   || User: nostalgicsapphic    || Channel: #purrley-pawsitive-pussy-pals        || emoji=😭; msg="idk anymore man" by a1darek
[11/03/2025 11:05:08.754 AM] React+   || User: nostalgicsapphic    || Channel: #purrley-pawsitive-pussy-pals        || emoji=🔥; msg="Mm" by m_digio
[11/03/2025 11:05:09.908 AM] Message  || User: mochenoch           || Channel: #bot-spam                            || Content: bro.
[11/03/2025 11:06:16.938 AM] React+   || User: swiftieanna13       || Channel: #introductions                       || emoji=❤️; msg="met this adorably angry critter on my wa..." by _livywivy
[11/03/2025 11:06:19.279 AM] React+   || User: swiftieanna13       || Channel: #introductions                       || emoji=💕; msg="Thats Snickers!" by m_digio
[11/03/2025 11:06:27.476 AM] Action   || Name: send_suppressed     || Trigger: ch=1341696618688286720               || Output: Gmail authorization needed. Open and approve, then reply: 'TomCat, au...
[11/03/2025 11:06:27.476 AM] Action   || Name: gmail_auth_url      || Trigger:                                      || Output: https://accounts.google.com/o/oauth2/auth?response_type=code&client_i...
[11/03/2025 11:06:27.476 AM] Action   || Name: gmail_log_scheduler || Trigger: auth                                 || Output: pending
[11/03/2025 11:06:30.961 AM] Action   || Name: send_suppressed     || Trigger: ch=1341696618688286720               || Output: Gmail authorization needed. Open and approve, then reply: 'TomCat, au...
[11/03/2025 11:06:30.961 AM] Action   || Name: gmail_auth_url      || Trigger:                                      || Output: https://accounts.google.com/o/oauth2/auth?response_type=code&client_i...
[11/03/2025 11:06:30.961 AM] Action   || Name: gmail_log_scheduler || Trigger: auth                                 || Output: pending
[11/03/2025 11:06:44.022 AM] React+   || User: swiftieanna13       || Channel: #report-new-cats                     || emoji=❌; msg="HAWK TUAH" by void_now
[11/03/2025 11:06:46.008 AM] React+   || User: swiftieanna13       || Channel: #report-new-cats                     || emoji=😭; msg="NAME IT THAT" by void_now
[11/03/2025 11:07:27.048 AM] React+   || User: lemonelon_          || Channel: #itty-bitty-kitty-commitee           || emoji=❤️; msg="But when I remember my lactaid I'm good ..." by swiftieanna13
[11/03/2025 11:07:35.516 AM] React+   || User: mochenoch           || Channel: #itty-bitty-kitty-commitee           || emoji=😭; msg="off topic and lowkey tmi but starbucks s..." by lemonelon_
[11/03/2025 11:07:39.869 AM] Message  || User: austinbaustinb      || Channel: #yapper-committee                    || Content: I’ll buy em off ya
[11/03/2025 11:08:04.839 AM] Message  || User: mochenoch           || Channel: #yapper-committee                    || Content: (no text; attachments=0)
[11/03/2025 11:08:06.320 AM] Message  || User: mochenoch           || Channel: #yapper-committee                    || Content: me rn
[11/03/2025 11:14:10.615 AM] React+   || User: m_digio             || Channel: #pet-pictures                        || emoji=❤️; msg="update: she has been declared as an engl..." by a1darek
[11/03/2025 11:15:01.955 AM] React+   || User: simplyshadow171295  || Channel: #bot-spam                            || emoji=😆; msg="bro." by mochenoch
[11/03/2025 11:15:30.773 AM] React+   || User: simplyshadow171295  || Channel: #yapper-committee                    || emoji=😭; msg="And now gonna be late because I went bac..." by kitadan
[11/03/2025 11:15:36.355 AM] Message  || User: simplyshadow171295  || Channel: #yapper-committee                    || Content: rip dan
[11/03/2025 11:15:45.743 AM] React+   || User: simplyshadow171295  || Channel: #itty-bitty-kitty-commitee           || emoji=💔; msg="I've been late to class bc of that fact ..." by swiftieanna13
[11/03/2025 11:17:00.688 AM] Message  || User: emlenisgremlin      || Channel: #feeding-team                        || Content: zen fed
[11/03/2025 11:17:00.688 AM] Action   || Name: feed_pending_exp... || Trigger: ch=643586809166561310; user=72268... || Output: 
[11/03/2025 11:17:00.991 AM] Intent   || feed_update               ||                                               || station=Mary Kay and Zen; dates=['2025-11-03']
[11/03/2025 11:17:02.612 AM] Action   || Name: sheet_mark          || Trigger: station=Mary Kay and Zen date=202... || Output: ok
[11/03/2025 11:17:02.625 AM] Action   || Name: feed_update         || Trigger: station=Mary Kay and Zen; dates=2... || Output: ok
[11/03/2025 11:18:04.766 AM] React+   || User: reyesthighs         || Channel: #yapper-committee                    || emoji=😭; msg="And now gonna be late because I went bac..." by kitadan
[11/03/2025 11:19:40.750 AM] React+   || User: not_d3fault_1420    || Channel: #itty-bitty-kitty-commitee           || emoji=💔; msg="I've been late to class bc of that fact ..." by swiftieanna13
[11/03/2025 11:19:45.024 AM] React+   || User: not_d3fault_1420    || Channel: #itty-bitty-kitty-commitee           || emoji=😭; msg="I've been late to class bc of that fact ..." by swiftieanna13
[11/03/2025 11:20:22.391 AM] Message  || User: not_d3fault_1420    || Channel: #pictures-of-the-cats                || Content: he can meow?!
[11/03/2025 11:20:22.391 AM] Action   || Name: send_suppressed     || Trigger: ch=551084964318543904                || Output: mrow!
[11/03/2025 11:20:22.407 AM] Action   || Name: handle_misc         || Trigger: trigger=meow                         || Output: mrow!
[11/03/2025 11:20:52.953 AM] Message  || User: swiftieanna13       || Channel: #itty-bitty-kitty-commitee           || Content: I'm sick chat Ugh I hate this luckily I'm taking a break this semest...
[11/03/2025 11:21:20.048 AM] Message  || User: swiftieanna13       || Channel: #itty-bitty-kitty-commitee           || Content: And then I have to register for classes and I'm like I feel like a z...
[11/03/2025 11:21:45.819 AM] Message  || User: yaeji               || Channel: #yapper-committee                    || Content: i never have issues with uta wifi for school work
[11/03/2025 11:23:38.193 AM] Message  || User: mochenoch           || Channel: #pictures-of-the-cats                || Content: it's a blessing to get a meow from professor microwave. It's said yo...
[11/03/2025 11:23:38.193 AM] Action   || Name: send_suppressed     || Trigger: ch=551084964318543904                || Output: MEOW MEOW!
[11/03/2025 11:23:38.193 AM] Action   || Name: handle_misc         || Trigger: trigger=meow                         || Output: MEOW MEOW!
[11/03/2025 11:23:41.550 AM] Edit     || User: mochenoch           || Channel: #pictures-of-the-cats                || it's a blessing to get a meow from professor microwave. It's said you'll pass...
[11/03/2025 11:23:52.674 AM] Edit     || User: mochenoch           || Channel: #pictures-of-the-cats                || it's a blessing to get a meow from professor microwave. It's said you'll pass...
[11/03/2025 11:27:50.721 AM] React+   || User: slayc127            || Channel: #purrley-pawsitive-pussy-pals        || emoji=🔥; msg="Mm" by m_digio
[11/03/2025 11:28:04.138 AM] Message  || User: slayc127            || Channel: #yapper-committee                    || Content: yes
[11/03/2025 11:28:16.772 AM] Message  || User: mochenoch           || Channel: #yapper-committee                    || Content: <a:ch_uh:1127995435156520960>
[11/03/2025 11:28:21.698 AM] Message  || User: mochenoch           || Channel: #yapper-committee                    || Content: what's the password
[11/03/2025 11:28:23.197 AM] Message  || User: mochenoch           || Channel: #yapper-committee                    || Content: is it good
[11/03/2025 11:28:31.997 AM] Message  || User: slayc127            || Channel: #yapper-committee                    || Content: its ur usual school login
[11/03/2025 11:28:36.202 AM] React+   || User: kitadan             || Channel: #feeding-team                        || emoji=❤️; msg="zen fed" by emlenisgremlin
[11/03/2025 11:29:15.980 AM] Message  || User: mochenoch           || Channel: #yapper-committee                    || Content: 😭 about that
[11/03/2025 11:29:27.439 AM] Message  || User: slayc127            || Channel: #yapper-committee                    || Content: blinks at u......what does this mean
[11/03/2025 11:30:06.485 AM] Action   || Name: send_suppressed     || Trigger: ch=1341696618688286720               || Output: Gmail authorization needed. Open and approve, then reply: 'TomCat, au...
[11/03/2025 11:30:06.487 AM] Action   || Name: gmail_auth_url      || Trigger:                                      || Output: https://accounts.google.com/o/oauth2/auth?response_type=code&client_i...
[11/03/2025 11:30:06.487 AM] Action   || Name: gmail_log_scheduler || Trigger: auth                                 || Output: pending
[11/03/2025 11:32:57.832 AM] Message  || User: mochenoch           || Channel: #yapper-committee                    || Content: it means none of the school laptops take my log in
[11/03/2025 11:33:03.278 AM] Edit     || User: mochenoch           || Channel: #yapper-committee                    || it means none of the school laptops take my log in -> it means none of the sc...
[11/03/2025 11:33:50.729 AM] Message  || User: mochenoch           || Channel: #yapper-committee                    || Content: I can log in for my emails n mymav it's just for some reason I can't...
[11/03/2025 11:34:06.790 AM] Message  || User: mochenoch           || Channel: #yapper-committee                    || Content: so idk if it would even work for wifi
[11/03/2025 11:34:12.972 AM] Message  || User: slayc127            || Channel: #yapper-committee                    || Content: Contact IT
[11/03/2025 11:34:16.150 AM] Message  || User: slayc127            || Channel: #yapper-committee                    || Content: Please
[11/03/2025 11:34:24.736 AM] Message  || User: slayc127            || Channel: #yapper-committee                    || Content: they can solve it for u so quick 🙏🙏🙏🙏
[11/03/2025 11:34:33.601 AM] Message  || User: mochenoch           || Channel: #yapper-committee                    || Content: I've had this problem since freshman year
[11/03/2025 11:34:42.630 AM] Message  || User: mochenoch           || Channel: #yapper-committee                    || Content: i've been duking it out with IT before on this
[11/03/2025 11:34:55.151 AM] Message  || User: slayc127            || Channel: #yapper-committee                    || Content: Continue to harass them bae 🙏🙏 make them do their job
[11/03/2025 11:35:04.203 AM] Message  || User: mochenoch           || Channel: #yapper-committee                    || Content: <:weep:800595104711966801>
[11/03/2025 11:35:06.424 AM] Message  || User: slayc127            || Channel: #yapper-committee                    || Content: (i bully it people)
[11/03/2025 11:35:21.384 AM] Message  || User: slayc127            || Channel: #yapper-committee                    || Content: hold ill continie after class
[11/03/2025 11:35:41.844 AM] React+   || User: ludavis             || Channel: #yapper-committee                    || emoji=<:MONKA1:1296313345871188080>; msg="(i bully it people)" by slayc127
[11/03/2025 11:35:43.764 AM] Message  || User: mochenoch           || Channel: #yapper-committee                    || Content: to me it's just not worth it because I never even use the school com...
[11/03/2025 11:35:46.729 AM] React+   || User: ludavis             || Channel: #yapper-committee                    || emoji=<:MONKA2:1296313390431600640>; msg="(i bully it people)" by slayc127
[11/03/2025 11:36:26.219 AM] Message  || User: mochenoch           || Channel: #yapper-committee                    || Content: plus each time they fixed it, my password would just shit itself eit...
[11/03/2025 11:37:22.846 AM] Message  || User: mochenoch           || Channel: #yapper-committee                    || Content: don't know why it only bricks itself on the school computers but for...
[11/03/2025 11:38:03.708 AM] Message  || User: yaeji               || Channel: #yapper-committee                    || Content: to get mine working i had to reset my netid password? i think?
[11/03/2025 11:38:11.224 AM] Join     || User: vse_tgamer (8562... || Guild: Campus Cat Coalition                   || age_days=1596; invite=rAEFDeT
[11/03/2025 11:38:37.446 AM] Message  || User: yaeji               || Channel: #yapper-committee                    || Content: then it's just your normal login with your new password
[11/03/2025 11:38:52.486 AM] Message  || User: yaeji               || Channel: #yapper-committee                    || Content: i get security and all but who out here is gonna want my terrible gpa
[11/03/2025 11:39:57.266 AM] Message  || User: mochenoch           || Channel: #yapper-committee                    || Content: yeah it'll ask me to reset my password then say the log in user does...
[11/03/2025 11:40:34.343 AM] Message  || User: yaeji               || Channel: #yapper-committee                    || Content: i think we need to bully some people
[11/03/2025 11:40:39.059 AM] React+   || User: slayc127            || Channel: #yapper-committee                    || emoji=‼️; msg="i think we need to bully some people" by yaeji
[11/03/2025 11:40:45.663 AM] Message  || User: yaeji               || Channel: #yapper-committee                    || Content: mine's worked fine since i started in august
[11/03/2025 11:40:57.266 AM] Message  || User: mochenoch           || Channel: #yapper-committee                    || Content: yeah no i've had this problem since freshman year
[11/03/2025 11:41:16.677 AM] Message  || User: mochenoch           || Channel: #yapper-committee                    || Content: my math professor had to log in for me during exams because it was s...
[11/03/2025 11:41:40.286 AM] Message  || User: spitonme            || Channel: #yapper-committee                    || Content: @izzy balls u working rn
[11/03/2025 11:42:06.351 AM] Message  || User: mochenoch           || Channel: #yapper-committee                    || Content: i stopped using the school computers so basically I never have to de...
[11/03/2025 11:43:49.832 AM] Message  || User: mochenoch           || Channel: #yapper-committee                    || Content: <:ChiiTired:1260287319177560064> SAW could come up to me and tell me...
[11/03/2025 11:44:14.456 AM] Edit     || User: mochenoch           || Channel: #yapper-committee                    || <:ChiiTired:1260287319177560064> SAW could come up to me and tell me to log i...
[11/03/2025 11:48:32.654 AM] Message  || User: not_d3fault_1420    || Channel: #yapper-committee                    || Content: plsss (none of the places take them)
[11/03/2025 11:49:09.221 AM] React+   || User: slayc127            || Channel: #feeding-team                        || emoji=❤️; msg="zen fed" by emlenisgremlin
[11/03/2025 11:52:16.402 AM] Action   || Name: send_suppressed     || Trigger: ch=1341696618688286720               || Output: Gmail authorization needed. Open and approve, then reply: 'TomCat, au...
[11/03/2025 11:52:16.413 AM] Action   || Name: gmail_auth_url      || Trigger:                                      || Output: https://accounts.google.com/o/oauth2/auth?response_type=code&client_i...
[11/03/2025 11:52:16.413 AM] Action   || Name: gmail_log_scheduler || Trigger: auth                                 || Output: pending
[11/03/2025 11:53:24.450 AM] React+   || User: simplyshadow171295  || Channel: #feeding-team                        || emoji=❤️; msg="zen fed" by emlenisgremlin
[11/03/2025 11:53:33.091 AM] Message  || User: izzyballz           || Channel: #yapper-committee                    || Content: naur i at walmart
[11/03/2025 11:56:28.703 AM] Message  || User: emlenisgremlin      || Channel: #feeding-team                        || Content: bonus maintenance apology/ offering
[11/03/2025 11:56:28.747 AM] Intent   || feed_update               ||                                               || station=Maintenance; dates=['2025-11-03']
[11/03/2025 11:56:30.383 AM] Action   || Name: sheet_mark          || Trigger: station=Maintenance date=2025-11-03  || Output: ok
[11/03/2025 11:56:30.383 AM] Action   || Name: feed_update         || Trigger: station=Maintenance; dates=2025-1... || Output: ok
[11/03/2025 11:56:36.673 AM] Message  || User: adeyumii            || Channel: #pictures-of-the-cats                || Content: he likes to scream at me when I visit him at 6am
[11/03/2025 11:57:36.396 AM] React+   || User: _costco_wholesale_  || Channel: #pictures-of-the-cats                || emoji=❤️; msg="he likes to scream at me when I visit hi..." by adeyumii
[11/03/2025 11:58:51.434 AM] React+   || User: m_digio             || Channel: #feeding-team                        || emoji=😭; msg="bonus maintenance apology/ offering" by emlenisgremlin
[11/03/2025 12:01:10.346 PM] Action   || Name: send_suppressed     || Trigger: ch=1341696618688286720               || Output: Gmail authorization needed. Open and approve, then reply: 'TomCat, au...
[11/03/2025 12:01:10.346 PM] Action   || Name: gmail_auth_url      || Trigger:                                      || Output: https://accounts.google.com/o/oauth2/auth?response_type=code&client_i...
[11/03/2025 12:01:10.346 PM] Action   || Name: gmail_log_scheduler || Trigger: auth                                 || Output: pending
[11/03/2025 12:33:16.897 PM] Online   || User: Tom Cat#8337        || Guilds: 2                                    
[11/03/2025 12:33:35.803 PM] Health   || Component: image_tab      || Status: missing                               || channel_id=551084964318543904 tab=TCBPicsInput
[11/03/2025 12:34:04.938 PM] Health   || Component: image_tab      || Status: missing                               || channel_id=639882573199441930 tab=TCBPicsInput
[11/03/2025 12:37:10.433 PM] Health   || Component: image_tab      || Status: missing                               || channel_id=1341696618688286720 tab=TCBPicsInput
[11/03/2025 12:40:15.905 PM] Health   || Component: image_tab      || Status: missing                               || channel_id=1344745306620694558 tab=TCBVetBillInput
[11/03/2025 12:40:16.437 PM] Health   || Component: feeding_tab    || Status: ok                                   
[11/03/2025 12:40:16.800 PM] Action   || Name: send_suppressed     || Trigger: ch=1341696618688286720               || Output: Gmail authorization needed. Open and approve, then reply: 'TomCat, au...
[11/03/2025 12:40:16.800 PM] Action   || Name: gmail_auth_url      || Trigger:                                      || Output: https://accounts.google.com/o/oauth2/auth?response_type=code&client_i...
[11/03/2025 12:40:16.802 PM] Action   || Name: gmail_log_scheduler || Trigger: auth                                 || Output: pending
[11/03/2025 12:40:23.972 PM] Online   || User: Tom Cat#8337        || Guilds: 2                                    
[11/03/2025 12:40:24.380 PM] Health   || Component: image_tab      || Status: ok                                    || channel_id=551084964318543904 tab=TCBPicsInput
[11/03/2025 12:40:24.768 PM] Health   || Component: image_tab      || Status: ok                                    || channel_id=639882573199441930 tab=TCBPicsInput
[11/03/2025 12:40:25.170 PM] Health   || Component: image_tab      || Status: ok                                    || channel_id=1341696618688286720 tab=TCBPicsInput
[11/03/2025 12:40:25.605 PM] Health   || Component: image_tab      || Status: ok                                    || channel_id=1344745306620694558 tab=TCBVetBillInput
[11/03/2025 12:40:25.988 PM] Health   || Component: feeding_tab    || Status: ok                                   
[11/03/2025 12:40:26.403 PM] Action   || Name: send_suppressed     || Trigger: ch=1341696618688286720               || Output: Gmail authorization needed. Open and approve, then reply: 'TomCat, au...
[11/03/2025 12:40:26.403 PM] Action   || Name: gmail_auth_url      || Trigger:                                      || Output: https://accounts.google.com/o/oauth2/auth?response_type=code&client_i...
[11/03/2025 12:40:26.403 PM] Action   || Name: gmail_log_scheduler || Trigger: auth                                 || Output: pending
[11/03/2025 12:40:56.817 PM] React+   || User: .bettercalljack     || Channel: #yapper-committee                    || emoji=🎉; msg="They are plotting" by pancakemixteamdj
[11/03/2025 12:45:20.268 PM] Action   || Name: send_suppressed     || Trigger: ch=1341696618688286720               || Output: Gmail authorization needed. Open and approve, then reply: 'TomCat, au...
[11/03/2025 12:45:20.268 PM] Action   || Name: gmail_auth_url      || Trigger:                                      || Output: https://accounts.google.com/o/oauth2/auth?response_type=code&client_i...
[11/03/2025 12:45:20.268 PM] Action   || Name: gmail_log_scheduler || Trigger: auth                                 || Output: pending
[11/03/2025 12:47:02.007 PM] Message  || User: slayc127            || Channel: #purrley-pawsitive-pussy-pals        || Content: RAE HAS BAILED ON THE PHILADELPHIA TRIP ‼️💔🥀
[11/03/2025 12:47:03.586 PM] React+   || User: simplyshadow171295  || Channel: #feeding-team                        || emoji=😭; msg="bonus maintenance apology/ offering" by emlenisgremlin
[11/03/2025 12:50:39.092 PM] Message  || User: reyesthighs         || Channel: #yapper-committee                    || Content: Ten minutes to class and no one fucking here PRAY it was cancelled
[11/03/2025 12:50:57.169 PM] Message  || User: reyesthighs         || Channel: #yapper-committee                    || Content: I didn't see anything in my anouncements or emails but like still a ...
[11/03/2025 12:51:54.295 PM] Message  || User: reyesthighs         || Channel: #yapper-committee                    || Content: <:pensiveprawn:853169005002489856>
[11/03/2025 12:52:02.306 PM] Message  || User: reyesthighs         || Channel: #yapper-committee                    || Content: more people are coming in this is so sad
[11/03/2025 12:59:13.980 PM] Message  || User: nostalgicsapphic    || Channel: #purrley-pawsitive-pussy-pals        || Content: NOOOOOOO
[11/03/2025 01:00:23.790 PM] Message  || User: austinbaustinb      || Channel: #purrley-pawsitive-pussy-pals        || Content: Kaz solo trip to Chicago
[11/03/2025 01:01:12.569 PM] Message  || User: slayc127            || Channel: #purrley-pawsitive-pussy-pals        || Content: bro dont tempt me
[11/03/2025 01:01:15.016 PM] Message  || User: slayc127            || Channel: #purrley-pawsitive-pussy-pals        || Content: i am considering
[11/03/2025 01:01:34.659 PM] React+   || User: nostalgicsapphic    || Channel: #purrley-pawsitive-pussy-pals        || emoji=‼️; msg="Kaz solo trip to Chicago" by austinbaustinb
[11/03/2025 01:01:41.264 PM] Message  || User: slayc127            || Channel: #purrley-pawsitive-pussy-pals        || Content: i dont think id go for the concert but i do want to go somewhere in ...
[11/03/2025 01:02:00.730 PM] Message  || User: nostalgicsapphic    || Channel: #purrley-pawsitive-pussy-pals        || Content: cat people trip to chicago👀👀
[11/03/2025 01:02:23.099 PM] Message  || User: slayc127            || Channel: #purrley-pawsitive-pussy-pals        || Content: WHEN
[11/03/2025 01:04:26.981 PM] Message  || User: kc.yt               || Channel: #pictures-of-the-cats                || Content: (no text; attachments=2)
[11/03/2025 01:04:27.457 PM] Action   || Name: image_intake        || Trigger: channel=551084964318543904           || Output: rows=1
[11/03/2025 01:04:39.437 PM] Message  || User: nostalgicsapphic    || Channel: #purrley-pawsitive-pussy-pals        || Content: rn
[11/03/2025 01:04:45.704 PM] React+   || User: slayc127            || Channel: #pictures-of-the-cats                || emoji=‼️; msg=1434981568899710996
[11/03/2025 01:04:49.844 PM] Message  || User: slayc127            || Channel: #purrley-pawsitive-pussy-pals        || Content: so true
[11/03/2025 01:06:50.416 PM] Message  || User: slayc127            || Channel: #yapper-committee                    || Content: devastating
[11/03/2025 01:08:59.082 PM] Message  || User: kcreepertux04       || Channel: #yapper-committee                    || Content: literally how can anyone hate coins i love coins and currency
[11/03/2025 01:09:04.211 PM] Message  || User: nostalgicsapphic    || Channel: #purrley-pawsitive-pussy-pals        || Content: printers r so fun to mess w
[11/03/2025 01:09:09.892 PM] Message  || User: yaeji               || Channel: #yapper-committee                    || Content: i collect foreign coins
[11/03/2025 01:09:11.722 PM] Message  || User: not_d3fault_1420    || Channel: #pictures-of-the-cats                || Content: is he still there
[11/03/2025 01:09:15.199 PM] Message  || User: yaeji               || Channel: #yapper-committee                    || Content: i like the canadian coins
[11/03/2025 01:09:31.339 PM] Message  || User: nostalgicsapphic    || Channel: #purrley-pawsitive-pussy-pals        || Content: every time the printer at work is acting up im like “let me take a l...
[11/03/2025 01:09:31.698 PM] Message  || User: slayc127            || Channel: #purrley-pawsitive-pussy-pals        || Content: said no one ever????
[11/03/2025 01:09:35.530 PM] Message  || User: kcreepertux04       || Channel: #yapper-committee                    || Content: i cant even start to get into collecting foreign currency, i have so...
[11/03/2025 01:09:35.737 PM] Message  || User: yaeji               || Channel: #yapper-committee                    || Content: canadian money is just cool in general
[11/03/2025 01:09:36.763 PM] Message  || User: nostalgicsapphic    || Channel: #purrley-pawsitive-pussy-pals        || Content: HDHDHSHSHAHAH
[11/03/2025 01:09:39.843 PM] React+   || User: slayc127            || Channel: #purrley-pawsitive-pussy-pals        || emoji=😭; msg="every time the printer at work is acting..." by nostalgicsapphic
[11/03/2025 01:09:43.141 PM] Message  || User: nostalgicsapphic    || Channel: #purrley-pawsitive-pussy-pals        || Content: said: me! :D
[11/03/2025 01:09:50.370 PM] Message  || User: slayc127            || Channel: #purrley-pawsitive-pussy-pals        || Content: i am so glad u enjoy things
[11/03/2025 01:09:56.246 PM] Message  || User: nostalgicsapphic    || Channel: #purrley-pawsitive-pussy-pals        || Content: i like the hardware the software always makes me angry👎
[11/03/2025 01:09:56.940 PM] Message  || User: kcreepertux04       || Channel: #yapper-committee                    || Content: i dont bother with any of the commemorative coins and what not, just...
[11/03/2025 01:10:01.287 PM] React+   || User: nostalgicsapphic    || Channel: #purrley-pawsitive-pussy-pals        || emoji=😆; msg="i am so glad u enjoy things" by slayc127
[11/03/2025 01:10:05.467 PM] Message  || User: yaeji               || Channel: #yapper-committee                    || Content: i really want some swiss francs
[11/03/2025 01:10:08.509 PM] Message  || User: nostalgicsapphic    || Channel: #purrley-pawsitive-pussy-pals        || Content: someone’s gotta‼️‼️
[11/03/2025 01:10:09.507 PM] Message  || User: kcreepertux04       || Channel: #yapper-committee                    || Content: i have some
[11/03/2025 01:10:11.392 PM] Message  || User: yaeji               || Channel: #yapper-committee                    || Content: those things are so sick
[11/03/2025 01:10:18.399 PM] Message  || User: kcreepertux04       || Channel: #yapper-committee                    || Content: them fuckers massive
[11/03/2025 01:10:23.439 PM] React+   || User: slayc127            || Channel: #purrley-pawsitive-pussy-pals        || emoji=‼️; msg="someone’s gotta‼️‼️" by nostalgicsapphic
[11/03/2025 01:10:24.319 PM] Message  || User: yaeji               || Channel: #yapper-committee                    || Content: it's genius
[11/03/2025 01:10:24.991 PM] React+   || User: slayc127            || Channel: #purrley-pawsitive-pussy-pals        || emoji=❤️; msg="someone’s gotta‼️‼️" by nostalgicsapphic
[11/03/2025 01:11:09.731 PM] Edit     || User: not_d3fault_1420    || Channel: #pictures-of-the-cats                || is he still there -> is he still there?
[11/03/2025 01:17:54.034 PM] React+   || User: gupguppy            || Channel: #itty-bitty-kitty-commitee           || emoji=‼️; msg="i feel like people are taught a lot of c..." by yaeji
[11/03/2025 01:18:14.266 PM] React+   || User: gupguppy            || Channel: #yapper-committee                    || emoji=🎉; msg="They are plotting" by pancakemixteamdj
[11/03/2025 01:18:17.496 PM] Message  || User: kcreepertux04       || Channel: #yapper-committee                    || Content: i love collecting money
[11/03/2025 01:18:19.683 PM] Message  || User: kcreepertux04       || Channel: #yapper-committee                    || Content: i hate that it costs money
[11/03/2025 01:18:20.714 PM] React+   || User: gupguppy            || Channel: #yapper-committee                    || emoji=‼️; msg="they're in formation.... battle training..." by adeyumii
[11/03/2025 01:18:48.794 PM] Message  || User: gupguppy            || Channel: #yapper-committee                    || Content: Collecting money costs money?
[11/03/2025 01:19:14.479 PM] Message  || User: kcreepertux04       || Channel: #yapper-committee                    || Content: https://tenor.com/view/shocked-surprised-gasp-what-cat-shock-gif-403...
[11/03/2025 01:19:18.454 PM] Delete   || User: kcreepertux04       || Channel: #yapper-committee                    || Content: https://tenor.com/view/shocked-surprised-gasp-what-cat-shock-gif-403...
[11/03/2025 01:19:22.112 PM] Message  || User: kcreepertux04       || Channel: #yapper-committee                    || Content: https://tenor.com/view/schitts-creek-alexis-rose-shocked-jaw-droppin...
[11/03/2025 01:19:37.030 PM] React+   || User: slayc127            || Channel: #yapper-committee                    || emoji=‼️; msg="Collecting money costs money?" by gupguppy
[11/03/2025 01:19:39.501 PM] React+   || User: gupguppy            || Channel: #yapper-committee                    || emoji=<:wheeze:611671734164389939>; msg="https://tenor.com/view/schitts-creek...
[11/03/2025 01:26:51.013 PM] Message  || User: pancakemixteamdj    || Channel: #yapper-committee                    || Content: Do not park your car in the Dallas design district , this will be th...
[11/03/2025 01:31:40.247 PM] Message  || User: not_d3fault_1420    || Channel: #pictures-of-the-cats                || Content: (no text; attachments=1)
[11/03/2025 01:31:40.704 PM] Action   || Name: image_intake        || Trigger: channel=551084964318543904           || Output: rows=1
[11/03/2025 01:31:45.772 PM] Message  || User: not_d3fault_1420    || Channel: #pictures-of-the-cats                || Content: (no text; attachments=1)
[11/03/2025 01:31:46.140 PM] Action   || Name: image_intake        || Trigger: channel=551084964318543904           || Output: rows=1
[11/03/2025 01:31:51.890 PM] Delete   || User: not_d3fault_1420    || Channel: #pictures-of-the-cats                || Content: 
[11/03/2025 01:32:45.248 PM] Message  || User: slayc127            || Channel: #yapper-committee                    || Content: bro what
[11/03/2025 01:33:29.430 PM] Message  || User: not_d3fault_1420    || Channel: #pictures-of-the-cats                || Content: (no text; attachments=1)
[11/03/2025 01:33:30.092 PM] Action   || Name: image_intake        || Trigger: channel=551084964318543904           || Output: rows=1
[11/03/2025 01:33:34.287 PM] Action   || Name: send_suppressed     || Trigger: ch=1341696618688286720               || Output: Gmail authorization needed. Open and approve, then reply: 'TomCat, au...
[11/03/2025 01:33:34.287 PM] Action   || Name: gmail_auth_url      || Trigger:                                      || Output: https://accounts.google.com/o/oauth2/auth?response_type=code&client_i...
[11/03/2025 01:33:34.296 PM] Action   || Name: gmail_log_scheduler || Trigger: auth                                 || Output: pending
[11/03/2025 01:34:18.360 PM] React+   || User: not_d3fault_1420    || Channel: #yapper-committee                    || emoji=‼️; msg="literally how can anyone hate coins i lo..." by kcreepertux04
[11/03/2025 01:36:31.811 PM] Message  || User: not_d3fault_1420    || Channel: #pictures-of-the-cats                || Content: (no text; attachments=1)
[11/03/2025 01:36:32.215 PM] Action   || Name: image_intake        || Trigger: channel=551084964318543904           || Output: rows=1
[11/03/2025 01:38:29.035 PM] Message  || User: _rambone_           || Channel: #purrley-pawsitive-pussy-pals        || Content: (no text; attachments=1)
[11/03/2025 01:38:51.826 PM] Message  || User: slayc127            || Channel: #purrley-pawsitive-pussy-pals        || Content: im getting the top one
[11/03/2025 01:38:53.565 PM] Message  || User: slayc127            || Channel: #purrley-pawsitive-pussy-pals        || Content: iz my fav
[11/03/2025 01:38:55.534 PM] Message  || User: slayc127            || Channel: #purrley-pawsitive-pussy-pals        || Content: and the bottom
[11/03/2025 01:39:19.111 PM] Message  || User: _rambone_           || Channel: #purrley-pawsitive-pussy-pals        || Content: I ❤️ wiener is so good
[11/03/2025 01:40:31.812 PM] Message  || User: pancakemixteamdj    || Channel: #yapper-committee                    || Content: I work near  the Dallas mavs train at , i guess they had a event . P...
[11/03/2025 01:42:30.477 PM] Message  || User: cademachine         || Channel: #pictures-of-the-cats                || Content: (no text; attachments=1)
[11/03/2025 01:42:30.912 PM] Action   || Name: image_intake        || Trigger: channel=551084964318543904           || Output: rows=1
[11/03/2025 01:43:40.121 PM] Message  || User: _rambone_           || Channel: #executive-board                     || Content: I'm off tomorrow so I should be able to table the whole event 🫰🏼
[11/03/2025 01:44:01.682 PM] Action   || Name: send_suppressed     || Trigger: ch=1341696618688286720               || Output: Gmail authorization needed. Open and approve, then reply: 'TomCat, au...
[11/03/2025 01:44:01.685 PM] Action   || Name: gmail_auth_url      || Trigger:                                      || Output: https://accounts.google.com/o/oauth2/auth?response_type=code&client_i...
[11/03/2025 01:44:01.685 PM] Action   || Name: gmail_log_scheduler || Trigger: auth                                 || Output: pending
[11/03/2025 01:44:02.450 PM] Message  || User: slayc127            || Channel: #executive-board                     || Content: ur so goated w the sauce
[11/03/2025 01:44:05.795 PM] Action   || Name: send_suppressed     || Trigger: ch=1341696618688286720               || Output: Gmail authorization needed. Open and approve, then reply: 'TomCat, au...
[11/03/2025 01:44:05.795 PM] Action   || Name: gmail_auth_url      || Trigger:                                      || Output: https://accounts.google.com/o/oauth2/auth?response_type=code&client_i...
[11/03/2025 01:44:05.795 PM] Action   || Name: gmail_log_scheduler || Trigger: auth                                 || Output: pending
[11/03/2025 01:44:08.179 PM] React+   || User: nostalgicsapphic    || Channel: #executive-board                     || emoji=😭; msg="ur so goated w the sauce" by slayc127
[11/03/2025 01:44:18.132 PM] Message  || User: izzyballz           || Channel: #yapper-committee                    || Content: MY ENGLISH PROFESSOR IS LETTING ME REDO THE ESSAY !
[11/03/2025 01:44:22.326 PM] Message  || User: slayc127            || Channel: #executive-board                     || Content: can u stop by my apartment before i have a box of albums to bring to...
[11/03/2025 01:44:34.429 PM] React+   || User: slayc127            || Channel: #yapper-committee                    || emoji=🎉; msg="MY ENGLISH PROFESSOR IS LETTING ME REDO ..." by izzyballz
[11/03/2025 01:44:37.388 PM] Message  || User: slayc127            || Channel: #yapper-committee                    || Content: YAHOOOOOO
[11/03/2025 01:45:08.998 PM] Message  || User: izzyballz           || Channel: #yapper-committee                    || Content: he called me over after class and was like so what went wrong
[11/03/2025 01:46:45.901 PM] React+   || User: vasyline            || Channel: #yapper-committee                    || emoji=🎉; msg="MY ENGLISH PROFESSOR IS LETTING ME REDO ..." by izzyballz
[11/03/2025 01:51:25.585 PM] Action   || Name: send_suppressed     || Trigger: ch=1341696618688286720               || Output: Gmail authorization needed. Open and approve, then reply: 'TomCat, au...
[11/03/2025 01:51:25.585 PM] Action   || Name: gmail_auth_url      || Trigger:                                      || Output: https://accounts.google.com/o/oauth2/auth?response_type=code&client_i...
[11/03/2025 01:51:25.588 PM] Action   || Name: gmail_log_scheduler || Trigger: auth                                 || Output: pending
[11/03/2025 01:51:42.739 PM] Message  || User: not_d3fault_1420    || Channel: #pictures-of-the-cats                || Content: twig
[11/03/2025 01:53:40.492 PM] Message  || User: slayc127            || Channel: #yapper-committee                    || Content: this is.......
[11/03/2025 01:53:43.725 PM] Message  || User: slayc127            || Channel: #yapper-committee                    || Content: i would sob and throw up
[11/03/2025 01:54:24.897 PM] Message  || User: izzyballz           || Channel: #yapper-committee                    || Content: this happens to me more than i'd like to admit
[11/03/2025 01:54:52.671 PM] Message  || User: slayc127            || Channel: #purrley-pawsitive-pussy-pals        || Content: (no text; attachments=0)
[11/03/2025 01:54:53.155 PM] Message  || User: slayc127            || Channel: #purrley-pawsitive-pussy-pals        || Content: if my professor ever said this to mw id melt
[11/03/2025 01:55:07.830 PM] React+   || User: nostalgicsapphic    || Channel: #purrley-pawsitive-pussy-pals        || emoji=‼️; msg="if my professor ever said this to mw id ..." by slayc127
[11/03/2025 01:55:08.640 PM] Message  || User: slayc127            || Channel: #yapper-committee                    || Content: izzy ill give u some of my fear of disappointing people
[11/03/2025 01:55:29.023 PM] Message  || User: izzyballz           || Channel: #yapper-committee                    || Content: you can keep it actually it would make my life so much harder
[11/03/2025 02:00:12.075 PM] Message  || User: celeryiscelery      || Channel: #executive-board                     || Content: what is there on the list so far for tomorrows bake sale?
[11/03/2025 02:01:09.671 PM] Message  || User: slayc127            || Channel: #executive-board                     || Content: (no text; attachments=1)
[11/03/2025 02:01:24.308 PM] Message  || User: celeryiscelery      || Channel: #executive-board                     || Content: niceeeee
[11/03/2025 02:01:38.039 PM] Message  || User: slayc127            || Channel: #executive-board                     || Content: ill be bringing some cookies
[11/03/2025 02:03:57.258 PM] Message  || User: a1darek             || Channel: #executive-board                     || Content: My friend Anna is bringing some stuff too, I think she filled out th...
[11/03/2025 02:03:57.274 PM] Intent   || feed_update               ||                                               || station=Greens; dates=['2025-11-03']
[11/03/2025 02:03:57.276 PM] Action   || Name: feed_update_ignored || Trigger: station=Greens                       || Output: channel_blocked:629370899753205781
[11/03/2025 02:10:26.928 PM] Message  || User: not_d3fault_1420    || Channel: #pictures-of-the-cats                || Content: (no text; attachments=1)
[11/03/2025 02:10:27.469 PM] Action   || Name: image_intake        || Trigger: channel=551084964318543904           || Output: rows=1
[11/03/2025 02:13:31.188 PM] Message  || User: .bettercalljack     || Channel: #pictures-of-the-cats                || Content: (no text; attachments=1)
[11/03/2025 02:13:35.989 PM] Action   || Name: image_intake        || Trigger: channel=551084964318543904           || Output: rows=1
[11/03/2025 02:13:51.477 PM] Action   || Name: send_suppressed     || Trigger: ch=1341696618688286720               || Output: Gmail authorization needed. Open and approve, then reply: 'TomCat, au...
[11/03/2025 02:13:51.477 PM] Action   || Name: gmail_auth_url      || Trigger:                                      || Output: https://accounts.google.com/o/oauth2/auth?response_type=code&client_i...
[11/03/2025 02:13:51.477 PM] Action   || Name: gmail_log_scheduler || Trigger: auth                                 || Output: pending
[11/03/2025 02:16:46.597 PM] Message  || User: izzyballz           || Channel: #yapper-committee                    || Content: i would kill someone for a 11-12:20 mw eng 1302 session for spring 26
[11/03/2025 02:16:57.511 PM] Message  || User: izzyballz           || Channel: #yapper-committee                    || Content: this would perfect the schedule
[11/03/2025 02:20:57.643 PM] Action   || Name: send_suppressed     || Trigger: ch=1341696618688286720               || Output: Gmail authorization needed. Open and approve, then reply: 'TomCat, au...
[11/03/2025 02:20:57.643 PM] Action   || Name: gmail_auth_url      || Trigger:                                      || Output: https://accounts.google.com/o/oauth2/auth?response_type=code&client_i...
[11/03/2025 02:20:57.643 PM] Action   || Name: gmail_log_scheduler || Trigger: auth                                 || Output: pending
[11/03/2025 02:21:01.716 PM] Action   || Name: send_suppressed     || Trigger: ch=1341696618688286720               || Output: Gmail authorization needed. Open and approve, then reply: 'TomCat, au...
[11/03/2025 02:21:01.716 PM] Action   || Name: gmail_auth_url      || Trigger:                                      || Output: https://accounts.google.com/o/oauth2/auth?response_type=code&client_i...
[11/03/2025 02:21:01.718 PM] Action   || Name: gmail_log_scheduler || Trigger: auth                                 || Output: pending
[11/03/2025 02:21:32.842 PM] Message  || User: .bettercalljack     || Channel: #pictures-of-the-cats                || Content: Where is the dr
[11/03/2025 02:22:08.219 PM] Action   || Name: send_suppressed     || Trigger: ch=1341696618688286720               || Output: Gmail authorization needed. Open and approve, then reply: 'TomCat, au...
[11/03/2025 02:22:08.219 PM] Action   || Name: gmail_auth_url      || Trigger:                                      || Output: https://accounts.google.com/o/oauth2/auth?response_type=code&client_i...
[11/03/2025 02:22:08.221 PM] Action   || Name: gmail_log_scheduler || Trigger: auth                                 || Output: pending
[11/03/2025 02:22:25.665 PM] Message  || User: _rambone_           || Channel: #executive-board                     || Content: Yea
[11/03/2025 02:22:43.640 PM] React+   || User: slayc127            || Channel: #executive-board                     || emoji=🎉; msg="Yea" by _rambone_
[11/03/2025 02:24:17.702 PM] Message  || User: m_digio             || Channel: #executive-board                     || Content: My mom gave me chocolate chip cookies too
[11/03/2025 02:24:34.628 PM] React+   || User: slayc127            || Channel: #executive-board                     || emoji=🎉; msg="My mom gave me chocolate chip cookies to..." by m_digio
[11/03/2025 02:24:53.876 PM] Message  || User: slayc127            || Channel: #yapper-committee                    || Content: lmfao
[11/03/2025 02:25:33.930 PM] Message  || User: m_digio             || Channel: #executive-board                     || Content: How much we selling paintings for?
[11/03/2025 02:25:49.446 PM] Message  || User: slayc127            || Channel: #executive-board                     || Content: 46556655667$ ($5)
[11/03/2025 02:25:55.545 PM] Message  || User: m_digio             || Channel: #executive-board                     || Content: (no text; attachments=0)
[11/03/2025 02:26:16.874 PM] Message  || User: m_digio             || Channel: #executive-board                     || Content: These i feel are reasonable
[11/03/2025 02:27:48.335 PM] React+   || User: m_digio             || Channel: #pictures-of-the-cats                || emoji=‼️; msg=1434981568899710996
[11/03/2025 02:28:47.974 PM] Action   || Name: send_suppressed     || Trigger: ch=1341696618688286720               || Output: Gmail authorization needed. Open and approve, then reply: 'TomCat, au...
[11/03/2025 02:28:47.974 PM] Action   || Name: gmail_auth_url      || Trigger:                                      || Output: https://accounts.google.com/o/oauth2/auth?response_type=code&client_i...
[11/03/2025 02:28:47.974 PM] Action   || Name: gmail_log_scheduler || Trigger: auth                                 || Output: pending
[11/03/2025 02:29:16.455 PM] Message  || User: m_digio             || Channel: #executive-board                     || Content: @​here we called clinics?
[11/03/2025 02:30:38.476 PM] Message  || User: coziidruid          || Channel: #executive-board                     || Content: was just abt to ask that- do we have him trapped? im potentially fre...
[11/03/2025 02:31:25.323 PM] Message  || User: m_digio             || Channel: #executive-board                     || Content: We have seal team 4 working on the trapping (cages have been dropped...
[11/03/2025 02:31:29.074 PM] Message  || User: izzyballz           || Channel: #yapper-committee                    || Content: why’s it lowkey contact dermatitis
[11/03/2025 02:31:42.780 PM] Message  || User: m_digio             || Channel: #executive-board                     || Content: I think we js need a place thatll take him
[11/03/2025 02:32:24.837 PM] React+   || User: slayc127            || Channel: #yapper-committee                    || emoji=😭; msg="why’s it lowkey contact dermatitis" by izzyballz
[11/03/2025 02:32:35.866 PM] Message  || User: izzyballz           || Channel: #yapper-committee                    || Content: it’s either a. the face paint, b. the baby powder used to set the fa...
[11/03/2025 02:33:46.076 PM] Message  || User: izzyballz           || Channel: #yapper-committee                    || Content: sigh
[11/03/2025 02:34:05.028 PM] Action   || Name: send_suppressed     || Trigger: ch=1341696618688286720               || Output: Gmail authorization needed. Open and approve, then reply: 'TomCat, au...
[11/03/2025 02:34:05.028 PM] Action   || Name: gmail_auth_url      || Trigger:                                      || Output: https://accounts.google.com/o/oauth2/auth?response_type=code&client_i...
[11/03/2025 02:34:05.028 PM] Action   || Name: gmail_log_scheduler || Trigger: auth                                 || Output: pending
[11/03/2025 02:34:05.789 PM] Message  || User: izzyballz           || Channel: #yapper-committee                    || Content: either way i need hydrocortisone cream like last night
[11/03/2025 02:34:28.467 PM] React+   || User: slayc127            || Channel: #yapper-committee                    || emoji=😭; msg="it’s either a. the face paint, b. the ba..." by izzyballz
[11/03/2025 02:41:14.285 PM] Message  || User: coziidruid          || Channel: #executive-board                     || Content: does he have up to date vaccines/have we taken him in before?
[11/03/2025 02:41:49.950 PM] Message  || User: a1darek             || Channel: #purrley-pawsitive-pussy-pals        || Content: (no text; attachments=1)
[11/03/2025 02:42:31.708 PM] Message  || User: a1darek             || Channel: #executive-board                     || Content: (no text; attachments=1)
[11/03/2025 02:42:33.699 PM] React+   || User: moineau_l.oiseau    || Channel: #yapper-committee                    || emoji=🎉; msg="MY ENGLISH PROFESSOR IS LETTING ME REDO ..." by izzyballz
[11/03/2025 02:43:30.885 PM] React+   || User: moineau_l.oiseau    || Channel: #yapper-committee                    || emoji=😭; msg="it’s either a. the face paint, b. the ba..." by izzyballz
[11/03/2025 02:46:57.294 PM] Message  || User: m_digio             || Channel: #executive-board                     || Content: If we catch him then marcos can bring him to his vet
[11/03/2025 02:47:00.532 PM] Message  || User: m_digio             || Channel: #executive-board                     || Content: (no text; attachments=1)
[11/03/2025 02:47:17.394 PM] Edit     || User: m_digio             || Channel: #executive-board                     || If we catch him then marcos can bring him to his vet -> If we catch him then ...
[11/03/2025 02:49:59.041 PM] Message  || User: plink5277           || Channel: #itty-bitty-kitty-commitee           || Content: Fawk this stupid Baka Pepsi campus
[11/03/2025 02:50:06.806 PM] Edit     || User: plink5277           || Channel: #itty-bitty-kitty-commitee           || Fawk this stupid Baka Pepsi campus -> Fawk this stupid chungus pepsi campus
[11/03/2025 02:50:33.150 PM] React+   || User: plink5277           || Channel: #itty-bitty-kitty-commitee           || emoji=🤕; msg="I'm sick chat Ugh I hate this luckily I'..." by swiftieanna13
[11/03/2025 02:51:31.159 PM] Message  || User: a1darek             || Channel: #feeding-team                        || Content: @feeding team Whoever is responsible for feeding Lot 50 for the next...
[11/03/2025 02:51:31.175 PM] Action   || Name: feed_pending_set    || Trigger: ch=643586809166561310; user=21708... || Output: stations=Lot 50; text=<@&643587274797481988> Whoever is responsible f...
[11/03/2025 02:51:41.574 PM] Message  || User: a1darek             || Channel: #feeding-team                        || Content: Will update when feeding can resume <:balloonboi:933099871257382983>
[11/03/2025 02:51:45.927 PM] Message  || User: adeyumii            || Channel: #feeding-team                        || Content: @Frostfire @hat
[11/03/2025 02:52:18.570 PM] Message  || User: .bettercalljack     || Channel: #itty-bitty-kitty-commitee           || Content: Fr
[11/03/2025 02:52:25.209 PM] Message  || User: emiximez            || Channel: #feeding-team                        || Content: YAY TNR
[11/03/2025 02:52:42.913 PM] Message  || User: frostfire312        || Channel: #feeding-team                        || Content: Yay I get to be a bum <:balloonboi:933099871257382983>
[11/03/2025 02:52:43.117 PM] Message  || User: marieeealexa        || Channel: #feeding-team                        || Content: COBA✅ 
Look at these cuties 🫶🏼
[11/03/2025 02:52:43.117 PM] Intent   || feed_update               ||                                               || station=Business; dates=['2025-11-03']
[11/03/2025 02:52:45.529 PM] Action   || Name: sheet_mark          || Trigger: station=Business date=2025-11-03     || Output: ok
[11/03/2025 02:52:45.529 PM] Action   || Name: feed_update         || Trigger: station=Business; dates=2025-11-03   || Output: ok
[11/03/2025 02:53:51.904 PM] Message  || User: adeyumii            || Channel: #feeding-team                        || Content: So diva
[11/03/2025 02:54:22.281 PM] Message  || User: ludavis             || Channel: #feeding-team                        || Content: Cool kids only <:guh:1305328147503513630>
[11/03/2025 03:03:21.279 PM] Action   || Name: send_suppressed     || Trigger: ch=1341696618688286720               || Output: Gmail authorization needed. Open and approve, then reply: 'TomCat, au...
[11/03/2025 03:03:21.279 PM] Action   || Name: gmail_auth_url      || Trigger:                                      || Output: https://accounts.google.com/o/oauth2/auth?response_type=code&client_i...
[11/03/2025 03:03:21.279 PM] Action   || Name: gmail_log_scheduler || Trigger: auth                                 || Output: pending
[11/03/2025 03:05:59.363 PM] Message  || User: not_d3fault_1420    || Channel: #pictures-of-the-cats                || Content: alan same circle (by the planetarium)
[11/03/2025 03:06:11.063 PM] Edit     || User: not_d3fault_1420    || Channel: #pictures-of-the-cats                || alan same circle (by the planetarium) -> alan saxe circle (by the planetarium)
[11/03/2025 03:06:27.533 PM] Action   || Name: send_suppressed     || Trigger: ch=1341696618688286720               || Output: Gmail authorization needed. Open and approve, then reply: 'TomCat, au...
[11/03/2025 03:06:27.533 PM] Action   || Name: gmail_auth_url      || Trigger:                                      || Output: https://accounts.google.com/o/oauth2/auth?response_type=code&client_i...
[11/03/2025 03:06:27.533 PM] Action   || Name: gmail_log_scheduler || Trigger: auth                                 || Output: pending
[11/03/2025 03:06:31.050 PM] Action   || Name: send_suppressed     || Trigger: ch=1341696618688286720               || Output: Gmail authorization needed. Open and approve, then reply: 'TomCat, au...
[11/03/2025 03:06:31.050 PM] Action   || Name: gmail_auth_url      || Trigger:                                      || Output: https://accounts.google.com/o/oauth2/auth?response_type=code&client_i...
[11/03/2025 03:06:31.050 PM] Action   || Name: gmail_log_scheduler || Trigger: auth                                 || Output: pending
[11/03/2025 03:07:23.132 PM] Message  || User: adeyumii            || Channel: #pictures-of-the-cats                || Content: why is he hanging there
[11/03/2025 03:07:24.737 PM] Message  || User: adeyumii            || Channel: #pictures-of-the-cats                || Content: so random
[11/03/2025 03:07:27.951 PM] Message  || User: adeyumii            || Channel: #pictures-of-the-cats                || Content: That's fords spot
[11/03/2025 03:11:08.782 PM] React+   || User: kitadan             || Channel: #feeding-team                        || emoji=‼️; msg="@feeding team Whoever is responsible for..." by a1darek
[11/03/2025 03:13:24.868 PM] Edit     || User: ludavis             || Channel: #feeding-team                        || Cool kids only <:guh:1305328147503513630> -> Cool kids only <:guh:13053281475...
[11/03/2025 03:14:30.689 PM] React+   || User: kitadan             || Channel: #yapper-committee                    || emoji=‼️; msg="I work near  the Dallas mavs train at , ..." by pancakemixteamdj
[11/03/2025 03:15:29.350 PM] Message  || User: simplyshadow171295  || Channel: #pictures-of-the-cats                || Content: maybe he does miss him
[11/03/2025 03:15:57.777 PM] Message  || User: adeyumii            || Channel: #pictures-of-the-cats                || Content: its been a year now
[11/03/2025 03:16:06.418 PM] Message  || User: yaeji               || Channel: #yapper-committee                    || Content: i go to dainese there all the time
[11/03/2025 03:16:13.928 PM] Message  || User: yaeji               || Channel: #yapper-committee                    || Content: can confirm kinda sketchy
[11/03/2025 03:20:18.819 PM] Message  || User: m_digio             || Channel: #pictures-of-the-cats                || Content: Misses him but wont admit it
[11/03/2025 03:23:04.736 PM] Message  || User: pancakemixteamdj    || Channel: #yapper-committee                    || Content: I can confirm very much it , sketchy . This probably the 3rd break i...
[11/03/2025 03:23:16.729 PM] Message  || User: not_d3fault_1420    || Channel: #pictures-of-the-cats                || Content: (no text; attachments=1)
[11/03/2025 03:23:17.112 PM] Action   || Name: image_intake        || Trigger: channel=551084964318543904           || Output: rows=1
[11/03/2025 03:25:56.410 PM] Edit     || User: m_digio             || Channel: #executive-board                     ||  -> 
[11/03/2025 03:25:56.450 PM] Message  || User: m_digio             || Channel: #executive-board                     || Content: (no text; attachments=0)
[11/03/2025 03:26:23.236 PM] React+   || User: m_digio             || Channel: #pictures-of-the-cats                || emoji=❤️; msg=1435016507334590615
[11/03/2025 03:26:37.261 PM] React+   || User: .bettercalljack     || Channel: #pictures-of-the-cats                || emoji=❤️; msg=1435016507334590615
[11/03/2025 03:30:06.553 PM] Action   || Name: send_suppressed     || Trigger: ch=1341696618688286720               || Output: Gmail authorization needed. Open and approve, then reply: 'TomCat, au...
[11/03/2025 03:30:06.553 PM] Action   || Name: gmail_auth_url      || Trigger:                                      || Output: https://accounts.google.com/o/oauth2/auth?response_type=code&client_i...
[11/03/2025 03:30:06.556 PM] Action   || Name: gmail_log_scheduler || Trigger: auth                                 || Output: pending
[11/03/2025 03:31:36.803 PM] Message  || User: lemonelon_          || Channel: #feeding-team                        || Content: I am so sorry to ask this but is it possible for someone to feed the...
[11/03/2025 03:31:36.816 PM] Action   || Name: feed_pending_set    || Trigger: ch=643586809166561310; user=96362... || Output: stations=Greens; text=I am so sorry to ask this but is it possible fo...
[11/03/2025 03:33:55.612 PM] Edit     || User: lemonelon_          || Channel: #feeding-team                        || I am so sorry to ask this but is it possible for someone to feed the greens f...
[11/03/2025 03:36:01.740 PM] Edit     || User: lemonelon_          || Channel: #feeding-team                        || I am so sorry to ask this but is it possible for someone to feed the greens f...
[11/03/2025 03:36:50.097 PM] Message  || User: celeryiscelery      || Channel: #executive-board                     || Content: oh period
[11/03/2025 03:37:00.019 PM] Message  || User: celeryiscelery      || Channel: #executive-board                     || Content: sorry for the late response, just got out of class and was driving home
[11/03/2025 03:44:21.970 PM] Message  || User: izzyballz           || Channel: #yapper-committee                    || Content: methinks i just have to deal with the online english
[11/03/2025 03:45:34.454 PM] Message  || User: izzyballz           || Channel: #yapper-committee                    || Content: or
[11/03/2025 03:45:38.124 PM] Message  || User: izzyballz           || Channel: #yapper-committee                    || Content: (no text; attachments=1)
[11/03/2025 03:47:05.189 PM] Message  || User: slayc127            || Channel: #itty-bitty-kitty-commitee           || Content: real
[11/03/2025 03:47:58.615 PM] Message  || User: izzyballz           || Channel: #yapper-committee                    || Content: cant believe im still here
[11/03/2025 03:48:36.105 PM] Message  || User: ludavis             || Channel: #yapper-committee                    || Content: First one
[11/03/2025 03:48:40.693 PM] React+   || User: slayc127            || Channel: #feeding-team                        || emoji=❤️; msg="I am so sorry to ask this but is it poss..." by lemonelon_
[11/03/2025 03:49:02.169 PM] Message  || User: a1darek             || Channel: #purrley-pawsitive-pussy-pals        || Content: Taco place like 8 minutes from campus opened up and im trying it
[11/03/2025 03:49:11.300 PM] Message  || User: a1darek             || Channel: #purrley-pawsitive-pussy-pals        || Content: Got distracted on my way back with the drop trap
[11/03/2025 03:49:25.511 PM] Message  || User: a1darek             || Channel: #purrley-pawsitive-pussy-pals        || Content: Supposedly they're known for their burritos so I will let yall know ...
[11/03/2025 03:49:55.301 PM] React+   || User: not_d3fault_1420    || Channel: #itty-bitty-kitty-commitee           || emoji=‼️; msg="Fawk this stupid chungus pepsi campus" by plink5277
[11/03/2025 03:52:06.933 PM] React+   || User: hatshura            || Channel: #feeding-team                        || emoji=<:catthumbsup:931115163317329920>; msg="@feeding team Whoever is respon...
[11/03/2025 03:52:16.484 PM] Action   || Name: send_suppressed     || Trigger: ch=1341696618688286720               || Output: Gmail authorization needed. Open and approve, then reply: 'TomCat, au...
[11/03/2025 03:52:16.484 PM] Action   || Name: gmail_auth_url      || Trigger:                                      || Output: https://accounts.google.com/o/oauth2/auth?response_type=code&client_i...
[11/03/2025 03:52:16.484 PM] Action   || Name: gmail_log_scheduler || Trigger: auth                                 || Output: pending
[11/03/2025 03:56:51.374 PM] React+   || User: orphean_            || Channel: #feeding-team                        || emoji=🫁; msg="Yay I get to be a bum <:balloonboi:93309..." by frostfire312
[11/03/2025 03:57:29.357 PM] Message  || User: phat_cat_207        || Channel: #feeding-team                        || Content: @active feeders I got called into work for an emergency meeting this...
[11/03/2025 03:57:29.363 PM] Intent   || sub_request               ||                                               || station=West Hall
[11/03/2025 03:57:29.427 PM] Action   || Name: sub_request         || Trigger: station=West Hall; dates=2025-11-03  || Output: status=logged; trigger=can someone; text=<@&933465874860494989> I got...
[11/03/2025 03:57:53.403 PM] Message  || User: hatshura            || Channel: #feeding-team                        || Content: I'll do this since it's omw back to the car
[11/03/2025 03:58:04.568 PM] Edit     || User: hatshura            || Channel: #feeding-team                        || I'll do this since it's omw back to the car -> I'll do this since it's omw ba...
[11/03/2025 03:58:05.393 PM] Message  || User: a1darek             || Channel: #purrley-pawsitive-pussy-pals        || Content: DUDE
[11/03/2025 03:58:17.463 PM] Message  || User: hatshura            || Channel: #feeding-team                        || Content: unless kaz wants it
[11/03/2025 03:58:59.481 PM] Message  || User: slayc127            || Channel: #purrley-pawsitive-pussy-pals        || Content: austin sighting
[11/03/2025 03:59:09.807 PM] Message  || User: slayc127            || Channel: #purrley-pawsitive-pussy-pals        || Content: bruh
[11/03/2025 03:59:49.573 PM] Message  || User: m_digio             || Channel: #purrley-pawsitive-pussy-pals        || Content: stupid advisor is trying to get me to do 18 hrs next semester
[11/03/2025 04:00:07.083 PM] React+   || User: slayc127            || Channel: #purrley-pawsitive-pussy-pals        || emoji=😭; msg="stupid advisor is trying to get me to do..." by m_digio
[11/03/2025 04:00:08.250 PM] Message  || User: m_digio             || Channel: #purrley-pawsitive-pussy-pals        || Content: thats 6 classes
[11/03/2025 04:00:12.467 PM] Message  || User: slayc127            || Channel: #purrley-pawsitive-pussy-pals        || Content: oh she wants you dead
[11/03/2025 04:00:28.735 PM] Message  || User: slayc127            || Channel: #yapper-committee                    || Content: i tak3 back encouraging u guys to talk to ur professors
[11/03/2025 04:00:33.446 PM] Message  || User: m_digio             || Channel: #purrley-pawsitive-pussy-pals        || Content: (no text; attachments=1)
[11/03/2025 04:00:36.995 PM] Message  || User: slayc127            || Channel: #yapper-committee                    || Content: worst ten minutes of my life (i cant do this)
[11/03/2025 04:00:37.820 PM] Message  || User: m_digio             || Channel: #purrley-pawsitive-pussy-pals        || Content: yall seeing this shit
[11/03/2025 04:00:40.280 PM] Message  || User: m_digio             || Channel: #purrley-pawsitive-pussy-pals        || Content: like no
[11/03/2025 04:00:43.728 PM] Message  || User: slayc127            || Channel: #purrley-pawsitive-pussy-pals        || Content: bruh
[11/03/2025 04:00:58.979 PM] Message  || User: slayc127            || Channel: #feeding-team                        || Content: kazius doesnt
[11/03/2025 04:00:59.850 PM] Message  || User: izzyballz           || Channel: #yapper-committee                    || Content: lol
[11/03/2025 04:01:10.278 PM] Message  || User: m_digio             || Channel: #purrley-pawsitive-pussy-pals        || Content: might actually be 16 hrs with a lab but still
[11/03/2025 04:01:10.413 PM] Action   || Name: send_suppressed     || Trigger: ch=1341696618688286720               || Output: Gmail authorization needed. Open and approve, then reply: 'TomCat, au...
[11/03/2025 04:01:10.413 PM] Action   || Name: gmail_auth_url      || Trigger:                                      || Output: https://accounts.google.com/o/oauth2/auth?response_type=code&client_i...
[11/03/2025 04:01:10.413 PM] Action   || Name: gmail_log_scheduler || Trigger: auth                                 || Output: pending
[11/03/2025 04:01:10.818 PM] Message  || User: slayc127            || Channel: #yapper-committee                    || Content: bro i asked him about his researcg
[11/03/2025 04:01:26.306 PM] Message  || User: slayc127            || Channel: #yapper-committee                    || Content: because i realized if im going to grad school i need something for m...
[11/03/2025 04:01:50.549 PM] Message  || User: slayc127            || Channel: #yapper-committee                    || Content: local gay person found dead on blue shuttle
[11/03/2025 04:01:58.011 PM] Message  || User: slayc127            || Channel: #purrley-pawsitive-pussy-pals        || Content: bruh
[11/03/2025 04:02:04.033 PM] Message  || User: a1darek             || Channel: #purrley-pawsitive-pussy-pals        || Content: (no text; attachments=1)
[11/03/2025 04:02:08.693 PM] Message  || User: slayc127            || Channel: #yapper-committee                    || Content: https://tenor.com/view/sadcryingexploding-gif-6056829429379125483
[11/03/2025 04:02:10.226 PM] Message  || User: slayc127            || Channel: #yapper-committee                    || Content: me
[11/03/2025 04:02:17.068 PM] Message  || User: izzyballz           || Channel: #yapper-committee                    || Content: bro how bad was it omg
[11/03/2025 04:02:47.454 PM] Message  || User: slayc127            || Channel: #yapper-committee                    || Content: kazius gets so anxious.
[11/03/2025 04:02:59.439 PM] Message  || User: slayc127            || Channel: #yapper-committee                    || Content: kazius did not know how to phrase anything. kazius stumbled over the...
[11/03/2025 04:03:16.328 PM] Message  || User: slayc127            || Channel: #yapper-committee                    || Content: kazius made it so awkward and they need to. well. do something idk w...
[11/03/2025 04:03:55.321 PM] Message  || User: slayc127            || Channel: #yapper-committee                    || Content: NO CHAT ☝️we r not encouraging negative self talk
[11/03/2025 04:04:08.491 PM] Message  || User: slayc127            || Channel: #purrley-pawsitive-pussy-pals        || Content: do they hve veggie option
[11/03/2025 04:04:14.890 PM] Message  || User: yaeji               || Channel: #yapper-committee                    || Content: kazius got further than i ever could
[11/03/2025 04:04:18.778 PM] React+   || User: slayc127            || Channel: #yapper-committee                    || emoji=😭; msg="kazius got further than i ever could" by yaeji
[11/03/2025 04:04:25.100 PM] Message  || User: slayc127            || Channel: #yapper-committee                    || Content: WHICH IS NOT FAR. MIND.
[11/03/2025 04:04:55.472 PM] Message  || User: slayc127            || Channel: #yapper-committee                    || Content: it went fine i essentially got confirmation he will keep me in mind ...
[11/03/2025 04:05:00.789 PM] Message  || User: slayc127            || Channel: #yapper-committee                    || Content: i just wish i didnt get scared
[11/03/2025 04:05:08.964 PM] Message  || User: izzyballz           || Channel: #yapper-committee                    || Content: get well soon xx /lh
[11/03/2025 04:05:12.227 PM] React+   || User: slayc127            || Channel: #yapper-committee                    || emoji=❤️; msg="get well soon xx /lh" by izzyballz
[11/03/2025 04:05:16.097 PM] Message  || User: slayc127            || Channel: #yapper-committee                    || Content: tysm izzy b*lls
[11/03/2025 04:05:30.509 PM] Message  || User: slayc127            || Channel: #yapper-committee                    || Content: okay my tantrum is over it was fine please talk to your professors
[11/03/2025 04:05:39.769 PM] Message  || User: slayc127            || Channel: #yapper-committee                    || Content: i will inform chat on developments
[11/03/2025 04:05:55.084 PM] Message  || User: slayc127            || Channel: #yapper-committee                    || Content: if kazius can do it so can the general cat coalition ‼️‼️‼️‼️‼️‼️‼️‼...
[11/03/2025 04:07:08.764 PM] Message  || User: a1darek             || Channel: #purrley-pawsitive-pussy-pals        || Content: I did not check
[11/03/2025 04:07:26.155 PM] Message  || User: slayc127            || Channel: #purrley-pawsitive-pussy-pals        || Content: smdh
[11/03/2025 04:07:26.608 PM] Message  || User: slayc127            || Channel: #purrley-pawsitive-pussy-pals        || Content: jk
[11/03/2025 04:07:50.827 PM] Message  || User: m_digio             || Channel: #purrley-pawsitive-pussy-pals        || Content: where
[11/03/2025 04:08:40.628 PM] Message  || User: izzyballz           || Channel: #yapper-committee                    || Content: bruh wym i gotta wait until the 7th to register
[11/03/2025 04:08:54.701 PM] Message  || User: izzyballz           || Channel: #yapper-committee                    || Content: just let me in
[11/03/2025 04:09:16.089 PM] Message  || User: slayc127            || Channel: #yapper-committee                    || Content: lol
[11/03/2025 04:09:19.617 PM] Message  || User: slayc127            || Channel: #yapper-committee                    || Content: underclassman
[11/03/2025 04:09:28.693 PM] React+   || User: izzyballz           || Channel: #yapper-committee                    || emoji=🍅; msg="underclassman" by slayc127
[11/03/2025 04:09:39.411 PM] Message  || User: slayc127            || Channel: #yapper-committee                    || Content: if i didnt get sick n missed the rest of the honors events i wouldve...
[11/03/2025 04:09:47.597 PM] Message  || User: slayc127            || Channel: #yapper-committee                    || Content: i deserve the tomato
[11/03/2025 04:09:53.107 PM] React+   || User: izzyballz           || Channel: #yapper-committee                    || emoji=❤️; msg="i deserve the tomato" by slayc127
[11/03/2025 04:10:50.477 PM] Message  || User: izzyballz           || Channel: #yapper-committee                    || Content: every single slot will be full and you're gonna end up with two 8am ...
[11/03/2025 04:11:01.011 PM] Message  || User: slayc127            || Channel: #yapper-committee                    || Content: LMFAOOOOOOOOOOOOOOOO
[11/03/2025 04:11:08.780 PM] Message  || User: a1darek             || Channel: #purrley-pawsitive-pussy-pals        || Content: Gilberto's taco shop
[11/03/2025 04:11:16.072 PM] Message  || User: a1darek             || Channel: #purrley-pawsitive-pussy-pals        || Content: South bowen next to the little Caesars
[11/03/2025 04:11:19.476 PM] Message  || User: slayc127            || Channel: #yapper-committee                    || Content: if anyone reacts to that message u r being kicked /j
[11/03/2025 04:11:37.062 PM] Message  || User: m_digio             || Channel: #purrley-pawsitive-pussy-pals        || Content: hmm
[11/03/2025 04:11:59.507 PM] Message  || User: slayc127            || Channel: #yapper-committee                    || Content: jokes on u there r only one section for my classes and i HAVE to be ...
[11/03/2025 04:12:21.464 PM] Message  || User: slayc127            || Channel: #purrley-pawsitive-pussy-pals        || Content: derek can reply to quad p but not to kazius dms
[11/03/2025 04:12:40.290 PM] Message  || User: slayc127            || Channel: #yapper-committee                    || Content: im jk i am being too mean to chat
[11/03/2025 04:12:54.963 PM] Message  || User: slayc127            || Channel: #yapper-committee                    || Content: do u want to see my schedule
[11/03/2025 04:13:08.921 PM] Message  || User: izzyballz           || Channel: #yapper-committee                    || Content: thats what you think ! /j
[11/03/2025 04:13:11.787 PM] React+   || User: slayc127            || Channel: #yapper-committee                    || emoji=😆; msg="thats what you think ! /j" by izzyballz
[11/03/2025 04:13:12.762 PM] Message  || User: izzyballz           || Channel: #yapper-committee                    || Content: yes !!
[11/03/2025 04:13:13.246 PM] React+   || User: slayc127            || Channel: #yapper-committee                    || emoji=❤️; msg="thats what you think ! /j" by izzyballz
[11/03/2025 04:13:20.099 PM] Message  || User: slayc127            || Channel: #yapper-committee                    || Content: (no text; attachments=1)
[11/03/2025 04:13:43.197 PM] Message  || User: slayc127            || Channel: #yapper-committee                    || Content: my shitty ass phone screenshot
[11/03/2025 04:14:26.656 PM] Message  || User: slayc127            || Channel: #yapper-committee                    || Content: no morning classes for kazius ‼️‼️ fridays off ‼️‼️
[11/03/2025 04:14:35.957 PM] Message  || User: izzyballz           || Channel: #yapper-committee                    || Content: first class at 4pm would do wild things to me i would sleep until 3
[11/03/2025 04:14:41.999 PM] React+   || User: slayc127            || Channel: #yapper-committee                    || emoji=😆; msg="first class at 4pm would do wild things ..." by izzyballz
[11/03/2025 04:14:43.794 PM] Message  || User: a1darek             || Channel: #executive-board                     || Content: (no text; attachments=1)
[11/03/2025 04:14:47.979 PM] Message  || User: slayc127            || Channel: #yapper-committee                    || Content: real.
[11/03/2025 04:14:53.946 PM] Message  || User: slayc127            || Channel: #yapper-committee                    || Content: i am a early riser neow i have turned over a new leaf
[11/03/2025 04:15:10.541 PM] Message  || User: slayc127            || Channel: #yapper-committee                    || Content: hell i might even be able to open on mondays and wednesdays if kaziu...
[11/03/2025 04:15:29.009 PM] Message  || User: slayc127            || Channel: #yapper-committee                    || Content: chat is talking in third person funny or annoying i cant tell but it...
[11/03/2025 04:15:51.066 PM] Message  || User: izzyballz           || Channel: #yapper-committee                    || Content: i think its very funny as someone who also talks in third person
[11/03/2025 04:15:59.287 PM] Message  || User: celeryiscelery      || Channel: #executive-board                     || Content: you want to take him to an emergency clinic instead?
[11/03/2025 04:16:10.246 PM] Message  || User: slayc127            || Channel: #yapper-committee                    || Content: YAHOOOOOO
[11/03/2025 04:16:24.048 PM] Message  || User: slayc127            || Channel: #yapper-committee                    || Content: u r one of the funniest people ik in chat so that helps
[11/03/2025 04:16:28.712 PM] Message  || User: izzyballz           || Channel: #yapper-committee                    || Content: YAY
[11/03/2025 04:16:49.615 PM] React+   || User: slayc127            || Channel: #executive-board                     || emoji=❤️; msg=1435029456296345744
[11/03/2025 04:16:52.789 PM] Message  || User: a1darek             || Channel: #executive-board                     || Content: Ideally
[11/03/2025 04:17:06.534 PM] Message  || User: izzyballz           || Channel: #yapper-committee                    || Content: im actually kicking my feet this is such high praise
[11/03/2025 04:17:25.369 PM] React+   || User: slayc127            || Channel: #yapper-committee                    || emoji=😆; msg="im actually kicking my feet this is such..." by izzyballz
[11/03/2025 04:17:28.970 PM] Message  || User: a1darek             || Channel: #executive-board                     || Content: If we had caught them earlier with the wound but this thing is serio...
[11/03/2025 04:17:50.438 PM] Message  || User: celeryiscelery      || Channel: #executive-board                     || Content: we can always see if atlas is willing to drive nefarious tonight
[11/03/2025 04:17:54.341 PM] Message  || User: celeryiscelery      || Channel: #executive-board                     || Content: or if anyone else is
[11/03/2025 04:18:15.963 PM] Message  || User: a1darek             || Channel: #executive-board                     || Content: There's a veg in gp we can call and ask
[11/03/2025 04:18:31.861 PM] Message  || User: simplyshadow171295  || Channel: #yapper-committee                    || Content: it is a very funny bit
[11/03/2025 04:18:38.385 PM] React+   || User: slayc127            || Channel: #yapper-committee                    || emoji=❤️; msg="it is a very funny bit" by simplyshadow171295
[11/03/2025 04:18:41.792 PM] Message  || User: slayc127            || Channel: #yapper-committee                    || Content: YAHOOOOOOO X2
[11/03/2025 04:18:50.607 PM] Message  || User: slayc127            || Channel: #yapper-committee                    || Content: the bit shall continue before i steal a new one
[11/03/2025 04:19:13.661 PM] Message  || User: a1darek             || Channel: #executive-board                     || Content: Actually I can go ahead and call and ask if that's alright
[11/03/2025 04:19:29.691 PM] Message  || User: m_digio             || Channel: #purrley-pawsitive-pussy-pals        || Content: (no text; attachments=0)
[11/03/2025 04:19:30.330 PM] Message  || User: m_digio             || Channel: #purrley-pawsitive-pussy-pals        || Content: eating chips while listening to this
[11/03/2025 04:19:37.399 PM] Message  || User: simplyshadow171295  || Channel: #yapper-committee                    || Content: kazius gave up on my rabies bit tho
[11/03/2025 04:19:39.544 PM] Message  || User: simplyshadow171295  || Channel: #yapper-committee                    || Content: 😔
[11/03/2025 04:19:40.819 PM] Message  || User: celeryiscelery      || Channel: #executive-board                     || Content: that’s alright
[11/03/2025 04:19:57.096 PM] Message  || User: slayc127            || Channel: #yapper-committee                    || Content: WDYM
[11/03/2025 04:21:24.237 PM] Message  || User: simplyshadow171295  || Channel: #yapper-committee                    || Content: my whole bit when i’m mildly annoyed at someone is to tell people th...
[11/03/2025 04:22:33.105 PM] Message  || User: simplyshadow171295  || Channel: #yapper-committee                    || Content: (no text; attachments=0)
[11/03/2025 04:22:33.502 PM] Message  || User: simplyshadow171295  || Channel: #yapper-committee                    || Content: kazius i have proof
[11/03/2025 04:22:49.620 PM] Message  || User: austinbaustinb      || Channel: #music-recs                          || Content: Fog machines and then lights on the field to go through the fog
[11/03/2025 04:24:38.748 PM] Message  || User: simplyshadow171295  || Channel: #pictures-of-the-cats                || Content: eggs was dipping her paw in the water (earlier)
[11/03/2025 04:24:39.259 PM] Action   || Name: image_intake        || Trigger: channel=551084964318543904           || Output: rows=3
[11/03/2025 04:24:58.269 PM] Message  || User: slayc127            || Channel: #yapper-committee                    || Content: NO ILL START STEALING IT AGAIN
[11/03/2025 04:25:02.674 PM] React+   || User: simplyshadow171295  || Channel: #yapper-committee                    || emoji=🎉; msg="NO ILL START STEALING IT AGAIN" by slayc127
[11/03/2025 04:25:04.409 PM] Message  || User: slayc127            || Channel: #yapper-committee                    || Content: TRUST I JUST FORGOT I CANNOT REMEMBER ANYTHING
[11/03/2025 04:25:10.188 PM] React+   || User: simplyshadow171295  || Channel: #yapper-committee                    || emoji=😆; msg="TRUST I JUST FORGOT I CANNOT REMEMBER AN..." by slayc127
[11/03/2025 04:25:15.584 PM] Message  || User: simplyshadow171295  || Channel: #yapper-committee                    || Content: real
[11/03/2025 04:25:16.302 PM] Message  || User: lemonelon_          || Channel: #feeding-team                        || Content: thank you thank you thank you a billion kisses and cookies and good ...
[11/03/2025 04:25:22.883 PM] Message  || User: slayc127            || Channel: #yapper-committee                    || Content: its more socially appropriate than saying we should bomb someone but...
[11/03/2025 04:25:29.318 PM] React+   || User: simplyshadow171295  || Channel: #yapper-committee                    || emoji=‼️; msg="its more socially appropriate than sayin..." by slayc127
[11/03/2025 04:25:57.916 PM] React+   || User: yaeji               || Channel: #yapper-committee                    || emoji=<a:aPES_Bomb:619845779703726080>; msg="its more socially appropriate th...
[11/03/2025 04:26:55.793 PM] Message  || User: lemonelon_          || Channel: #itty-bitty-kitty-commitee           || Content: I'm crashing out a little bit on submitting this paper i rewrote the...
[11/03/2025 04:28:04.670 PM] Message  || User: lemonelon_          || Channel: #itty-bitty-kitty-commitee           || Content: Idk if Arroyo has office hours and I dont want to show up at her doo...
[11/03/2025 04:28:24.155 PM] Edit     || User: lemonelon_          || Channel: #itty-bitty-kitty-commitee           || Idk if Arroyo has office hours and I dont want to show up at her door unannou...
[11/03/2025 04:28:31.790 PM] Message  || User: simplyshadow171295  || Channel: #itty-bitty-kitty-commitee           || Content: life pro tip
[11/03/2025 04:28:39.196 PM] Message  || User: lemonelon_          || Channel: #itty-bitty-kitty-commitee           || Content: or i could just ball i guess
[11/03/2025 04:28:41.464 PM] Message  || User: simplyshadow171295  || Channel: #itty-bitty-kitty-commitee           || Content: don’t trust ai to tell you that you’re not ai
[11/03/2025 04:28:45.574 PM] React+   || User: lemonelon_          || Channel: #itty-bitty-kitty-commitee           || emoji=❤️; msg="don’t trust ai to tell you that you’re n..." by simplyshadow17...
[11/03/2025 04:28:50.346 PM] React+   || User: lemonelon_          || Channel: #itty-bitty-kitty-commitee           || emoji=💔; msg="don’t trust ai to tell you that you’re n..." by simplyshadow171295
[11/03/2025 04:29:06.595 PM] Message  || User: lemonelon_          || Channel: #itty-bitty-kitty-commitee           || Content: maybe im just a robot
[11/03/2025 04:29:12.473 PM] Message  || User: lemonelon_          || Channel: #itty-bitty-kitty-commitee           || Content: and I never knew
[11/03/2025 04:29:14.671 PM] React+   || User: simplyshadow171295  || Channel: #itty-bitty-kitty-commitee           || emoji=💔; msg="maybe im just a robot" by lemonelon_
[11/03/2025 04:29:17.780 PM] Message  || User: lemonelon_          || Channel: #itty-bitty-kitty-commitee           || Content: 🤖
[11/03/2025 04:31:39.294 PM] Message  || User: a1darek             || Channel: #purrley-pawsitive-pussy-pals        || Content: Will reply when I can
[11/03/2025 04:31:51.700 PM] Message  || User: a1darek             || Channel: #purrley-pawsitive-pussy-pals        || Content: I just know the tech is finding for their doctor right now 😭
[11/03/2025 04:33:37.222 PM] Message  || User: a1darek             || Channel: #purrley-pawsitive-pussy-pals        || Content: did I just get hung up on?
[11/03/2025 04:33:58.481 PM] Message  || User: m_digio             || Channel: #purrley-pawsitive-pussy-pals        || Content: fight them
[11/03/2025 04:35:54.955 PM] Message  || User: slayc127            || Channel: #itty-bitty-kitty-commitee           || Content: OH NOOOOOOOOOOO THIS IS ARROYO SHES SO SWEET
[11/03/2025 04:36:02.386 PM] React+   || User: hatshura            || Channel: #feeding-team                        || emoji=👍; msg="thank you thank you thank you a billion ..." by lemonelon_
[11/03/2025 04:36:13.473 PM] Message  || User: slayc127            || Channel: #itty-bitty-kitty-commitee           || Content: gah
[11/03/2025 04:36:52.911 PM] Message  || User: lemonelon_          || Channel: #itty-bitty-kitty-commitee           || Content: NO NO NO NOT ARROYO
[11/03/2025 04:36:57.487 PM] Message  || User: adeyumii            || Channel: #itty-bitty-kitty-commitee           || Content: Pffft I'm sitting at coba and Jenny came out and eggs literally chas...
[11/03/2025 04:37:00.767 PM] Message  || User: slayc127            || Channel: #itty-bitty-kitty-commitee           || Content: OH OKAY
[11/03/2025 04:37:38.714 PM] Message  || User: lemonelon_          || Channel: #itty-bitty-kitty-commitee           || Content: She's the only person i could think of to ask to read this 😭 sorry t...
[11/03/2025 04:37:51.377 PM] Message  || User: slayc127            || Channel: #itty-bitty-kitty-commitee           || Content: nooooo ur okay i was abt to be so sad
[11/03/2025 04:37:55.477 PM] React+   || User: lemonelon_          || Channel: #itty-bitty-kitty-commitee           || emoji=❤️; msg="nooooo ur okay i was abt to be so sad" by slayc127
[11/03/2025 04:38:13.291 PM] React+   || User: simplyshadow171295  || Channel: #itty-bitty-kitty-commitee           || emoji=😆; msg="Pffft I'm sitting at coba and Jenny came..." by adeyumii
[11/03/2025 04:38:39.103 PM] Message  || User: lemonelon_          || Channel: #itty-bitty-kitty-commitee           || Content: Arroyo found out from DR JOHNSON that this whole interaction happene...
[11/03/2025 04:38:39.119 PM] Intent   || feed_update               ||                                               || station=Mary Kay and Zen; dates=['2025-11-03']
[11/03/2025 04:38:39.119 PM] Action   || Name: feed_update_ignored || Trigger: station=Mary Kay and Zen             || Output: channel_blocked:551082419768393731
[11/03/2025 04:39:04.446 PM] Message  || User: pancakemixteamdj    || Channel: #itty-bitty-kitty-commitee           || Content: Most of that % I swear is when it flags your citations
[11/03/2025 04:39:09.609 PM] React+   || User: lemonelon_          || Channel: #itty-bitty-kitty-commitee           || emoji=❤️; msg="Most of that % I swear is when it flags ..." by pancakemixteamdj
[11/03/2025 04:39:26.195 PM] Message  || User: lemonelon_          || Channel: #itty-bitty-kitty-commitee           || Content: I only even told Dr Johnson because she had just done a lecture on a...
[11/03/2025 04:39:42.886 PM] Message  || User: lemonelon_          || Channel: #itty-bitty-kitty-commitee           || Content: MY WHOLE INTRO FLAGGED. WHY WHY WHY WHY
[11/03/2025 04:39:50.839 PM] Message  || User: lemonelon_          || Channel: #itty-bitty-kitty-commitee           || Content: Nothing I do makes me less AI
[11/03/2025 04:40:11.978 PM] Message  || User: lemonelon_          || Channel: #itty-bitty-kitty-commitee           || Content: Rewritten entirely with completely different concepts and phrases an...
[11/03/2025 04:40:16.856 PM] Action   || Name: send_suppressed     || Trigger: ch=1341696618688286720               || Output: Gmail authorization needed. Open and approve, then reply: 'TomCat, au...
[11/03/2025 04:40:16.856 PM] Action   || Name: gmail_auth_url      || Trigger:                                      || Output: https://accounts.google.com/o/oauth2/auth?response_type=code&client_i...
[11/03/2025 04:40:16.856 PM] Action   || Name: gmail_log_scheduler || Trigger: auth                                 || Output: pending
[11/03/2025 04:40:17.674 PM] Message  || User: pancakemixteamdj    || Channel: #itty-bitty-kitty-commitee           || Content: It be like that
[11/03/2025 04:40:21.714 PM] React+   || User: lemonelon_          || Channel: #itty-bitty-kitty-commitee           || emoji=💔; msg="It be like that" by pancakemixteamdj
[11/03/2025 04:40:26.461 PM] Action   || Name: send_suppressed     || Trigger: ch=1341696618688286720               || Output: Gmail authorization needed. Open and approve, then reply: 'TomCat, au...
[11/03/2025 04:40:26.461 PM] Action   || Name: gmail_auth_url      || Trigger:                                      || Output: https://accounts.google.com/o/oauth2/auth?response_type=code&client_i...
[11/03/2025 04:40:26.461 PM] Action   || Name: gmail_log_scheduler || Trigger: auth                                 || Output: pending
[11/03/2025 04:41:03.928 PM] Message  || User: slayc127            || Channel: #itty-bitty-kitty-commitee           || Content: because ai detectors r bullshit
[11/03/2025 04:41:13.703 PM] Message  || User: a1darek             || Channel: #purrley-pawsitive-pussy-pals        || Content: Yeah idk what happened but it's all good now
[11/03/2025 04:41:28.891 PM] Message  || User: hatshura            || Channel: #feeding-team                        || Content: Greens fed
[11/03/2025 04:41:28.891 PM] Intent   || feed_update               ||                                               || station=Greens; dates=['2025-11-03']
[11/03/2025 04:41:30.578 PM] Action   || Name: sheet_mark          || Trigger: station=Greens date=2025-11-03       || Output: ok
[11/03/2025 04:41:30.578 PM] Action   || Name: feed_update         || Trigger: station=Greens; dates=2025-11-03     || Output: ok
[11/03/2025 04:41:49.427 PM] Message  || User: adeyumii            || Channel: #pictures-of-the-cats                || Content: one twig
[11/03/2025 04:41:49.789 PM] Action   || Name: image_intake        || Trigger: channel=551084964318543904           || Output: rows=1
[11/03/2025 04:42:16.726 PM] Message  || User: a1darek             || Channel: #executive-board                     || Content: (no text; attachments=1)
[11/03/2025 04:42:25.463 PM] React+   || User: slayc127            || Channel: #executive-board                     || emoji=❤️; msg=1435036389392515112
[11/03/2025 04:44:17.290 PM] React+   || User: m_digio             || Channel: #purrley-pawsitive-pussy-pals        || emoji=❤️; msg="Yeah idk what happened but it's all good..." by a1darek
[11/03/2025 04:44:29.154 PM] Message  || User: a1darek             || Channel: #executive-board                     || Content: Any idea how old nefarious is or what month they were born
[11/03/2025 04:44:42.018 PM] Message  || User: a1darek             || Channel: #executive-board                     || Content: I was gonna say he was about 5 but idk if that's right or not
[11/03/2025 04:44:44.860 PM] Message  || User: m_digio             || Channel: #executive-board                     || Content: sigh they are an old fart
[11/03/2025 04:44:52.053 PM] Message  || User: a1darek             || Channel: #executive-board                     || Content: The farter
[11/03/2025 04:44:57.039 PM] Message  || User: a1darek             || Channel: #executive-board                     || Content: Ill put 8
[11/03/2025 04:45:01.480 PM] Edit     || User: m_digio             || Channel: #executive-board                     || sigh they are an old fart -> sigh he is an old fart
[11/03/2025 04:45:20.367 PM] Action   || Name: send_suppressed     || Trigger: ch=1341696618688286720               || Output: Gmail authorization needed. Open and approve, then reply: 'TomCat, au...
[11/03/2025 04:45:20.367 PM] Action   || Name: gmail_auth_url      || Trigger:                                      || Output: https://accounts.google.com/o/oauth2/auth?response_type=code&client_i...
[11/03/2025 04:45:20.371 PM] Action   || Name: gmail_log_scheduler || Trigger: auth                                 || Output: pending
[11/03/2025 04:46:53.828 PM] Message  || User: austinbaustinb      || Channel: #executive-board                     || Content: (no text; attachments=0)
[11/03/2025 04:46:54.068 PM] Message  || User: austinbaustinb      || Channel: #executive-board                     || Content: At least 5 yrs
[11/03/2025 04:47:00.352 PM] Message  || User: emlenisgremlin      || Channel: #pictures-of-the-cats                || Content: he flop
[11/03/2025 04:47:00.673 PM] Action   || Name: image_intake        || Trigger: channel=551084964318543904           || Output: rows=1
[11/03/2025 04:47:27.705 PM] React+   || User: austinbaustinb      || Channel: #purrley-pawsitive-pussy-pals        || emoji=🔥; msg="austin sighting" by slayc127
[11/03/2025 04:47:31.269 PM] React+   || User: slayc127            || Channel: #pictures-of-the-cats                || emoji=‼️; msg="he flop" by emlenisgremlin
[11/03/2025 04:47:33.099 PM] Message  || User: m_digio             || Channel: #executive-board                     || Content: (no text; attachments=0)
[11/03/2025 04:47:33.756 PM] Message  || User: m_digio             || Channel: #executive-board                     || Content: 2021
[11/03/2025 04:47:36.211 PM] Message  || User: emlenisgremlin      || Channel: #pictures-of-the-cats                || Content: pepper has been trying to eat my fingers
[11/03/2025 04:48:15.725 PM] Message  || User: emlenisgremlin      || Channel: #pictures-of-the-cats                || Content: like she lets me pet her now because she gets treats from my hand bu...
[11/03/2025 04:48:39.750 PM] Message  || User: a1darek             || Channel: #executive-board                     || Content: Damn
[11/03/2025 04:48:53.106 PM] Message  || User: a1darek             || Channel: #executive-board                     || Content: My guess was good <:aaaaaaaaaaaa:1412870173634859180>
[11/03/2025 04:49:42.294 PM] Message  || User: emlenisgremlin      || Channel: #pictures-of-the-cats                || Content: also picked up angel
[11/03/2025 04:49:48.302 PM] Message  || User: emlenisgremlin      || Channel: #pictures-of-the-cats                || Content: he is so good natured
[11/03/2025 04:49:51.625 PM] React+   || User: m_digio             || Channel: #pictures-of-the-cats                || emoji=❤️; msg="he flop" by emlenisgremlin
[11/03/2025 04:49:56.442 PM] Message  || User: emlenisgremlin      || Channel: #pictures-of-the-cats                || Content: like genuinely just a chill guy
[11/03/2025 04:50:04.783 PM] Message  || User: gee068356           || Channel: #events                              || Content: @​everyone"Just upgraded! Giving away my old Canon camera. It's stil...
[11/03/2025 04:50:04.839 PM] Action   || Name: spam_detect_debug   || Trigger: user=1434155763017846878; ch=1430... || Output: score=5; phrases=dm_if_interested; regex=\b(?:dm|pm|message|text)\s+m...
[11/03/2025 04:50:04.982 PM] Spam     || User: gee068356           || Channel: #events                              || decision=deleted; reason=rules
[11/03/2025 04:50:04.982 PM] Action   || Name: send_suppressed     || Trigger: ch=842975801934217276                || Output: Spam Message Detected User: @gee068356 (1434155763017846878) Message:...
[11/03/2025 04:50:04.998 PM] Delete   || User: gee068356           || Channel: #events                              || Content: @​everyone"Just upgraded! Giving away my old Canon camera. It's stil...
[11/03/2025 04:50:19.589 PM] Message  || User: yaeji               || Channel: #itty-bitty-kitty-commitee           || Content: open ai mentioned watermarking ai generated text that ai detectors c...
[11/03/2025 04:50:22.227 PM] React+   || User: kitadan             || Channel: #feeding-team                        || emoji=👍; msg="thank you thank you thank you a billion ..." by lemonelon_
[11/03/2025 04:51:09.442 PM] React+   || User: kitadan             || Channel: #pictures-of-the-cats                || emoji=❤️; msg="he flop" by emlenisgremlin
[11/03/2025 04:51:36.278 PM] Message  || User: austinbaustinb      || Channel: #itty-bitty-kitty-commitee           || Content: It’d be cool but wouldn’t work really
[11/03/2025 04:53:28.024 PM] Message  || User: austinbaustinb      || Channel: #itty-bitty-kitty-commitee           || Content: One option would be the “white text on white background” thing that ...
[11/03/2025 04:53:45.462 PM] Message  || User: austinbaustinb      || Channel: #itty-bitty-kitty-commitee           || Content: Not really a way to have a permanent hidden code in each AI output
[11/03/2025 04:54:31.190 PM] Message  || User: yaeji               || Channel: #itty-bitty-kitty-commitee           || Content: also people could just retype ai text
[11/03/2025 04:54:42.801 PM] Message  || User: austinbaustinb      || Channel: #itty-bitty-kitty-commitee           || Content: I know different cryptocurrencies (bitcoin included) have pass phras...
[11/03/2025 04:55:19.410 PM] Message  || User: adeyumii            || Channel: #report-new-cats                     || Content: A 4th rubber baby has hit the lot 50
[11/03/2025 04:55:19.725 PM] Action   || Name: image_intake        || Trigger: channel=639882573199441930           || Output: rows=1
[11/03/2025 04:55:24.659 PM] Message  || User: austinbaustinb      || Channel: #itty-bitty-kitty-commitee           || Content: That’s the first thing yes. Copy/pasting or directly implementation ...
[11/03/2025 04:56:03.800 PM] Message  || User: adeyumii            || Channel: #report-new-cats                     || Content: All of the babies still have blue eyes that are transitioning
[11/03/2025 04:56:08.893 PM] Message  || User: yaeji               || Channel: #itty-bitty-kitty-commitee           || Content: ai detectors are mostly terrible at their jobs too
[11/03/2025 04:56:41.789 PM] Message  || User: yaeji               || Channel: #itty-bitty-kitty-commitee           || Content: you can plug in some older literature and articles and it'd be marke...
[11/03/2025 04:57:03.742 PM] React+   || User: simplyshadow171295  || Channel: #report-new-cats                     || emoji=😭; msg="A 4th rubber baby has hit the lot 50" by adeyumii
[11/03/2025 04:57:33.289 PM] Message  || User: simplyshadow171295  || Channel: #report-new-cats                     || Content: i still need picture(s) of hound btw
[11/03/2025 04:58:02.416 PM] Message  || User: adeyumii            || Channel: #report-new-cats                     || Content: O don't have any good ones yet
[11/03/2025 04:58:46.813 PM] Message  || User: simplyshadow171295  || Channel: #report-new-cats                     || Content: sigh
[11/03/2025 04:58:52.884 PM] React+   || User: simplyshadow171295  || Channel: #pictures-of-the-cats                || emoji=‼️; msg="he flop" by emlenisgremlin
[11/03/2025 04:59:02.172 PM] React+   || User: simplyshadow171295  || Channel: #pictures-of-the-cats                || emoji=‼️; msg="also picked up angel" by emlenisgremlin
[11/03/2025 04:59:12.153 PM] Message  || User: slayc127            || Channel: #executive-board                     || Content: another injured kitty by center street (kazius doesnt know where thi...
[11/03/2025 04:59:37.220 PM] React+   || User: slayc127            || Channel: #report-new-cats                     || emoji=😭; msg="A 4th rubber baby has hit the lot 50" by adeyumii
[11/03/2025 05:00:50.267 PM] React+   || User: nostalgicsapphic    || Channel: #purrley-pawsitive-pussy-pals        || emoji=😆; msg="derek can reply to quad p but not to kaz..." by slayc127
[11/03/2025 05:00:50.826 PM] Message  || User: adeyumii            || Channel: #report-new-cats                     || Content: It's super pixelated but hold oj
[11/03/2025 05:00:53.033 PM] Edit     || User: adeyumii            || Channel: #report-new-cats                     || It's super pixelated but hold oj -> It's super pixelated but hold on
[11/03/2025 05:01:20.996 PM] Message  || User: adeyumii            || Channel: #pictures-of-the-cats                || Content: The one in front is hound @Atlas ᓚᘏᗢ
[11/03/2025 05:01:21.498 PM] Action   || Name: image_intake        || Trigger: channel=551084964318543904           || Output: rows=1
[11/03/2025 05:01:46.009 PM] React+   || User: simplyshadow171295  || Channel: #pictures-of-the-cats                || emoji=🎉; msg="The one in front is hound @Atlas ᓚᘏᗢ" by adeyumii
[11/03/2025 05:01:59.942 PM] Message  || User: kc.yt               || Channel: #pictures-of-the-cats                || Content: Hey it’s not on this video cuz I couldn’t get one, but there’s two o...
[11/03/2025 05:03:25.933 PM] Message  || User: slayc127            || Channel: #pictures-of-the-cats                || Content: hmmmmmmmmmm
[11/03/2025 05:03:26.623 PM] Message  || User: emlenisgremlin      || Channel: #pictures-of-the-cats                || Content: simba and uhhhhh
[11/03/2025 05:03:27.448 PM] Message  || User: coziidruid          || Channel: #executive-board                     || Content: is it on campus? do we know which cat? did they dm u or is it in the...
[11/03/2025 05:03:52.909 PM] Edit     || User: yaeji               || Channel: #itty-bitty-kitty-commitee           || you can plug in some older literature and articles and it'd be marked as ai -...
[11/03/2025 05:05:07.736 PM] Message  || User: kc.yt               || Channel: #pictures-of-the-cats                || Content: The second one was a lot more orange but ran off before I could get ...
[11/03/2025 05:05:31.356 PM] Message  || User: austinbaustinb      || Channel: #itty-bitty-kitty-commitee           || Content: I think worrying about your honest work being AI is a little silly. ...
[11/03/2025 05:05:49.141 PM] Message  || User: slayc127            || Channel: #pictures-of-the-cats                || Content: im unsure simba and their sibling have gotten this close to anyone i...
[11/03/2025 05:06:28.544 PM] Message  || User: slayc127            || Channel: #executive-board                     || Content: -they said across from the wells fargo on campus, idk where that is
...
[11/03/2025 05:06:31.379 PM] Message  || User: austinbaustinb      || Channel: #itty-bitty-kitty-commitee           || Content: Same reason why tomcat ID’s a lot of old photos with 100% accuracy. ...
[11/03/2025 05:06:38.071 PM] Message  || User: slayc127            || Channel: #executive-board                     || Content: they stopped replying as well so i suppose we will see
[11/03/2025 05:06:51.722 PM] Message  || User: nostalgicsapphic    || Channel: #executive-board                     || Content: wells fargo is over by vandy
[11/03/2025 05:07:18.303 PM] Message  || User: austinbaustinb      || Channel: #executive-board                     || Content: Northeast campus, kinda east of the bookstore. Center street is the ...
[11/03/2025 05:07:23.218 PM] Message  || User: yaeji               || Channel: #itty-bitty-kitty-commitee           || Content: (no text; attachments=1)
[11/03/2025 05:07:53.568 PM] Message  || User: kc.yt               || Channel: #pictures-of-the-cats                || Content: That makes sense the first one came up for a while then the second c...
[11/03/2025 05:08:58.828 PM] Message  || User: adeyumii            || Channel: #report-new-cats                     || Content: Also yes it's 4 kittens for sure. I've just seen all 4
[11/03/2025 05:11:02.205 PM] Message  || User: simplyshadow171295  || Channel: #pictures-of-the-cats                || Content: simba and timon
[11/03/2025 05:11:07.723 PM] Message  || User: adeyumii            || Channel: #report-new-cats                     || Content: This Gray tabby kitten is now Kamahalan
[11/03/2025 05:11:31.241 PM] Message  || User: simplyshadow171295  || Channel: #pictures-of-the-cats                || Content: she’s so
[11/03/2025 05:11:31.563 PM] Action   || Name: image_intake        || Trigger: channel=551084964318543904           || Output: rows=1
[11/03/2025 05:11:37.614 PM] React+   || User: simplyshadow171295  || Channel: #report-new-cats                     || emoji=👍; msg="This Gray tabby kitten is now Kamahalan" by adeyumii
[11/03/2025 05:11:45.174 PM] Message  || User: _costco_wholesale_  || Channel: #pictures-of-the-cats                || Content: (no text; attachments=1)
[11/03/2025 05:11:45.491 PM] Action   || Name: image_intake        || Trigger: channel=551084964318543904           || Output: rows=1
[11/03/2025 05:12:20.193 PM] React+   || User: slayc127            || Channel: #executive-board                     || emoji=❤️; msg="Northeast campus, kinda east of the book..." by austinbaustinb
[11/03/2025 05:14:29.394 PM] Message  || User: xhilarating         || Channel: #executive-board                     || Content: It’s bad bad?
[11/03/2025 05:14:37.071 PM] Message  || User: slayc127            || Channel: #executive-board                     || Content: nah, lemme grab the pic they sent
[11/03/2025 05:15:27.766 PM] Message  || User: adeyumii            || Channel: #pictures-of-the-cats                || Content: Rubber is surrounded by like 3 different litters of kittens Jesus ch...
[11/03/2025 05:15:39.426 PM] Message  || User: yaeji               || Channel: #yapper-committee                    || Content: i want to bathe in aloe drink
[11/03/2025 05:15:46.149 PM] Message  || User: slayc127            || Channel: #executive-board                     || Content: (no text; attachments=2)
[11/03/2025 05:16:12.113 PM] Message  || User: adeyumii            || Channel: #pictures-of-the-cats                || Content: She has 3 out of the 4 she birthed this semester (the 4th is running...
[11/03/2025 05:16:31.664 PM] Message  || User: adeyumii            || Channel: #pictures-of-the-cats                || Content: Mr stinky is also here. He just appeared at some point
[11/03/2025 05:16:43.098 PM] React+   || User: vasyline            || Channel: #report-new-cats                     || emoji=😭; msg="A 4th rubber baby has hit the lot 50" by adeyumii
[11/03/2025 05:16:58.876 PM] React+   || User: m_digio             || Channel: #pictures-of-the-cats                || emoji=❤️; msg="she’s so" by simplyshadow171295
[11/03/2025 05:17:08.517 PM] Message  || User: adeyumii            || Channel: #pictures-of-the-cats                || Content: And poor Vincent is digging under the leaves trying to find food
[11/03/2025 05:18:18.132 PM] Message  || User: xhilarating         || Channel: #executive-board                     || Content: THERES A 2nd
[11/03/2025 05:18:43.883 PM] Message  || User: adeyumii            || Channel: #pictures-of-the-cats                || Content: I'm listening to this fourth kitten cry under the shipping container...
[11/03/2025 05:20:08.231 PM] Message  || User: slayc127            || Channel: #executive-board                     || Content: i meant not bad as in not as bad as nefarious to clarify*
[11/03/2025 05:20:44.613 PM] Message  || User: m_digio             || Channel: #pictures-of-the-cats                || Content: (no text; attachments=1)
[11/03/2025 05:20:51.369 PM] Delete   || User: m_digio             || Channel: #pictures-of-the-cats                || Content: 
[11/03/2025 05:21:16.731 PM] Message  || User: m_digio             || Channel: #pictures-of-the-cats                || Content: (no text; attachments=1)
[11/03/2025 05:21:53.010 PM] Message  || User: slayc127            || Channel: #executive-board                     || Content: i only wanted to send it here because i know we don't really have th...
[11/03/2025 05:22:04.388 PM] React+   || User: lemonelon_          || Channel: #itty-bitty-kitty-commitee           || emoji=❤️; msg="because ai detectors r bullshit" by slayc127
[11/03/2025 05:22:07.817 PM] React+   || User: slayc127            || Channel: #pictures-of-the-cats                || emoji=😆; msg=1435046204173193216
[11/03/2025 05:22:08.202 PM] React+   || User: lemonelon_          || Channel: #itty-bitty-kitty-commitee           || emoji=❤️; msg="open ai mentioned watermarking ai genera..." by yaeji
[11/03/2025 05:22:15.712 PM] React+   || User: lemonelon_          || Channel: #itty-bitty-kitty-commitee           || emoji=❤️; msg="One option would be the “white text on w..." by austinbaustinb
[11/03/2025 05:22:18.405 PM] React+   || User: lemonelon_          || Channel: #itty-bitty-kitty-commitee           || emoji=❤️; msg="also people could just retype ai text" by yaeji
[11/03/2025 05:22:28.000 PM] React+   || User: lemonelon_          || Channel: #itty-bitty-kitty-commitee           || emoji=❤️; msg="you can plug in some older literature an..." by yaeji
[11/03/2025 05:22:34.378 PM] React+   || User: lemonelon_          || Channel: #itty-bitty-kitty-commitee           || emoji=❤️; msg="I think worrying about your honest work ..." by austinbaustinb
[11/03/2025 05:22:44.443 PM] React+   || User: lemonelon_          || Channel: #itty-bitty-kitty-commitee           || emoji=❤️; msg=1435042707440406720
[11/03/2025 05:25:15.108 PM] Message  || User: a1darek             || Channel: #executive-board                     || Content: It's not as bad but it's a very similar wound
[11/03/2025 05:25:30.176 PM] React+   || User: slayc127            || Channel: #executive-board                     || emoji=‼️; msg="It's not as bad but it's a very similar ..." by a1darek
[11/03/2025 05:25:43.396 PM] Message  || User: slayc127            || Channel: #yapper-committee                    || Content: 🕯kazius will not forget to bake cookies for the bake sale 🕯
[11/03/2025 05:32:26.065 PM] Message  || User: not_d3fault_1420    || Channel: #yapper-committee                    || Content: real (I never talk to my professors)
[11/03/2025 05:32:36.599 PM] React+   || User: simplyshadow171295  || Channel: #pictures-of-the-cats                || emoji=😆; msg=1435046204173193216
[11/03/2025 05:32:54.225 PM] React+   || User: _costco_wholesale_  || Channel: #pictures-of-the-cats                || emoji=😆; msg=1435046204173193216
[11/03/2025 05:32:57.929 PM] Message  || User: simplyshadow171295  || Channel: #pictures-of-the-cats                || Content: the three levels of idgaf
[11/03/2025 05:32:58.346 PM] Action   || Name: image_intake        || Trigger: channel=551084964318543904           || Output: rows=1
[11/03/2025 05:32:58.346 PM] Message  || User: _costco_wholesale_  || Channel: #pictures-of-the-cats                || Content: that’s what we do
[11/03/2025 05:33:10.902 PM] Message  || User: _costco_wholesale_  || Channel: #pictures-of-the-cats                || Content: stare at kids in the daycare center through their window
[11/03/2025 05:33:17.297 PM] Message  || User: simplyshadow171295  || Channel: #pictures-of-the-cats                || Content: (no text; attachments=2)
[11/03/2025 05:33:17.626 PM] Action   || Name: image_intake        || Trigger: channel=551084964318543904           || Output: rows=2
[11/03/2025 05:33:30.009 PM] Message  || User: simplyshadow171295  || Channel: #pictures-of-the-cats                || Content: (no text; attachments=3)
[11/03/2025 05:33:30.462 PM] Action   || Name: image_intake        || Trigger: channel=551084964318543904           || Output: rows=3
[11/03/2025 05:33:34.363 PM] Action   || Name: send_suppressed     || Trigger: ch=1341696618688286720               || Output: Gmail authorization needed. Open and approve, then reply: 'TomCat, au...
[11/03/2025 05:33:34.363 PM] Action   || Name: gmail_auth_url      || Trigger:                                      || Output: https://accounts.google.com/o/oauth2/auth?response_type=code&client_i...
[11/03/2025 05:33:34.363 PM] Action   || Name: gmail_log_scheduler || Trigger: auth                                 || Output: pending
[11/03/2025 05:35:10.504 PM] React+   || User: kitadan             || Channel: #itty-bitty-kitty-commitee           || emoji=❤️; msg="One option would be the “white text on w..." by austinbaustinb
[11/03/2025 05:35:31.519 PM] Message  || User: adeyumii            || Channel: #pictures-of-the-cats                || Content: she reminds me of a Minecraft villager
[11/03/2025 05:35:45.691 PM] React+   || User: kitadan             || Channel: #pictures-of-the-cats                || emoji=🎉; msg="The one in front is hound @Atlas ᓚᘏᗢ" by adeyumii
[11/03/2025 05:35:57.899 PM] React+   || User: not_d3fault_1420    || Channel: #itty-bitty-kitty-commitee           || emoji=❤️; msg="because ai detectors r bullshit" by slayc127
[11/03/2025 05:36:04.827 PM] Message  || User: adeyumii            || Channel: #pictures-of-the-cats                || Content: also minor lot 50 spam incoming
[11/03/2025 05:36:09.783 PM] Message  || User: simplyshadow171295  || Channel: #pictures-of-the-cats                || Content: her nose too bald smh
[11/03/2025 05:36:18.023 PM] React+   || User: slayc127            || Channel: #yapper-committee                    || emoji=😆; msg="real (I never talk to my professors)" by not_d3fault_1420
[11/03/2025 05:36:28.831 PM] Message  || User: adeyumii            || Channel: #pictures-of-the-cats                || Content: mr stinky
[11/03/2025 05:36:29.142 PM] Action   || Name: image_intake        || Trigger: channel=551084964318543904           || Output: rows=3
[11/03/2025 05:36:29.255 PM] Message  || User: simplyshadow171295  || Channel: #pictures-of-the-cats                || Content: i’m going to cry myself to sleep
[11/03/2025 05:36:39.872 PM] Message  || User: adeyumii            || Channel: #pictures-of-the-cats                || Content: bea
[11/03/2025 05:36:40.174 PM] Action   || Name: image_intake        || Trigger: channel=551084964318543904           || Output: rows=1
[11/03/2025 05:36:40.860 PM] Message  || User: adeyumii            || Channel: #pictures-of-the-cats                || Content: sowwy
[11/03/2025 05:36:52.409 PM] React+   || User: kitadan             || Channel: #pictures-of-the-cats                || emoji=😭; msg="the three levels of idgaf" by simplyshadow171295
[11/03/2025 05:36:59.860 PM] React+   || User: _costco_wholesale_  || Channel: #pictures-of-the-cats                || emoji=❤️; msg="i’m going to cry myself to sleep" by simplyshadow171295
[11/03/2025 05:37:10.464 PM] React+   || User: kitadan             || Channel: #pictures-of-the-cats                || emoji=🎉; msg="mr stinky" by adeyumii
[11/03/2025 05:37:24.457 PM] Message  || User: adeyumii            || Channel: #pictures-of-the-cats                || Content: Ariel and Vincent
[11/03/2025 05:37:24.769 PM] Action   || Name: image_intake        || Trigger: channel=551084964318543904           || Output: rows=5
[11/03/2025 05:37:25.747 PM] React+   || User: kitadan             || Channel: #report-new-cats                     || emoji=😭; msg="A 4th rubber baby has hit the lot 50" by adeyumii
[11/03/2025 05:38:06.659 PM] Message  || User: adeyumii            || Channel: #pictures-of-the-cats                || Content: Joji
[11/03/2025 05:38:06.997 PM] Action   || Name: image_intake        || Trigger: channel=551084964318543904           || Output: rows=1
[11/03/2025 05:39:49.147 PM] React+   || User: slayc127            || Channel: #pictures-of-the-cats                || emoji=🎉; msg="mr stinky" by adeyumii
[11/03/2025 05:39:52.743 PM] React+   || User: slayc127            || Channel: #pictures-of-the-cats                || emoji=❤️; msg="i’m going to cry myself to sleep" by simplyshadow171295
[11/03/2025 05:40:01.660 PM] Message  || User: slayc127            || Channel: #pictures-of-the-cats                || Content: so pwetty
[11/03/2025 05:41:38.811 PM] Message  || User: adeyumii            || Channel: #pictures-of-the-cats                || Content: Kamahalan (1st pic)
Rubber, Harpy (front most kitten), Hare (Gray ki...
[11/03/2025 05:41:39.121 PM] Action   || Name: image_intake        || Trigger: channel=551084964318543904           || Output: rows=6
[11/03/2025 05:42:26.785 PM] React+   || User: slayc127            || Channel: #pictures-of-the-cats                || emoji=‼️; msg="Kamahalan (1st pic)
Rubber, Harpy (front..." by adeyumii
[11/03/2025 05:42:52.476 PM] Message  || User: adeyumii            || Channel: #pictures-of-the-cats                || Content: ariel doing ariel things
[11/03/2025 05:42:52.991 PM] Action   || Name: image_intake        || Trigger: channel=551084964318543904           || Output: rows=3
[11/03/2025 05:44:01.811 PM] Action   || Name: send_suppressed     || Trigger: ch=1341696618688286720               || Output: Gmail authorization needed. Open and approve, then reply: 'TomCat, au...
[11/03/2025 05:44:01.811 PM] Action   || Name: gmail_auth_url      || Trigger:                                      || Output: https://accounts.google.com/o/oauth2/auth?response_type=code&client_i...
[11/03/2025 05:44:01.811 PM] Action   || Name: gmail_log_scheduler || Trigger: auth                                 || Output: pending
[11/03/2025 05:44:05.843 PM] Action   || Name: send_suppressed     || Trigger: ch=1341696618688286720               || Output: Gmail authorization needed. Open and approve, then reply: 'TomCat, au...
[11/03/2025 05:44:05.843 PM] Action   || Name: gmail_auth_url      || Trigger:                                      || Output: https://accounts.google.com/o/oauth2/auth?response_type=code&client_i...
[11/03/2025 05:44:05.843 PM] Action   || Name: gmail_log_scheduler || Trigger: auth                                 || Output: pending
[11/03/2025 05:44:19.728 PM] Message  || User: adeyumii            || Channel: #pictures-of-the-cats                || Content: Eden my love
[11/03/2025 05:44:20.192 PM] Action   || Name: image_intake        || Trigger: channel=551084964318543904           || Output: rows=3
[11/03/2025 05:45:00.649 PM] Message  || User: celeryiscelery      || Channel: #executive-board                     || Content: lots of cat fights going on i see. if the cat allows any touching i ...
[11/03/2025 05:45:03.496 PM] Message  || User: adeyumii            || Channel: #pictures-of-the-cats                || Content: ariel running to me the moment i started clicking my tongue for the ...
[11/03/2025 05:45:03.852 PM] Action   || Name: image_intake        || Trigger: channel=551084964318543904           || Output: rows=2
[11/03/2025 05:45:48.953 PM] React+   || User: slayc127            || Channel: #executive-board                     || emoji=❤️; msg="lots of cat fights going on i see. if th..." by celeryiscelery
[11/03/2025 05:46:02.734 PM] Message  || User: slayc127            || Channel: #executive-board                     || Content: tysm cel! wanted to double check
[11/03/2025 05:46:05.638 PM] Message  || User: _costco_wholesale_  || Channel: #pictures-of-the-cats                || Content: that’s a lot of eyeliner
[11/03/2025 05:46:31.666 PM] React+   || User: coziidruid          || Channel: #executive-board                     || emoji=‼️; msg="It's not as bad but it's a very similar ..." by a1darek
[11/03/2025 05:46:58.474 PM] Message  || User: celeryiscelery      || Channel: #executive-board                     || Content: yes ofc. i’m sorry for my slow responses, this week is so busy already
[11/03/2025 05:47:18.129 PM] Message  || User: adeyumii            || Channel: #pictures-of-the-cats                || Content: coba cats + eggs chasing jenny lol
[11/03/2025 05:47:18.416 PM] Action   || Name: image_intake        || Trigger: channel=551084964318543904           || Output: rows=10
[11/03/2025 05:47:35.140 PM] Message  || User: slayc127            || Channel: #executive-board                     || Content: no worries, same here. very very bad time for kitties to be causing ...
[11/03/2025 05:48:08.396 PM] Message  || User: coziidruid          || Channel: #executive-board                     || Content: no fr cant they wait until after finals?
[11/03/2025 05:48:19.346 PM] React+   || User: slayc127            || Channel: #executive-board                     || emoji=‼️; msg="no fr cant they wait until after finals?" by coziidruid
[11/03/2025 05:48:21.431 PM] Message  || User: slayc127            || Channel: #executive-board                     || Content: literally
[11/03/2025 05:48:33.865 PM] Message  || User: slayc127            || Channel: #executive-board                     || Content: we can circle back mid december
[11/03/2025 05:48:45.687 PM] React+   || User: slayc127            || Channel: #pictures-of-the-cats                || emoji=😆; msg="coba cats + eggs chasing jenny lol" by adeyumii
[11/03/2025 05:48:46.924 PM] React+   || User: slayc127            || Channel: #pictures-of-the-cats                || emoji=‼️; msg="coba cats + eggs chasing jenny lol" by adeyumii
[11/03/2025 05:48:47.179 PM] React+   || User: _costco_wholesale_  || Channel: #pictures-of-the-cats                || emoji=❤️; msg="coba cats + eggs chasing jenny lol" by adeyumii
[11/03/2025 05:48:48.142 PM] React+   || User: _costco_wholesale_  || Channel: #pictures-of-the-cats                || emoji=😆; msg="coba cats + eggs chasing jenny lol" by adeyumii
[11/03/2025 05:48:54.296 PM] Message  || User: _costco_wholesale_  || Channel: #pictures-of-the-cats                || Content: rip jenny
[11/03/2025 05:49:01.313 PM] Message  || User: _costco_wholesale_  || Channel: #pictures-of-the-cats                || Content: (no text; attachments=1)
[11/03/2025 05:49:01.632 PM] Action   || Name: image_intake        || Trigger: channel=551084964318543904           || Output: rows=1
[11/03/2025 05:49:10.676 PM] Message  || User: adeyumii            || Channel: #pictures-of-the-cats                || Content: eggs literally chased her to the parking lot. and then the hulking b...
[11/03/2025 05:49:30.139 PM] React+   || User: _costco_wholesale_  || Channel: #pictures-of-the-cats                || emoji=😭; msg="eggs literally chased her to the parking..." by adeyumii
[11/03/2025 05:49:39.980 PM] React+   || User: slayc127            || Channel: #pictures-of-the-cats                || emoji=😭; msg="eggs literally chased her to the parking..." by adeyumii
[11/03/2025 05:49:49.441 PM] Message  || User: slayc127            || Channel: #pictures-of-the-cats                || Content: miranda strike 638283738288282
[11/03/2025 05:49:51.631 PM] Message  || User: adeyumii            || Channel: #pictures-of-the-cats                || Content: ive never seen eggs move so fast. she moves slower when cars are dri...
[11/03/2025 05:50:04.224 PM] React+   || User: slayc127            || Channel: #pictures-of-the-cats                || emoji=😭; msg="ive never seen eggs move so fast. she mo..." by adeyumii
[11/03/2025 05:50:07.492 PM] React+   || User: _costco_wholesale_  || Channel: #pictures-of-the-cats                || emoji=😭; msg="ive never seen eggs move so fast. she mo..." by adeyumii
[11/03/2025 05:51:25.668 PM] Action   || Name: send_suppressed     || Trigger: ch=1341696618688286720               || Output: Gmail authorization needed. Open and approve, then reply: 'TomCat, au...
[11/03/2025 05:51:25.671 PM] Action   || Name: gmail_auth_url      || Trigger:                                      || Output: https://accounts.google.com/o/oauth2/auth?response_type=code&client_i...
[11/03/2025 05:51:25.671 PM] Action   || Name: gmail_log_scheduler || Trigger: auth                                 || Output: pending
[11/03/2025 05:52:50.503 PM] Message  || User: m_digio             || Channel: #yapper-committee                    || Content: @Atlas ᓚᘏᗢ
[11/03/2025 05:53:05.682 PM] Message  || User: m_digio             || Channel: #yapper-committee                    || Content: It's harder than I thought it would be to take a photo
[11/03/2025 05:53:27.270 PM] React+   || User: void_now            || Channel: #pictures-of-the-cats                || emoji=😭; msg="eggs literally chased her to the parking..." by adeyumii
[11/03/2025 05:54:04.004 PM] Message  || User: adeyumii            || Channel: #yapper-committee                    || Content: who ????
[11/03/2025 05:56:49.665 PM] Message  || User: coziidruid          || Channel: #executive-board                     || Content: okay so- hes getting trapped tonight, hes going with marco tomorrow,...
[11/03/2025 05:57:18.984 PM] Message  || User: celeryiscelery      || Channel: #executive-board                     || Content: he’s going to an emergency vet tonight if i’m not mistaken. derek wi...
[11/03/2025 05:57:31.833 PM] React+   || User: coziidruid          || Channel: #executive-board                     || emoji=👍; msg="he’s going to an emergency vet tonight i..." by celeryiscelery
[11/03/2025 05:57:44.385 PM] Message  || User: coziidruid          || Channel: #executive-board                     || Content: cool cool just wanted to make sure everything was planned out
[11/03/2025 05:57:53.864 PM] React+   || User: celeryiscelery      || Channel: #executive-board                     || emoji=<:gaga:1413361490634870969>; msg="cool cool just wanted to make sure ev...
[11/03/2025 05:57:55.867 PM] React+   || User: celeryiscelery      || Channel: #executive-board                     || emoji=<:evilook:933102011124187166>; msg="cool cool just wanted to make sure ...
[11/03/2025 05:58:06.877 PM] React+   || User: coziidruid          || Channel: #report-new-cats                     || emoji=😭; msg="A 4th rubber baby has hit the lot 50" by adeyumii
[11/03/2025 05:58:21.784 PM] Message  || User: m_digio             || Channel: #yapper-committee                    || Content: Theres three
[11/03/2025 05:58:41.958 PM] Message  || User: celeryiscelery      || Channel: #executive-board                     || Content: apologizing in advance for the big ass chunk of funds this cat is ab...
[11/03/2025 05:58:44.006 PM] React+   || User: not_d3fault_1420    || Channel: #pictures-of-the-cats                || emoji=😭; msg="eggs literally chased her to the parking..." by adeyumii
[11/03/2025 05:59:19.947 PM] Message  || User: not_d3fault_1420    || Channel: #pictures-of-the-cats                || Content: the airplane ears omg
[11/03/2025 05:59:35.765 PM] Message  || User: adeyumii            || Channel: #pictures-of-the-cats                || Content: twix default state is airplane
[11/03/2025 06:01:18.649 PM] Message  || User: not_d3fault_1420    || Channel: #pictures-of-the-cats                || Content: high quality mike pics
[11/03/2025 06:01:19.099 PM] Action   || Name: image_intake        || Trigger: channel=551084964318543904           || Output: rows=2
[11/03/2025 06:01:57.468 PM] Message  || User: not_d3fault_1420    || Channel: #pictures-of-the-cats                || Content: (no text; attachments=1)
[11/03/2025 06:01:57.775 PM] Action   || Name: image_intake        || Trigger: channel=551084964318543904           || Output: rows=1
[11/03/2025 06:03:15.883 PM] Message  || User: not_d3fault_1420    || Channel: #pictures-of-the-cats                || Content: (no text; attachments=1)
[11/03/2025 06:03:16.298 PM] Action   || Name: image_intake        || Trigger: channel=551084964318543904           || Output: rows=1
[11/03/2025 06:05:02.685 PM] React+   || User: m_digio             || Channel: #pictures-of-the-cats                || emoji=❤️; msg="high quality mike pics" by not_d3fault_1420
[11/03/2025 06:05:10.705 PM] Message  || User: simplyshadow171295  || Channel: #yapper-committee                    || Content: lmao that’s my friend
[11/03/2025 06:05:21.715 PM] Message  || User: simplyshadow171295  || Channel: #yapper-committee                    || Content: @AJ
[11/03/2025 06:05:53.026 PM] React+   || User: _costco_wholesale_  || Channel: #pictures-of-the-cats                || emoji=❤️; msg="high quality mike pics" by not_d3fault_1420
[11/03/2025 06:07:01.249 PM] Message  || User: simplyshadow171295  || Channel: #pictures-of-the-cats                || Content: she got thirsty
[11/03/2025 06:07:01.574 PM] Action   || Name: image_intake        || Trigger: channel=551084964318543904           || Output: rows=1
[11/03/2025 06:07:17.190 PM] Message  || User: criticalunsafe      || Channel: #yapper-committee                    || Content: <:yeehaw:1273701295231860817>
[11/03/2025 06:09:07.800 PM] Message  || User: m_digio             || Channel: #yapper-committee                    || Content: the car behind me was getting mad that i was trying to get a photo s...
[11/03/2025 06:12:56.630 PM] Message  || User: a1darek             || Channel: #executive-board                     || Content: nefarious shaped lump in out funds
[11/03/2025 06:13:07.141 PM] Edit     || User: a1darek             || Channel: #executive-board                     || nefarious shaped lump in out funds -> nefarious shaped lump in our funds
[11/03/2025 06:13:13.035 PM] Message  || User: .bettercalljack     || Channel: #yapper-committee                    || Content: I hate daylight savings
[11/03/2025 06:13:17.503 PM] Message  || User: .bettercalljack     || Channel: #yapper-committee                    || Content: Why is it dark i want my sun
[11/03/2025 06:13:51.555 PM] Action   || Name: send_suppressed     || Trigger: ch=1341696618688286720               || Output: Gmail authorization needed. Open and approve, then reply: 'TomCat, au...
[11/03/2025 06:13:51.555 PM] Action   || Name: gmail_auth_url      || Trigger:                                      || Output: https://accounts.google.com/o/oauth2/auth?response_type=code&client_i...
[11/03/2025 06:13:51.571 PM] Action   || Name: gmail_log_scheduler || Trigger: auth                                 || Output: pending
[11/03/2025 06:15:30.152 PM] Message  || User: m_digio             || Channel: #feeding-team                        || Content: @feeding team Its getting darker earlier in the day so feed before t...
[11/03/2025 06:18:30.418 PM] Message  || User: slayc127            || Channel: #yapper-committee                    || Content: false
[11/03/2025 06:18:33.595 PM] Message  || User: slayc127            || Channel: #yapper-committee                    || Content: #loveeet
[11/03/2025 06:18:36.977 PM] React+   || User: slayc127            || Channel: #pictures-of-the-cats                || emoji=❤️; msg="high quality mike pics" by not_d3fault_1420
[11/03/2025 06:19:56.012 PM] React+   || User: _costco_wholesale_  || Channel: #feeding-team                        || emoji=❤️; msg="@feeding team Its getting darker earlier..." by m_digio
[11/03/2025 06:20:00.273 PM] React+   || User: hatshura            || Channel: #feeding-team                        || emoji=❤️; msg="@feeding team Its getting darker earlier..." by m_digio
[11/03/2025 06:20:07.977 PM] Message  || User: hatshura            || Channel: #feeding-team                        || Content: *mobs are spawning*
[11/03/2025 06:20:57.745 PM] Action   || Name: send_suppressed     || Trigger: ch=1341696618688286720               || Output: Gmail authorization needed. Open and approve, then reply: 'TomCat, au...
[11/03/2025 06:20:57.745 PM] Action   || Name: gmail_auth_url      || Trigger:                                      || Output: https://accounts.google.com/o/oauth2/auth?response_type=code&client_i...
[11/03/2025 06:20:57.745 PM] Action   || Name: gmail_log_scheduler || Trigger: auth                                 || Output: pending
[11/03/2025 06:21:01.749 PM] Action   || Name: send_suppressed     || Trigger: ch=1341696618688286720               || Output: Gmail authorization needed. Open and approve, then reply: 'TomCat, au...
[11/03/2025 06:21:01.749 PM] Action   || Name: gmail_auth_url      || Trigger:                                      || Output: https://accounts.google.com/o/oauth2/auth?response_type=code&client_i...
[11/03/2025 06:21:01.749 PM] Action   || Name: gmail_log_scheduler || Trigger: auth                                 || Output: pending
[11/03/2025 06:21:22.976 PM] Message  || User: simplyshadow171295  || Channel: #feeding-team                        || Content: …
[11/03/2025 06:21:24.110 PM] Message  || User: emiximez            || Channel: #feeding-team                        || Content: https://tenor.com/view/komaru-singno2-shulker-minecraft-cat-gif-4222...
[11/03/2025 06:21:24.368 PM] Edit     || User: emiximez            || Channel: #feeding-team                        || https://tenor.com/view/komaru-singno2-shulker-minecraft-cat-gif-4222528488600...
[11/03/2025 06:21:39.448 PM] Message  || User: simplyshadow171295  || Channel: #feeding-team                        || Content: mike fed
[11/03/2025 06:21:39.463 PM] Intent   || feed_update               ||                                               || station=Microwave; dates=['2025-11-03']
[11/03/2025 06:21:41.594 PM] Action   || Name: sheet_mark          || Trigger: station=Microwave date=2025-11-03    || Output: ok
[11/03/2025 06:21:41.596 PM] Action   || Name: feed_update         || Trigger: station=Microwave; dates=2025-11-03  || Output: ok
[11/03/2025 06:22:08.279 PM] Action   || Name: send_suppressed     || Trigger: ch=1341696618688286720               || Output: Gmail authorization needed. Open and approve, then reply: 'TomCat, au...
[11/03/2025 06:22:08.279 PM] Action   || Name: gmail_auth_url      || Trigger:                                      || Output: https://accounts.google.com/o/oauth2/auth?response_type=code&client_i...
[11/03/2025 06:22:08.279 PM] Action   || Name: gmail_log_scheduler || Trigger: auth                                 || Output: pending
[11/03/2025 06:22:08.797 PM] React+   || User: m_digio             || Channel: #feeding-team                        || emoji=❤️; msg="https://tenor.com/view/komaru-singno2-sh..." by emiximez
[11/03/2025 06:22:11.496 PM] React+   || User: m_digio             || Channel: #feeding-team                        || emoji=‼️; msg="mike fed" by simplyshadow171295
[11/03/2025 06:22:28.090 PM] Message  || User: _costco_wholesale_  || Channel: #pictures-of-the-cats                || Content: (no text; attachments=3)
[11/03/2025 06:22:28.533 PM] Action   || Name: image_intake        || Trigger: channel=551084964318543904           || Output: rows=3
[11/03/2025 06:22:37.112 PM] React+   || User: m_digio             || Channel: #pictures-of-the-cats                || emoji=❤️; msg=1435061602176073830
[11/03/2025 06:22:54.104 PM] Message  || User: racerdg             || Channel: #feeding-team                        || Content: can someone cover snickers?
[11/03/2025 06:22:54.104 PM] Intent   || sub_request               ||                                               || station=Snickers
[11/03/2025 06:22:54.167 PM] Action   || Name: sub_request         || Trigger: station=Snickers; dates=2025-11-03   || Output: status=logged; trigger=can someone; text=can someone cover snickers?
[11/03/2025 06:23:19.456 PM] Message  || User: simplyshadow171295  || Channel: #feeding-team                        || Content: also whoever fed last did not lock the container
[11/03/2025 06:23:19.464 PM] Intent   || feed_update               ||                                               || station=Greens; dates=['2025-11-03']
[11/03/2025 06:23:20.221 PM] Action   || Name: sheet_mark          || Trigger: station=Greens date=2025-11-03       || Output: ok
[11/03/2025 06:23:20.221 PM] Action   || Name: feed_update         || Trigger: station=Greens; dates=2025-11-03     || Output: ok
[11/03/2025 06:24:19.420 PM] React+   || User: simplyshadow171295  || Channel: #pictures-of-the-cats                || emoji=❤️; msg=1435061602176073830
[11/03/2025 06:28:48.044 PM] Action   || Name: send_suppressed     || Trigger: ch=1341696618688286720               || Output: Gmail authorization needed. Open and approve, then reply: 'TomCat, au...
[11/03/2025 06:28:48.044 PM] Action   || Name: gmail_auth_url      || Trigger:                                      || Output: https://accounts.google.com/o/oauth2/auth?response_type=code&client_i...
[11/03/2025 06:28:48.044 PM] Action   || Name: gmail_log_scheduler || Trigger: auth                                 || Output: pending
[11/03/2025 06:31:26.086 PM] React+   || User: jenminycricket      || Channel: #pictures-of-the-cats                || emoji=❤️; msg=1435061602176073830
[11/03/2025 06:31:29.588 PM] React+   || User: jenminycricket      || Channel: #pictures-of-the-cats                || emoji=<:ree:813284570161086465>; msg=1435061602176073830
[11/03/2025 06:34:05.117 PM] Action   || Name: send_suppressed     || Trigger: ch=1341696618688286720               || Output: Gmail authorization needed. Open and approve, then reply: 'TomCat, au...
[11/03/2025 06:34:05.117 PM] Action   || Name: gmail_auth_url      || Trigger:                                      || Output: https://accounts.google.com/o/oauth2/auth?response_type=code&client_i...
[11/03/2025 06:34:05.117 PM] Action   || Name: gmail_log_scheduler || Trigger: auth                                 || Output: pending
[11/03/2025 06:35:46.503 PM] React+   || User: vasyline            || Channel: #feeding-team                        || emoji=❤️; msg="https://tenor.com/view/komaru-singno2-sh..." by emiximez
[11/03/2025 06:38:55.853 PM] Message  || User: a1darek             || Channel: #purrley-pawsitive-pussy-pals        || Content: idk how many naps ive been running off but it cant be healthy
[11/03/2025 06:40:27.426 PM] Message  || User: kcreepertux04       || Channel: #yapper-committee                    || Content: nothing like a lovely covid test swap to the brain to wake you up
[11/03/2025 06:40:39.665 PM] React+   || User: simplyshadow171295  || Channel: #yapper-committee                    || emoji=‼️; msg="nothing like a lovely covid test swap to..." by kcreepertux04
[11/03/2025 06:40:40.491 PM] Message  || User: yaeji               || Channel: #yapper-committee                    || Content: the urge to deploy persistence malware on this scam call center so t...
[11/03/2025 06:41:18.064 PM] Message  || User: yaeji               || Channel: #yapper-committee                    || Content: ack
[11/03/2025 06:42:59.289 PM] React+   || User: slayc127            || Channel: #yapper-committee                    || emoji=‼️; msg="nothing like a lovely covid test swap to..." by kcreepertux04
[11/03/2025 06:47:34.704 PM] React+   || User: abstractly_         || Channel: #feeding-team                        || emoji=❤️; msg="https://tenor.com/view/komaru-singno2-sh..." by emiximez
[11/03/2025 06:48:24.932 PM] Message  || User: otirain_butdiscorb  || Channel: #itty-bitty-kitty-commitee           || Content: Anyone know a cat that hangs out in west garage?
[11/03/2025 06:48:49.441 PM] Message  || User: otirain_butdiscorb  || Channel: #itty-bitty-kitty-commitee           || Content: I didn’t get a good view but it was on the grayer side
[11/03/2025 06:49:01.580 PM] Message  || User: slayc127            || Channel: #announcements                       || Content: @​everyone hope we had a good weekend, **tomorrow from 11am to 2pm w...
[11/03/2025 06:49:01.644 PM] Intent   || feed_update               ||                                               || station=HOP; dates=['2025-11-04']
[11/03/2025 06:49:01.644 PM] Action   || Name: feed_update_ignored || Trigger: station=HOP                          || Output: channel_blocked:551083506739183621
[11/03/2025 06:49:01.660 PM] Action   || Name: feed_update_ignored || Trigger: station=West Hall                    || Output: channel_blocked:551083506739183621
[11/03/2025 06:49:05.290 PM] Edit     || User: slayc127            || Channel: #announcements                       || @​everyone hope we had a good weekend, **tomorrow from 11am to 2pm we have ou...
[11/03/2025 06:49:05.964 PM] Message  || User: simplyshadow171295  || Channel: #itty-bitty-kitty-commitee           || Content: spongebop perhaps
[11/03/2025 06:49:11.558 PM] Message  || User: simplyshadow171295  || Channel: #itty-bitty-kitty-commitee           || Content: tortie in the area
[11/03/2025 06:49:17.801 PM] React+   || User: kc.yt               || Channel: #pictures-of-the-cats                || emoji=❤️; msg=1435061602176073830
[11/03/2025 06:49:23.162 PM] Message  || User: otirain_butdiscorb  || Channel: #itty-bitty-kitty-commitee           || Content: Noted tysm! <:catthumbsup:931115163317329920>
[11/03/2025 06:49:27.775 PM] React+   || User: simplyshadow171295  || Channel: #announcements                       || emoji=<:balloonboi:933099871257382983>; msg="@​everyone hope we had a good we...
[11/03/2025 06:49:39.856 PM] React+   || User: simplyshadow171295  || Channel: #itty-bitty-kitty-commitee           || emoji=💖; msg="Noted tysm! <:catthumbsup:93111516331732..." by otirain_butdiscorb
[11/03/2025 06:50:41.612 PM] React+   || User: yaeji               || Channel: #announcements                       || emoji=<:balloonboi:933099871257382983>; msg="@​everyone hope we had a good we...
[11/03/2025 06:50:44.356 PM] React+   || User: slayc127            || Channel: #purrley-pawsitive-pussy-pals        || emoji=😭; msg="idk how many naps ive been running off b..." by a1darek
[11/03/2025 06:51:02.585 PM] React+   || User: insanitycorp        || Channel: #pictures-of-the-cats                || emoji=😭; msg="the three levels of idgaf" by simplyshadow171295
[11/03/2025 06:51:07.050 PM] React+   || User: insanitycorp        || Channel: #pictures-of-the-cats                || emoji=🎉; msg="mr stinky" by adeyumii
[11/03/2025 06:51:13.592 PM] React+   || User: abstractly_         || Channel: #announcements                       || emoji=<:balloonboi:933099871257382983>; msg="@​everyone hope we had a good we...
[11/03/2025 06:51:19.421 PM] React+   || User: petrichor           || Channel: #announcements                       || emoji=<:balloonboi:933099871257382983>; msg="@​everyone hope we had a good we...
[11/03/2025 06:51:34.680 PM] React+   || User: insanitycorp        || Channel: #pictures-of-the-cats                || emoji=❤️; msg="coba cats + eggs chasing jenny lol" by adeyumii
[11/03/2025 06:51:44.604 PM] React+   || User: insanitycorp        || Channel: #pictures-of-the-cats                || emoji=❤️; msg="high quality mike pics" by not_d3fault_1420
[11/03/2025 06:51:49.778 PM] React+   || User: insanitycorp        || Channel: #pictures-of-the-cats                || emoji=<:ree:813284570161086465>; msg=1435061602176073830
[11/03/2025 06:52:34.956 PM] React+   || User: insanitycorp        || Channel: #pet-pictures                        || emoji=🐙; msg="you should force them to send photos as ..." by cici4f3
[11/03/2025 06:52:38.228 PM] React+   || User: insanitycorp        || Channel: #pet-pictures                        || emoji=‼️; msg="bweeeeh" by petrichor
[11/03/2025 06:53:23.634 PM] React+   || User: gupguppy            || Channel: #announcements                       || emoji=<:balloonboi:933099871257382983>; msg="@​everyone hope we had a good we...
[11/03/2025 06:53:41.437 PM] React+   || User: bixzu               || Channel: #announcements                       || emoji=<:balloonboi:933099871257382983>; msg="@​everyone hope we had a good we...
[11/03/2025 06:58:29.292 PM] React+   || User: kitadan             || Channel: #feeding-team                        || emoji=❤️; msg="@feeding team Its getting darker earlier..." by m_digio
[11/03/2025 06:58:33.319 PM] React+   || User: kitadan             || Channel: #feeding-team                        || emoji=❤️; msg="https://tenor.com/view/komaru-singno2-sh..." by emiximez
[11/03/2025 06:58:38.320 PM] React+   || User: kitadan             || Channel: #feeding-team                        || emoji=‼️; msg="mike fed" by simplyshadow171295
[11/03/2025 06:59:31.134 PM] React+   || User: not_d3fault_1420    || Channel: #pictures-of-the-cats                || emoji=<:ree:813284570161086465>; msg=1435061602176073830
[11/03/2025 07:01:14.501 PM] React+   || User: gupguppy            || Channel: #yapper-committee                    || emoji=‼️; msg="nothing like a lovely covid test swap to..." by kcreepertux04
[11/03/2025 07:01:30.865 PM] Message  || User: kcreepertux04       || Channel: #yapper-committee                    || Content: test came back negeative, i am simply ill
[11/03/2025 07:01:31.431 PM] Leave    || User: cailyn.wright (3... || Guild: Campus Cat Coalition                  
[11/03/2025 07:03:21.347 PM] Action   || Name: send_suppressed     || Trigger: ch=1341696618688286720               || Output: Gmail authorization needed. Open and approve, then reply: 'TomCat, au...
[11/03/2025 07:03:21.347 PM] Action   || Name: gmail_auth_url      || Trigger:                                      || Output: https://accounts.google.com/o/oauth2/auth?response_type=code&client_i...
[11/03/2025 07:03:21.347 PM] Action   || Name: gmail_log_scheduler || Trigger: auth                                 || Output: pending
[11/03/2025 07:03:26.952 PM] React+   || User: bubblebee5866       || Channel: #pictures-of-the-cats                || emoji=❤️; msg="coba cats + eggs chasing jenny lol" by adeyumii
[11/03/2025 07:03:54.062 PM] React+   || User: hatshura            || Channel: #pictures-of-the-cats                || emoji=<:ree:813284570161086465>; msg=1435061602176073830
[11/03/2025 07:06:27.609 PM] Action   || Name: send_suppressed     || Trigger: ch=1341696618688286720               || Output: Gmail authorization needed. Open and approve, then reply: 'TomCat, au...
[11/03/2025 07:06:27.609 PM] Action   || Name: gmail_auth_url      || Trigger:                                      || Output: https://accounts.google.com/o/oauth2/auth?response_type=code&client_i...
[11/03/2025 07:06:27.609 PM] Action   || Name: gmail_log_scheduler || Trigger: auth                                 || Output: pending
[11/03/2025 07:06:31.141 PM] Action   || Name: send_suppressed     || Trigger: ch=1341696618688286720               || Output: Gmail authorization needed. Open and approve, then reply: 'TomCat, au...
[11/03/2025 07:06:31.141 PM] Action   || Name: gmail_auth_url      || Trigger:                                      || Output: https://accounts.google.com/o/oauth2/auth?response_type=code&client_i...
[11/03/2025 07:06:31.141 PM] Action   || Name: gmail_log_scheduler || Trigger: auth                                 || Output: pending
[11/03/2025 07:09:39.773 PM] React+   || User: izzyballz           || Channel: #yapper-committee                    || emoji=👎; msg="#loveeet" by slayc127
[11/03/2025 07:12:59.899 PM] React+   || User: kitadan             || Channel: #pictures-of-the-cats                || emoji=😭; msg="eggs literally chased her to the parking..." by adeyumii
[11/03/2025 07:13:06.209 PM] React+   || User: _costco_wholesale_  || Channel: #announcements                       || emoji=<:balloonboi:933099871257382983>; msg="@​everyone hope we had a good we...
[11/03/2025 07:17:50.972 PM] Message  || User: slayc127            || Channel: #executive-board                     || Content: @Jacob [Fundraising Officer] i forgot i have a makeup midterm tomorr...
[11/03/2025 07:18:02.305 PM] Message  || User: _rambone_           || Channel: #executive-board                     || Content: Uh
[11/03/2025 07:18:10.472 PM] Message  || User: _rambone_           || Channel: #executive-board                     || Content: Great question
[11/03/2025 07:18:23.272 PM] Message  || User: slayc127            || Channel: #executive-board                     || Content: lol, i likely will be done by 1030 but just in case
[11/03/2025 07:19:38.866 PM] Message  || User: slayc127            || Channel: #executive-board                     || Content: im ngl since i have megans cart i should be able to get everything o...
[11/03/2025 07:19:42.131 PM] Message  || User: _rambone_           || Channel: #executive-board                     || Content: When do you usually leave for class
[11/03/2025 07:20:18.344 PM] Message  || User: slayc127            || Channel: #executive-board                     || Content: i will be leaving around 930 tomorrow probably
[11/03/2025 07:20:35.455 PM] Message  || User: m_digio             || Channel: #executive-board                     || Content: I have a class ending at 10:50 so ill be heading over after
[11/03/2025 07:20:47.264 PM] React+   || User: slayc127            || Channel: #executive-board                     || emoji=👍; msg="I have a class ending at 10:50 so ill be..." by m_digio
[11/03/2025 07:21:25.095 PM] Message  || User: slayc127            || Channel: #executive-board                     || Content: no stress. ill be done latest 1050 but i usually finish these exams ...
[11/03/2025 07:22:46.735 PM] Message  || User: bixzu               || Channel: #pictures-of-the-cats                || Content: Having a snack
[11/03/2025 07:22:47.347 PM] Action   || Name: image_intake        || Trigger: channel=551084964318543904           || Output: rows=1
[11/03/2025 07:23:03.294 PM] React+   || User: bixzu               || Channel: #pictures-of-the-cats                || emoji=<:ree:813284570161086465>; msg=1435061602176073830
[11/03/2025 07:23:42.361 PM] React+   || User: bixzu               || Channel: #bot-spam                            || emoji=🐙; msg="🟩⬛️⬛️⬛️🟨
🟩⬛️🟩⬛️⬛️
🟩⬛️🟩⬛️⬛️
🟩⬛️🟩⬛️🟩
🟩⬛️🟩⬛..." by simplyshadow171295
[11/03/2025 07:23:45.048 PM] React+   || User: bixzu               || Channel: #bot-spam                            || emoji=😆; msg="bro." by mochenoch
[11/03/2025 07:24:25.831 PM] Message  || User: _rambone_           || Channel: #executive-board                     || Content: I can try and get there at 9:30
[11/03/2025 07:24:35.401 PM] Message  || User: _rambone_           || Channel: #executive-board                     || Content: I think that's when I got there last time
[11/03/2025 07:26:17.582 PM] Message  || User: bixzu               || Channel: #pictures-of-the-cats                || Content: (no text; attachments=1)
[11/03/2025 07:26:18.315 PM] Action   || Name: image_intake        || Trigger: channel=551084964318543904           || Output: rows=1
[11/03/2025 07:27:40.135 PM] Message  || User: bixzu               || Channel: #pictures-of-the-cats                || Content: He seems on edge tn
[11/03/2025 07:30:06.636 PM] Action   || Name: send_suppressed     || Trigger: ch=1341696618688286720               || Output: Gmail authorization needed. Open and approve, then reply: 'TomCat, au...
[11/03/2025 07:30:06.651 PM] Action   || Name: gmail_auth_url      || Trigger:                                      || Output: https://accounts.google.com/o/oauth2/auth?response_type=code&client_i...
[11/03/2025 07:30:06.651 PM] Action   || Name: gmail_log_scheduler || Trigger: auth                                 || Output: pending
[11/03/2025 07:32:01.162 PM] Message  || User: simplyshadow171295  || Channel: #pictures-of-the-cats                || Content: dia de los muertos celebration is pretty loud
[11/03/2025 07:39:32.641 PM] React+   || User: .bettercalljack     || Channel: #feeding-team                        || emoji=❤️; msg="https://tenor.com/view/komaru-singno2-sh..." by emiximez
[11/03/2025 07:39:34.406 PM] React+   || User: .bettercalljack     || Channel: #feeding-team                        || emoji=‼️; msg="mike fed" by simplyshadow171295
[11/03/2025 07:42:35.988 PM] React+   || User: not_d3fault_1420    || Channel: #announcements                       || emoji=<:balloonboi:933099871257382983>; msg="@​everyone hope we had a good we...
[11/03/2025 07:44:38.184 PM] React+   || User: not_d3fault_1420    || Channel: #feeding-team                        || emoji=‼️; msg="mike fed" by simplyshadow171295
[11/03/2025 07:47:28.566 PM] React+   || User: gee068356           || Channel: #announcements                       || emoji=👍; msg="@​everyone hope we had a good weekend, *..." by slayc127
[11/03/2025 07:47:38.870 PM] Message  || User: slayc127            || Channel: #executive-board                     || Content: heard! just lmk, no problem regardless
[11/03/2025 07:48:58.170 PM] Message  || User: slayc127            || Channel: #purrley-pawsitive-pussy-pals        || Content: apparently all i needed to do to lock in was uninstall discord and h...
[11/03/2025 07:49:05.912 PM] Message  || User: slayc127            || Channel: #purrley-pawsitive-pussy-pals        || Content: actually embarassing how weak willed i am
[11/03/2025 07:52:16.541 PM] Action   || Name: send_suppressed     || Trigger: ch=1341696618688286720               || Output: Gmail authorization needed. Open and approve, then reply: 'TomCat, au...
[11/03/2025 07:52:16.551 PM] Action   || Name: gmail_auth_url      || Trigger:                                      || Output: https://accounts.google.com/o/oauth2/auth?response_type=code&client_i...
[11/03/2025 07:52:16.551 PM] Action   || Name: gmail_log_scheduler || Trigger: auth                                 || Output: pending
[11/03/2025 07:54:13.419 PM] React+   || User: .bettercalljack     || Channel: #pictures-of-the-cats                || emoji=😆; msg="coba cats + eggs chasing jenny lol" by adeyumii
[11/03/2025 07:54:23.644 PM] React+   || User: .bettercalljack     || Channel: #pictures-of-the-cats                || emoji=<:ree:813284570161086465>; msg=1435061602176073830
[11/03/2025 07:54:24.018 PM] React+   || User: .bettercalljack     || Channel: #pictures-of-the-cats                || emoji=❤️; msg=1435061602176073830
[11/03/2025 07:54:27.131 PM] React+   || User: .bettercalljack     || Channel: #pictures-of-the-cats                || emoji=❤️; msg="high quality mike pics" by not_d3fault_1420
[11/03/2025 07:55:10.057 PM] React+   || User: .bettercalljack     || Channel: #report-new-cats                     || emoji=😭; msg="A 4th rubber baby has hit the lot 50" by adeyumii
[11/03/2025 08:00:02.140 PM] Action   || Name: send_suppressed     || Trigger: ch=643586809166561310                || Output: **Currently unfed stations** • **West Hall** → <@748739000914935828> ...
[11/03/2025 08:00:02.140 PM] Action   || Name: feeding_8pm         || Trigger: unfed=4                              || Output: sent
[11/03/2025 08:00:03.304 PM] Action   || Name: send_suppressed     || Trigger: ch=643586809166561310                || Output: **Currently unfed stations** • **West Hall** → <@748739000914935828> ...
[11/03/2025 08:00:03.304 PM] Action   || Name: feeding_8pm         || Trigger: unfed=4                              || Output: sent
[11/03/2025 08:00:03.880 PM] Action   || Name: send_suppressed     || Trigger: ch=643586809166561310                || Output: **Currently unfed stations** • **West Hall** → <@748739000914935828> ...
[11/03/2025 08:00:03.882 PM] Action   || Name: feeding_8pm         || Trigger: unfed=4                              || Output: sent
[11/03/2025 08:00:04.445 PM] Action   || Name: send_suppressed     || Trigger: ch=643586809166561310                || Output: **Currently unfed stations** • **West Hall** → <@748739000914935828> ...
[11/03/2025 08:00:04.445 PM] Action   || Name: feeding_8pm         || Trigger: unfed=4                              || Output: sent
[11/03/2025 08:00:04.993 PM] Action   || Name: send_suppressed     || Trigger: ch=643586809166561310                || Output: **Currently unfed stations** • **West Hall** → <@748739000914935828> ...
[11/03/2025 08:00:04.993 PM] Action   || Name: feeding_8pm         || Trigger: unfed=4                              || Output: sent
[11/03/2025 08:00:05.561 PM] Action   || Name: send_suppressed     || Trigger: ch=643586809166561310                || Output: **Currently unfed stations** • **West Hall** → <@748739000914935828> ...
[11/03/2025 08:00:05.561 PM] Action   || Name: feeding_8pm         || Trigger: unfed=4                              || Output: sent
[11/03/2025 08:00:06.125 PM] Action   || Name: send_suppressed     || Trigger: ch=643586809166561310                || Output: **Currently unfed stations** • **West Hall** → <@748739000914935828> ...
[11/03/2025 08:00:06.125 PM] Action   || Name: feeding_8pm         || Trigger: unfed=4                              || Output: sent
[11/03/2025 08:00:06.708 PM] Action   || Name: send_suppressed     || Trigger: ch=643586809166561310                || Output: **Currently unfed stations** • **West Hall** → <@748739000914935828> ...
[11/03/2025 08:00:06.708 PM] Action   || Name: feeding_8pm         || Trigger: unfed=4                              || Output: sent
[11/03/2025 08:00:07.270 PM] Action   || Name: send_suppressed     || Trigger: ch=643586809166561310                || Output: **Currently unfed stations** • **West Hall** → <@748739000914935828> ...
[11/03/2025 08:00:07.270 PM] Action   || Name: feeding_8pm         || Trigger: unfed=4                              || Output: sent
[11/03/2025 08:00:07.880 PM] Action   || Name: send_suppressed     || Trigger: ch=643586809166561310                || Output: **Currently unfed stations** • **West Hall** → <@748739000914935828> ...
[11/03/2025 08:00:07.880 PM] Action   || Name: feeding_8pm         || Trigger: unfed=4                              || Output: sent
[11/03/2025 08:00:08.439 PM] Action   || Name: send_suppressed     || Trigger: ch=643586809166561310                || Output: **Currently unfed stations** • **West Hall** → <@748739000914935828> ...
[11/03/2025 08:00:08.441 PM] Action   || Name: feeding_8pm         || Trigger: unfed=4                              || Output: sent
[11/03/2025 08:00:08.993 PM] Action   || Name: send_suppressed     || Trigger: ch=643586809166561310                || Output: **Currently unfed stations** • **West Hall** → <@748739000914935828> ...
[11/03/2025 08:00:08.993 PM] Action   || Name: feeding_8pm         || Trigger: unfed=4                              || Output: sent
[11/03/2025 08:00:09.584 PM] Action   || Name: send_suppressed     || Trigger: ch=643586809166561310                || Output: **Currently unfed stations** • **West Hall** → <@748739000914935828> ...
[11/03/2025 08:00:09.584 PM] Action   || Name: feeding_8pm         || Trigger: unfed=4                              || Output: sent
[11/03/2025 08:00:10.146 PM] Action   || Name: send_suppressed     || Trigger: ch=643586809166561310                || Output: **Currently unfed stations** • **West Hall** → <@748739000914935828> ...
[11/03/2025 08:00:10.146 PM] Action   || Name: feeding_8pm         || Trigger: unfed=4                              || Output: sent
[11/03/2025 08:00:10.183 PM] Action   || Name: feeding_sheet       || Trigger: open_error                           || Output: APIError: [429]: Quota exceeded for quota metric 'Read requests' and ...
[11/03/2025 08:00:10.198 PM] Action   || Name: send_suppressed     || Trigger: ch=643586809166561310                || Output: All stations have been fed! Yippee!!!
[11/03/2025 08:00:10.201 PM] Action   || Name: feeding_8pm         || Trigger: unfed=0                              || Output: celebrated
[11/03/2025 08:00:10.246 PM] Action   || Name: feeding_sheet       || Trigger: open_error                           || Output: APIError: [429]: Quota exceeded for quota metric 'Read requests' and ...
[11/03/2025 08:00:10.246 PM] Action   || Name: send_suppressed     || Trigger: ch=643586809166561310                || Output: All stations have been fed! Yippee!!!
[11/03/2025 08:00:10.252 PM] Action   || Name: feeding_8pm         || Trigger: unfed=0                              || Output: celebrated
[11/03/2025 08:00:10.326 PM] Action   || Name: feeding_sheet       || Trigger: open_error                           || Output: APIError: [429]: Quota exceeded for quota metric 'Read requests' and ...
[11/03/2025 08:00:10.326 PM] Action   || Name: send_suppressed     || Trigger: ch=643586809166561310                || Output: All stations have been fed! Yippee!!!
[11/03/2025 08:00:10.326 PM] Action   || Name: feeding_8pm         || Trigger: unfed=0                              || Output: celebrated
[11/03/2025 08:00:10.373 PM] Action   || Name: feeding_sheet       || Trigger: open_error                           || Output: APIError: [429]: Quota exceeded for quota metric 'Read requests' and ...
[11/03/2025 08:00:10.373 PM] Action   || Name: send_suppressed     || Trigger: ch=643586809166561310                || Output: All stations have been fed! Yippee!!!
[11/03/2025 08:00:10.373 PM] Action   || Name: feeding_8pm         || Trigger: unfed=0                              || Output: celebrated
[11/03/2025 08:00:10.456 PM] Action   || Name: feeding_sheet       || Trigger: open_error                           || Output: APIError: [429]: Quota exceeded for quota metric 'Read requests' and ...
[11/03/2025 08:00:10.456 PM] Action   || Name: send_suppressed     || Trigger: ch=643586809166561310                || Output: All stations have been fed! Yippee!!!
[11/03/2025 08:00:10.456 PM] Action   || Name: feeding_8pm         || Trigger: unfed=0                              || Output: celebrated
[11/03/2025 08:01:10.569 PM] Action   || Name: send_suppressed     || Trigger: ch=1341696618688286720               || Output: Gmail authorization needed. Open and approve, then reply: 'TomCat, au...
[11/03/2025 08:01:10.585 PM] Action   || Name: gmail_auth_url      || Trigger:                                      || Output: https://accounts.google.com/o/oauth2/auth?response_type=code&client_i...
[11/03/2025 08:01:10.585 PM] Action   || Name: gmail_log_scheduler || Trigger: auth                                 || Output: pending
[11/03/2025 08:05:33.535 PM] Message  || User: ludavis             || Channel: #yapper-committee                    || Content: UTAs extraterrestrial club at it again <:yeehaw:1273701295231860817>
[11/03/2025 08:08:34.046 PM] React+   || User: a1darek             || Channel: #yapper-committee                    || emoji=❤️; msg="UTAs extraterrestrial club at it again <..." by ludavis
[11/03/2025 08:09:12.949 PM] React+   || User: simplyshadow171295  || Channel: #pictures-of-the-cats                || emoji=💖; msg=1435053185176703148
[11/03/2025 08:15:37.460 PM] Message  || User: layotu              || Channel: #pictures-of-the-cats                || Content: (no text; attachments=1)
[11/03/2025 08:15:43.775 PM] React+   || User: vasyline            || Channel: #yapper-committee                    || emoji=❤️; msg="UTAs extraterrestrial club at it again <..." by ludavis
[11/03/2025 08:15:56.457 PM] React+   || User: slayc127            || Channel: #yapper-committee                    || emoji=❤️; msg="UTAs extraterrestrial club at it again <..." by ludavis
[11/03/2025 08:24:25.955 PM] React+   || User: .bettercalljack     || Channel: #yapper-committee                    || emoji=❤️; msg="UTAs extraterrestrial club at it again <..." by ludavis
[11/03/2025 08:29:29.820 PM] Message  || User: a1darek             || Channel: #pictures-of-the-cats                || Content: lot 50 yapper 💔
[11/03/2025 08:29:32.836 PM] Message  || User: a1darek             || Channel: #pictures-of-the-cats                || Content: poor guy
[11/03/2025 08:30:37.775 PM] React+   || User: mochenoch           || Channel: #yapper-committee                    || emoji=❤️; msg="UTAs extraterrestrial club at it again <..." by ludavis
[11/03/2025 08:31:12.876 PM] Message  || User: mochenoch           || Channel: #yapper-committee                    || Content: I just experienced the worst pain in existence
[11/03/2025 08:31:24.569 PM] Message  || User: mochenoch           || Channel: #yapper-committee                    || Content: (no text; attachments=0)
[11/03/2025 08:31:46.029 PM] Message  || User: mochenoch           || Channel: #yapper-committee                    || Content: Crying and screaming worth of pain
[11/03/2025 08:33:14.580 PM] Message  || User: mochenoch           || Channel: #yapper-committee                    || Content: Context: I had the biggest pimple on my shoulder and my spouse poppe...
[11/03/2025 08:35:16.753 PM] React+   || User: slayc127            || Channel: #yapper-committee                    || emoji=😭; msg="Context: I had the biggest pimple on my ..." by mochenoch
[11/03/2025 08:35:21.228 PM] Message  || User: slayc127            || Channel: #yapper-committee                    || Content: YOUCHHHHHHHHHHH
[11/03/2025 08:38:31.678 PM] React+   || User: bixzu               || Channel: #yapper-committee                    || emoji=😭; msg="Context: I had the biggest pimple on my ..." by mochenoch
[11/03/2025 08:40:16.947 PM] Action   || Name: send_suppressed     || Trigger: ch=1341696618688286720               || Output: Gmail authorization needed. Open and approve, then reply: 'TomCat, au...
[11/03/2025 08:40:16.947 PM] Action   || Name: gmail_auth_url      || Trigger:                                      || Output: https://accounts.google.com/o/oauth2/auth?response_type=code&client_i...
[11/03/2025 08:40:16.947 PM] Action   || Name: gmail_log_scheduler || Trigger: auth                                 || Output: pending
[11/03/2025 08:40:26.533 PM] Action   || Name: send_suppressed     || Trigger: ch=1341696618688286720               || Output: Gmail authorization needed. Open and approve, then reply: 'TomCat, au...
[11/03/2025 08:40:26.533 PM] Action   || Name: gmail_auth_url      || Trigger:                                      || Output: https://accounts.google.com/o/oauth2/auth?response_type=code&client_i...
[11/03/2025 08:40:26.533 PM] Action   || Name: gmail_log_scheduler || Trigger: auth                                 || Output: pending
[11/03/2025 08:40:58.375 PM] React-   || User: unknown             || Channel: #useful-information                  || emoji=<a:criipy_clap:1399231263541297233>; msg="https://www.catsofuta.org/" b...
[11/03/2025 08:40:59.354 PM] React+   || User: bixzu               || Channel: #useful-information                  || emoji=<a:criipy_clap:1399231263541297233>; msg="https://www.catsofuta.org/" b...
[11/03/2025 08:41:02.487 PM] React+   || User: bixzu               || Channel: #useful-information                  || emoji=<:happycat:834819172546510868>; msg="Not cat related but I have a habit...
[11/03/2025 08:41:23.390 PM] Message  || User: mochenoch           || Channel: #yapper-committee                    || Content: Even grazing the pimple made me jump, I now have a giant bandage on ...
[11/03/2025 08:41:34.306 PM] React+   || User: simplyshadow171295  || Channel: #yapper-committee                    || emoji=😭; msg="Context: I had the biggest pimple on my ..." by mochenoch
[11/03/2025 08:41:38.308 PM] Message  || User: .bettercalljack     || Channel: #bot-spam                            || Content: I missclikrd
[11/03/2025 08:41:39.310 PM] Message  || User: .bettercalljack     || Channel: #bot-spam                            || Content: Bro
[11/03/2025 08:41:50.841 PM] React+   || User: .bettercalljack     || Channel: #yapper-committee                    || emoji=😭; msg="Context: I had the biggest pimple on my ..." by mochenoch
[11/03/2025 08:42:09.922 PM] Message  || User: mochenoch           || Channel: #yapper-committee                    || Content: God bless my bf for doing it, I was dodging him
[11/03/2025 08:45:20.443 PM] Action   || Name: send_suppressed     || Trigger: ch=1341696618688286720               || Output: Gmail authorization needed. Open and approve, then reply: 'TomCat, au...
[11/03/2025 08:45:20.446 PM] Action   || Name: gmail_auth_url      || Trigger:                                      || Output: https://accounts.google.com/o/oauth2/auth?response_type=code&client_i...
[11/03/2025 08:45:20.446 PM] Action   || Name: gmail_log_scheduler || Trigger: auth                                 || Output: pending
[11/03/2025 08:48:55.080 PM] React+   || User: vasyline            || Channel: #yapper-committee                    || emoji=😭; msg="Context: I had the biggest pimple on my ..." by mochenoch
[11/03/2025 08:49:00.636 PM] React+   || User: lemonelon_          || Channel: #feeding-team                        || emoji=🙏; msg="Greens fed" by hatshura
[11/03/2025 08:49:14.458 PM] React+   || User: lemonelon_          || Channel: #feeding-team                        || emoji=‼️; msg="mike fed" by simplyshadow171295
[11/03/2025 08:50:49.488 PM] Message  || User: mochenoch           || Channel: #yapper-committee                    || Content: In better news look what I bought
[11/03/2025 08:51:33.165 PM] Message  || User: pancakemixteamdj    || Channel: #pictures-of-the-cats                || Content: Who is that yapper
[11/03/2025 08:52:14.192 PM] Message  || User: simplyshadow171295  || Channel: #pictures-of-the-cats                || Content: rubber child
[11/03/2025 08:53:36.620 PM] Message  || User: slayc127            || Channel: #yapper-committee                    || Content: YUM
[11/03/2025 08:53:51.356 PM] Message  || User: slayc127            || Channel: #yapper-committee                    || Content: god i believe u, ive had one of these i think and they hurt like not...
[11/03/2025 08:57:53.038 PM] Message  || User: mochenoch           || Channel: #yapper-committee                    || Content: I’m pretty sure my roommates thought my boyfriend was attempting to ...
[11/03/2025 08:58:11.816 PM] React+   || User: slayc127            || Channel: #yapper-committee                    || emoji=😭; msg="I’m pretty sure my roommates thought my ..." by mochenoch
[11/03/2025 08:59:06.301 PM] Message  || User: mochenoch           || Channel: #yapper-committee                    || Content: A little graphic or detailed about it ||Like there was a visible hil...
[11/03/2025 09:00:26.330 PM] Message  || User: adeyumii            || Channel: #pictures-of-the-cats                || Content: Kamahalan
[11/03/2025 09:00:35.320 PM] Message  || User: adeyumii            || Channel: #pictures-of-the-cats                || Content: It means highness/royalty in Filipino
[11/03/2025 09:04:02.933 PM] React+   || User: simplyshadow171295  || Channel: #pictures-of-the-cats                || emoji=🎉; msg="It means highness/royalty in Filipino" by adeyumii
[11/03/2025 09:04:23.340 PM] Message  || User: simplyshadow171295  || Channel: #pictures-of-the-cats                || Content: i was wondering why you didn’t pick an h name
[11/03/2025 09:04:27.094 PM] Message  || User: coziidruid          || Channel: #executive-board                     || Content: who has the current money box btw? im gonna bring the new one tomorrow
[11/03/2025 09:05:40.542 PM] Message  || User: coziidruid          || Channel: #executive-board                     || Content: apologies abt that btw i meant to coordinate to get it to whoever ha...
[11/03/2025 09:07:04.658 PM] Message  || User: adeyumii            || Channel: #pictures-of-the-cats                || Content: The other three are named after yaelokre songs. Kamahalan is also a ...
[11/03/2025 09:08:17.265 PM] Message  || User: adeyumii            || Channel: #pictures-of-the-cats                || Content: -# and they are a Filipino-icelandic singer
[11/03/2025 09:09:21.165 PM] Message  || User: m_digio             || Channel: #executive-board                     || Content: bel?
[11/03/2025 09:09:24.914 PM] Message  || User: m_digio             || Channel: #executive-board                     || Content: i believe
[11/03/2025 09:09:29.760 PM] Message  || User: simplyshadow171295  || Channel: #pictures-of-the-cats                || Content: neat
[11/03/2025 09:09:44.344 PM] Message  || User: m_digio             || Channel: #executive-board                     || Content: or cel but i think bel bc money deposit
[11/03/2025 09:10:49.301 PM] React+   || User: slayc127            || Channel: #executive-board                     || emoji=😭; msg="apologies abt that btw i meant to coordi..." by coziidruid
[11/03/2025 09:10:57.205 PM] Message  || User: celeryiscelery      || Channel: #executive-board                     || Content: i have the money box <:powaahhhhhhh:1284949152685490216>
[11/03/2025 09:10:59.801 PM] React+   || User: slayc127            || Channel: #executive-board                     || emoji=‼️; msg="i have the money box <:powaahhhhhhh:1284..." by celeryiscelery
[11/03/2025 09:11:12.658 PM] Message  || User: slayc127            || Channel: #executive-board                     || Content: will u be able to bring it by tomorrow :3
[11/03/2025 09:11:18.031 PM] React+   || User: slayc127            || Channel: #pictures-of-the-cats                || emoji=🎉; msg="It means highness/royalty in Filipino" by adeyumii
[11/03/2025 09:11:46.822 PM] Message  || User: celeryiscelery      || Channel: #executive-board                     || Content: yes, pls be gentle w her. i’ve organized her by bill size
[11/03/2025 09:12:05.865 PM] Message  || User: celeryiscelery      || Channel: #executive-board                     || Content: it was a painting break activity
[11/03/2025 09:12:11.720 PM] React+   || User: slayc127            || Channel: #executive-board                     || emoji=‼️; msg="it was a painting break activity" by celeryiscelery
[11/03/2025 09:12:14.414 PM] Message  || User: slayc127            || Channel: #executive-board                     || Content: for sure! to double check we are only going to keep 200 dollars in i...
[11/03/2025 09:13:02.201 PM] Message  || User: celeryiscelery      || Channel: #executive-board                     || Content: yes. but we have over 200 in the box at the moment. i’m gonna see if...
[11/03/2025 09:13:19.165 PM] Message  || User: m_digio             || Channel: #executive-board                     || Content: ~~stripper~~
[11/03/2025 09:13:24.686 PM] React+   || User: slayc127            || Channel: #executive-board                     || emoji=😆; msg="yes. but we have over 200 in the box at ..." by celeryiscelery
[11/03/2025 09:13:29.371 PM] Message  || User: slayc127            || Channel: #executive-board                     || Content: no tis okay, was just double checking for going forward
[11/03/2025 09:13:34.503 PM] React+   || User: celeryiscelery      || Channel: #executive-board                     || emoji=<:woahthere:1251730252607131718>; msg="~~stripper~~" by m_digio
[11/03/2025 09:14:07.152 PM] Message  || User: celeryiscelery      || Channel: #executive-board                     || Content: i’ll most likely steal the money box again after the sale so the big...
[11/03/2025 09:14:24.731 PM] Message  || User: celeryiscelery      || Channel: #executive-board                     || Content: speaking off, kaz could you just bring the money that was in the can...
[11/03/2025 09:22:02.607 PM] Message  || User: slayc127            || Channel: #executive-board                     || Content: i so got u (i will set a reminder otherwise i will forget)
[11/03/2025 09:22:41.725 PM] React+   || User: celeryiscelery      || Channel: #executive-board                     || emoji=<:gaga:1413361490634870969>; msg="i so got u (i will set a reminder oth...
[11/03/2025 09:22:43.158 PM] React+   || User: celeryiscelery      || Channel: #executive-board                     || emoji=<:powaahhhhhhh:1284949152685490216>; msg="i so got u (i will set a remi...
[11/03/2025 09:29:10.377 PM] Message  || User: m_digio             || Channel: #pet-pictures                        || Content: Teehee
[11/03/2025 09:29:30.411 PM] Message  || User: a1darek             || Channel: #executive-board                     || Content: No Nefarious tonight, they'll be trying again tomorrow
[11/03/2025 09:29:40.221 PM] React+   || User: slayc127            || Channel: #pet-pictures                        || emoji=😆; msg="Teehee" by m_digio
[11/03/2025 09:29:52.135 PM] React+   || User: slayc127            || Channel: #executive-board                     || emoji=👍; msg="No Nefarious tonight, they'll be trying ..." by a1darek
[11/03/2025 09:30:08.520 PM] Message  || User: austinbaustinb      || Channel: #yapper-committee                    || Content: Might’ve been infected
[11/03/2025 09:31:49.478 PM] React+   || User: kitadan             || Channel: #pictures-of-the-cats                || emoji=🎉; msg="It means highness/royalty in Filipino" by adeyumii
[11/03/2025 09:32:07.016 PM] React+   || User: kitadan             || Channel: #pet-pictures                        || emoji=😆; msg="Teehee" by m_digio
[11/03/2025 09:32:13.242 PM] React+   || User: kitadan             || Channel: #yapper-committee                    || emoji=❤️; msg="UTAs extraterrestrial club at it again <..." by ludavis
[11/03/2025 09:32:16.750 PM] React+   || User: kitadan             || Channel: #yapper-committee                    || emoji=😭; msg="Context: I had the biggest pimple on my ..." by mochenoch
[11/03/2025 09:33:34.422 PM] Action   || Name: send_suppressed     || Trigger: ch=1341696618688286720               || Output: Gmail authorization needed. Open and approve, then reply: 'TomCat, au...
[11/03/2025 09:33:34.422 PM] Action   || Name: gmail_auth_url      || Trigger:                                      || Output: https://accounts.google.com/o/oauth2/auth?response_type=code&client_i...
[11/03/2025 09:33:34.422 PM] Action   || Name: gmail_log_scheduler || Trigger: auth                                 || Output: pending
[11/03/2025 09:38:55.467 PM] React+   || User: simplyshadow171295  || Channel: #pet-pictures                        || emoji=😆; msg="Teehee" by m_digio
[11/03/2025 09:42:26.899 PM] Message  || User: simplyshadow171295  || Channel: #memes                               || Content: (no text; attachments=1)
[11/03/2025 09:44:01.911 PM] Action   || Name: send_suppressed     || Trigger: ch=1341696618688286720               || Output: Gmail authorization needed. Open and approve, then reply: 'TomCat, au...
[11/03/2025 09:44:01.911 PM] Action   || Name: gmail_auth_url      || Trigger:                                      || Output: https://accounts.google.com/o/oauth2/auth?response_type=code&client_i...
[11/03/2025 09:44:01.911 PM] Action   || Name: gmail_log_scheduler || Trigger: auth                                 || Output: pending
[11/03/2025 09:44:05.898 PM] Action   || Name: send_suppressed     || Trigger: ch=1341696618688286720               || Output: Gmail authorization needed. Open and approve, then reply: 'TomCat, au...
[11/03/2025 09:44:05.913 PM] Action   || Name: gmail_auth_url      || Trigger:                                      || Output: https://accounts.google.com/o/oauth2/auth?response_type=code&client_i...
[11/03/2025 09:44:05.913 PM] Action   || Name: gmail_log_scheduler || Trigger: auth                                 || Output: pending
[11/03/2025 09:48:01.713 PM] Message  || User: ludavis             || Channel: #pictures-of-the-cats                || Content: (no text; attachments=4)
[11/03/2025 09:48:02.421 PM] Action   || Name: image_intake        || Trigger: channel=551084964318543904           || Output: rows=4
[11/03/2025 09:48:09.258 PM] React+   || User: not_d3fault_1420    || Channel: #pictures-of-the-cats                || emoji=❤️; msg="The other three are named after yaelokre..." by adeyumii
[11/03/2025 09:48:17.882 PM] Message  || User: adeyumii            || Channel: #pictures-of-the-cats                || Content: @Pancake(Chris/topher)
[11/03/2025 09:48:32.362 PM] Message  || User: not_d3fault_1420    || Channel: #pictures-of-the-cats                || Content: i kinda figured they were lol
[11/03/2025 09:48:33.880 PM] Message  || User: pancakemixteamdj    || Channel: #pictures-of-the-cats                || Content: Love her
[11/03/2025 09:48:42.511 PM] React+   || User: adeyumii            || Channel: #pictures-of-the-cats                || emoji=💛; msg="i kinda figured they were lol" by not_d3fault_1420
[11/03/2025 09:48:51.960 PM] Message  || User: adeyumii            || Channel: #pictures-of-the-cats                || Content: when u come back to campus you should try your hand
[11/03/2025 09:49:00.384 PM] Message  || User: adeyumii            || Channel: #pictures-of-the-cats                || Content: She literally got right up to us and sniffed his finger
[11/03/2025 09:49:17.370 PM] Message  || User: pancakemixteamdj    || Channel: #pictures-of-the-cats                || Content: My only name sake that  still around , I await waffles return so I c...
[11/03/2025 09:49:20.867 PM] Message  || User: austinbaustinb      || Channel: #music-recs                          || Content: Then the synth thing can be an organ sound
[11/03/2025 09:49:32.584 PM] Message  || User: adeyumii            || Channel: #pictures-of-the-cats                || Content: every brown tabby is waffles atp
[11/03/2025 09:49:42.573 PM] Message  || User: pancakemixteamdj    || Channel: #pictures-of-the-cats                || Content: Everywhere I see his face
[11/03/2025 09:49:58.992 PM] Message  || User: ludavis             || Channel: #pictures-of-the-cats                || Content: Actually one of the cutest cats ever. I have a soft spot for calicos
[11/03/2025 09:50:00.593 PM] Message  || User: pancakemixteamdj    || Channel: #pictures-of-the-cats                || Content: https://tenor.com/view/vietnam-flashback-traumatized-cat-gif-7852054...
[11/03/2025 09:50:26.428 PM] Message  || User: austinbaustinb      || Channel: #purrley-pawsitive-pussy-pals        || Content: Men’s team did really good today
[11/03/2025 09:50:30.666 PM] Message  || User: austinbaustinb      || Channel: #purrley-pawsitive-pussy-pals        || Content: First game of the season
[11/03/2025 09:50:41.988 PM] Message  || User: austinbaustinb      || Channel: #purrley-pawsitive-pussy-pals        || Content: And I got a free beer!
[11/03/2025 09:51:25.732 PM] Action   || Name: send_suppressed     || Trigger: ch=1341696618688286720               || Output: Gmail authorization needed. Open and approve, then reply: 'TomCat, au...
[11/03/2025 09:51:25.732 PM] Action   || Name: gmail_auth_url      || Trigger:                                      || Output: https://accounts.google.com/o/oauth2/auth?response_type=code&client_i...
[11/03/2025 09:51:25.736 PM] Action   || Name: gmail_log_scheduler || Trigger: auth                                 || Output: pending
[11/03/2025 09:53:22.291 PM] React+   || User: m_digio             || Channel: #purrley-pawsitive-pussy-pals        || emoji=🔥; msg="And I got a free beer!" by austinbaustinb
[11/03/2025 09:54:57.633 PM] React+   || User: bixzu               || Channel: #pet-pictures                        || emoji=😆; msg="Teehee" by m_digio
[11/03/2025 09:55:29.552 PM] Message  || User: adeyumii            || Channel: #pictures-of-the-cats                || Content: If you want to name another one, there's a gray and white guy in #re...
[11/03/2025 09:55:38.066 PM] Message  || User: adeyumii            || Channel: #pictures-of-the-cats                || Content: They look like a sibling to Rubber and have already been fixed
[11/03/2025 09:56:08.056 PM] React+   || User: _costco_wholesale_  || Channel: #pictures-of-the-cats                || emoji=🎉; msg="It means highness/royalty in Filipino" by adeyumii
[11/03/2025 09:56:43.395 PM] Message  || User: pancakemixteamdj    || Channel: #pictures-of-the-cats                || Content: So we got a Roosevelt , Winston/ Churchill over there
[11/03/2025 09:56:44.198 PM] Message  || User: adeyumii            || Channel: #pictures-of-the-cats                || Content: Wait no not there
[11/03/2025 09:56:50.228 PM] Message  || User: adeyumii            || Channel: #pictures-of-the-cats                || Content: It's in here hold on
[11/03/2025 09:57:13.795 PM] Message  || User: adeyumii            || Channel: #pictures-of-the-cats                || Content: This one
[11/03/2025 09:57:39.902 PM] Message  || User: adeyumii            || Channel: #pictures-of-the-cats                || Content: Roosevelt yes but If you want Teddy you can name one that too
[11/03/2025 09:57:47.517 PM] Message  || User: pancakemixteamdj    || Channel: #pictures-of-the-cats                || Content: YO
[11/03/2025 09:57:50.275 PM] Message  || User: pancakemixteamdj    || Channel: #pictures-of-the-cats                || Content: Teddy
[11/03/2025 09:57:53.609 PM] Message  || User: pancakemixteamdj    || Channel: #pictures-of-the-cats                || Content: My goat
[11/03/2025 09:57:57.622 PM] Message  || User: adeyumii            || Channel: #pictures-of-the-cats                || Content: I was thinking something goofy like hapsburg lmfao because the rubbe...
[11/03/2025 09:58:11.481 PM] Message  || User: pancakemixteamdj    || Channel: #pictures-of-the-cats                || Content: https://tenor.com/view/theodore-roosevelt-yoinky-sploinky-theodore-r...
[11/03/2025 09:58:11.952 PM] Edit     || User: pancakemixteamdj    || Channel: #pictures-of-the-cats                || https://tenor.com/view/theodore-roosevelt-yoinky-sploinky-theodore-roosevelt-...
[11/03/2025 09:58:22.693 PM] Message  || User: adeyumii            || Channel: #pictures-of-the-cats                || Content: Whateva you want
[11/03/2025 09:58:43.012 PM] Message  || User: m_digio             || Channel: #pictures-of-the-cats                || Content: fuckin nerds /silly
[11/03/2025 09:58:50.149 PM] Message  || User: adeyumii            || Channel: #pictures-of-the-cats                || Content: you can name cats on that side of the street. They have like a whole...
[11/03/2025 09:58:50.160 PM] Message  || User: pancakemixteamdj    || Channel: #pictures-of-the-cats                || Content: Wait for the cat that definitely has  a double chin for that name
[11/03/2025 09:59:09.103 PM] Message  || User: adeyumii            || Channel: #pictures-of-the-cats                || Content: true. Or is just fucked up looking. But any European royal name coul...
[11/03/2025 09:59:10.277 PM] Message  || User: pancakemixteamdj    || Channel: #pictures-of-the-cats                || Content: https://tenor.com/view/rizzler-the-rizzler-christian-turn-rizzler-tu...
[11/03/2025 09:59:14.864 PM] React+   || User: m_digio             || Channel: #pictures-of-the-cats                || emoji=😭; msg="https://tenor.com/view/rizzler-the-rizzl..." by pancakemixteamdj
[11/03/2025 09:59:19.877 PM] Message  || User: adeyumii            || Channel: #pictures-of-the-cats                || Content: fork found in the kitchen durr
[11/03/2025 09:59:25.783 PM] React+   || User: m_digio             || Channel: #pictures-of-the-cats                || emoji=😭; msg="fork found in the kitchen durr" by adeyumii
[11/03/2025 09:59:46.241 PM] React+   || User: slayc127            || Channel: #purrley-pawsitive-pussy-pals        || emoji=🔥; msg="And I got a free beer!" by austinbaustinb
[11/03/2025 10:00:01.883 PM] Message  || User: slayc127            || Channel: #purrley-pawsitive-pussy-pals        || Content: i have managed to drop 5 cookies on the floor
[11/03/2025 10:00:08.752 PM] Message  || User: slayc127            || Channel: #purrley-pawsitive-pussy-pals        || Content: not at once mind
[11/03/2025 10:00:50.511 PM] Message  || User: adeyumii            || Channel: #pictures-of-the-cats                || Content: considering color coding the kittens by semester like people do with...
[11/03/2025 10:00:51.288 PM] Message  || User: m_digio             || Channel: #purrley-pawsitive-pussy-pals        || Content: i have managed to not lock in
[11/03/2025 10:01:07.418 PM] Message  || User: adeyumii            || Channel: #pictures-of-the-cats                || Content: paint a big ol splotch on their back to show when they were born
[11/03/2025 10:01:32.739 PM] Message  || User: m_digio             || Channel: #pictures-of-the-cats                || Content: i basically did that with empanadas kittens & collars
[11/03/2025 10:01:35.942 PM] Message  || User: adeyumii            || Channel: #pictures-of-the-cats                || Content: still thinking about how insane the campus cat family tree is
[11/03/2025 10:02:03.563 PM] Message  || User: adeyumii            || Channel: #pictures-of-the-cats                || Content: lot 50 and mkz may be connected through Mr Stinky and empanada / rubber
[11/03/2025 10:02:14.832 PM] React+   || User: slayc127            || Channel: #purrley-pawsitive-pussy-pals        || emoji=😭; msg="i have managed to not lock in" by m_digio
[11/03/2025 10:02:22.248 PM] Message  || User: slayc127            || Channel: #purrley-pawsitive-pussy-pals        || Content: so real
[11/03/2025 10:02:26.884 PM] Message  || User: slayc127            || Channel: #purrley-pawsitive-pussy-pals        || Content: im so sleepy
[11/03/2025 10:03:43.636 PM] Message  || User: pancakemixteamdj    || Channel: #pictures-of-the-cats                || Content: Such a dynasty
[11/03/2025 10:03:48.448 PM] Message  || User: adeyumii            || Channel: #pictures-of-the-cats                || Content: I KNOW Mr stinky is this semesters dad for rubber. Idk who the dad i...
[11/03/2025 10:04:17.130 PM] Message  || User: slayc127            || Channel: #purrley-pawsitive-pussy-pals        || Content: i turned the big lights on to try and combat it. we will see if it w...
[11/03/2025 10:05:11.455 PM] Message  || User: pancakemixteamdj    || Channel: #pictures-of-the-cats                || Content: Now I have ERB Churchill vs Roosevelt going  through my head
[11/03/2025 10:13:51.655 PM] Action   || Name: send_suppressed     || Trigger: ch=1341696618688286720               || Output: Gmail authorization needed. Open and approve, then reply: 'TomCat, au...
[11/03/2025 10:13:51.655 PM] Action   || Name: gmail_auth_url      || Trigger:                                      || Output: https://accounts.google.com/o/oauth2/auth?response_type=code&client_i...
[11/03/2025 10:13:51.655 PM] Action   || Name: gmail_log_scheduler || Trigger: auth                                 || Output: pending
[11/03/2025 10:14:51.769 PM] React+   || User: kitadan             || Channel: #pictures-of-the-cats                || emoji=😭; msg="https://tenor.com/view/rizzler-the-rizzl..." by pancakemixteamdj
[11/03/2025 10:15:30.492 PM] Message  || User: simplyshadow171295  || Channel: #pictures-of-the-cats                || Content: okay but. what’s his name lmao
[11/03/2025 10:15:39.253 PM] Message  || User: simplyshadow171295  || Channel: #pictures-of-the-cats                || Content: did we decide teddy
[11/03/2025 10:15:47.855 PM] Message  || User: kitadan             || Channel: #pictures-of-the-cats                || Content: Empanada was a dumped cat.  No relation to any campus cats before that.
[11/03/2025 10:16:08.538 PM] Message  || User: kitadan             || Channel: #pictures-of-the-cats                || Content: Mr Stinky is most likely the father of at least one Noir's litters.
[11/03/2025 10:16:28.668 PM] Edit     || User: kitadan             || Channel: #pictures-of-the-cats                || Mr Stinky is most likely the father of at least one Noir's litters. -> Mr Sti...
[11/03/2025 10:19:48.155 PM] Message  || User: pancakemixteamdj    || Channel: #pictures-of-the-cats                || Content: I’m going for Teddy
[11/03/2025 10:20:57.804 PM] Action   || Name: send_suppressed     || Trigger: ch=1341696618688286720               || Output: Gmail authorization needed. Open and approve, then reply: 'TomCat, au...
[11/03/2025 10:20:57.804 PM] Action   || Name: gmail_auth_url      || Trigger:                                      || Output: https://accounts.google.com/o/oauth2/auth?response_type=code&client_i...
[11/03/2025 10:20:57.804 PM] Action   || Name: gmail_log_scheduler || Trigger: auth                                 || Output: pending
[11/03/2025 10:21:01.861 PM] Action   || Name: send_suppressed     || Trigger: ch=1341696618688286720               || Output: Gmail authorization needed. Open and approve, then reply: 'TomCat, au...
[11/03/2025 10:21:01.861 PM] Action   || Name: gmail_auth_url      || Trigger:                                      || Output: https://accounts.google.com/o/oauth2/auth?response_type=code&client_i...
[11/03/2025 10:21:01.861 PM] Action   || Name: gmail_log_scheduler || Trigger: auth                                 || Output: pending
[11/03/2025 10:21:07.808 PM] React+   || User: simplyshadow171295  || Channel: #pictures-of-the-cats                || emoji=🫡; msg="I’m going for Teddy" by pancakemixteamdj
[11/03/2025 10:22:08.369 PM] Action   || Name: send_suppressed     || Trigger: ch=1341696618688286720               || Output: Gmail authorization needed. Open and approve, then reply: 'TomCat, au...
[11/03/2025 10:22:08.369 PM] Action   || Name: gmail_auth_url      || Trigger:                                      || Output: https://accounts.google.com/o/oauth2/auth?response_type=code&client_i...
[11/03/2025 10:22:08.369 PM] Action   || Name: gmail_log_scheduler || Trigger: auth                                 || Output: pending
[11/03/2025 10:22:26.909 PM] React+   || User: a1darek             || Channel: #pet-pictures                        || emoji=😆; msg="Teehee" by m_digio
[11/03/2025 10:23:09.395 PM] Message  || User: a1darek             || Channel: #pictures-of-the-cats                || Content: Empanada my beloved ❤️
[11/03/2025 10:23:23.167 PM] Message  || User: a1darek             || Channel: #pictures-of-the-cats                || Content: If situations were different I would've taken her
[11/03/2025 10:25:14.376 PM] Message  || User: adeyumii            || Channel: #pictures-of-the-cats                || Content: I see
[11/03/2025 10:27:35.098 PM] Message  || User: slayc127            || Channel: #purrley-pawsitive-pussy-pals        || Content: it does but this turns my apartment evil and wicked
[11/03/2025 10:27:43.876 PM] Message  || User: slayc127            || Channel: #purrley-pawsitive-pussy-pals        || Content: literally looks like theres a film over everything i hate it
[11/03/2025 10:28:48.135 PM] Action   || Name: send_suppressed     || Trigger: ch=1341696618688286720               || Output: Gmail authorization needed. Open and approve, then reply: 'TomCat, au...
[11/03/2025 10:28:48.135 PM] Action   || Name: gmail_auth_url      || Trigger:                                      || Output: https://accounts.google.com/o/oauth2/auth?response_type=code&client_i...
[11/03/2025 10:28:48.135 PM] Action   || Name: gmail_log_scheduler || Trigger: auth                                 || Output: pending
[11/03/2025 10:29:32.270 PM] Message  || User: adeyumii            || Channel: #yapper-committee                    || Content: I get off of work at 12 but I am going to be exhausted tmrw
[11/03/2025 10:29:43.635 PM] Message  || User: adeyumii            || Channel: #yapper-committee                    || Content: (I am still awake. That is a problem)
[11/03/2025 10:29:45.545 PM] Message  || User: slayc127            || Channel: #yapper-committee                    || Content: thatz okay
[11/03/2025 10:29:48.645 PM] React+   || User: slayc127            || Channel: #yapper-committee                    || emoji=😭; msg="(I am still awake. That is a problem)" by adeyumii
[11/03/2025 10:29:54.309 PM] Message  || User: slayc127            || Channel: #yapper-committee                    || Content: i can bring them wednesday or tbh whenever
[11/03/2025 10:30:15.901 PM] Message  || User: adeyumii            || Channel: #yapper-committee                    || Content: that'd be better if that's okay 😭
[11/03/2025 10:30:22.082 PM] React+   || User: nostalgicsapphic    || Channel: #purrley-pawsitive-pussy-pals        || emoji=🤝; msg="im so sleepy" by slayc127
[11/03/2025 10:30:30.454 PM] Message  || User: adeyumii            || Channel: #yapper-committee                    || Content: I want to nap. I want to lay down for a few hours when I get home
[11/03/2025 10:30:32.234 PM] Message  || User: slayc127            || Channel: #yapper-committee                    || Content: yesss thatz totally fine tbh im lugging so much stuff over tomorrow ...
[11/03/2025 10:30:35.648 PM] React+   || User: slayc127            || Channel: #yapper-committee                    || emoji=😭; msg="I want to nap. I want to lay down for a ..." by adeyumii
[11/03/2025 10:30:35.842 PM] React+   || User: nostalgicsapphic    || Channel: #purrley-pawsitive-pussy-pals        || emoji=😭; msg="literally looks like theres a film over ..." by slayc127
[11/03/2025 10:30:37.648 PM] React+   || User: slayc127            || Channel: #yapper-committee                    || emoji=‼️; msg="I want to nap. I want to lay down for a ..." by adeyumii
[11/03/2025 10:30:42.144 PM] Message  || User: adeyumii            || Channel: #yapper-committee                    || Content: zzzzzz
[11/03/2025 10:30:44.235 PM] Message  || User: slayc127            || Channel: #yapper-committee                    || Content: as u should! kazius will probably do the same
[11/03/2025 10:30:57.102 PM] Message  || User: slayc127            || Channel: #yapper-committee                    || Content: staying up to finish lit review and introduction and study a little ...
[11/03/2025 10:31:17.217 PM] Message  || User: slayc127            || Channel: #yapper-committee                    || Content: idk if i should even care how i do i think bro is forreal that ill o...
[11/03/2025 10:31:23.587 PM] Message  || User: slayc127            || Channel: #yapper-committee                    || Content: sigh
[11/03/2025 10:31:47.728 PM] Message  || User: slayc127            || Channel: #yapper-committee                    || Content: (context this is fair but also i was sick w a drs note i did everyth...
[11/03/2025 10:32:05.803 PM] Message  || User: simplyshadow171295  || Channel: #yapper-committee                    || Content: gunjan is listening to the lock in playlist i made her life is good
[11/03/2025 10:32:09.872 PM] React+   || User: slayc127            || Channel: #yapper-committee                    || emoji=😆; msg="gunjan is listening to the lock in playl..." by simplyshadow171295
[11/03/2025 10:32:16.606 PM] Message  || User: simplyshadow171295  || Channel: #yapper-committee                    || Content: i share my grubby band kid music with the world
[11/03/2025 10:32:21.890 PM] Message  || User: slayc127            || Channel: #yapper-committee                    || Content: very exciting
[11/03/2025 10:32:31.177 PM] Message  || User: slayc127            || Channel: #yapper-committee                    || Content: my selections tonight were stardew music before i switched to bg3
[11/03/2025 10:32:39.295 PM] Message  || User: slayc127            || Channel: #yapper-committee                    || Content: and also brown noise
[11/03/2025 10:33:01.742 PM] Message  || User: simplyshadow171295  || Channel: #yapper-committee                    || Content: wind ensemble music is peak
[11/03/2025 10:33:19.298 PM] Message  || User: slayc127            || Channel: #yapper-committee                    || Content: i shall have to try it out sometime
[11/03/2025 10:33:27.232 PM] Message  || User: slayc127            || Channel: #yapper-committee                    || Content: i must return to Words and Horror
[11/03/2025 10:34:05.159 PM] Action   || Name: send_suppressed     || Trigger: ch=1341696618688286720               || Output: Gmail authorization needed. Open and approve, then reply: 'TomCat, au...
[11/03/2025 10:34:05.159 PM] Action   || Name: gmail_auth_url      || Trigger:                                      || Output: https://accounts.google.com/o/oauth2/auth?response_type=code&client_i...
[11/03/2025 10:34:05.159 PM] Action   || Name: gmail_log_scheduler || Trigger: auth                                 || Output: pending
[11/03/2025 10:39:58.713 PM] Message  || User: simplyshadow171295  || Channel: #yapper-committee                    || Content: /silly
[11/03/2025 10:41:24.952 PM] Message  || User: kcreepertux04       || Channel: #yapper-committee                    || Content: that’s reminds me of this post
[11/03/2025 10:41:25.728 PM] Message  || User: kcreepertux04       || Channel: #yapper-committee                    || Content: (no text; attachments=1)
[11/03/2025 10:44:26.176 PM] Message  || User: slayc127            || Channel: #yapper-committee                    || Content: bro im taking this tweet away from u guys /j
[11/03/2025 10:44:32.885 PM] React+   || User: slayc127            || Channel: #yapper-committee                    || emoji=😆; msg=1435126772134973581
[11/03/2025 10:44:42.774 PM] React+   || User: simplyshadow171295  || Channel: #yapper-committee                    || emoji=😆; msg="bro im taking this tweet away from u guy..." by slayc127
[11/03/2025 10:53:50.469 PM] Message  || User: the.lemonade.stand  || Channel: #purrley-pawsitive-pussy-pals        || Content: I need to do a line of coffee grounds
[11/03/2025 10:59:14.360 PM] React+   || User: a1darek             || Channel: #purrley-pawsitive-pussy-pals        || emoji=❤️; msg="I need to do a line of coffee grounds" by the.lemonade.stand
[11/03/2025 10:59:19.939 PM] Message  || User: a1darek             || Channel: #purrley-pawsitive-pussy-pals        || Content: repost
[11/03/2025 10:59:36.283 PM] Message  || User: a1darek             || Channel: #purrley-pawsitive-pussy-pals        || Content: Honestly the nap game is crazy strong I should do it more
[11/03/2025 11:00:11.491 PM] Message  || User: a1darek             || Channel: #purrley-pawsitive-pussy-pals        || Content: I've been up most of today on just like 2-3 hour naps those old dude...
[11/03/2025 11:02:17.920 PM] React+   || User: slayc127            || Channel: #purrley-pawsitive-pussy-pals        || emoji=❤️; msg="I need to do a line of coffee grounds" by the.lemonade.stand
[11/03/2025 11:02:20.978 PM] React+   || User: slayc127            || Channel: #purrley-pawsitive-pussy-pals        || emoji=😭; msg="Honestly the nap game is crazy strong I ..." by a1darek
[11/03/2025 11:02:21.836 PM] React+   || User: slayc127            || Channel: #purrley-pawsitive-pussy-pals        || emoji=😭; msg="I've been up most of today on just like ..." by a1darek
[11/03/2025 11:02:30.480 PM] Message  || User: slayc127            || Channel: #purrley-pawsitive-pussy-pals        || Content: this is incorrect please get more sleep
[11/03/2025 11:02:47.516 PM] Message  || User: slayc127            || Channel: #purrley-pawsitive-pussy-pals        || Content: i was gonna ask u how u r surviving w little sleep but i actually do...
[11/03/2025 11:03:00.140 PM] Message  || User: slayc127            || Channel: #purrley-pawsitive-pussy-pals        || Content: 8 hrs + or kazius is an evil person
[11/03/2025 11:03:21.392 PM] Action   || Name: send_suppressed     || Trigger: ch=1341696618688286720               || Output: Gmail authorization needed. Open and approve, then reply: 'TomCat, au...
[11/03/2025 11:03:21.392 PM] Action   || Name: gmail_auth_url      || Trigger:                                      || Output: https://accounts.google.com/o/oauth2/auth?response_type=code&client_i...
[11/03/2025 11:03:21.392 PM] Action   || Name: gmail_log_scheduler || Trigger: auth                                 || Output: pending
[11/03/2025 11:06:25.982 PM] React+   || User: emlenisgremlin      || Channel: #feeding-team                        || emoji=❤️; msg="@feeding team Its getting darker earlier..." by m_digio
[11/03/2025 11:06:27.664 PM] Action   || Name: send_suppressed     || Trigger: ch=1341696618688286720               || Output: Gmail authorization needed. Open and approve, then reply: 'TomCat, au...
[11/03/2025 11:06:27.681 PM] Action   || Name: gmail_auth_url      || Trigger:                                      || Output: https://accounts.google.com/o/oauth2/auth?response_type=code&client_i...
[11/03/2025 11:06:27.681 PM] Action   || Name: gmail_log_scheduler || Trigger: auth                                 || Output: pending
[11/03/2025 11:06:31.594 PM] Action   || Name: send_suppressed     || Trigger: ch=1341696618688286720               || Output: Gmail authorization needed. Open and approve, then reply: 'TomCat, au...
[11/03/2025 11:06:31.594 PM] Action   || Name: gmail_auth_url      || Trigger:                                      || Output: https://accounts.google.com/o/oauth2/auth?response_type=code&client_i...
[11/03/2025 11:06:31.597 PM] Action   || Name: gmail_log_scheduler || Trigger: auth                                 || Output: pending
[11/03/2025 11:07:28.854 PM] React+   || User: rice.muncher        || Channel: #yapper-committee                    || emoji=😭; msg="Context: I had the biggest pimple on my ..." by mochenoch
[11/03/2025 11:14:47.720 PM] Message  || User: a1darek             || Channel: #purrley-pawsitive-pussy-pals        || Content: idk it was mainly out of necessity
[11/03/2025 11:15:08.375 PM] Message  || User: a1darek             || Channel: #purrley-pawsitive-pussy-pals        || Content: Work + practical had the urgency juice in my brain go crazy
[11/03/2025 11:21:31.664 PM] Message  || User: plink5277           || Channel: #itty-bitty-kitty-commitee           || Content: Literally tweak parts to make it sound stupider
[11/03/2025 11:21:43.220 PM] React+   || User: lemonelon_          || Channel: #itty-bitty-kitty-commitee           || emoji=❤️; msg="Literally tweak parts to make it sound s..." by plink5277
[11/03/2025 11:22:11.185 PM] Message  || User: lemonelon_          || Channel: #itty-bitty-kitty-commitee           || Content: this is what i did and he read it again today in class and he goes "...
[11/03/2025 11:23:50.077 PM] Message  || User: slayc127            || Channel: #purrley-pawsitive-pussy-pals        || Content: my brain doesnt work like that anymore
[11/03/2025 11:24:11.750 PM] Message  || User: slayc127            || Channel: #purrley-pawsitive-pussy-pals        || Content: i have very little fear of deadlines it is not great
[11/03/2025 11:24:20.148 PM] React+   || User: slayc127            || Channel: #itty-bitty-kitty-commitee           || emoji=😭; msg="this is what i did and he read it again ..." by lemonelon_
[11/03/2025 11:25:12.388 PM] Message  || User: slayc127            || Channel: #itty-bitty-kitty-commitee           || Content: bro im so forreal id email him screenshots of your document edit his...
[11/03/2025 11:25:21.494 PM] Message  || User: slayc127            || Channel: #itty-bitty-kitty-commitee           || Content: esp if it impacts your grade in any severe way
[11/03/2025 11:26:58.370 PM] Message  || User: slayc127            || Channel: #itty-bitty-kitty-commitee           || Content: it doesnt need to be combative/argumenative, its mostly to cover you...
[11/03/2025 11:27:02.383 PM] Message  || User: slayc127            || Channel: #itty-bitty-kitty-commitee           || Content: idk this shit really pisses me off
[11/03/2025 11:28:27.899 PM] Message  || User: plink5277           || Channel: #itty-bitty-kitty-commitee           || Content: Who is this man
[11/03/2025 11:29:17.403 PM] Message  || User: lemonelon_          || Channel: #itty-bitty-kitty-commitee           || Content: 😫 dont out me but its professor thompson
[11/03/2025 11:30:06.752 PM] Action   || Name: send_suppressed     || Trigger: ch=1341696618688286720               || Output: Gmail authorization needed. Open and approve, then reply: 'TomCat, au...
[11/03/2025 11:30:06.752 PM] Action   || Name: gmail_auth_url      || Trigger:                                      || Output: https://accounts.google.com/o/oauth2/auth?response_type=code&client_i...
[11/03/2025 11:30:06.755 PM] Action   || Name: gmail_log_scheduler || Trigger: auth                                 || Output: pending
[11/03/2025 11:30:25.534 PM] Message  || User: slayc127            || Channel: #itty-bitty-kitty-commitee           || Content: i do not know this person
[11/03/2025 11:30:46.402 PM] Message  || User: lemonelon_          || Channel: #itty-bitty-kitty-commitee           || Content: he's a PhD student so he's not real
[11/03/2025 11:30:48.426 PM] Message  || User: plink5277           || Channel: #itty-bitty-kitty-commitee           || Content: Me neither
[11/03/2025 11:30:51.495 PM] Message  || User: plink5277           || Channel: #itty-bitty-kitty-commitee           || Content: He’s the ai
[11/03/2025 11:30:55.575 PM] React+   || User: lemonelon_          || Channel: #itty-bitty-kitty-commitee           || emoji=❤️; msg="Me neither" by plink5277
[11/03/2025 11:30:58.548 PM] React+   || User: lemonelon_          || Channel: #itty-bitty-kitty-commitee           || emoji=❤️; msg="He’s the ai" by plink5277
[11/03/2025 11:30:59.113 PM] React-   || User: unknown             || Channel: #itty-bitty-kitty-commitee           || emoji=❤️; msg="Me neither" by plink5277
[11/03/2025 11:30:59.113 PM] Message  || User: slayc127            || Channel: #itty-bitty-kitty-commitee           || Content: yeah we will delete him me thinks
[11/03/2025 11:31:05.447 PM] Message  || User: slayc127            || Channel: #itty-bitty-kitty-commitee           || Content: if hes a phd student DEFINITELY report him
[11/03/2025 11:31:06.861 PM] Message  || User: plink5277           || Channel: #itty-bitty-kitty-commitee           || Content: He probably charges in the classroom after lectures
[11/03/2025 11:31:11.333 PM] React+   || User: lemonelon_          || Channel: #itty-bitty-kitty-commitee           || emoji=❤️; msg="yeah we will delete him me thinks" by slayc127
[11/03/2025 11:31:13.373 PM] React+   || User: lemonelon_          || Channel: #itty-bitty-kitty-commitee           || emoji=❤️; msg="He probably charges in the classroom aft..." by plink5277
[11/03/2025 11:31:15.363 PM] React+   || User: lemonelon_          || Channel: #itty-bitty-kitty-commitee           || emoji=❤️; msg="if hes a phd student DEFINITELY report h..." by slayc127
[11/03/2025 11:31:17.167 PM] React+   || User: simplyshadow171295  || Channel: #itty-bitty-kitty-commitee           || emoji=❤️; msg="yeah we will delete him me thinks" by slayc127
[11/03/2025 11:31:17.971 PM] React+   || User: simplyshadow171295  || Channel: #itty-bitty-kitty-commitee           || emoji=❤️; msg="if hes a phd student DEFINITELY report h..." by slayc127
[11/03/2025 11:31:36.104 PM] Message  || User: slayc127            || Channel: #itty-bitty-kitty-commitee           || Content: i would talk to arroyo if u feel comfortable to see what she recomme...
[11/03/2025 11:31:44.317 PM] Message  || User: lemonelon_          || Channel: #itty-bitty-kitty-commitee           || Content: I did today sob bc I know dr johnson is going to keep asking me whet...
[11/03/2025 11:31:51.520 PM] React+   || User: slayc127            || Channel: #itty-bitty-kitty-commitee           || emoji=😭; msg="I did today sob bc I know dr johnson is ..." by lemonelon_
[11/03/2025 11:31:51.797 PM] React+   || User: lemonelon_          || Channel: #itty-bitty-kitty-commitee           || emoji=❤️; msg="i would talk to arroyo if u feel comfort..." by slayc127
[11/03/2025 11:31:52.969 PM] React+   || User: slayc127            || Channel: #itty-bitty-kitty-commitee           || emoji=‼️; msg="I did today sob bc I know dr johnson is ..." by lemonelon_
[11/03/2025 11:31:55.611 PM] Message  || User: slayc127            || Channel: #itty-bitty-kitty-commitee           || Content: GOOD
[11/03/2025 11:31:58.176 PM] Message  || User: slayc127            || Channel: #itty-bitty-kitty-commitee           || Content: okay im glad to hear
[11/03/2025 11:32:51.340 PM] Message  || User: lifeye              || Channel: #feeding-team                        || Content: (no text; attachments=1)
[11/03/2025 11:32:51.356 PM] Action   || Name: feed_pending_exp... || Trigger: ch=643586809166561310; user=80239... || Output: 
[11/03/2025 11:33:02.448 PM] Message  || User: lifeye              || Channel: #feeding-team                        || Content: maintenance fed
[11/03/2025 11:33:02.464 PM] Intent   || feed_update               ||                                               || station=Maintenance; dates=['2025-11-03']
[11/03/2025 11:33:04.237 PM] Action   || Name: sheet_mark          || Trigger: station=Maintenance date=2025-11-03  || Output: ok
[11/03/2025 11:33:04.237 PM] Action   || Name: feed_update         || Trigger: station=Maintenance; dates=2025-1... || Output: ok
[11/03/2025 11:33:06.333 PM] Edit     || User: lifeye              || Channel: #feeding-team                        || maintenance fed -> maintenance fed!!
[11/03/2025 11:33:30.195 PM] React+   || User: slayc127            || Channel: #feeding-team                        || emoji=‼️; msg=1435139714360545430
[11/03/2025 11:33:43.285 PM] Message  || User: lifeye              || Channel: #feeding-team                        || Content: before twelve finally
[11/03/2025 11:35:16.728 PM] Message  || User: slayc127            || Channel: #feeding-team                        || Content: yahoo!
[11/03/2025 11:50:05.943 PM] Message  || User: austinbaustinb      || Channel: #purrley-pawsitive-pussy-pals        || Content: Did y’all go to driving school
[11/03/2025 11:50:13.678 PM] Message  || User: austinbaustinb      || Channel: #purrley-pawsitive-pussy-pals        || Content: I am beginning to learn that is uncommon
[11/03/2025 11:50:34.052 PM] Message  || User: austinbaustinb      || Channel: #purrley-pawsitive-pussy-pals        || Content: Random teenager with AirPods in didn’t check her blind spot and almo...
[11/03/2025 11:51:26.427 PM] React+   || User: slayc127            || Channel: #purrley-pawsitive-pussy-pals        || emoji=😆; msg="I am beginning to learn that is uncommon" by austinbaustinb
[11/03/2025 11:52:16.639 PM] Action   || Name: send_suppressed     || Trigger: ch=1341696618688286720               || Output: Gmail authorization needed. Open and approve, then reply: 'TomCat, au...
[11/03/2025 11:52:16.641 PM] Action   || Name: gmail_auth_url      || Trigger:                                      || Output: https://accounts.google.com/o/oauth2/auth?response_type=code&client_i...
[11/03/2025 11:52:16.643 PM] Action   || Name: gmail_log_scheduler || Trigger: auth                                 || Output: pending
