[11/22/2025 12:16:34.753 AM] Online   || User: Tom Cat#8337        || Guilds: 2                                    
[11/22/2025 12:16:36.893 AM] Health   || Component: image_tab      || Status: ok                                    || channel_id=551084964318543904 tab=TCBPicsInput
[11/22/2025 12:16:37.903 AM] Health   || Component: image_tab      || Status: ok                                    || channel_id=639882573199441930 tab=TCBPicsInput
[11/22/2025 12:16:39.031 AM] Health   || Component: image_tab      || Status: ok                                    || channel_id=1341696618688286720 tab=TCBPicsInput
[11/22/2025 12:16:40.063 AM] Health   || Component: image_tab      || Status: ok                                    || channel_id=1344745306620694558 tab=TCBVetBillInput
[11/22/2025 12:16:40.550 AM] Health   || Component: feeding_tab    || Status: ok                                   
[11/22/2025 12:16:41.067 AM] Action   || Name: feeding_scheduler   || Trigger: already_started                      || Output: skipped
[11/22/2025 12:16:41.755 AM] Action   || Name: gmail_log_scheduler || Trigger: found=1                              || Output: logged=0
[11/22/2025 12:16:41.794 AM] Action   || Name: finance_skip_dup... || Trigger: buffer                               || Output: Sophia Herrera $6.00 on 2025-08-26
[11/22/2025 12:16:41.794 AM] Action   || Name: finance_skip_dup... || Trigger: buffer                               || Output: Axel Torres $24.25 on 2025-08-22
[11/22/2025 12:16:41.797 AM] Action   || Name: finance_skip_dup... || Trigger: buffer                               || Output: Megan Digiovanni $47.62 on 2025-08-26
[11/22/2025 12:16:41.797 AM] Action   || Name: finance_skip_dup... || Trigger: buffer                               || Output: M. Padron $20.00 on 2025-08-26
[11/22/2025 12:16:41.797 AM] Action   || Name: finance_skip_dup... || Trigger: buffer                               || Output: Sophia Herrera $6.00 on 2025-08-26
[11/22/2025 12:16:41.797 AM] Action   || Name: finance_skip_dup... || Trigger: buffer                               || Output: Addison Loera $8.00 on 2025-08-26
[11/22/2025 12:16:41.797 AM] Action   || Name: finance_skip_dup... || Trigger: buffer                               || Output: Amber Thomas $5.00 on 2025-08-26
[11/22/2025 12:16:41.802 AM] Action   || Name: finance_skip_dup... || Trigger: buffer                               || Output: Jordin Baylee $5.00 on 2025-08-26
[11/22/2025 12:16:41.803 AM] Action   || Name: finance_skip_dup... || Trigger: buffer                               || Output: Kathleen Cantu $1.00 on 2025-08-26
[11/22/2025 12:16:41.803 AM] Action   || Name: finance_skip_dup... || Trigger: buffer                               || Output: Amber Thomas $3.00 on 2025-08-26
[11/22/2025 12:16:41.806 AM] Action   || Name: finance_skip_dup... || Trigger: buffer                               || Output: Rob Jimenez $3.00 on 2025-08-26
[11/22/2025 12:16:41.806 AM] Action   || Name: finance_skip_dup... || Trigger: buffer                               || Output: Daniel Brantley $3.00 on 2025-08-26
[11/22/2025 12:16:41.806 AM] Action   || Name: finance_skip_dup... || Trigger: buffer                               || Output: Isabella Klein $9.70 on 2025-08-26
[11/22/2025 12:16:41.809 AM] Action   || Name: finance_skip_dup... || Trigger: buffer                               || Output: Wix $25.98 on 2025-08-26
[11/22/2025 12:16:41.810 AM] Action   || Name: finance_skip_dup... || Trigger: buffer                               || Output: Nelda Hernandez $2.00 on 2025-08-26
[11/22/2025 12:16:41.810 AM] Action   || Name: finance_skip_dup... || Trigger: buffer                               || Output: Troy Broome $1.00 on 2025-08-26
[11/22/2025 12:16:41.810 AM] Action   || Name: finance_skip_dup... || Trigger: buffer                               || Output: Div Bits $2.00 on 2025-08-26
[11/22/2025 12:16:41.810 AM] Action   || Name: finance_skip_dup... || Trigger: buffer                               || Output: Jacob Sandoval $1.00 on 2025-08-26
[11/22/2025 12:16:41.814 AM] Action   || Name: finance_skip_dup... || Trigger: buffer                               || Output: Aubrey Cunningham $10.00 on 2025-08-26
[11/22/2025 12:16:41.814 AM] Action   || Name: finance_skip_dup... || Trigger: buffer                               || Output: Maxwell Preston $5.00 on 2025-08-26
[11/22/2025 12:16:41.814 AM] Action   || Name: finance_skip_dup... || Trigger: buffer                               || Output: Sophia Herrera $6.00 on 2025-08-26
[11/22/2025 12:16:41.814 AM] Action   || Name: finance_skip_dup... || Trigger: buffer                               || Output: Derek Fuentes $25.98 on 2025-08-26
[11/22/2025 12:16:41.814 AM] Action   || Name: finance_skip_dup... || Trigger: buffer                               || Output: Miguel V $5.00 on 2025-08-26
[11/22/2025 12:16:41.814 AM] Action   || Name: finance_skip_dup... || Trigger: buffer                               || Output: Nelda Hernandez $3.00 on 2025-08-26
[11/22/2025 12:16:41.820 AM] Action   || Name: finance_skip_dup... || Trigger: buffer                               || Output: Megan Digiovanni $130.00 on 2025-08-26
[11/22/2025 12:16:41.821 AM] Action   || Name: finance_skip_dup... || Trigger: buffer                               || Output: Pedro Savala $5.00 on 2025-08-27
[11/22/2025 12:16:41.822 AM] Action   || Name: finance_skip_dup... || Trigger: buffer                               || Output: Jonathan Mcgeever $5.00 on 2025-08-27
[11/22/2025 12:16:41.822 AM] Action   || Name: finance_skip_dup... || Trigger: buffer                               || Output: Py Store Here Pantego $54.00 on 2025-08-20
[11/22/2025 12:16:41.825 AM] Action   || Name: finance_skip_dup... || Trigger: buffer                               || Output: Megan Digiovanni $74.92 on 2025-07-30
[11/22/2025 12:16:41.825 AM] Action   || Name: finance_skip_dup... || Trigger: buffer                               || Output: Cassandra Nelson $7.00 on 2025-11-04
[11/22/2025 12:16:43.570 AM] Action   || Name: finance_skip_dup... || Trigger: kind=income                          || Output: Cynthia griffith $10.00 on 2025-04-16
[11/22/2025 12:16:43.572 AM] Action   || Name: finance_skip_dup... || Trigger: kind=income                          || Output: Caleb Moran $4.00 on 2025-04-16
[11/22/2025 12:16:43.572 AM] Action   || Name: finance_skip_dup... || Trigger: kind=income                          || Output: Alberto $6.00 on 2025-04-16
[11/22/2025 12:16:43.572 AM] Action   || Name: finance_skip_dup... || Trigger: kind=income                          || Output: Jacob Sandoval $2.91 on 2025-04-16
[11/22/2025 12:16:43.572 AM] Action   || Name: finance_skip_dup... || Trigger: kind=income                          || Output: tay $5.00 on 2025-04-16
[11/22/2025 12:16:43.572 AM] Action   || Name: finance_skip_dup... || Trigger: kind=income                          || Output: Nelda Hernandez $2.00 on 2025-04-16
[11/22/2025 12:16:43.578 AM] Action   || Name: finance_skip_dup... || Trigger: kind=income                          || Output: Maria Olds $10.00 on 2025-04-16
[11/22/2025 12:16:43.578 AM] Action   || Name: finance_skip_dup... || Trigger: kind=income                          || Output: Mario Rodriguez $3.00 on 2025-04-16
[11/22/2025 12:16:43.581 AM] Action   || Name: finance_skip_dup... || Trigger: kind=income                          || Output: Elisha Taylor $5.00 on 2025-04-16
[11/22/2025 12:16:43.581 AM] Action   || Name: finance_skip_dup... || Trigger: kind=income                          || Output: Jacob Sandoval $3.00 on 2025-04-16
[11/22/2025 12:16:43.581 AM] Action   || Name: finance_skip_dup... || Trigger: kind=income                          || Output: Isabella Klein $9.70 on 2025-08-26
[11/22/2025 12:16:43.581 AM] Action   || Name: finance_skip_dup... || Trigger: kind=income                          || Output: Nelda Hernandez $2.00 on 2025-08-26
[11/22/2025 12:16:43.584 AM] Action   || Name: finance_skip_dup... || Trigger: kind=income                          || Output: Troy Broome $1.00 on 2025-08-26
[11/22/2025 12:16:43.584 AM] Action   || Name: finance_skip_dup... || Trigger: kind=income                          || Output: Div Bits $2.00 on 2025-08-26
[11/22/2025 12:16:43.584 AM] Action   || Name: finance_skip_dup... || Trigger: kind=income                          || Output: Jacob Sandoval $1.00 on 2025-08-26
[11/22/2025 12:16:43.584 AM] Action   || Name: finance_skip_dup... || Trigger: kind=income                          || Output: Aubrey Cunningham $10.00 on 2025-08-26
[11/22/2025 12:16:43.584 AM] Action   || Name: finance_skip_dup... || Trigger: kind=income                          || Output: Maxwell Preston $5.00 on 2025-08-26
[11/22/2025 12:16:43.584 AM] Action   || Name: finance_skip_dup... || Trigger: kind=income                          || Output: Sophia Herrera $6.00 on 2025-08-26
[11/22/2025 12:16:43.590 AM] Action   || Name: finance_skip_dup... || Trigger: kind=income                          || Output: Miguel V $5.00 on 2025-08-26
[11/22/2025 12:16:43.590 AM] Action   || Name: finance_skip_dup... || Trigger: kind=income                          || Output: Nelda Hernandez $3.00 on 2025-08-26
[11/22/2025 12:16:43.590 AM] Action   || Name: finance_skip_dup... || Trigger: kind=income                          || Output: Megan Digiovanni $130.00 on 2025-08-26
[11/22/2025 12:16:43.593 AM] Action   || Name: finance_skip_dup... || Trigger: kind=income                          || Output: Pedro Savala $5.00 on 2025-08-27
[11/22/2025 12:16:43.593 AM] Action   || Name: finance_skip_dup... || Trigger: kind=income                          || Output: Jonathan Mcgeever $5.00 on 2025-08-27
[11/22/2025 12:16:43.593 AM] Action   || Name: finance_skip_dup... || Trigger: kind=income                          || Output: Axel Torres $24.25 on 2025-08-22
[11/22/2025 12:16:43.593 AM] Action   || Name: finance_skip_dup... || Trigger: kind=income                          || Output: M. Padron $20.00 on 2025-08-26
[11/22/2025 12:16:43.597 AM] Action   || Name: finance_skip_dup... || Trigger: kind=income                          || Output: Addison Loera $8.00 on 2025-08-26
[11/22/2025 12:16:43.599 AM] Action   || Name: finance_skip_dup... || Trigger: kind=income                          || Output: Amber Thomas $5.00 on 2025-08-26
[11/22/2025 12:16:43.599 AM] Action   || Name: finance_skip_dup... || Trigger: kind=income                          || Output: Jordin Baylee $5.00 on 2025-08-26
[11/22/2025 12:16:43.599 AM] Action   || Name: finance_skip_dup... || Trigger: kind=income                          || Output: Kathleen Cantu $1.00 on 2025-08-26
[11/22/2025 12:16:43.601 AM] Action   || Name: finance_skip_dup... || Trigger: kind=income                          || Output: Amber Thomas $3.00 on 2025-08-26
[11/22/2025 12:16:43.601 AM] Action   || Name: finance_skip_dup... || Trigger: kind=income                          || Output: Rob Jimenez $3.00 on 2025-08-26
[11/22/2025 12:16:43.601 AM] Action   || Name: finance_skip_dup... || Trigger: kind=income                          || Output: Daniel Brantley $3.00 on 2025-08-26
[11/22/2025 12:16:43.601 AM] Action   || Name: finance_skip_dup... || Trigger: kind=income                          || Output: Cassandra Nelson $6.00 on 2025-11-04
[11/22/2025 12:16:43.601 AM] Action   || Name: finance_skip_dup... || Trigger: kind=income                          || Output: Kristyn Jackson $9.00 on 2025-10-22
[11/22/2025 12:16:43.606 AM] Action   || Name: finance_skip_dup... || Trigger: kind=income                          || Output: Victoria Elkins $5.00 on 2025-10-22
[11/22/2025 12:16:43.606 AM] Action   || Name: finance_skip_dup... || Trigger: kind=income                          || Output: Alexander  Martinez $3.00 on 2025-10-22
[11/22/2025 12:16:43.606 AM] Action   || Name: finance_skip_dup... || Trigger: kind=income                          || Output: Richa  Desai $6.00 on 2025-10-22
[11/22/2025 12:16:43.609 AM] Action   || Name: finance_skip_dup... || Trigger: kind=income                          || Output: Emily Lanham $6.00 on 2025-10-22
[11/22/2025 12:16:43.609 AM] Action   || Name: finance_skip_dup... || Trigger: kind=income                          || Output: Mariah Hall $3.00 on 2025-10-22
[11/22/2025 12:16:43.609 AM] Action   || Name: finance_skip_dup... || Trigger: kind=income                          || Output: Sophia Herrera $5.00 on 2025-10-22
[11/22/2025 12:16:43.609 AM] Action   || Name: finance_skip_dup... || Trigger: kind=income                          || Output: Kylie Crook $5.00 on 2025-09-16
[11/22/2025 12:16:44.924 AM] Action   || Name: finance_skip_dup... || Trigger: kind=expense                         || Output: Py Store Here Pantego $54.00 on 2025-04-20
[11/22/2025 12:16:44.924 AM] Action   || Name: finance_skip_dup... || Trigger: kind=expense                         || Output: j s $11.68 on 2025-04-22
[11/22/2025 12:16:44.924 AM] Action   || Name: finance_skip_dup... || Trigger: kind=expense                         || Output: Wix $25.98 on 2025-04-26
[11/22/2025 12:16:44.924 AM] Action   || Name: finance_skip_dup... || Trigger: kind=expense                         || Output: Wix $25.98 on 2025-08-26
[11/22/2025 12:16:44.924 AM] Action   || Name: finance_skip_dup... || Trigger: kind=expense                         || Output: Derek Fuentes $25.98 on 2025-08-26
[11/22/2025 12:16:44.924 AM] Action   || Name: finance_skip_dup... || Trigger: kind=expense                         || Output: Py Store Here Pantego $54.00 on 2025-08-20
[11/22/2025 12:16:44.931 AM] Action   || Name: finance_skip_dup... || Trigger: kind=expense                         || Output: Megan Digiovanni $47.62 on 2025-08-26
[11/22/2025 12:16:44.931 AM] Action   || Name: finance_skip_dup... || Trigger: kind=expense                         || Output: Megan Digiovanni $74.92 on 2025-07-30
[11/22/2025 12:16:44.931 AM] Action   || Name: finance_skip_dup... || Trigger: kind=expense                         || Output: Py Store Here Pantego $54.00 on 2025-05-20
[11/22/2025 12:16:44.933 AM] Action   || Name: finance_skip_dup... || Trigger: kind=expense                         || Output: Derek Fuentes $72.45 on 2025-05-23
[11/22/2025 12:16:44.934 AM] Action   || Name: finance_skip_dup... || Trigger: kind=expense                         || Output: Wix $25.98 on 2025-05-26
[11/22/2025 12:16:44.934 AM] Action   || Name: finance_skip_dup... || Trigger: kind=expense                         || Output: Megan Digiovanni $89.91 on 2025-10-05
[11/22/2025 12:16:44.934 AM] Action   || Name: finance_skip_dup... || Trigger: kind=expense                         || Output: Derek Fuentes $20.00 on 2025-09-10
[11/22/2025 12:18:56.188 AM] Message  || User: slayc127            || Channel: #purrley-pawsitive-pussy-pals        || Content: i am feeling so very sentimental tonight guys
[11/22/2025 12:19:29.392 AM] Message  || User: slayc127            || Channel: #purrley-pawsitive-pussy-pals        || Content: to finally know where i want to be....what i wanr my future to look ...
[11/22/2025 12:20:08.833 AM] Message  || User: slayc127            || Channel: #purrley-pawsitive-pussy-pals        || Content: i am so very privileged to be able to pursue the things i love and i...
[11/22/2025 12:33:29.395 AM] Message  || User: .bettercalljack     || Channel: #itty-bitty-kitty-commitee           || Content: Had to take tongue ring out, it was going against my teeth when i ta...
[11/22/2025 12:46:20.417 AM] React+   || User: kitadan             || Channel: #yapper-committee                    || emoji=🔥; msg="Me when little light population" by pancakemixteamdj
[11/22/2025 12:50:45.277 AM] Online   || User: Tom Cat#8337        || Guilds: 2                                    
[11/22/2025 12:50:48.742 AM] Health   || Component: image_tab      || Status: ok                                    || channel_id=551084964318543904 tab=TCBPicsInput
[11/22/2025 12:50:50.429 AM] Health   || Component: image_tab      || Status: ok                                    || channel_id=639882573199441930 tab=TCBPicsInput
[11/22/2025 12:50:53.490 AM] Health   || Component: image_tab      || Status: ok                                    || channel_id=1341696618688286720 tab=TCBPicsInput
[11/22/2025 12:50:55.059 AM] Health   || Component: image_tab      || Status: ok                                    || channel_id=1344745306620694558 tab=TCBVetBillInput
[11/22/2025 12:50:55.411 AM] Health   || Component: feeding_tab    || Status: ok                                   
[11/22/2025 12:50:57.798 AM] Action   || Name: feeding_scheduler   || Trigger: already_started                      || Output: skipped
[11/22/2025 12:50:59.034 AM] Action   || Name: gmail_log_scheduler || Trigger: found=1                              || Output: logged=0
[11/22/2025 12:50:59.071 AM] Action   || Name: finance_skip_dup... || Trigger: buffer                               || Output: Sophia Herrera $6.00 on 2025-08-26
[11/22/2025 12:50:59.071 AM] Action   || Name: finance_skip_dup... || Trigger: buffer                               || Output: Axel Torres $24.25 on 2025-08-22
[11/22/2025 12:50:59.076 AM] Action   || Name: finance_skip_dup... || Trigger: buffer                               || Output: Megan Digiovanni $47.62 on 2025-08-26
[11/22/2025 12:50:59.076 AM] Action   || Name: finance_skip_dup... || Trigger: buffer                               || Output: M. Padron $20.00 on 2025-08-26
[11/22/2025 12:50:59.076 AM] Action   || Name: finance_skip_dup... || Trigger: buffer                               || Output: Sophia Herrera $6.00 on 2025-08-26
[11/22/2025 12:50:59.076 AM] Action   || Name: finance_skip_dup... || Trigger: buffer                               || Output: Addison Loera $8.00 on 2025-08-26
[11/22/2025 12:50:59.081 AM] Action   || Name: finance_skip_dup... || Trigger: buffer                               || Output: Amber Thomas $5.00 on 2025-08-26
[11/22/2025 12:50:59.081 AM] Action   || Name: finance_skip_dup... || Trigger: buffer                               || Output: Jordin Baylee $5.00 on 2025-08-26
[11/22/2025 12:50:59.081 AM] Action   || Name: finance_skip_dup... || Trigger: buffer                               || Output: Kathleen Cantu $1.00 on 2025-08-26
[11/22/2025 12:50:59.083 AM] Action   || Name: finance_skip_dup... || Trigger: buffer                               || Output: Amber Thomas $3.00 on 2025-08-26
[11/22/2025 12:50:59.085 AM] Action   || Name: finance_skip_dup... || Trigger: buffer                               || Output: Rob Jimenez $3.00 on 2025-08-26
[11/22/2025 12:50:59.085 AM] Action   || Name: finance_skip_dup... || Trigger: buffer                               || Output: Daniel Brantley $3.00 on 2025-08-26
[11/22/2025 12:50:59.085 AM] Action   || Name: finance_skip_dup... || Trigger: buffer                               || Output: Isabella Klein $9.70 on 2025-08-26
[11/22/2025 12:50:59.085 AM] Action   || Name: finance_skip_dup... || Trigger: buffer                               || Output: Wix $25.98 on 2025-08-26
[11/22/2025 12:50:59.085 AM] Action   || Name: finance_skip_dup... || Trigger: buffer                               || Output: Nelda Hernandez $2.00 on 2025-08-26
[11/22/2025 12:50:59.085 AM] Action   || Name: finance_skip_dup... || Trigger: buffer                               || Output: Troy Broome $1.00 on 2025-08-26
[11/22/2025 12:50:59.085 AM] Action   || Name: finance_skip_dup... || Trigger: buffer                               || Output: Div Bits $2.00 on 2025-08-26
[11/22/2025 12:50:59.092 AM] Action   || Name: finance_skip_dup... || Trigger: buffer                               || Output: Jacob Sandoval $1.00 on 2025-08-26
[11/22/2025 12:50:59.092 AM] Action   || Name: finance_skip_dup... || Trigger: buffer                               || Output: Aubrey Cunningham $10.00 on 2025-08-26
[11/22/2025 12:50:59.094 AM] Action   || Name: finance_skip_dup... || Trigger: buffer                               || Output: Maxwell Preston $5.00 on 2025-08-26
[11/22/2025 12:50:59.094 AM] Action   || Name: finance_skip_dup... || Trigger: buffer                               || Output: Sophia Herrera $6.00 on 2025-08-26
[11/22/2025 12:50:59.097 AM] Action   || Name: finance_skip_dup... || Trigger: buffer                               || Output: Derek Fuentes $25.98 on 2025-08-26
[11/22/2025 12:50:59.097 AM] Action   || Name: finance_skip_dup... || Trigger: buffer                               || Output: Miguel V $5.00 on 2025-08-26
[11/22/2025 12:50:59.097 AM] Action   || Name: finance_skip_dup... || Trigger: buffer                               || Output: Nelda Hernandez $3.00 on 2025-08-26
[11/22/2025 12:50:59.100 AM] Action   || Name: finance_skip_dup... || Trigger: buffer                               || Output: Megan Digiovanni $130.00 on 2025-08-26
[11/22/2025 12:50:59.101 AM] Action   || Name: finance_skip_dup... || Trigger: buffer                               || Output: Pedro Savala $5.00 on 2025-08-27
[11/22/2025 12:50:59.101 AM] Action   || Name: finance_skip_dup... || Trigger: buffer                               || Output: Jonathan Mcgeever $5.00 on 2025-08-27
[11/22/2025 12:50:59.101 AM] Action   || Name: finance_skip_dup... || Trigger: buffer                               || Output: Py Store Here Pantego $54.00 on 2025-08-20
[11/22/2025 12:50:59.101 AM] Action   || Name: finance_skip_dup... || Trigger: buffer                               || Output: Megan Digiovanni $74.92 on 2025-07-30
[11/22/2025 12:50:59.105 AM] Action   || Name: finance_skip_dup... || Trigger: buffer                               || Output: Cassandra Nelson $7.00 on 2025-11-04
[11/22/2025 12:51:02.065 AM] Action   || Name: finance_skip_dup... || Trigger: kind=income                          || Output: Cynthia griffith $10.00 on 2025-04-16
[11/22/2025 12:51:02.065 AM] Action   || Name: finance_skip_dup... || Trigger: kind=income                          || Output: Caleb Moran $4.00 on 2025-04-16
[11/22/2025 12:51:02.065 AM] Action   || Name: finance_skip_dup... || Trigger: kind=income                          || Output: Alberto $6.00 on 2025-04-16
[11/22/2025 12:51:02.065 AM] Action   || Name: finance_skip_dup... || Trigger: kind=income                          || Output: Jacob Sandoval $2.91 on 2025-04-16
[11/22/2025 12:51:02.065 AM] Action   || Name: finance_skip_dup... || Trigger: kind=income                          || Output: tay $5.00 on 2025-04-16
[11/22/2025 12:51:02.065 AM] Action   || Name: finance_skip_dup... || Trigger: kind=income                          || Output: Nelda Hernandez $2.00 on 2025-04-16
[11/22/2025 12:51:02.073 AM] Action   || Name: finance_skip_dup... || Trigger: kind=income                          || Output: Maria Olds $10.00 on 2025-04-16
[11/22/2025 12:51:02.073 AM] Action   || Name: finance_skip_dup... || Trigger: kind=income                          || Output: Mario Rodriguez $3.00 on 2025-04-16
[11/22/2025 12:51:02.073 AM] Action   || Name: finance_skip_dup... || Trigger: kind=income                          || Output: Elisha Taylor $5.00 on 2025-04-16
[11/22/2025 12:51:02.076 AM] Action   || Name: finance_skip_dup... || Trigger: kind=income                          || Output: Jacob Sandoval $3.00 on 2025-04-16
[11/22/2025 12:51:02.076 AM] Action   || Name: finance_skip_dup... || Trigger: kind=income                          || Output: Isabella Klein $9.70 on 2025-08-26
[11/22/2025 12:51:02.076 AM] Action   || Name: finance_skip_dup... || Trigger: kind=income                          || Output: Nelda Hernandez $2.00 on 2025-08-26
[11/22/2025 12:51:02.076 AM] Action   || Name: finance_skip_dup... || Trigger: kind=income                          || Output: Troy Broome $1.00 on 2025-08-26
[11/22/2025 12:51:02.076 AM] Action   || Name: finance_skip_dup... || Trigger: kind=income                          || Output: Div Bits $2.00 on 2025-08-26
[11/22/2025 12:51:02.081 AM] Action   || Name: finance_skip_dup... || Trigger: kind=income                          || Output: Jacob Sandoval $1.00 on 2025-08-26
[11/22/2025 12:51:02.082 AM] Action   || Name: finance_skip_dup... || Trigger: kind=income                          || Output: Aubrey Cunningham $10.00 on 2025-08-26
[11/22/2025 12:51:02.082 AM] Action   || Name: finance_skip_dup... || Trigger: kind=income                          || Output: Maxwell Preston $5.00 on 2025-08-26
[11/22/2025 12:51:02.084 AM] Action   || Name: finance_skip_dup... || Trigger: kind=income                          || Output: Sophia Herrera $6.00 on 2025-08-26
[11/22/2025 12:51:02.084 AM] Action   || Name: finance_skip_dup... || Trigger: kind=income                          || Output: Miguel V $5.00 on 2025-08-26
[11/22/2025 12:51:02.084 AM] Action   || Name: finance_skip_dup... || Trigger: kind=income                          || Output: Nelda Hernandez $3.00 on 2025-08-26
[11/22/2025 12:51:02.084 AM] Action   || Name: finance_skip_dup... || Trigger: kind=income                          || Output: Megan Digiovanni $130.00 on 2025-08-26
[11/22/2025 12:51:02.084 AM] Action   || Name: finance_skip_dup... || Trigger: kind=income                          || Output: Pedro Savala $5.00 on 2025-08-27
[11/22/2025 12:51:02.084 AM] Action   || Name: finance_skip_dup... || Trigger: kind=income                          || Output: Jonathan Mcgeever $5.00 on 2025-08-27
[11/22/2025 12:51:02.084 AM] Action   || Name: finance_skip_dup... || Trigger: kind=income                          || Output: Axel Torres $24.25 on 2025-08-22
[11/22/2025 12:51:02.084 AM] Action   || Name: finance_skip_dup... || Trigger: kind=income                          || Output: M. Padron $20.00 on 2025-08-26
[11/22/2025 12:51:02.084 AM] Action   || Name: finance_skip_dup... || Trigger: kind=income                          || Output: Addison Loera $8.00 on 2025-08-26
[11/22/2025 12:51:02.084 AM] Action   || Name: finance_skip_dup... || Trigger: kind=income                          || Output: Amber Thomas $5.00 on 2025-08-26
[11/22/2025 12:51:02.093 AM] Action   || Name: finance_skip_dup... || Trigger: kind=income                          || Output: Jordin Baylee $5.00 on 2025-08-26
[11/22/2025 12:51:02.093 AM] Action   || Name: finance_skip_dup... || Trigger: kind=income                          || Output: Kathleen Cantu $1.00 on 2025-08-26
[11/22/2025 12:51:02.095 AM] Action   || Name: finance_skip_dup... || Trigger: kind=income                          || Output: Amber Thomas $3.00 on 2025-08-26
[11/22/2025 12:51:02.096 AM] Action   || Name: finance_skip_dup... || Trigger: kind=income                          || Output: Rob Jimenez $3.00 on 2025-08-26
[11/22/2025 12:51:02.097 AM] Action   || Name: finance_skip_dup... || Trigger: kind=income                          || Output: Daniel Brantley $3.00 on 2025-08-26
[11/22/2025 12:51:02.098 AM] Action   || Name: finance_skip_dup... || Trigger: kind=income                          || Output: Cassandra Nelson $6.00 on 2025-11-04
[11/22/2025 12:51:02.100 AM] Action   || Name: finance_skip_dup... || Trigger: kind=income                          || Output: Kristyn Jackson $9.00 on 2025-10-22
[11/22/2025 12:51:02.101 AM] Action   || Name: finance_skip_dup... || Trigger: kind=income                          || Output: Victoria Elkins $5.00 on 2025-10-22
[11/22/2025 12:51:02.101 AM] Action   || Name: finance_skip_dup... || Trigger: kind=income                          || Output: Alexander  Martinez $3.00 on 2025-10-22
[11/22/2025 12:51:02.101 AM] Action   || Name: finance_skip_dup... || Trigger: kind=income                          || Output: Richa  Desai $6.00 on 2025-10-22
[11/22/2025 12:51:02.101 AM] Action   || Name: finance_skip_dup... || Trigger: kind=income                          || Output: Emily Lanham $6.00 on 2025-10-22
[11/22/2025 12:51:02.106 AM] Action   || Name: finance_skip_dup... || Trigger: kind=income                          || Output: Mariah Hall $3.00 on 2025-10-22
[11/22/2025 12:51:02.106 AM] Action   || Name: finance_skip_dup... || Trigger: kind=income                          || Output: Sophia Herrera $5.00 on 2025-10-22
[11/22/2025 12:51:02.108 AM] Action   || Name: finance_skip_dup... || Trigger: kind=income                          || Output: Kylie Crook $5.00 on 2025-09-16
[11/22/2025 12:51:04.510 AM] Action   || Name: finance_skip_dup... || Trigger: kind=expense                         || Output: Py Store Here Pantego $54.00 on 2025-04-20
[11/22/2025 12:51:04.512 AM] Action   || Name: finance_skip_dup... || Trigger: kind=expense                         || Output: j s $11.68 on 2025-04-22
[11/22/2025 12:51:04.514 AM] Action   || Name: finance_skip_dup... || Trigger: kind=expense                         || Output: Wix $25.98 on 2025-04-26
[11/22/2025 12:51:04.514 AM] Action   || Name: finance_skip_dup... || Trigger: kind=expense                         || Output: Wix $25.98 on 2025-08-26
[11/22/2025 12:51:04.516 AM] Action   || Name: finance_skip_dup... || Trigger: kind=expense                         || Output: Derek Fuentes $25.98 on 2025-08-26
[11/22/2025 12:51:04.516 AM] Action   || Name: finance_skip_dup... || Trigger: kind=expense                         || Output: Py Store Here Pantego $54.00 on 2025-08-20
[11/22/2025 12:51:04.518 AM] Action   || Name: finance_skip_dup... || Trigger: kind=expense                         || Output: Megan Digiovanni $47.62 on 2025-08-26
[11/22/2025 12:51:04.518 AM] Action   || Name: finance_skip_dup... || Trigger: kind=expense                         || Output: Megan Digiovanni $74.92 on 2025-07-30
[11/22/2025 12:51:04.520 AM] Action   || Name: finance_skip_dup... || Trigger: kind=expense                         || Output: Py Store Here Pantego $54.00 on 2025-05-20
[11/22/2025 12:51:04.520 AM] Action   || Name: finance_skip_dup... || Trigger: kind=expense                         || Output: Derek Fuentes $72.45 on 2025-05-23
[11/22/2025 12:51:04.520 AM] Action   || Name: finance_skip_dup... || Trigger: kind=expense                         || Output: Wix $25.98 on 2025-05-26
[11/22/2025 12:51:04.522 AM] Action   || Name: finance_skip_dup... || Trigger: kind=expense                         || Output: Megan Digiovanni $89.91 on 2025-10-05
[11/22/2025 12:51:04.523 AM] Action   || Name: finance_skip_dup... || Trigger: kind=expense                         || Output: Derek Fuentes $20.00 on 2025-09-10
[11/22/2025 12:55:40.663 AM] React+   || User: mochenoch           || Channel: #yapper-committee                    || emoji=🔥; msg="Me when little light population" by pancakemixteamdj
[11/22/2025 01:04:19.729 AM] Message  || User: cici4f3             || Channel: #itty-bitty-kitty-commitee           || Content: NOOOOOOO
[11/22/2025 01:04:26.270 AM] React+   || User: cici4f3             || Channel: #yapper-committee                    || emoji=🔥; msg="Me when little light population" by pancakemixteamdj
[11/22/2025 01:04:33.708 AM] React+   || User: austinbaustinb      || Channel: #purrley-pawsitive-pussy-pals        || emoji=❤️; msg="to finally know where i want to be....wh..." by slayc127
[11/22/2025 01:04:36.470 AM] Message  || User: a1darek             || Channel: #executive-board                     || Content: Austin <:wuuh:1331331057076932750>
[11/22/2025 01:04:43.974 AM] Message  || User: austinbaustinb      || Channel: #executive-board                     || Content: : - p
[11/22/2025 01:04:52.466 AM] Message  || User: celeryiscelery      || Channel: #executive-board                     || Content: <:wuuh:1331331057076932750>
[11/22/2025 01:04:58.353 AM] Message  || User: celeryiscelery      || Channel: #executive-board                     || Content: good morning
[11/22/2025 01:05:39.125 AM] Message  || User: slayc127            || Channel: #executive-board                     || Content: sigh
[11/22/2025 01:05:44.867 AM] Message  || User: izzyballz           || Channel: #yapper-committee                    || Content: shift in 9 hours let me go
[11/22/2025 01:05:46.929 AM] Message  || User: austinbaustinb      || Channel: #executive-board                     || Content: doing some cybersecurity stuff with my new router and didn't realize...
[11/22/2025 01:05:50.522 AM] Message  || User: izzyballz           || Channel: #yapper-committee                    || Content: it’s beginning
[11/22/2025 01:06:42.424 AM] React+   || User: slayc127            || Channel: #executive-board                     || emoji=😭; msg="doing some cybersecurity stuff with my n..." by austinbaustinb
[11/22/2025 01:06:47.752 AM] React+   || User: slayc127            || Channel: #yapper-committee                    || emoji=😭; msg="shift in 9 hours let me go" by izzyballz
[11/22/2025 01:06:52.699 AM] Message  || User: slayc127            || Channel: #yapper-committee                    || Content: NOOOOOOOOOOOOOOOOOOO
[11/22/2025 01:06:55.541 AM] Message  || User: slayc127            || Channel: #yapper-committee                    || Content: u dont deserve this
[11/22/2025 01:07:07.918 AM] Message  || User: slayc127            || Channel: #yapper-committee                    || Content: also do i keep my pink hair
[11/22/2025 01:07:17.554 AM] Message  || User: slayc127            || Channel: #yapper-committee                    || Content: i cant decide what to do w it but itz so faded i need to change it asap
[11/22/2025 01:07:21.596 AM] Message  || User: slayc127            || Channel: #yapper-committee                    || Content: like this next week
[11/22/2025 01:07:29.840 AM] Message  || User: izzyballz           || Channel: #yapper-committee                    || Content: yes keep the pink
[11/22/2025 01:07:41.732 AM] Message  || User: slayc127            || Channel: #yapper-committee                    || Content: im thinking i shall go back to my roots [good dye young live laugh l...
[11/22/2025 01:07:50.474 AM] Message  || User: slayc127            || Channel: #yapper-committee                    || Content: and then maybe big chop before spring sem
[11/22/2025 01:07:53.323 AM] Message  || User: slayc127            || Channel: #yapper-committee                    || Content: hehe
[11/22/2025 01:07:59.148 AM] Message  || User: slayc127            || Channel: #yapper-committee                    || Content: scheming and plotting
[11/22/2025 01:07:59.919 AM] Message  || User: izzyballz           || Channel: #yapper-committee                    || Content: yes !
[11/22/2025 01:08:08.155 AM] Message  || User: slayc127            || Channel: #yapper-committee                    || Content: Ty izzy i shall purchase more color this weekend
[11/22/2025 01:08:38.079 AM] Message  || User: izzyballz           || Channel: #yapper-committee                    || Content: i’m bugging why do we close at 10 pm in december
[11/22/2025 01:08:59.003 AM] Message  || User: izzyballz           || Channel: #yapper-committee                    || Content: 4:30-10:15 deaduzz eat my ass
[11/22/2025 01:09:03.606 AM] Message  || User: izzyballz           || Channel: #yapper-committee                    || Content: repeatedly
[11/22/2025 01:09:09.284 AM] Message  || User: izzyballz           || Channel: #yapper-committee                    || Content: during finals week
[11/22/2025 01:09:28.161 AM] Message  || User: slayc127            || Channel: #yapper-committee                    || Content: because they r evil and wicked and hate u
[11/22/2025 01:09:32.618 AM] Message  || User: slayc127            || Channel: #yapper-committee                    || Content: whats that word u used
[11/22/2025 01:09:35.126 AM] Message  || User: slayc127            || Channel: #yapper-committee                    || Content: felonious
[11/22/2025 01:10:12.004 AM] React+   || User: izzyballz           || Channel: #yapper-committee                    || emoji=🩷; msg="felonious" by slayc127
[11/22/2025 01:10:17.227 AM] Message  || User: izzyballz           || Channel: #yapper-committee                    || Content: alr bro
[11/22/2025 01:10:29.143 AM] Message  || User: izzyballz           || Channel: #yapper-committee                    || Content: why even give me that wednesday off
[11/22/2025 01:10:52.835 AM] Message  || User: izzyballz           || Channel: #yapper-committee                    || Content: i do not need three consecutive days off i turn into the human embod...
[11/22/2025 01:11:00.994 AM] Message  || User: izzyballz           || Channel: #yapper-committee                    || Content: actually my physics final is the 4th
[11/22/2025 01:11:04.323 AM] Message  || User: izzyballz           || Channel: #yapper-committee                    || Content: let me sybau
[11/22/2025 01:11:57.050 AM] React+   || User: slayc127            || Channel: #yapper-committee                    || emoji=😭; msg="alr bro" by izzyballz
[11/22/2025 01:12:07.257 AM] Message  || User: slayc127            || Channel: #yapper-committee                    || Content: that schedule would actually fucking kill me
[11/22/2025 01:12:20.393 AM] Message  || User: slayc127            || Channel: #yapper-committee                    || Content: i work 3 days in a row and i am in a puddle in my apartment by the end
[11/22/2025 01:12:32.942 AM] Message  || User: izzyballz           || Channel: #yapper-committee                    || Content: i’m a big fan of one day on one day off
[11/22/2025 01:12:38.967 AM] Message  || User: izzyballz           || Channel: #yapper-committee                    || Content: so idk what the hell this is
[11/22/2025 01:12:39.182 AM] Message  || User: slayc127            || Channel: #yapper-committee                    || Content: and next sem ill be hypothetically working on campus for 19 hrs and ...
[11/22/2025 01:12:45.580 AM] React+   || User: izzyballz           || Channel: #yapper-committee                    || emoji=💔; msg="and next sem ill be hypothetically worki..." by slayc127
[11/22/2025 01:12:45.867 AM] React+   || User: slayc127            || Channel: #yapper-committee                    || emoji=😭; msg="so idk what the hell this is" by izzyballz
[11/22/2025 01:13:43.675 AM] Message  || User: izzyballz           || Channel: #yapper-committee                    || Content: if my next check isn’t one thousand dollars i’m exploding best buy
[11/22/2025 01:13:50.143 AM] Message  || User: slayc127            || Channel: #yapper-committee                    || Content: ill help u
[11/22/2025 01:14:44.220 AM] React+   || User: cici4f3             || Channel: #yapper-committee                    || emoji=💔; msg="and next sem ill be hypothetically worki..." by slayc127
[11/22/2025 01:14:49.415 AM] Message  || User: cici4f3             || Channel: #yapper-committee                    || Content: KAZ NOOO 😭😭😭
[11/22/2025 01:14:54.378 AM] Message  || User: izzyballz           || Channel: #yapper-committee                    || Content: i’m still refusing to total it up before i just need 1k to appear in...
[11/22/2025 01:14:58.953 AM] Message  || User: izzyballz           || Channel: #yapper-committee                    || Content: it has to
[11/22/2025 01:16:07.512 AM] Message  || User: izzyballz           || Channel: #yapper-committee                    || Content: the concept of a 37 hour work week as a part timer
[11/22/2025 01:16:13.075 AM] Message  || User: izzyballz           || Channel: #yapper-committee                    || Content: https://tenor.com/view/cynthia-erivo-cynthia-erivo-bald-gif-14692314...
[11/22/2025 01:16:29.666 AM] Message  || User: izzyballz           || Channel: #yapper-committee                    || Content: work week SINGULAR
[11/22/2025 01:16:48.770 AM] Message  || User: izzyballz           || Channel: #yapper-committee                    || Content: working my usual two weeks in one week
[11/22/2025 01:16:50.050 AM] Action   || Name: gmail_log_scheduler || Trigger: found=1                              || Output: logged=0
[11/22/2025 01:16:50.094 AM] Action   || Name: finance_skip_dup... || Trigger: buffer                               || Output: Sophia Herrera $6.00 on 2025-08-26
[11/22/2025 01:16:50.094 AM] Action   || Name: finance_skip_dup... || Trigger: buffer                               || Output: Axel Torres $24.25 on 2025-08-22
[11/22/2025 01:16:50.096 AM] Action   || Name: finance_skip_dup... || Trigger: buffer                               || Output: Megan Digiovanni $47.62 on 2025-08-26
[11/22/2025 01:16:50.096 AM] Action   || Name: finance_skip_dup... || Trigger: buffer                               || Output: M. Padron $20.00 on 2025-08-26
[11/22/2025 01:16:50.096 AM] Action   || Name: finance_skip_dup... || Trigger: buffer                               || Output: Sophia Herrera $6.00 on 2025-08-26
[11/22/2025 01:16:50.100 AM] Action   || Name: finance_skip_dup... || Trigger: buffer                               || Output: Addison Loera $8.00 on 2025-08-26
[11/22/2025 01:16:50.100 AM] Action   || Name: finance_skip_dup... || Trigger: buffer                               || Output: Amber Thomas $5.00 on 2025-08-26
[11/22/2025 01:16:50.100 AM] Action   || Name: finance_skip_dup... || Trigger: buffer                               || Output: Jordin Baylee $5.00 on 2025-08-26
[11/22/2025 01:16:50.100 AM] Action   || Name: finance_skip_dup... || Trigger: buffer                               || Output: Kathleen Cantu $1.00 on 2025-08-26
[11/22/2025 01:16:50.104 AM] Action   || Name: finance_skip_dup... || Trigger: buffer                               || Output: Amber Thomas $3.00 on 2025-08-26
[11/22/2025 01:16:50.104 AM] Action   || Name: finance_skip_dup... || Trigger: buffer                               || Output: Rob Jimenez $3.00 on 2025-08-26
[11/22/2025 01:16:50.104 AM] Action   || Name: finance_skip_dup... || Trigger: buffer                               || Output: Daniel Brantley $3.00 on 2025-08-26
[11/22/2025 01:16:50.104 AM] Action   || Name: finance_skip_dup... || Trigger: buffer                               || Output: Isabella Klein $9.70 on 2025-08-26
[11/22/2025 01:16:50.108 AM] Action   || Name: finance_skip_dup... || Trigger: buffer                               || Output: Wix $25.98 on 2025-08-26
[11/22/2025 01:16:50.108 AM] Action   || Name: finance_skip_dup... || Trigger: buffer                               || Output: Nelda Hernandez $2.00 on 2025-08-26
[11/22/2025 01:16:50.108 AM] Action   || Name: finance_skip_dup... || Trigger: buffer                               || Output: Troy Broome $1.00 on 2025-08-26
[11/22/2025 01:16:50.111 AM] Action   || Name: finance_skip_dup... || Trigger: buffer                               || Output: Div Bits $2.00 on 2025-08-26
[11/22/2025 01:16:50.111 AM] Action   || Name: finance_skip_dup... || Trigger: buffer                               || Output: Jacob Sandoval $1.00 on 2025-08-26
[11/22/2025 01:16:50.112 AM] Action   || Name: finance_skip_dup... || Trigger: buffer                               || Output: Aubrey Cunningham $10.00 on 2025-08-26
[11/22/2025 01:16:50.112 AM] Action   || Name: finance_skip_dup... || Trigger: buffer                               || Output: Maxwell Preston $5.00 on 2025-08-26
[11/22/2025 01:16:50.112 AM] Action   || Name: finance_skip_dup... || Trigger: buffer                               || Output: Sophia Herrera $6.00 on 2025-08-26
[11/22/2025 01:16:50.112 AM] Action   || Name: finance_skip_dup... || Trigger: buffer                               || Output: Derek Fuentes $25.98 on 2025-08-26
[11/22/2025 01:16:50.112 AM] Action   || Name: finance_skip_dup... || Trigger: buffer                               || Output: Miguel V $5.00 on 2025-08-26
[11/22/2025 01:16:50.112 AM] Action   || Name: finance_skip_dup... || Trigger: buffer                               || Output: Nelda Hernandez $3.00 on 2025-08-26
[11/22/2025 01:16:50.112 AM] Action   || Name: finance_skip_dup... || Trigger: buffer                               || Output: Megan Digiovanni $130.00 on 2025-08-26
[11/22/2025 01:16:50.119 AM] Action   || Name: finance_skip_dup... || Trigger: buffer                               || Output: Pedro Savala $5.00 on 2025-08-27
[11/22/2025 01:16:50.119 AM] Action   || Name: finance_skip_dup... || Trigger: buffer                               || Output: Jonathan Mcgeever $5.00 on 2025-08-27
[11/22/2025 01:16:50.119 AM] Action   || Name: finance_skip_dup... || Trigger: buffer                               || Output: Py Store Here Pantego $54.00 on 2025-08-20
[11/22/2025 01:16:50.119 AM] Action   || Name: finance_skip_dup... || Trigger: buffer                               || Output: Megan Digiovanni $74.92 on 2025-07-30
[11/22/2025 01:16:50.119 AM] Action   || Name: finance_skip_dup... || Trigger: buffer                               || Output: Cassandra Nelson $7.00 on 2025-11-04
[11/22/2025 01:16:52.544 AM] Action   || Name: finance_skip_dup... || Trigger: kind=income                          || Output: Cynthia griffith $10.00 on 2025-04-16
[11/22/2025 01:16:52.544 AM] Action   || Name: finance_skip_dup... || Trigger: kind=income                          || Output: Caleb Moran $4.00 on 2025-04-16
[11/22/2025 01:16:52.544 AM] Action   || Name: finance_skip_dup... || Trigger: kind=income                          || Output: Alberto $6.00 on 2025-04-16
[11/22/2025 01:16:52.555 AM] Action   || Name: finance_skip_dup... || Trigger: kind=income                          || Output: Jacob Sandoval $2.91 on 2025-04-16
[11/22/2025 01:16:52.555 AM] Action   || Name: finance_skip_dup... || Trigger: kind=income                          || Output: tay $5.00 on 2025-04-16
[11/22/2025 01:16:52.555 AM] Action   || Name: finance_skip_dup... || Trigger: kind=income                          || Output: Nelda Hernandez $2.00 on 2025-04-16
[11/22/2025 01:16:52.555 AM] Action   || Name: finance_skip_dup... || Trigger: kind=income                          || Output: Maria Olds $10.00 on 2025-04-16
[11/22/2025 01:16:52.560 AM] Action   || Name: finance_skip_dup... || Trigger: kind=income                          || Output: Mario Rodriguez $3.00 on 2025-04-16
[11/22/2025 01:16:52.560 AM] Action   || Name: finance_skip_dup... || Trigger: kind=income                          || Output: Elisha Taylor $5.00 on 2025-04-16
[11/22/2025 01:16:52.560 AM] Action   || Name: finance_skip_dup... || Trigger: kind=income                          || Output: Jacob Sandoval $3.00 on 2025-04-16
[11/22/2025 01:16:52.560 AM] Action   || Name: finance_skip_dup... || Trigger: kind=income                          || Output: Isabella Klein $9.70 on 2025-08-26
[11/22/2025 01:16:52.564 AM] Action   || Name: finance_skip_dup... || Trigger: kind=income                          || Output: Nelda Hernandez $2.00 on 2025-08-26
[11/22/2025 01:16:52.564 AM] Action   || Name: finance_skip_dup... || Trigger: kind=income                          || Output: Troy Broome $1.00 on 2025-08-26
[11/22/2025 01:16:52.564 AM] Action   || Name: finance_skip_dup... || Trigger: kind=income                          || Output: Div Bits $2.00 on 2025-08-26
[11/22/2025 01:16:52.567 AM] Action   || Name: finance_skip_dup... || Trigger: kind=income                          || Output: Jacob Sandoval $1.00 on 2025-08-26
[11/22/2025 01:16:52.567 AM] Action   || Name: finance_skip_dup... || Trigger: kind=income                          || Output: Aubrey Cunningham $10.00 on 2025-08-26
[11/22/2025 01:16:52.567 AM] Action   || Name: finance_skip_dup... || Trigger: kind=income                          || Output: Maxwell Preston $5.00 on 2025-08-26
[11/22/2025 01:16:52.570 AM] Action   || Name: finance_skip_dup... || Trigger: kind=income                          || Output: Sophia Herrera $6.00 on 2025-08-26
[11/22/2025 01:16:52.570 AM] Action   || Name: finance_skip_dup... || Trigger: kind=income                          || Output: Miguel V $5.00 on 2025-08-26
[11/22/2025 01:16:52.570 AM] Action   || Name: finance_skip_dup... || Trigger: kind=income                          || Output: Nelda Hernandez $3.00 on 2025-08-26
[11/22/2025 01:16:52.574 AM] Action   || Name: finance_skip_dup... || Trigger: kind=income                          || Output: Megan Digiovanni $130.00 on 2025-08-26
[11/22/2025 01:16:52.575 AM] Action   || Name: finance_skip_dup... || Trigger: kind=income                          || Output: Pedro Savala $5.00 on 2025-08-27
[11/22/2025 01:16:52.575 AM] Action   || Name: finance_skip_dup... || Trigger: kind=income                          || Output: Jonathan Mcgeever $5.00 on 2025-08-27
[11/22/2025 01:16:52.575 AM] Action   || Name: finance_skip_dup... || Trigger: kind=income                          || Output: Axel Torres $24.25 on 2025-08-22
[11/22/2025 01:16:52.575 AM] Action   || Name: finance_skip_dup... || Trigger: kind=income                          || Output: M. Padron $20.00 on 2025-08-26
[11/22/2025 01:16:52.575 AM] Action   || Name: finance_skip_dup... || Trigger: kind=income                          || Output: Addison Loera $8.00 on 2025-08-26
[11/22/2025 01:16:52.575 AM] Action   || Name: finance_skip_dup... || Trigger: kind=income                          || Output: Amber Thomas $5.00 on 2025-08-26
[11/22/2025 01:16:52.575 AM] Action   || Name: finance_skip_dup... || Trigger: kind=income                          || Output: Jordin Baylee $5.00 on 2025-08-26
[11/22/2025 01:16:52.575 AM] Action   || Name: finance_skip_dup... || Trigger: kind=income                          || Output: Kathleen Cantu $1.00 on 2025-08-26
[11/22/2025 01:16:52.575 AM] Action   || Name: finance_skip_dup... || Trigger: kind=income                          || Output: Amber Thomas $3.00 on 2025-08-26
[11/22/2025 01:16:52.575 AM] Action   || Name: finance_skip_dup... || Trigger: kind=income                          || Output: Rob Jimenez $3.00 on 2025-08-26
[11/22/2025 01:16:52.586 AM] Action   || Name: finance_skip_dup... || Trigger: kind=income                          || Output: Daniel Brantley $3.00 on 2025-08-26
[11/22/2025 01:16:52.587 AM] Action   || Name: finance_skip_dup... || Trigger: kind=income                          || Output: Cassandra Nelson $6.00 on 2025-11-04
[11/22/2025 01:16:52.587 AM] Action   || Name: finance_skip_dup... || Trigger: kind=income                          || Output: Kristyn Jackson $9.00 on 2025-10-22
[11/22/2025 01:16:52.587 AM] Action   || Name: finance_skip_dup... || Trigger: kind=income                          || Output: Victoria Elkins $5.00 on 2025-10-22
[11/22/2025 01:16:52.587 AM] Action   || Name: finance_skip_dup... || Trigger: kind=income                          || Output: Alexander  Martinez $3.00 on 2025-10-22
[11/22/2025 01:16:52.590 AM] Action   || Name: finance_skip_dup... || Trigger: kind=income                          || Output: Richa  Desai $6.00 on 2025-10-22
[11/22/2025 01:16:52.590 AM] Action   || Name: finance_skip_dup... || Trigger: kind=income                          || Output: Emily Lanham $6.00 on 2025-10-22
[11/22/2025 01:16:52.590 AM] Action   || Name: finance_skip_dup... || Trigger: kind=income                          || Output: Mariah Hall $3.00 on 2025-10-22
[11/22/2025 01:16:52.590 AM] Action   || Name: finance_skip_dup... || Trigger: kind=income                          || Output: Sophia Herrera $5.00 on 2025-10-22
[11/22/2025 01:16:52.594 AM] Action   || Name: finance_skip_dup... || Trigger: kind=income                          || Output: Kylie Crook $5.00 on 2025-09-16
[11/22/2025 01:16:54.553 AM] Action   || Name: finance_skip_dup... || Trigger: kind=expense                         || Output: Py Store Here Pantego $54.00 on 2025-04-20
[11/22/2025 01:16:54.553 AM] Action   || Name: finance_skip_dup... || Trigger: kind=expense                         || Output: j s $11.68 on 2025-04-22
[11/22/2025 01:16:54.553 AM] Action   || Name: finance_skip_dup... || Trigger: kind=expense                         || Output: Wix $25.98 on 2025-04-26
[11/22/2025 01:16:54.553 AM] Action   || Name: finance_skip_dup... || Trigger: kind=expense                         || Output: Wix $25.98 on 2025-08-26
[11/22/2025 01:16:54.553 AM] Action   || Name: finance_skip_dup... || Trigger: kind=expense                         || Output: Derek Fuentes $25.98 on 2025-08-26
[11/22/2025 01:16:54.563 AM] Action   || Name: finance_skip_dup... || Trigger: kind=expense                         || Output: Py Store Here Pantego $54.00 on 2025-08-20
[11/22/2025 01:16:54.563 AM] Action   || Name: finance_skip_dup... || Trigger: kind=expense                         || Output: Megan Digiovanni $47.62 on 2025-08-26
[11/22/2025 01:16:54.565 AM] Action   || Name: finance_skip_dup... || Trigger: kind=expense                         || Output: Megan Digiovanni $74.92 on 2025-07-30
[11/22/2025 01:16:54.565 AM] Action   || Name: finance_skip_dup... || Trigger: kind=expense                         || Output: Py Store Here Pantego $54.00 on 2025-05-20
[11/22/2025 01:16:54.565 AM] Action   || Name: finance_skip_dup... || Trigger: kind=expense                         || Output: Derek Fuentes $72.45 on 2025-05-23
[11/22/2025 01:16:54.565 AM] Action   || Name: finance_skip_dup... || Trigger: kind=expense                         || Output: Wix $25.98 on 2025-05-26
[11/22/2025 01:16:54.565 AM] Action   || Name: finance_skip_dup... || Trigger: kind=expense                         || Output: Megan Digiovanni $89.91 on 2025-10-05
[11/22/2025 01:16:54.565 AM] Action   || Name: finance_skip_dup... || Trigger: kind=expense                         || Output: Derek Fuentes $20.00 on 2025-09-10
[11/22/2025 01:18:10.440 AM] Message  || User: cici4f3             || Channel: #yapper-committee                    || Content: god that's so bad
[11/22/2025 01:18:22.727 AM] Message  || User: cici4f3             || Channel: #yapper-committee                    || Content: I feel like that should low-key round up to full time
[11/22/2025 01:18:53.538 AM] Message  || User: izzyballz           || Channel: #yapper-committee                    || Content: that’s funny because it’s intentionally just below 40 just so i don’...
[11/22/2025 01:20:08.406 AM] Message  || User: izzyballz           || Channel: #yapper-committee                    || Content: izzy balls is hitting the hay i need to be awake in 6 hours and 40 m...
[11/22/2025 01:20:09.644 AM] Message  || User: izzyballz           || Channel: #yapper-committee                    || Content: sigh.
[11/22/2025 01:20:43.594 AM] Message  || User: izzyballz           || Channel: #yapper-committee                    || Content: i genuinely could not tell you the last time i went to sleep pre mid...
[11/22/2025 01:20:49.991 AM] Message  || User: izzyballz           || Channel: #yapper-committee                    || Content: fully self inflicted btw
[11/22/2025 01:27:33.023 AM] Message  || User: .bettercalljack     || Channel: #itty-bitty-kitty-commitee           || Content: i might get it redone after christmas money we will see
[11/22/2025 01:27:53.388 AM] Message  || User: .bettercalljack     || Channel: #itty-bitty-kitty-commitee           || Content: the issue wasnt when the mouth was resting it was explicitly talking
[11/22/2025 01:28:04.590 AM] Message  || User: .bettercalljack     || Channel: #itty-bitty-kitty-commitee           || Content: i was on vc with friends and after an hour or so it legitamately HURT
[11/22/2025 02:10:19.647 AM] Action   || Name: profile_update_e... || Trigger: id=1                                 || Output: 404 Not Found (error code: 10008): Unknown Message
[11/22/2025 02:10:20.103 AM] Action   || Name: profile_update_e... || Trigger: id=2                                 || Output: APIError: [429]: Quota exceeded for quota metric 'Read requests' and ...
[11/22/2025 02:10:20.298 AM] Action   || Name: profile_update_e... || Trigger: id=4                                 || Output: APIError: [429]: Quota exceeded for quota metric 'Read requests' and ...
[11/22/2025 02:10:20.506 AM] Action   || Name: profile_update_e... || Trigger: id=5                                 || Output: APIError: [429]: Quota exceeded for quota metric 'Read requests' and ...
[11/22/2025 02:10:20.697 AM] Action   || Name: profile_update_e... || Trigger: id=6                                 || Output: APIError: [429]: Quota exceeded for quota metric 'Read requests' and ...
[11/22/2025 02:10:20.911 AM] Action   || Name: profile_update_e... || Trigger: id=7                                 || Output: APIError: [429]: Quota exceeded for quota metric 'Read requests' and ...
[11/22/2025 02:10:21.227 AM] Action   || Name: profile_update_e... || Trigger: id=9                                 || Output: APIError: [429]: Quota exceeded for quota metric 'Read requests' and ...
[11/22/2025 02:10:21.478 AM] Action   || Name: profile_update_e... || Trigger: id=17                                || Output: APIError: [429]: Quota exceeded for quota metric 'Read requests' and ...
[11/22/2025 02:10:21.804 AM] Action   || Name: profile_update_e... || Trigger: id=67                                || Output: APIError: [429]: Quota exceeded for quota metric 'Read requests' and ...
[11/22/2025 02:10:21.804 AM] Action   || Name: profile_update_f... || Trigger: count=9                              || Output: 1,2,4,5,6,7,9,17,67
[11/22/2025 02:10:21.806 AM] Action   || Name: profiles_scheduler  || Trigger: update_all                           || Output: ran
[11/22/2025 02:10:21.806 AM] Action   || Name: profile_update_e... || Trigger: id=1                                 || Output: 404 Not Found (error code: 10008): Unknown Message
[11/22/2025 02:10:22.009 AM] Action   || Name: profile_update_e... || Trigger: id=2                                 || Output: APIError: [429]: Quota exceeded for quota metric 'Read requests' and ...
[11/22/2025 02:10:22.202 AM] Action   || Name: profile_update_e... || Trigger: id=4                                 || Output: APIError: [429]: Quota exceeded for quota metric 'Read requests' and ...
[11/22/2025 02:10:22.426 AM] Action   || Name: profile_update_e... || Trigger: id=5                                 || Output: APIError: [429]: Quota exceeded for quota metric 'Read requests' and ...
[11/22/2025 02:10:22.630 AM] Action   || Name: profile_update_e... || Trigger: id=6                                 || Output: APIError: [429]: Quota exceeded for quota metric 'Read requests' and ...
[11/22/2025 02:10:22.824 AM] Action   || Name: profile_update_e... || Trigger: id=7                                 || Output: APIError: [429]: Quota exceeded for quota metric 'Read requests' and ...
[11/22/2025 02:10:23.044 AM] Action   || Name: profile_update_e... || Trigger: id=9                                 || Output: APIError: [429]: Quota exceeded for quota metric 'Read requests' and ...
[11/22/2025 02:10:23.363 AM] Action   || Name: profile_update_e... || Trigger: id=17                                || Output: APIError: [429]: Quota exceeded for quota metric 'Read requests' and ...
[11/22/2025 02:10:23.698 AM] Action   || Name: profile_update_e... || Trigger: id=67                                || Output: APIError: [429]: Quota exceeded for quota metric 'Read requests' and ...
[11/22/2025 02:10:23.698 AM] Action   || Name: profile_update_f... || Trigger: count=9                              || Output: 1,2,4,5,6,7,9,17,67
[11/22/2025 02:10:23.698 AM] Action   || Name: profiles_scheduler  || Trigger: update_all                           || Output: ran
[11/22/2025 02:10:23.698 AM] Action   || Name: profile_update_e... || Trigger: id=1                                 || Output: 404 Not Found (error code: 10008): Unknown Message
[11/22/2025 02:10:23.891 AM] Action   || Name: profile_update_e... || Trigger: id=2                                 || Output: APIError: [429]: Quota exceeded for quota metric 'Read requests' and ...
[11/22/2025 02:10:24.080 AM] Action   || Name: profile_update_e... || Trigger: id=4                                 || Output: APIError: [429]: Quota exceeded for quota metric 'Read requests' and ...
[11/22/2025 02:10:24.293 AM] Action   || Name: profile_update_e... || Trigger: id=5                                 || Output: APIError: [429]: Quota exceeded for quota metric 'Read requests' and ...
[11/22/2025 02:10:24.497 AM] Action   || Name: profile_update_e... || Trigger: id=6                                 || Output: APIError: [429]: Quota exceeded for quota metric 'Read requests' and ...
[11/22/2025 02:10:24.686 AM] Action   || Name: profile_update_e... || Trigger: id=7                                 || Output: APIError: [429]: Quota exceeded for quota metric 'Read requests' and ...
[11/22/2025 02:10:24.897 AM] Action   || Name: profile_update_e... || Trigger: id=9                                 || Output: APIError: [429]: Quota exceeded for quota metric 'Read requests' and ...
[11/22/2025 02:10:25.099 AM] Action   || Name: profile_update_e... || Trigger: id=17                                || Output: APIError: [429]: Quota exceeded for quota metric 'Read requests' and ...
[11/22/2025 02:10:25.417 AM] Action   || Name: profile_update_e... || Trigger: id=67                                || Output: APIError: [429]: Quota exceeded for quota metric 'Read requests' and ...
[11/22/2025 02:10:25.417 AM] Action   || Name: profile_update_f... || Trigger: count=9                              || Output: 1,2,4,5,6,7,9,17,67
[11/22/2025 02:10:25.417 AM] Action   || Name: profiles_scheduler  || Trigger: update_all                           || Output: ran
[11/22/2025 02:10:25.422 AM] Action   || Name: profile_update_e... || Trigger: id=1                                 || Output: 404 Not Found (error code: 10008): Unknown Message
[11/22/2025 02:10:25.629 AM] Action   || Name: profile_update_e... || Trigger: id=2                                 || Output: APIError: [429]: Quota exceeded for quota metric 'Read requests' and ...
[11/22/2025 02:10:25.947 AM] Action   || Name: profile_update_e... || Trigger: id=4                                 || Output: APIError: [429]: Quota exceeded for quota metric 'Read requests' and ...
[11/22/2025 02:10:26.136 AM] Action   || Name: profile_update_e... || Trigger: id=5                                 || Output: APIError: [429]: Quota exceeded for quota metric 'Read requests' and ...
[11/22/2025 02:10:26.342 AM] Action   || Name: profile_update_e... || Trigger: id=6                                 || Output: APIError: [429]: Quota exceeded for quota metric 'Read requests' and ...
[11/22/2025 02:10:27.974 AM] Action   || Name: profile_update_e... || Trigger: id=1                                 || Output: 404 Not Found (error code: 10008): Unknown Message
[11/22/2025 02:10:29.979 AM] Action   || Name: profile_update_e... || Trigger: id=1                                 || Output: 404 Not Found (error code: 10008): Unknown Message
[11/22/2025 02:10:31.757 AM] Action   || Name: profile_update_e... || Trigger: id=7                                 || Output: 404 Not Found (error code: 10008): Unknown Message
[11/22/2025 02:10:33.391 AM] Action   || Name: profile_update_e... || Trigger: id=2                                 || Output: 404 Not Found (error code: 10008): Unknown Message
[11/22/2025 02:10:35.188 AM] Action   || Name: profile_update_e... || Trigger: id=2                                 || Output: 404 Not Found (error code: 10008): Unknown Message
[11/22/2025 02:10:36.822 AM] Action   || Name: profile_update_e... || Trigger: id=9                                 || Output: 404 Not Found (error code: 10008): Unknown Message
[11/22/2025 02:10:38.203 AM] Action   || Name: profile_update_e... || Trigger: id=1                                 || Output: 404 Not Found (error code: 10008): Unknown Message
[11/22/2025 02:10:39.598 AM] Action   || Name: profile_update_e... || Trigger: id=4                                 || Output: 404 Not Found (error code: 10008): Unknown Message
[11/22/2025 02:10:40.969 AM] Action   || Name: profile_update_e... || Trigger: id=17                                || Output: 404 Not Found (error code: 10008): Unknown Message
[11/22/2025 02:10:42.330 AM] Action   || Name: profile_update_e... || Trigger: id=2                                 || Output: 404 Not Found (error code: 10008): Unknown Message
[11/22/2025 02:10:43.189 AM] Action   || Name: profile_update_e... || Trigger: id=4                                 || Output: APIError: [429]: Quota exceeded for quota metric 'Read requests' and ...
[11/22/2025 02:10:43.958 AM] Action   || Name: profile_update_e... || Trigger: id=5                                 || Output: APIError: [429]: Quota exceeded for quota metric 'Read requests' and ...
[11/22/2025 02:10:44.857 AM] Action   || Name: profile_update_e... || Trigger: id=6                                 || Output: APIError: [429]: Quota exceeded for quota metric 'Read requests' and ...
[11/22/2025 02:10:45.492 AM] Action   || Name: profile_update_e... || Trigger: id=7                                 || Output: APIError: [429]: Quota exceeded for quota metric 'Read requests' and ...
[11/22/2025 02:10:45.731 AM] Action   || Name: profile_update_e... || Trigger: id=9                                 || Output: APIError: [429]: Quota exceeded for quota metric 'Read requests' and ...
[11/22/2025 02:10:45.951 AM] Action   || Name: profile_update_e... || Trigger: id=17                                || Output: APIError: [429]: Quota exceeded for quota metric 'Read requests' and ...
[11/22/2025 02:10:46.254 AM] Action   || Name: profile_update_e... || Trigger: id=67                                || Output: APIError: [429]: Quota exceeded for quota metric 'Read requests' and ...
[11/22/2025 02:10:46.256 AM] Action   || Name: profile_update_f... || Trigger: count=9                              || Output: 1,2,4,5,6,7,9,17,67
[11/22/2025 02:10:46.258 AM] Action   || Name: profiles_scheduler  || Trigger: update_all                           || Output: ran
[11/22/2025 02:10:46.258 AM] Action   || Name: profile_update_e... || Trigger: id=5                                 || Output: 404 Not Found (error code: 10008): Unknown Message
[11/22/2025 02:10:46.483 AM] Action   || Name: profile_update_e... || Trigger: id=6                                 || Output: APIError: [429]: Quota exceeded for quota metric 'Read requests' and ...
[11/22/2025 02:10:46.729 AM] Action   || Name: profile_update_e... || Trigger: id=7                                 || Output: APIError: [429]: Quota exceeded for quota metric 'Read requests' and ...
[11/22/2025 02:10:47.657 AM] Action   || Name: profile_update_e... || Trigger: id=9                                 || Output: APIError: [429]: Quota exceeded for quota metric 'Read requests' and ...
[11/22/2025 02:10:48.004 AM] Action   || Name: profile_update_e... || Trigger: id=17                                || Output: APIError: [429]: Quota exceeded for quota metric 'Read requests' and ...
[11/22/2025 02:10:48.296 AM] Action   || Name: profile_update_e... || Trigger: id=67                                || Output: APIError: [429]: Quota exceeded for quota metric 'Read requests' and ...
[11/22/2025 02:10:48.296 AM] Action   || Name: profile_update_f... || Trigger: count=9                              || Output: 1,2,4,5,6,7,9,17,67
[11/22/2025 02:10:48.296 AM] Action   || Name: profiles_scheduler  || Trigger: update_all                           || Output: ran
[11/22/2025 02:10:48.301 AM] Action   || Name: profile_update_e... || Trigger: id=4                                 || Output: 404 Not Found (error code: 10008): Unknown Message
[11/22/2025 02:10:48.596 AM] Action   || Name: profile_update_e... || Trigger: id=5                                 || Output: APIError: [429]: Quota exceeded for quota metric 'Read requests' and ...
[11/22/2025 02:10:48.851 AM] Action   || Name: profile_update_e... || Trigger: id=6                                 || Output: APIError: [429]: Quota exceeded for quota metric 'Read requests' and ...
[11/22/2025 02:10:49.092 AM] Action   || Name: profile_update_e... || Trigger: id=7                                 || Output: APIError: [429]: Quota exceeded for quota metric 'Read requests' and ...
[11/22/2025 02:10:49.327 AM] Action   || Name: profile_update_e... || Trigger: id=9                                 || Output: APIError: [429]: Quota exceeded for quota metric 'Read requests' and ...
[11/22/2025 02:10:49.560 AM] Action   || Name: profile_update_e... || Trigger: id=17                                || Output: APIError: [429]: Quota exceeded for quota metric 'Read requests' and ...
[11/22/2025 02:10:49.838 AM] Action   || Name: profile_update_e... || Trigger: id=67                                || Output: APIError: [429]: Quota exceeded for quota metric 'Read requests' and ...
[11/22/2025 02:10:49.838 AM] Action   || Name: profile_update_f... || Trigger: count=9                              || Output: 1,2,4,5,6,7,9,17,67
[11/22/2025 02:10:49.838 AM] Action   || Name: profiles_scheduler  || Trigger: update_all                           || Output: ran
[11/22/2025 02:10:49.846 AM] Action   || Name: profile_update_e... || Trigger: id=67                                || Output: 404 Not Found (error code: 10008): Unknown Message
[11/22/2025 02:10:49.846 AM] Action   || Name: profile_update_f... || Trigger: count=9                              || Output: 1,2,4,5,6,7,9,17,67
[11/22/2025 02:10:49.848 AM] Action   || Name: profiles_scheduler  || Trigger: update_all                           || Output: ran
[11/22/2025 02:29:24.134 AM] Message  || User: austinbaustinb      || Channel: #purrley-pawsitive-pussy-pals        || Content: My wifi now has adblock!!! 
There is essentially just one ethernet p...
[11/22/2025 02:33:46.635 AM] Message  || User: austinbaustinb      || Channel: #purrley-pawsitive-pussy-pals        || Content: it is addicting though. With the firewall/security stuff and then th...
[11/22/2025 02:33:50.397 AM] Message  || User: austinbaustinb      || Channel: #purrley-pawsitive-pussy-pals        || Content: do i need to? nope.
[11/22/2025 02:33:51.788 AM] Message  || User: austinbaustinb      || Channel: #purrley-pawsitive-pussy-pals        || Content: not gonna.
[11/22/2025 02:33:57.476 AM] Message  || User: austinbaustinb      || Channel: #purrley-pawsitive-pussy-pals        || Content: Would be cool if I did though.
[11/22/2025 02:45:19.336 AM] React+   || User: _costco_wholesale_  || Channel: #cat-name-ideas                      || emoji=😭; msg="Molasses flood disaster of 1919. Molasse..." by bubblebee5866
[11/22/2025 02:45:41.166 AM] React+   || User: _costco_wholesale_  || Channel: #itty-bitty-kitty-commitee           || emoji=😆; msg="I will honestly have to wait until he's ..." by a1darek
[11/22/2025 02:45:58.371 AM] React+   || User: _costco_wholesale_  || Channel: #itty-bitty-kitty-commitee           || emoji=🎉; msg="Bro is just fat" by a1darek
[11/22/2025 02:45:58.739 AM] React+   || User: _costco_wholesale_  || Channel: #itty-bitty-kitty-commitee           || emoji=😆; msg="Bro is just fat" by a1darek
[11/22/2025 03:00:00.706 AM] Action   || Name: dues_membership_... || Trigger: sheet=1PBvCd6gTwc1_aqlCtn93xPW7XJ... || Output: ws=Membership Application List
[11/22/2025 03:00:03.779 AM] Action   || Name: dues_membership_... || Trigger: row=2                                || Output: Date|Mavorgs Invite|Semester|Email|Full Name|Discord Username|Payment...
[11/22/2025 03:00:03.785 AM] Action   || Name: dues_membership_... || Trigger: total=1002                           || Output: usable=858
[11/22/2025 03:00:03.785 AM] Action   || Name: dues_scheduler      || Trigger: count=0                              || Output: done
[11/22/2025 03:00:03.789 AM] Action   || Name: dues_membership_... || Trigger: sheet=1PBvCd6gTwc1_aqlCtn93xPW7XJ... || Output: ws=Membership Application List
[11/22/2025 03:00:03.789 AM] Action   || Name: dues_scheduler      || Trigger: count=0                              || Output: done
[11/22/2025 03:00:03.792 AM] Action   || Name: dues_membership_... || Trigger: sheet=1PBvCd6gTwc1_aqlCtn93xPW7XJ... || Output: ws=Membership Application List
[11/22/2025 03:00:03.792 AM] Action   || Name: dues_scheduler      || Trigger: count=0                              || Output: done
[11/22/2025 03:00:03.794 AM] Action   || Name: dues_membership_... || Trigger: sheet=1PBvCd6gTwc1_aqlCtn93xPW7XJ... || Output: ws=Membership Application List
[11/22/2025 03:00:03.795 AM] Action   || Name: dues_scheduler      || Trigger: count=0                              || Output: done
[11/22/2025 03:00:03.795 AM] Action   || Name: dues_membership_... || Trigger: sheet=1PBvCd6gTwc1_aqlCtn93xPW7XJ... || Output: ws=Membership Application List
[11/22/2025 03:00:03.797 AM] Action   || Name: dues_scheduler      || Trigger: count=0                              || Output: done
[11/22/2025 03:00:04.083 AM] Action   || Name: dues_membership_... || Trigger: sheet=1PBvCd6gTwc1_aqlCtn93xPW7XJ... || Output: ws=Membership Application List
[11/22/2025 03:00:04.083 AM] Action   || Name: dues_scheduler      || Trigger: count=0                              || Output: done
[11/22/2025 03:00:04.337 AM] Action   || Name: dues_membership_... || Trigger: sheet=1PBvCd6gTwc1_aqlCtn93xPW7XJ... || Output: ws=Membership Application List
[11/22/2025 03:00:04.337 AM] Action   || Name: dues_scheduler      || Trigger: count=0                              || Output: done
[11/22/2025 04:17:16.830 AM] Action   || Name: gmail_log_scheduler || Trigger: found=4                              || Output: logged=4
[11/22/2025 04:17:16.984 AM] Action   || Name: finance_skip_dup... || Trigger: buffer                               || Output: Sophia Herrera $6.00 on 2025-08-26
[11/22/2025 04:17:16.984 AM] Action   || Name: finance_skip_dup... || Trigger: buffer                               || Output: Axel Torres $24.25 on 2025-08-22
[11/22/2025 04:17:16.984 AM] Action   || Name: finance_skip_dup... || Trigger: buffer                               || Output: Megan Digiovanni $47.62 on 2025-08-26
[11/22/2025 04:17:16.984 AM] Action   || Name: finance_skip_dup... || Trigger: buffer                               || Output: M. Padron $20.00 on 2025-08-26
[11/22/2025 04:17:16.984 AM] Action   || Name: finance_skip_dup... || Trigger: buffer                               || Output: Sophia Herrera $6.00 on 2025-08-26
[11/22/2025 04:17:16.984 AM] Action   || Name: finance_skip_dup... || Trigger: buffer                               || Output: Addison Loera $8.00 on 2025-08-26
[11/22/2025 04:17:16.984 AM] Action   || Name: finance_skip_dup... || Trigger: buffer                               || Output: Amber Thomas $5.00 on 2025-08-26
[11/22/2025 04:17:16.984 AM] Action   || Name: finance_skip_dup... || Trigger: buffer                               || Output: Jordin Baylee $5.00 on 2025-08-26
[11/22/2025 04:17:16.984 AM] Action   || Name: finance_skip_dup... || Trigger: buffer                               || Output: Kathleen Cantu $1.00 on 2025-08-26
[11/22/2025 04:17:16.995 AM] Action   || Name: finance_skip_dup... || Trigger: buffer                               || Output: Amber Thomas $3.00 on 2025-08-26
[11/22/2025 04:17:16.995 AM] Action   || Name: finance_skip_dup... || Trigger: buffer                               || Output: Rob Jimenez $3.00 on 2025-08-26
[11/22/2025 04:17:16.995 AM] Action   || Name: finance_skip_dup... || Trigger: buffer                               || Output: Daniel Brantley $3.00 on 2025-08-26
[11/22/2025 04:17:16.995 AM] Action   || Name: finance_skip_dup... || Trigger: buffer                               || Output: Isabella Klein $9.70 on 2025-08-26
[11/22/2025 04:17:16.995 AM] Action   || Name: finance_skip_dup... || Trigger: buffer                               || Output: Wix $25.98 on 2025-08-26
[11/22/2025 04:17:17.000 AM] Action   || Name: finance_skip_dup... || Trigger: buffer                               || Output: Nelda Hernandez $2.00 on 2025-08-26
[11/22/2025 04:17:17.000 AM] Action   || Name: finance_skip_dup... || Trigger: buffer                               || Output: Troy Broome $1.00 on 2025-08-26
[11/22/2025 04:17:17.000 AM] Action   || Name: finance_skip_dup... || Trigger: buffer                               || Output: Div Bits $2.00 on 2025-08-26
[11/22/2025 04:17:17.000 AM] Action   || Name: finance_skip_dup... || Trigger: buffer                               || Output: Jacob Sandoval $1.00 on 2025-08-26
[11/22/2025 04:17:17.000 AM] Action   || Name: finance_skip_dup... || Trigger: buffer                               || Output: Aubrey Cunningham $10.00 on 2025-08-26
[11/22/2025 04:17:17.000 AM] Action   || Name: finance_skip_dup... || Trigger: buffer                               || Output: Maxwell Preston $5.00 on 2025-08-26
[11/22/2025 04:17:17.000 AM] Action   || Name: finance_skip_dup... || Trigger: buffer                               || Output: Sophia Herrera $6.00 on 2025-08-26
[11/22/2025 04:17:17.000 AM] Action   || Name: finance_skip_dup... || Trigger: buffer                               || Output: Derek Fuentes $25.98 on 2025-08-26
[11/22/2025 04:17:17.000 AM] Action   || Name: finance_skip_dup... || Trigger: buffer                               || Output: Miguel V $5.00 on 2025-08-26
[11/22/2025 04:17:17.008 AM] Action   || Name: finance_skip_dup... || Trigger: buffer                               || Output: Nelda Hernandez $3.00 on 2025-08-26
[11/22/2025 04:17:17.009 AM] Action   || Name: finance_skip_dup... || Trigger: buffer                               || Output: Megan Digiovanni $130.00 on 2025-08-26
[11/22/2025 04:17:17.011 AM] Action   || Name: finance_skip_dup... || Trigger: buffer                               || Output: Pedro Savala $5.00 on 2025-08-27
[11/22/2025 04:17:17.012 AM] Action   || Name: finance_skip_dup... || Trigger: buffer                               || Output: Jonathan Mcgeever $5.00 on 2025-08-27
[11/22/2025 04:17:17.012 AM] Action   || Name: finance_skip_dup... || Trigger: buffer                               || Output: Py Store Here Pantego $54.00 on 2025-08-20
[11/22/2025 04:17:17.012 AM] Action   || Name: finance_skip_dup... || Trigger: buffer                               || Output: Megan Digiovanni $74.92 on 2025-07-30
[11/22/2025 04:17:17.012 AM] Action   || Name: finance_skip_dup... || Trigger: buffer                               || Output: Cassandra Nelson $7.00 on 2025-11-04
[11/22/2025 04:17:18.977 AM] Action   || Name: finance_skip_dup... || Trigger: kind=income                          || Output: Cynthia griffith $10.00 on 2025-04-16
[11/22/2025 04:17:18.980 AM] Action   || Name: finance_skip_dup... || Trigger: kind=income                          || Output: Caleb Moran $4.00 on 2025-04-16
[11/22/2025 04:17:18.980 AM] Action   || Name: finance_skip_dup... || Trigger: kind=income                          || Output: Alberto $6.00 on 2025-04-16
[11/22/2025 04:17:18.980 AM] Action   || Name: finance_skip_dup... || Trigger: kind=income                          || Output: Jacob Sandoval $2.91 on 2025-04-16
[11/22/2025 04:17:18.980 AM] Action   || Name: finance_skip_dup... || Trigger: kind=income                          || Output: tay $5.00 on 2025-04-16
[11/22/2025 04:17:18.984 AM] Action   || Name: finance_skip_dup... || Trigger: kind=income                          || Output: Nelda Hernandez $2.00 on 2025-04-16
[11/22/2025 04:17:18.984 AM] Action   || Name: finance_skip_dup... || Trigger: kind=income                          || Output: Maria Olds $10.00 on 2025-04-16
[11/22/2025 04:17:18.986 AM] Action   || Name: finance_skip_dup... || Trigger: kind=income                          || Output: Mario Rodriguez $3.00 on 2025-04-16
[11/22/2025 04:17:18.986 AM] Action   || Name: finance_skip_dup... || Trigger: kind=income                          || Output: Elisha Taylor $5.00 on 2025-04-16
[11/22/2025 04:17:18.986 AM] Action   || Name: finance_skip_dup... || Trigger: kind=income                          || Output: Jacob Sandoval $3.00 on 2025-04-16
[11/22/2025 04:17:18.986 AM] Action   || Name: finance_skip_dup... || Trigger: kind=income                          || Output: Isabella Klein $9.70 on 2025-08-26
[11/22/2025 04:17:18.990 AM] Action   || Name: finance_skip_dup... || Trigger: kind=income                          || Output: Nelda Hernandez $2.00 on 2025-08-26
[11/22/2025 04:17:18.991 AM] Action   || Name: finance_skip_dup... || Trigger: kind=income                          || Output: Troy Broome $1.00 on 2025-08-26
[11/22/2025 04:17:18.992 AM] Action   || Name: finance_skip_dup... || Trigger: kind=income                          || Output: Div Bits $2.00 on 2025-08-26
[11/22/2025 04:17:18.992 AM] Action   || Name: finance_skip_dup... || Trigger: kind=income                          || Output: Jacob Sandoval $1.00 on 2025-08-26
[11/22/2025 04:17:18.992 AM] Action   || Name: finance_skip_dup... || Trigger: kind=income                          || Output: Aubrey Cunningham $10.00 on 2025-08-26
[11/22/2025 04:17:18.992 AM] Action   || Name: finance_skip_dup... || Trigger: kind=income                          || Output: Maxwell Preston $5.00 on 2025-08-26
[11/22/2025 04:17:18.992 AM] Action   || Name: finance_skip_dup... || Trigger: kind=income                          || Output: Sophia Herrera $6.00 on 2025-08-26
[11/22/2025 04:17:18.992 AM] Action   || Name: finance_skip_dup... || Trigger: kind=income                          || Output: Miguel V $5.00 on 2025-08-26
[11/22/2025 04:17:18.992 AM] Action   || Name: finance_skip_dup... || Trigger: kind=income                          || Output: Nelda Hernandez $3.00 on 2025-08-26
[11/22/2025 04:17:19.000 AM] Action   || Name: finance_skip_dup... || Trigger: kind=income                          || Output: Megan Digiovanni $130.00 on 2025-08-26
[11/22/2025 04:17:19.000 AM] Action   || Name: finance_skip_dup... || Trigger: kind=income                          || Output: Pedro Savala $5.00 on 2025-08-27
[11/22/2025 04:17:19.000 AM] Action   || Name: finance_skip_dup... || Trigger: kind=income                          || Output: Jonathan Mcgeever $5.00 on 2025-08-27
[11/22/2025 04:17:19.000 AM] Action   || Name: finance_skip_dup... || Trigger: kind=income                          || Output: Axel Torres $24.25 on 2025-08-22
[11/22/2025 04:17:19.004 AM] Action   || Name: finance_skip_dup... || Trigger: kind=income                          || Output: M. Padron $20.00 on 2025-08-26
[11/22/2025 04:17:19.004 AM] Action   || Name: finance_skip_dup... || Trigger: kind=income                          || Output: Addison Loera $8.00 on 2025-08-26
[11/22/2025 04:17:19.004 AM] Action   || Name: finance_skip_dup... || Trigger: kind=income                          || Output: Amber Thomas $5.00 on 2025-08-26
[11/22/2025 04:17:19.004 AM] Action   || Name: finance_skip_dup... || Trigger: kind=income                          || Output: Jordin Baylee $5.00 on 2025-08-26
[11/22/2025 04:17:19.004 AM] Action   || Name: finance_skip_dup... || Trigger: kind=income                          || Output: Kathleen Cantu $1.00 on 2025-08-26
[11/22/2025 04:17:19.004 AM] Action   || Name: finance_skip_dup... || Trigger: kind=income                          || Output: Amber Thomas $3.00 on 2025-08-26
[11/22/2025 04:17:19.004 AM] Action   || Name: finance_skip_dup... || Trigger: kind=income                          || Output: Rob Jimenez $3.00 on 2025-08-26
[11/22/2025 04:17:19.004 AM] Action   || Name: finance_skip_dup... || Trigger: kind=income                          || Output: Daniel Brantley $3.00 on 2025-08-26
[11/22/2025 04:17:19.004 AM] Action   || Name: finance_skip_dup... || Trigger: kind=income                          || Output: Cassandra Nelson $6.00 on 2025-11-04
[11/22/2025 04:17:19.013 AM] Action   || Name: finance_skip_dup... || Trigger: kind=income                          || Output: Kristyn Jackson $9.00 on 2025-10-22
[11/22/2025 04:17:19.013 AM] Action   || Name: finance_skip_dup... || Trigger: kind=income                          || Output: Victoria Elkins $5.00 on 2025-10-22
[11/22/2025 04:17:19.016 AM] Action   || Name: finance_skip_dup... || Trigger: kind=income                          || Output: Alexander  Martinez $3.00 on 2025-10-22
[11/22/2025 04:17:19.016 AM] Action   || Name: finance_skip_dup... || Trigger: kind=income                          || Output: Richa  Desai $6.00 on 2025-10-22
[11/22/2025 04:17:19.016 AM] Action   || Name: finance_skip_dup... || Trigger: kind=income                          || Output: Emily Lanham $6.00 on 2025-10-22
[11/22/2025 04:17:19.019 AM] Action   || Name: finance_skip_dup... || Trigger: kind=income                          || Output: Mariah Hall $3.00 on 2025-10-22
[11/22/2025 04:17:19.019 AM] Action   || Name: finance_skip_dup... || Trigger: kind=income                          || Output: Sophia Herrera $5.00 on 2025-10-22
[11/22/2025 04:17:19.021 AM] Action   || Name: finance_skip_dup... || Trigger: kind=income                          || Output: Kylie Crook $5.00 on 2025-09-16
[11/22/2025 04:17:20.669 AM] Action   || Name: finance_skip_dup... || Trigger: kind=expense                         || Output: Py Store Here Pantego $54.00 on 2025-04-20
[11/22/2025 04:17:20.671 AM] Action   || Name: finance_skip_dup... || Trigger: kind=expense                         || Output: j s $11.68 on 2025-04-22
[11/22/2025 04:17:20.671 AM] Action   || Name: finance_skip_dup... || Trigger: kind=expense                         || Output: Wix $25.98 on 2025-04-26
[11/22/2025 04:17:20.673 AM] Action   || Name: finance_skip_dup... || Trigger: kind=expense                         || Output: Wix $25.98 on 2025-08-26
[11/22/2025 04:17:20.673 AM] Action   || Name: finance_skip_dup... || Trigger: kind=expense                         || Output: Derek Fuentes $25.98 on 2025-08-26
[11/22/2025 04:17:20.675 AM] Action   || Name: finance_skip_dup... || Trigger: kind=expense                         || Output: Py Store Here Pantego $54.00 on 2025-08-20
[11/22/2025 04:17:20.677 AM] Action   || Name: finance_skip_dup... || Trigger: kind=expense                         || Output: Megan Digiovanni $47.62 on 2025-08-26
[11/22/2025 04:17:20.677 AM] Action   || Name: finance_skip_dup... || Trigger: kind=expense                         || Output: Megan Digiovanni $74.92 on 2025-07-30
[11/22/2025 04:17:20.679 AM] Action   || Name: finance_skip_dup... || Trigger: kind=expense                         || Output: Py Store Here Pantego $54.00 on 2025-05-20
[11/22/2025 04:17:20.679 AM] Action   || Name: finance_skip_dup... || Trigger: kind=expense                         || Output: Derek Fuentes $72.45 on 2025-05-23
[11/22/2025 04:17:20.680 AM] Action   || Name: finance_skip_dup... || Trigger: kind=expense                         || Output: Wix $25.98 on 2025-05-26
[11/22/2025 04:17:20.680 AM] Action   || Name: finance_skip_dup... || Trigger: kind=expense                         || Output: Megan Digiovanni $89.91 on 2025-10-05
[11/22/2025 04:17:20.682 AM] Action   || Name: finance_skip_dup... || Trigger: kind=expense                         || Output: Derek Fuentes $20.00 on 2025-09-10
[11/22/2025 04:51:05.670 AM] Action   || Name: gmail_log_scheduler || Trigger: found=4                              || Output: logged=0
[11/22/2025 04:51:05.704 AM] Action   || Name: finance_skip_dup... || Trigger: buffer                               || Output: Sophia Herrera $6.00 on 2025-08-26
[11/22/2025 04:51:05.704 AM] Action   || Name: finance_skip_dup... || Trigger: buffer                               || Output: Axel Torres $24.25 on 2025-08-22
[11/22/2025 04:51:05.711 AM] Action   || Name: finance_skip_dup... || Trigger: buffer                               || Output: Megan Digiovanni $47.62 on 2025-08-26
[11/22/2025 04:51:05.711 AM] Action   || Name: finance_skip_dup... || Trigger: buffer                               || Output: M. Padron $20.00 on 2025-08-26
[11/22/2025 04:51:05.712 AM] Action   || Name: finance_skip_dup... || Trigger: buffer                               || Output: Sophia Herrera $6.00 on 2025-08-26
[11/22/2025 04:51:05.712 AM] Action   || Name: finance_skip_dup... || Trigger: buffer                               || Output: Addison Loera $8.00 on 2025-08-26
[11/22/2025 04:51:05.715 AM] Action   || Name: finance_skip_dup... || Trigger: buffer                               || Output: Amber Thomas $5.00 on 2025-08-26
[11/22/2025 04:51:05.715 AM] Action   || Name: finance_skip_dup... || Trigger: buffer                               || Output: Jordin Baylee $5.00 on 2025-08-26
[11/22/2025 04:51:05.715 AM] Action   || Name: finance_skip_dup... || Trigger: buffer                               || Output: Kathleen Cantu $1.00 on 2025-08-26
[11/22/2025 04:51:05.718 AM] Action   || Name: finance_skip_dup... || Trigger: buffer                               || Output: Amber Thomas $3.00 on 2025-08-26
[11/22/2025 04:51:05.718 AM] Action   || Name: finance_skip_dup... || Trigger: buffer                               || Output: Rob Jimenez $3.00 on 2025-08-26
[11/22/2025 04:51:05.718 AM] Action   || Name: finance_skip_dup... || Trigger: buffer                               || Output: Daniel Brantley $3.00 on 2025-08-26
[11/22/2025 04:51:05.718 AM] Action   || Name: finance_skip_dup... || Trigger: buffer                               || Output: Isabella Klein $9.70 on 2025-08-26
[11/22/2025 04:51:05.718 AM] Action   || Name: finance_skip_dup... || Trigger: buffer                               || Output: Wix $25.98 on 2025-08-26
[11/22/2025 04:51:05.718 AM] Action   || Name: finance_skip_dup... || Trigger: buffer                               || Output: Nelda Hernandez $2.00 on 2025-08-26
[11/22/2025 04:51:05.718 AM] Action   || Name: finance_skip_dup... || Trigger: buffer                               || Output: Troy Broome $1.00 on 2025-08-26
[11/22/2025 04:51:05.725 AM] Action   || Name: finance_skip_dup... || Trigger: buffer                               || Output: Div Bits $2.00 on 2025-08-26
[11/22/2025 04:51:05.725 AM] Action   || Name: finance_skip_dup... || Trigger: buffer                               || Output: Jacob Sandoval $1.00 on 2025-08-26
[11/22/2025 04:51:05.725 AM] Action   || Name: finance_skip_dup... || Trigger: buffer                               || Output: Aubrey Cunningham $10.00 on 2025-08-26
[11/22/2025 04:51:05.728 AM] Action   || Name: finance_skip_dup... || Trigger: buffer                               || Output: Maxwell Preston $5.00 on 2025-08-26
[11/22/2025 04:51:05.728 AM] Action   || Name: finance_skip_dup... || Trigger: buffer                               || Output: Sophia Herrera $6.00 on 2025-08-26
[11/22/2025 04:51:05.728 AM] Action   || Name: finance_skip_dup... || Trigger: buffer                               || Output: Derek Fuentes $25.98 on 2025-08-26
[11/22/2025 04:51:05.728 AM] Action   || Name: finance_skip_dup... || Trigger: buffer                               || Output: Miguel V $5.00 on 2025-08-26
[11/22/2025 04:51:05.731 AM] Action   || Name: finance_skip_dup... || Trigger: buffer                               || Output: Nelda Hernandez $3.00 on 2025-08-26
[11/22/2025 04:51:05.731 AM] Action   || Name: finance_skip_dup... || Trigger: buffer                               || Output: Megan Digiovanni $130.00 on 2025-08-26
[11/22/2025 04:51:05.731 AM] Action   || Name: finance_skip_dup... || Trigger: buffer                               || Output: Pedro Savala $5.00 on 2025-08-27
[11/22/2025 04:51:05.731 AM] Action   || Name: finance_skip_dup... || Trigger: buffer                               || Output: Jonathan Mcgeever $5.00 on 2025-08-27
[11/22/2025 04:51:05.731 AM] Action   || Name: finance_skip_dup... || Trigger: buffer                               || Output: Py Store Here Pantego $54.00 on 2025-08-20
[11/22/2025 04:51:05.736 AM] Action   || Name: finance_skip_dup... || Trigger: buffer                               || Output: Megan Digiovanni $74.92 on 2025-07-30
[11/22/2025 04:51:05.736 AM] Action   || Name: finance_skip_dup... || Trigger: buffer                               || Output: Cassandra Nelson $7.00 on 2025-11-04
[11/22/2025 04:51:08.975 AM] Action   || Name: finance_skip_dup... || Trigger: kind=income                          || Output: Cynthia griffith $10.00 on 2025-04-16
[11/22/2025 04:51:08.975 AM] Action   || Name: finance_skip_dup... || Trigger: kind=income                          || Output: Caleb Moran $4.00 on 2025-04-16
[11/22/2025 04:51:08.975 AM] Action   || Name: finance_skip_dup... || Trigger: kind=income                          || Output: Alberto $6.00 on 2025-04-16
[11/22/2025 04:51:08.978 AM] Action   || Name: finance_skip_dup... || Trigger: kind=income                          || Output: Jacob Sandoval $2.91 on 2025-04-16
[11/22/2025 04:51:08.978 AM] Action   || Name: finance_skip_dup... || Trigger: kind=income                          || Output: tay $5.00 on 2025-04-16
[11/22/2025 04:51:08.981 AM] Action   || Name: finance_skip_dup... || Trigger: kind=income                          || Output: Nelda Hernandez $2.00 on 2025-04-16
[11/22/2025 04:51:08.981 AM] Action   || Name: finance_skip_dup... || Trigger: kind=income                          || Output: Maria Olds $10.00 on 2025-04-16
[11/22/2025 04:51:08.981 AM] Action   || Name: finance_skip_dup... || Trigger: kind=income                          || Output: Mario Rodriguez $3.00 on 2025-04-16
[11/22/2025 04:51:08.981 AM] Action   || Name: finance_skip_dup... || Trigger: kind=income                          || Output: Elisha Taylor $5.00 on 2025-04-16
[11/22/2025 04:51:08.984 AM] Action   || Name: finance_skip_dup... || Trigger: kind=income                          || Output: Jacob Sandoval $3.00 on 2025-04-16
[11/22/2025 04:51:08.984 AM] Action   || Name: finance_skip_dup... || Trigger: kind=income                          || Output: Isabella Klein $9.70 on 2025-08-26
[11/22/2025 04:51:08.984 AM] Action   || Name: finance_skip_dup... || Trigger: kind=income                          || Output: Nelda Hernandez $2.00 on 2025-08-26
[11/22/2025 04:51:08.984 AM] Action   || Name: finance_skip_dup... || Trigger: kind=income                          || Output: Troy Broome $1.00 on 2025-08-26
[11/22/2025 04:51:08.984 AM] Action   || Name: finance_skip_dup... || Trigger: kind=income                          || Output: Div Bits $2.00 on 2025-08-26
[11/22/2025 04:51:08.984 AM] Action   || Name: finance_skip_dup... || Trigger: kind=income                          || Output: Jacob Sandoval $1.00 on 2025-08-26
[11/22/2025 04:51:08.990 AM] Action   || Name: finance_skip_dup... || Trigger: kind=income                          || Output: Aubrey Cunningham $10.00 on 2025-08-26
[11/22/2025 04:51:08.990 AM] Action   || Name: finance_skip_dup... || Trigger: kind=income                          || Output: Maxwell Preston $5.00 on 2025-08-26
[11/22/2025 04:51:08.990 AM] Action   || Name: finance_skip_dup... || Trigger: kind=income                          || Output: Sophia Herrera $6.00 on 2025-08-26
[11/22/2025 04:51:08.990 AM] Action   || Name: finance_skip_dup... || Trigger: kind=income                          || Output: Miguel V $5.00 on 2025-08-26
[11/22/2025 04:51:08.996 AM] Action   || Name: finance_skip_dup... || Trigger: kind=income                          || Output: Nelda Hernandez $3.00 on 2025-08-26
[11/22/2025 04:51:08.996 AM] Action   || Name: finance_skip_dup... || Trigger: kind=income                          || Output: Megan Digiovanni $130.00 on 2025-08-26
[11/22/2025 04:51:08.996 AM] Action   || Name: finance_skip_dup... || Trigger: kind=income                          || Output: Pedro Savala $5.00 on 2025-08-27
[11/22/2025 04:51:08.996 AM] Action   || Name: finance_skip_dup... || Trigger: kind=income                          || Output: Jonathan Mcgeever $5.00 on 2025-08-27
[11/22/2025 04:51:08.996 AM] Action   || Name: finance_skip_dup... || Trigger: kind=income                          || Output: Axel Torres $24.25 on 2025-08-22
[11/22/2025 04:51:08.996 AM] Action   || Name: finance_skip_dup... || Trigger: kind=income                          || Output: M. Padron $20.00 on 2025-08-26
[11/22/2025 04:51:08.996 AM] Action   || Name: finance_skip_dup... || Trigger: kind=income                          || Output: Addison Loera $8.00 on 2025-08-26
[11/22/2025 04:51:09.002 AM] Action   || Name: finance_skip_dup... || Trigger: kind=income                          || Output: Amber Thomas $5.00 on 2025-08-26
[11/22/2025 04:51:09.002 AM] Action   || Name: finance_skip_dup... || Trigger: kind=income                          || Output: Jordin Baylee $5.00 on 2025-08-26
[11/22/2025 04:51:09.005 AM] Action   || Name: finance_skip_dup... || Trigger: kind=income                          || Output: Kathleen Cantu $1.00 on 2025-08-26
[11/22/2025 04:51:09.006 AM] Action   || Name: finance_skip_dup... || Trigger: kind=income                          || Output: Amber Thomas $3.00 on 2025-08-26
[11/22/2025 04:51:09.006 AM] Action   || Name: finance_skip_dup... || Trigger: kind=income                          || Output: Rob Jimenez $3.00 on 2025-08-26
[11/22/2025 04:51:09.006 AM] Action   || Name: finance_skip_dup... || Trigger: kind=income                          || Output: Daniel Brantley $3.00 on 2025-08-26
[11/22/2025 04:51:09.006 AM] Action   || Name: finance_skip_dup... || Trigger: kind=income                          || Output: Cassandra Nelson $6.00 on 2025-11-04
[11/22/2025 04:51:09.006 AM] Action   || Name: finance_skip_dup... || Trigger: kind=income                          || Output: Kristyn Jackson $9.00 on 2025-10-22
[11/22/2025 04:51:09.006 AM] Action   || Name: finance_skip_dup... || Trigger: kind=income                          || Output: Victoria Elkins $5.00 on 2025-10-22
[11/22/2025 04:51:09.012 AM] Action   || Name: finance_skip_dup... || Trigger: kind=income                          || Output: Alexander  Martinez $3.00 on 2025-10-22
[11/22/2025 04:51:09.012 AM] Action   || Name: finance_skip_dup... || Trigger: kind=income                          || Output: Richa  Desai $6.00 on 2025-10-22
[11/22/2025 04:51:09.015 AM] Action   || Name: finance_skip_dup... || Trigger: kind=income                          || Output: Emily Lanham $6.00 on 2025-10-22
[11/22/2025 04:51:09.015 AM] Action   || Name: finance_skip_dup... || Trigger: kind=income                          || Output: Mariah Hall $3.00 on 2025-10-22
[11/22/2025 04:51:09.015 AM] Action   || Name: finance_skip_dup... || Trigger: kind=income                          || Output: Sophia Herrera $5.00 on 2025-10-22
[11/22/2025 04:51:09.015 AM] Action   || Name: finance_skip_dup... || Trigger: kind=income                          || Output: Kylie Crook $5.00 on 2025-09-16
[11/22/2025 04:51:10.468 AM] Action   || Name: finance_skip_dup... || Trigger: kind=expense                         || Output: Py Store Here Pantego $54.00 on 2025-04-20
[11/22/2025 04:51:10.468 AM] Action   || Name: finance_skip_dup... || Trigger: kind=expense                         || Output: j s $11.68 on 2025-04-22
[11/22/2025 04:51:10.468 AM] Action   || Name: finance_skip_dup... || Trigger: kind=expense                         || Output: Wix $25.98 on 2025-04-26
[11/22/2025 04:51:10.468 AM] Action   || Name: finance_skip_dup... || Trigger: kind=expense                         || Output: Wix $25.98 on 2025-08-26
[11/22/2025 04:51:10.474 AM] Action   || Name: finance_skip_dup... || Trigger: kind=expense                         || Output: Derek Fuentes $25.98 on 2025-08-26
[11/22/2025 04:51:10.474 AM] Action   || Name: finance_skip_dup... || Trigger: kind=expense                         || Output: Py Store Here Pantego $54.00 on 2025-08-20
[11/22/2025 04:51:10.474 AM] Action   || Name: finance_skip_dup... || Trigger: kind=expense                         || Output: Megan Digiovanni $47.62 on 2025-08-26
[11/22/2025 04:51:10.474 AM] Action   || Name: finance_skip_dup... || Trigger: kind=expense                         || Output: Megan Digiovanni $74.92 on 2025-07-30
[11/22/2025 04:51:10.474 AM] Action   || Name: finance_skip_dup... || Trigger: kind=expense                         || Output: Py Store Here Pantego $54.00 on 2025-05-20
[11/22/2025 04:51:10.479 AM] Action   || Name: finance_skip_dup... || Trigger: kind=expense                         || Output: Derek Fuentes $72.45 on 2025-05-23
[11/22/2025 04:51:10.479 AM] Action   || Name: finance_skip_dup... || Trigger: kind=expense                         || Output: Wix $25.98 on 2025-05-26
[11/22/2025 04:51:10.479 AM] Action   || Name: finance_skip_dup... || Trigger: kind=expense                         || Output: Megan Digiovanni $89.91 on 2025-10-05
[11/22/2025 04:51:10.479 AM] Action   || Name: finance_skip_dup... || Trigger: kind=expense                         || Output: Derek Fuentes $20.00 on 2025-09-10
[11/22/2025 05:16:55.623 AM] Action   || Name: gmail_log_scheduler || Trigger: found=4                              || Output: logged=0
[11/22/2025 05:16:55.655 AM] Action   || Name: finance_skip_dup... || Trigger: buffer                               || Output: Sophia Herrera $6.00 on 2025-08-26
[11/22/2025 05:16:55.655 AM] Action   || Name: finance_skip_dup... || Trigger: buffer                               || Output: Axel Torres $24.25 on 2025-08-22
[11/22/2025 05:16:55.655 AM] Action   || Name: finance_skip_dup... || Trigger: buffer                               || Output: Megan Digiovanni $47.62 on 2025-08-26
[11/22/2025 05:16:55.666 AM] Action   || Name: finance_skip_dup... || Trigger: buffer                               || Output: M. Padron $20.00 on 2025-08-26
[11/22/2025 05:16:55.667 AM] Action   || Name: finance_skip_dup... || Trigger: buffer                               || Output: Sophia Herrera $6.00 on 2025-08-26
[11/22/2025 05:16:55.667 AM] Action   || Name: finance_skip_dup... || Trigger: buffer                               || Output: Addison Loera $8.00 on 2025-08-26
[11/22/2025 05:16:55.669 AM] Action   || Name: finance_skip_dup... || Trigger: buffer                               || Output: Amber Thomas $5.00 on 2025-08-26
[11/22/2025 05:16:55.671 AM] Action   || Name: finance_skip_dup... || Trigger: buffer                               || Output: Jordin Baylee $5.00 on 2025-08-26
[11/22/2025 05:16:55.671 AM] Action   || Name: finance_skip_dup... || Trigger: buffer                               || Output: Kathleen Cantu $1.00 on 2025-08-26
[11/22/2025 05:16:55.671 AM] Action   || Name: finance_skip_dup... || Trigger: buffer                               || Output: Amber Thomas $3.00 on 2025-08-26
[11/22/2025 05:16:55.671 AM] Action   || Name: finance_skip_dup... || Trigger: buffer                               || Output: Rob Jimenez $3.00 on 2025-08-26
[11/22/2025 05:16:55.671 AM] Action   || Name: finance_skip_dup... || Trigger: buffer                               || Output: Daniel Brantley $3.00 on 2025-08-26
[11/22/2025 05:16:55.676 AM] Action   || Name: finance_skip_dup... || Trigger: buffer                               || Output: Isabella Klein $9.70 on 2025-08-26
[11/22/2025 05:16:55.676 AM] Action   || Name: finance_skip_dup... || Trigger: buffer                               || Output: Wix $25.98 on 2025-08-26
[11/22/2025 05:16:55.676 AM] Action   || Name: finance_skip_dup... || Trigger: buffer                               || Output: Nelda Hernandez $2.00 on 2025-08-26
[11/22/2025 05:16:55.679 AM] Action   || Name: finance_skip_dup... || Trigger: buffer                               || Output: Troy Broome $1.00 on 2025-08-26
[11/22/2025 05:16:55.679 AM] Action   || Name: finance_skip_dup... || Trigger: buffer                               || Output: Div Bits $2.00 on 2025-08-26
[11/22/2025 05:16:55.679 AM] Action   || Name: finance_skip_dup... || Trigger: buffer                               || Output: Jacob Sandoval $1.00 on 2025-08-26
[11/22/2025 05:16:55.681 AM] Action   || Name: finance_skip_dup... || Trigger: buffer                               || Output: Aubrey Cunningham $10.00 on 2025-08-26
[11/22/2025 05:16:55.681 AM] Action   || Name: finance_skip_dup... || Trigger: buffer                               || Output: Maxwell Preston $5.00 on 2025-08-26
[11/22/2025 05:16:55.681 AM] Action   || Name: finance_skip_dup... || Trigger: buffer                               || Output: Sophia Herrera $6.00 on 2025-08-26
[11/22/2025 05:16:55.681 AM] Action   || Name: finance_skip_dup... || Trigger: buffer                               || Output: Derek Fuentes $25.98 on 2025-08-26
[11/22/2025 05:16:55.681 AM] Action   || Name: finance_skip_dup... || Trigger: buffer                               || Output: Miguel V $5.00 on 2025-08-26
[11/22/2025 05:16:55.687 AM] Action   || Name: finance_skip_dup... || Trigger: buffer                               || Output: Nelda Hernandez $3.00 on 2025-08-26
[11/22/2025 05:16:55.687 AM] Action   || Name: finance_skip_dup... || Trigger: buffer                               || Output: Megan Digiovanni $130.00 on 2025-08-26
[11/22/2025 05:16:55.687 AM] Action   || Name: finance_skip_dup... || Trigger: buffer                               || Output: Pedro Savala $5.00 on 2025-08-27
[11/22/2025 05:16:55.687 AM] Action   || Name: finance_skip_dup... || Trigger: buffer                               || Output: Jonathan Mcgeever $5.00 on 2025-08-27
[11/22/2025 05:16:55.687 AM] Action   || Name: finance_skip_dup... || Trigger: buffer                               || Output: Py Store Here Pantego $54.00 on 2025-08-20
[11/22/2025 05:16:55.687 AM] Action   || Name: finance_skip_dup... || Trigger: buffer                               || Output: Megan Digiovanni $74.92 on 2025-07-30
[11/22/2025 05:16:55.687 AM] Action   || Name: finance_skip_dup... || Trigger: buffer                               || Output: Cassandra Nelson $7.00 on 2025-11-04
[11/22/2025 05:16:57.857 AM] Action   || Name: finance_skip_dup... || Trigger: kind=income                          || Output: Cynthia griffith $10.00 on 2025-04-16
[11/22/2025 05:16:57.857 AM] Action   || Name: finance_skip_dup... || Trigger: kind=income                          || Output: Caleb Moran $4.00 on 2025-04-16
[11/22/2025 05:16:57.857 AM] Action   || Name: finance_skip_dup... || Trigger: kind=income                          || Output: Alberto $6.00 on 2025-04-16
[11/22/2025 05:16:57.857 AM] Action   || Name: finance_skip_dup... || Trigger: kind=income                          || Output: Jacob Sandoval $2.91 on 2025-04-16
[11/22/2025 05:16:57.857 AM] Action   || Name: finance_skip_dup... || Trigger: kind=income                          || Output: tay $5.00 on 2025-04-16
[11/22/2025 05:16:57.857 AM] Action   || Name: finance_skip_dup... || Trigger: kind=income                          || Output: Nelda Hernandez $2.00 on 2025-04-16
[11/22/2025 05:16:57.867 AM] Action   || Name: finance_skip_dup... || Trigger: kind=income                          || Output: Maria Olds $10.00 on 2025-04-16
[11/22/2025 05:16:57.867 AM] Action   || Name: finance_skip_dup... || Trigger: kind=income                          || Output: Mario Rodriguez $3.00 on 2025-04-16
[11/22/2025 05:16:57.869 AM] Action   || Name: finance_skip_dup... || Trigger: kind=income                          || Output: Elisha Taylor $5.00 on 2025-04-16
[11/22/2025 05:16:57.870 AM] Action   || Name: finance_skip_dup... || Trigger: kind=income                          || Output: Jacob Sandoval $3.00 on 2025-04-16
[11/22/2025 05:16:57.871 AM] Action   || Name: finance_skip_dup... || Trigger: kind=income                          || Output: Isabella Klein $9.70 on 2025-08-26
[11/22/2025 05:16:57.871 AM] Action   || Name: finance_skip_dup... || Trigger: kind=income                          || Output: Nelda Hernandez $2.00 on 2025-08-26
[11/22/2025 05:16:57.874 AM] Action   || Name: finance_skip_dup... || Trigger: kind=income                          || Output: Troy Broome $1.00 on 2025-08-26
[11/22/2025 05:16:57.874 AM] Action   || Name: finance_skip_dup... || Trigger: kind=income                          || Output: Div Bits $2.00 on 2025-08-26
[11/22/2025 05:16:57.874 AM] Action   || Name: finance_skip_dup... || Trigger: kind=income                          || Output: Jacob Sandoval $1.00 on 2025-08-26
[11/22/2025 05:16:57.874 AM] Action   || Name: finance_skip_dup... || Trigger: kind=income                          || Output: Aubrey Cunningham $10.00 on 2025-08-26
[11/22/2025 05:16:57.874 AM] Action   || Name: finance_skip_dup... || Trigger: kind=income                          || Output: Maxwell Preston $5.00 on 2025-08-26
[11/22/2025 05:16:57.874 AM] Action   || Name: finance_skip_dup... || Trigger: kind=income                          || Output: Sophia Herrera $6.00 on 2025-08-26
[11/22/2025 05:16:57.874 AM] Action   || Name: finance_skip_dup... || Trigger: kind=income                          || Output: Miguel V $5.00 on 2025-08-26
[11/22/2025 05:16:57.874 AM] Action   || Name: finance_skip_dup... || Trigger: kind=income                          || Output: Nelda Hernandez $3.00 on 2025-08-26
[11/22/2025 05:16:57.882 AM] Action   || Name: finance_skip_dup... || Trigger: kind=income                          || Output: Megan Digiovanni $130.00 on 2025-08-26
[11/22/2025 05:16:57.882 AM] Action   || Name: finance_skip_dup... || Trigger: kind=income                          || Output: Pedro Savala $5.00 on 2025-08-27
[11/22/2025 05:16:57.885 AM] Action   || Name: finance_skip_dup... || Trigger: kind=income                          || Output: Jonathan Mcgeever $5.00 on 2025-08-27
[11/22/2025 05:16:57.885 AM] Action   || Name: finance_skip_dup... || Trigger: kind=income                          || Output: Axel Torres $24.25 on 2025-08-22
[11/22/2025 05:16:57.887 AM] Action   || Name: finance_skip_dup... || Trigger: kind=income                          || Output: M. Padron $20.00 on 2025-08-26
[11/22/2025 05:16:57.887 AM] Action   || Name: finance_skip_dup... || Trigger: kind=income                          || Output: Addison Loera $8.00 on 2025-08-26
[11/22/2025 05:16:57.887 AM] Action   || Name: finance_skip_dup... || Trigger: kind=income                          || Output: Amber Thomas $5.00 on 2025-08-26
[11/22/2025 05:16:57.887 AM] Action   || Name: finance_skip_dup... || Trigger: kind=income                          || Output: Jordin Baylee $5.00 on 2025-08-26
[11/22/2025 05:16:57.887 AM] Action   || Name: finance_skip_dup... || Trigger: kind=income                          || Output: Kathleen Cantu $1.00 on 2025-08-26
[11/22/2025 05:16:57.887 AM] Action   || Name: finance_skip_dup... || Trigger: kind=income                          || Output: Amber Thomas $3.00 on 2025-08-26
[11/22/2025 05:16:57.887 AM] Action   || Name: finance_skip_dup... || Trigger: kind=income                          || Output: Rob Jimenez $3.00 on 2025-08-26
[11/22/2025 05:16:57.887 AM] Action   || Name: finance_skip_dup... || Trigger: kind=income                          || Output: Daniel Brantley $3.00 on 2025-08-26
[11/22/2025 05:16:57.887 AM] Action   || Name: finance_skip_dup... || Trigger: kind=income                          || Output: Cassandra Nelson $6.00 on 2025-11-04
[11/22/2025 05:16:57.897 AM] Action   || Name: finance_skip_dup... || Trigger: kind=income                          || Output: Kristyn Jackson $9.00 on 2025-10-22
[11/22/2025 05:16:57.897 AM] Action   || Name: finance_skip_dup... || Trigger: kind=income                          || Output: Victoria Elkins $5.00 on 2025-10-22
[11/22/2025 05:16:57.897 AM] Action   || Name: finance_skip_dup... || Trigger: kind=income                          || Output: Alexander  Martinez $3.00 on 2025-10-22
[11/22/2025 05:16:57.897 AM] Action   || Name: finance_skip_dup... || Trigger: kind=income                          || Output: Richa  Desai $6.00 on 2025-10-22
[11/22/2025 05:16:57.901 AM] Action   || Name: finance_skip_dup... || Trigger: kind=income                          || Output: Emily Lanham $6.00 on 2025-10-22
[11/22/2025 05:16:57.901 AM] Action   || Name: finance_skip_dup... || Trigger: kind=income                          || Output: Mariah Hall $3.00 on 2025-10-22
[11/22/2025 05:16:57.901 AM] Action   || Name: finance_skip_dup... || Trigger: kind=income                          || Output: Sophia Herrera $5.00 on 2025-10-22
[11/22/2025 05:16:57.901 AM] Action   || Name: finance_skip_dup... || Trigger: kind=income                          || Output: Kylie Crook $5.00 on 2025-09-16
[11/22/2025 05:16:59.253 AM] Action   || Name: finance_skip_dup... || Trigger: kind=expense                         || Output: Py Store Here Pantego $54.00 on 2025-04-20
[11/22/2025 05:16:59.253 AM] Action   || Name: finance_skip_dup... || Trigger: kind=expense                         || Output: j s $11.68 on 2025-04-22
[11/22/2025 05:16:59.253 AM] Action   || Name: finance_skip_dup... || Trigger: kind=expense                         || Output: Wix $25.98 on 2025-04-26
[11/22/2025 05:16:59.257 AM] Action   || Name: finance_skip_dup... || Trigger: kind=expense                         || Output: Wix $25.98 on 2025-08-26
[11/22/2025 05:16:59.257 AM] Action   || Name: finance_skip_dup... || Trigger: kind=expense                         || Output: Derek Fuentes $25.98 on 2025-08-26
[11/22/2025 05:16:59.259 AM] Action   || Name: finance_skip_dup... || Trigger: kind=expense                         || Output: Py Store Here Pantego $54.00 on 2025-08-20
[11/22/2025 05:16:59.259 AM] Action   || Name: finance_skip_dup... || Trigger: kind=expense                         || Output: Megan Digiovanni $47.62 on 2025-08-26
[11/22/2025 05:16:59.261 AM] Action   || Name: finance_skip_dup... || Trigger: kind=expense                         || Output: Megan Digiovanni $74.92 on 2025-07-30
[11/22/2025 05:16:59.261 AM] Action   || Name: finance_skip_dup... || Trigger: kind=expense                         || Output: Py Store Here Pantego $54.00 on 2025-05-20
[11/22/2025 05:16:59.261 AM] Action   || Name: finance_skip_dup... || Trigger: kind=expense                         || Output: Derek Fuentes $72.45 on 2025-05-23
[11/22/2025 05:16:59.261 AM] Action   || Name: finance_skip_dup... || Trigger: kind=expense                         || Output: Wix $25.98 on 2025-05-26
[11/22/2025 05:16:59.261 AM] Action   || Name: finance_skip_dup... || Trigger: kind=expense                         || Output: Megan Digiovanni $89.91 on 2025-10-05
[11/22/2025 05:16:59.261 AM] Action   || Name: finance_skip_dup... || Trigger: kind=expense                         || Output: Derek Fuentes $20.00 on 2025-09-10
[11/22/2025 05:22:04.079 AM] Message  || User: austinbaustinb      || Channel: #pictures-of-the-cats                || Content: Now I can’t even get him to eat treats at all
[11/22/2025 05:25:21.149 AM] Message  || User: austinbaustinb      || Channel: #thomas-cat-sandbox                  || Content: Write this down somewhere else where you won’t forget, but computer ...
[11/22/2025 05:25:21.174 AM] Action   || Name: feed_pending_set    || Trigger: ch=1341696618688286720; user=6244... || Output: stations=Business,Lot 50; text=Write this down somewhere else where y...
[11/22/2025 06:04:43.782 AM] Action   || Name: gmail_log_scheduler || Trigger: found=4                              || Output: logged=0
[11/22/2025 06:04:43.819 AM] Action   || Name: finance_skip_dup... || Trigger: buffer                               || Output: Sophia Herrera $6.00 on 2025-08-26
[11/22/2025 06:04:43.819 AM] Action   || Name: finance_skip_dup... || Trigger: buffer                               || Output: Axel Torres $24.25 on 2025-08-22
[11/22/2025 06:04:43.819 AM] Action   || Name: finance_skip_dup... || Trigger: buffer                               || Output: Megan Digiovanni $47.62 on 2025-08-26
[11/22/2025 06:04:43.819 AM] Action   || Name: finance_skip_dup... || Trigger: buffer                               || Output: M. Padron $20.00 on 2025-08-26
[11/22/2025 06:04:43.819 AM] Action   || Name: finance_skip_dup... || Trigger: buffer                               || Output: Sophia Herrera $6.00 on 2025-08-26
[11/22/2025 06:04:43.825 AM] Action   || Name: finance_skip_dup... || Trigger: buffer                               || Output: Addison Loera $8.00 on 2025-08-26
[11/22/2025 06:04:43.826 AM] Action   || Name: finance_skip_dup... || Trigger: buffer                               || Output: Amber Thomas $5.00 on 2025-08-26
[11/22/2025 06:04:43.827 AM] Action   || Name: finance_skip_dup... || Trigger: buffer                               || Output: Jordin Baylee $5.00 on 2025-08-26
[11/22/2025 06:04:43.827 AM] Action   || Name: finance_skip_dup... || Trigger: buffer                               || Output: Kathleen Cantu $1.00 on 2025-08-26
[11/22/2025 06:04:43.827 AM] Action   || Name: finance_skip_dup... || Trigger: buffer                               || Output: Amber Thomas $3.00 on 2025-08-26
[11/22/2025 06:04:43.827 AM] Action   || Name: finance_skip_dup... || Trigger: buffer                               || Output: Rob Jimenez $3.00 on 2025-08-26
[11/22/2025 06:04:43.831 AM] Action   || Name: finance_skip_dup... || Trigger: buffer                               || Output: Daniel Brantley $3.00 on 2025-08-26
[11/22/2025 06:04:43.831 AM] Action   || Name: finance_skip_dup... || Trigger: buffer                               || Output: Isabella Klein $9.70 on 2025-08-26
[11/22/2025 06:04:43.831 AM] Action   || Name: finance_skip_dup... || Trigger: buffer                               || Output: Wix $25.98 on 2025-08-26
[11/22/2025 06:04:43.834 AM] Action   || Name: finance_skip_dup... || Trigger: buffer                               || Output: Nelda Hernandez $2.00 on 2025-08-26
[11/22/2025 06:04:43.834 AM] Action   || Name: finance_skip_dup... || Trigger: buffer                               || Output: Troy Broome $1.00 on 2025-08-26
[11/22/2025 06:04:43.834 AM] Action   || Name: finance_skip_dup... || Trigger: buffer                               || Output: Div Bits $2.00 on 2025-08-26
[11/22/2025 06:04:43.837 AM] Action   || Name: finance_skip_dup... || Trigger: buffer                               || Output: Jacob Sandoval $1.00 on 2025-08-26
[11/22/2025 06:04:43.837 AM] Action   || Name: finance_skip_dup... || Trigger: buffer                               || Output: Aubrey Cunningham $10.00 on 2025-08-26
[11/22/2025 06:04:43.837 AM] Action   || Name: finance_skip_dup... || Trigger: buffer                               || Output: Maxwell Preston $5.00 on 2025-08-26
[11/22/2025 06:04:43.837 AM] Action   || Name: finance_skip_dup... || Trigger: buffer                               || Output: Sophia Herrera $6.00 on 2025-08-26
[11/22/2025 06:04:43.840 AM] Action   || Name: finance_skip_dup... || Trigger: buffer                               || Output: Derek Fuentes $25.98 on 2025-08-26
[11/22/2025 06:04:43.840 AM] Action   || Name: finance_skip_dup... || Trigger: buffer                               || Output: Miguel V $5.00 on 2025-08-26
[11/22/2025 06:04:43.840 AM] Action   || Name: finance_skip_dup... || Trigger: buffer                               || Output: Nelda Hernandez $3.00 on 2025-08-26
[11/22/2025 06:04:43.840 AM] Action   || Name: finance_skip_dup... || Trigger: buffer                               || Output: Megan Digiovanni $130.00 on 2025-08-26
[11/22/2025 06:04:43.844 AM] Action   || Name: finance_skip_dup... || Trigger: buffer                               || Output: Pedro Savala $5.00 on 2025-08-27
[11/22/2025 06:04:43.844 AM] Action   || Name: finance_skip_dup... || Trigger: buffer                               || Output: Jonathan Mcgeever $5.00 on 2025-08-27
[11/22/2025 06:04:43.844 AM] Action   || Name: finance_skip_dup... || Trigger: buffer                               || Output: Py Store Here Pantego $54.00 on 2025-08-20
[11/22/2025 06:04:43.847 AM] Action   || Name: finance_skip_dup... || Trigger: buffer                               || Output: Megan Digiovanni $74.92 on 2025-07-30
[11/22/2025 06:04:43.847 AM] Action   || Name: finance_skip_dup... || Trigger: buffer                               || Output: Cassandra Nelson $7.00 on 2025-11-04
[11/22/2025 06:04:46.470 AM] Action   || Name: finance_skip_dup... || Trigger: kind=income                          || Output: Cynthia griffith $10.00 on 2025-04-16
[11/22/2025 06:04:46.470 AM] Action   || Name: finance_skip_dup... || Trigger: kind=income                          || Output: Caleb Moran $4.00 on 2025-04-16
[11/22/2025 06:04:46.470 AM] Action   || Name: finance_skip_dup... || Trigger: kind=income                          || Output: Alberto $6.00 on 2025-04-16
[11/22/2025 06:04:46.470 AM] Action   || Name: finance_skip_dup... || Trigger: kind=income                          || Output: Jacob Sandoval $2.91 on 2025-04-16
[11/22/2025 06:04:46.479 AM] Action   || Name: finance_skip_dup... || Trigger: kind=income                          || Output: tay $5.00 on 2025-04-16
[11/22/2025 06:04:46.479 AM] Action   || Name: finance_skip_dup... || Trigger: kind=income                          || Output: Nelda Hernandez $2.00 on 2025-04-16
[11/22/2025 06:04:46.479 AM] Action   || Name: finance_skip_dup... || Trigger: kind=income                          || Output: Maria Olds $10.00 on 2025-04-16
[11/22/2025 06:04:46.482 AM] Action   || Name: finance_skip_dup... || Trigger: kind=income                          || Output: Mario Rodriguez $3.00 on 2025-04-16
[11/22/2025 06:04:46.482 AM] Action   || Name: finance_skip_dup... || Trigger: kind=income                          || Output: Elisha Taylor $5.00 on 2025-04-16
[11/22/2025 06:04:46.482 AM] Action   || Name: finance_skip_dup... || Trigger: kind=income                          || Output: Jacob Sandoval $3.00 on 2025-04-16
[11/22/2025 06:04:46.482 AM] Action   || Name: finance_skip_dup... || Trigger: kind=income                          || Output: Isabella Klein $9.70 on 2025-08-26
[11/22/2025 06:04:46.486 AM] Action   || Name: finance_skip_dup... || Trigger: kind=income                          || Output: Nelda Hernandez $2.00 on 2025-08-26
[11/22/2025 06:04:46.486 AM] Action   || Name: finance_skip_dup... || Trigger: kind=income                          || Output: Troy Broome $1.00 on 2025-08-26
[11/22/2025 06:04:46.486 AM] Action   || Name: finance_skip_dup... || Trigger: kind=income                          || Output: Div Bits $2.00 on 2025-08-26
[11/22/2025 06:04:46.486 AM] Action   || Name: finance_skip_dup... || Trigger: kind=income                          || Output: Jacob Sandoval $1.00 on 2025-08-26
[11/22/2025 06:04:46.491 AM] Action   || Name: finance_skip_dup... || Trigger: kind=income                          || Output: Aubrey Cunningham $10.00 on 2025-08-26
[11/22/2025 06:04:46.491 AM] Action   || Name: finance_skip_dup... || Trigger: kind=income                          || Output: Maxwell Preston $5.00 on 2025-08-26
[11/22/2025 06:04:46.493 AM] Action   || Name: finance_skip_dup... || Trigger: kind=income                          || Output: Sophia Herrera $6.00 on 2025-08-26
[11/22/2025 06:04:46.494 AM] Action   || Name: finance_skip_dup... || Trigger: kind=income                          || Output: Miguel V $5.00 on 2025-08-26
[11/22/2025 06:04:46.494 AM] Action   || Name: finance_skip_dup... || Trigger: kind=income                          || Output: Nelda Hernandez $3.00 on 2025-08-26
[11/22/2025 06:04:46.494 AM] Action   || Name: finance_skip_dup... || Trigger: kind=income                          || Output: Megan Digiovanni $130.00 on 2025-08-26
[11/22/2025 06:04:46.494 AM] Action   || Name: finance_skip_dup... || Trigger: kind=income                          || Output: Pedro Savala $5.00 on 2025-08-27
[11/22/2025 06:04:46.499 AM] Action   || Name: finance_skip_dup... || Trigger: kind=income                          || Output: Jonathan Mcgeever $5.00 on 2025-08-27
[11/22/2025 06:04:46.500 AM] Action   || Name: finance_skip_dup... || Trigger: kind=income                          || Output: Axel Torres $24.25 on 2025-08-22
[11/22/2025 06:04:46.501 AM] Action   || Name: finance_skip_dup... || Trigger: kind=income                          || Output: M. Padron $20.00 on 2025-08-26
[11/22/2025 06:04:46.503 AM] Action   || Name: finance_skip_dup... || Trigger: kind=income                          || Output: Addison Loera $8.00 on 2025-08-26
[11/22/2025 06:04:46.503 AM] Action   || Name: finance_skip_dup... || Trigger: kind=income                          || Output: Amber Thomas $5.00 on 2025-08-26
[11/22/2025 06:04:46.503 AM] Action   || Name: finance_skip_dup... || Trigger: kind=income                          || Output: Jordin Baylee $5.00 on 2025-08-26
[11/22/2025 06:04:46.503 AM] Action   || Name: finance_skip_dup... || Trigger: kind=income                          || Output: Kathleen Cantu $1.00 on 2025-08-26
[11/22/2025 06:04:46.503 AM] Action   || Name: finance_skip_dup... || Trigger: kind=income                          || Output: Amber Thomas $3.00 on 2025-08-26
[11/22/2025 06:04:46.503 AM] Action   || Name: finance_skip_dup... || Trigger: kind=income                          || Output: Rob Jimenez $3.00 on 2025-08-26
[11/22/2025 06:04:46.503 AM] Action   || Name: finance_skip_dup... || Trigger: kind=income                          || Output: Daniel Brantley $3.00 on 2025-08-26
[11/22/2025 06:04:46.510 AM] Action   || Name: finance_skip_dup... || Trigger: kind=income                          || Output: Cassandra Nelson $6.00 on 2025-11-04
[11/22/2025 06:04:46.510 AM] Action   || Name: finance_skip_dup... || Trigger: kind=income                          || Output: Kristyn Jackson $9.00 on 2025-10-22
[11/22/2025 06:04:46.510 AM] Action   || Name: finance_skip_dup... || Trigger: kind=income                          || Output: Victoria Elkins $5.00 on 2025-10-22
[11/22/2025 06:04:46.513 AM] Action   || Name: finance_skip_dup... || Trigger: kind=income                          || Output: Alexander  Martinez $3.00 on 2025-10-22
[11/22/2025 06:04:46.513 AM] Action   || Name: finance_skip_dup... || Trigger: kind=income                          || Output: Richa  Desai $6.00 on 2025-10-22
[11/22/2025 06:04:46.513 AM] Action   || Name: finance_skip_dup... || Trigger: kind=income                          || Output: Emily Lanham $6.00 on 2025-10-22
[11/22/2025 06:04:46.513 AM] Action   || Name: finance_skip_dup... || Trigger: kind=income                          || Output: Mariah Hall $3.00 on 2025-10-22
[11/22/2025 06:04:46.517 AM] Action   || Name: finance_skip_dup... || Trigger: kind=income                          || Output: Sophia Herrera $5.00 on 2025-10-22
[11/22/2025 06:04:46.518 AM] Action   || Name: finance_skip_dup... || Trigger: kind=income                          || Output: Kylie Crook $5.00 on 2025-09-16
[11/22/2025 06:04:47.749 AM] Action   || Name: finance_skip_dup... || Trigger: kind=expense                         || Output: Py Store Here Pantego $54.00 on 2025-04-20
[11/22/2025 06:04:47.749 AM] Action   || Name: finance_skip_dup... || Trigger: kind=expense                         || Output: j s $11.68 on 2025-04-22
[11/22/2025 06:04:47.758 AM] Action   || Name: finance_skip_dup... || Trigger: kind=expense                         || Output: Wix $25.98 on 2025-04-26
[11/22/2025 06:04:47.758 AM] Action   || Name: finance_skip_dup... || Trigger: kind=expense                         || Output: Wix $25.98 on 2025-08-26
[11/22/2025 06:04:47.760 AM] Action   || Name: finance_skip_dup... || Trigger: kind=expense                         || Output: Derek Fuentes $25.98 on 2025-08-26
[11/22/2025 06:04:47.761 AM] Action   || Name: finance_skip_dup... || Trigger: kind=expense                         || Output: Py Store Here Pantego $54.00 on 2025-08-20
[11/22/2025 06:04:47.761 AM] Action   || Name: finance_skip_dup... || Trigger: kind=expense                         || Output: Megan Digiovanni $47.62 on 2025-08-26
[11/22/2025 06:04:47.761 AM] Action   || Name: finance_skip_dup... || Trigger: kind=expense                         || Output: Megan Digiovanni $74.92 on 2025-07-30
[11/22/2025 06:04:47.765 AM] Action   || Name: finance_skip_dup... || Trigger: kind=expense                         || Output: Py Store Here Pantego $54.00 on 2025-05-20
[11/22/2025 06:04:47.765 AM] Action   || Name: finance_skip_dup... || Trigger: kind=expense                         || Output: Derek Fuentes $72.45 on 2025-05-23
[11/22/2025 06:04:47.765 AM] Action   || Name: finance_skip_dup... || Trigger: kind=expense                         || Output: Wix $25.98 on 2025-05-26
[11/22/2025 06:04:47.768 AM] Action   || Name: finance_skip_dup... || Trigger: kind=expense                         || Output: Megan Digiovanni $89.91 on 2025-10-05
[11/22/2025 06:04:47.769 AM] Action   || Name: finance_skip_dup... || Trigger: kind=expense                         || Output: Derek Fuentes $20.00 on 2025-09-10
[11/22/2025 06:17:50.141 AM] Action   || Name: gmail_log_scheduler || Trigger: found=4                              || Output: logged=0
[11/22/2025 06:17:50.178 AM] Action   || Name: finance_skip_dup... || Trigger: buffer                               || Output: Sophia Herrera $6.00 on 2025-08-26
[11/22/2025 06:17:50.180 AM] Action   || Name: finance_skip_dup... || Trigger: buffer                               || Output: Axel Torres $24.25 on 2025-08-22
[11/22/2025 06:17:50.181 AM] Action   || Name: finance_skip_dup... || Trigger: buffer                               || Output: Megan Digiovanni $47.62 on 2025-08-26
[11/22/2025 06:17:50.181 AM] Action   || Name: finance_skip_dup... || Trigger: buffer                               || Output: M. Padron $20.00 on 2025-08-26
[11/22/2025 06:17:50.183 AM] Action   || Name: finance_skip_dup... || Trigger: buffer                               || Output: Sophia Herrera $6.00 on 2025-08-26
[11/22/2025 06:17:50.184 AM] Action   || Name: finance_skip_dup... || Trigger: buffer                               || Output: Addison Loera $8.00 on 2025-08-26
[11/22/2025 06:17:50.184 AM] Action   || Name: finance_skip_dup... || Trigger: buffer                               || Output: Amber Thomas $5.00 on 2025-08-26
[11/22/2025 06:17:50.186 AM] Action   || Name: finance_skip_dup... || Trigger: buffer                               || Output: Jordin Baylee $5.00 on 2025-08-26
[11/22/2025 06:17:50.186 AM] Action   || Name: finance_skip_dup... || Trigger: buffer                               || Output: Kathleen Cantu $1.00 on 2025-08-26
[11/22/2025 06:17:50.188 AM] Action   || Name: finance_skip_dup... || Trigger: buffer                               || Output: Amber Thomas $3.00 on 2025-08-26
[11/22/2025 06:17:50.189 AM] Action   || Name: finance_skip_dup... || Trigger: buffer                               || Output: Rob Jimenez $3.00 on 2025-08-26
[11/22/2025 06:17:50.190 AM] Action   || Name: finance_skip_dup... || Trigger: buffer                               || Output: Daniel Brantley $3.00 on 2025-08-26
[11/22/2025 06:17:50.190 AM] Action   || Name: finance_skip_dup... || Trigger: buffer                               || Output: Isabella Klein $9.70 on 2025-08-26
[11/22/2025 06:17:50.190 AM] Action   || Name: finance_skip_dup... || Trigger: buffer                               || Output: Wix $25.98 on 2025-08-26
[11/22/2025 06:17:50.190 AM] Action   || Name: finance_skip_dup... || Trigger: buffer                               || Output: Nelda Hernandez $2.00 on 2025-08-26
[11/22/2025 06:17:50.194 AM] Action   || Name: finance_skip_dup... || Trigger: buffer                               || Output: Troy Broome $1.00 on 2025-08-26
[11/22/2025 06:17:50.194 AM] Action   || Name: finance_skip_dup... || Trigger: buffer                               || Output: Div Bits $2.00 on 2025-08-26
[11/22/2025 06:17:50.196 AM] Action   || Name: finance_skip_dup... || Trigger: buffer                               || Output: Jacob Sandoval $1.00 on 2025-08-26
[11/22/2025 06:17:50.196 AM] Action   || Name: finance_skip_dup... || Trigger: buffer                               || Output: Aubrey Cunningham $10.00 on 2025-08-26
[11/22/2025 06:17:50.196 AM] Action   || Name: finance_skip_dup... || Trigger: buffer                               || Output: Maxwell Preston $5.00 on 2025-08-26
[11/22/2025 06:17:50.199 AM] Action   || Name: finance_skip_dup... || Trigger: buffer                               || Output: Sophia Herrera $6.00 on 2025-08-26
[11/22/2025 06:17:50.200 AM] Action   || Name: finance_skip_dup... || Trigger: buffer                               || Output: Derek Fuentes $25.98 on 2025-08-26
[11/22/2025 06:17:50.201 AM] Action   || Name: finance_skip_dup... || Trigger: buffer                               || Output: Miguel V $5.00 on 2025-08-26
[11/22/2025 06:17:50.201 AM] Action   || Name: finance_skip_dup... || Trigger: buffer                               || Output: Nelda Hernandez $3.00 on 2025-08-26
[11/22/2025 06:17:50.201 AM] Action   || Name: finance_skip_dup... || Trigger: buffer                               || Output: Megan Digiovanni $130.00 on 2025-08-26
[11/22/2025 06:17:50.201 AM] Action   || Name: finance_skip_dup... || Trigger: buffer                               || Output: Pedro Savala $5.00 on 2025-08-27
[11/22/2025 06:17:50.201 AM] Action   || Name: finance_skip_dup... || Trigger: buffer                               || Output: Jonathan Mcgeever $5.00 on 2025-08-27
[11/22/2025 06:17:50.201 AM] Action   || Name: finance_skip_dup... || Trigger: buffer                               || Output: Py Store Here Pantego $54.00 on 2025-08-20
[11/22/2025 06:17:50.201 AM] Action   || Name: finance_skip_dup... || Trigger: buffer                               || Output: Megan Digiovanni $74.92 on 2025-07-30
[11/22/2025 06:17:50.201 AM] Action   || Name: finance_skip_dup... || Trigger: buffer                               || Output: Cassandra Nelson $7.00 on 2025-11-04
[11/22/2025 06:17:52.604 AM] Action   || Name: finance_skip_dup... || Trigger: kind=income                          || Output: Cynthia griffith $10.00 on 2025-04-16
[11/22/2025 06:17:52.604 AM] Action   || Name: finance_skip_dup... || Trigger: kind=income                          || Output: Caleb Moran $4.00 on 2025-04-16
[11/22/2025 06:17:52.607 AM] Action   || Name: finance_skip_dup... || Trigger: kind=income                          || Output: Alberto $6.00 on 2025-04-16
[11/22/2025 06:17:52.607 AM] Action   || Name: finance_skip_dup... || Trigger: kind=income                          || Output: Jacob Sandoval $2.91 on 2025-04-16
[11/22/2025 06:17:52.607 AM] Action   || Name: finance_skip_dup... || Trigger: kind=income                          || Output: tay $5.00 on 2025-04-16
[11/22/2025 06:17:52.607 AM] Action   || Name: finance_skip_dup... || Trigger: kind=income                          || Output: Nelda Hernandez $2.00 on 2025-04-16
[11/22/2025 06:17:52.607 AM] Action   || Name: finance_skip_dup... || Trigger: kind=income                          || Output: Maria Olds $10.00 on 2025-04-16
[11/22/2025 06:17:52.607 AM] Action   || Name: finance_skip_dup... || Trigger: kind=income                          || Output: Mario Rodriguez $3.00 on 2025-04-16
[11/22/2025 06:17:52.612 AM] Action   || Name: finance_skip_dup... || Trigger: kind=income                          || Output: Elisha Taylor $5.00 on 2025-04-16
[11/22/2025 06:17:52.612 AM] Action   || Name: finance_skip_dup... || Trigger: kind=income                          || Output: Jacob Sandoval $3.00 on 2025-04-16
[11/22/2025 06:17:52.612 AM] Action   || Name: finance_skip_dup... || Trigger: kind=income                          || Output: Isabella Klein $9.70 on 2025-08-26
[11/22/2025 06:17:52.612 AM] Action   || Name: finance_skip_dup... || Trigger: kind=income                          || Output: Nelda Hernandez $2.00 on 2025-08-26
[11/22/2025 06:17:52.612 AM] Action   || Name: finance_skip_dup... || Trigger: kind=income                          || Output: Troy Broome $1.00 on 2025-08-26
[11/22/2025 06:17:52.612 AM] Action   || Name: finance_skip_dup... || Trigger: kind=income                          || Output: Div Bits $2.00 on 2025-08-26
[11/22/2025 06:17:52.612 AM] Action   || Name: finance_skip_dup... || Trigger: kind=income                          || Output: Jacob Sandoval $1.00 on 2025-08-26
[11/22/2025 06:17:52.612 AM] Action   || Name: finance_skip_dup... || Trigger: kind=income                          || Output: Aubrey Cunningham $10.00 on 2025-08-26
[11/22/2025 06:17:52.612 AM] Action   || Name: finance_skip_dup... || Trigger: kind=income                          || Output: Maxwell Preston $5.00 on 2025-08-26
[11/22/2025 06:17:52.622 AM] Action   || Name: finance_skip_dup... || Trigger: kind=income                          || Output: Sophia Herrera $6.00 on 2025-08-26
[11/22/2025 06:17:52.622 AM] Action   || Name: finance_skip_dup... || Trigger: kind=income                          || Output: Miguel V $5.00 on 2025-08-26
[11/22/2025 06:17:52.622 AM] Action   || Name: finance_skip_dup... || Trigger: kind=income                          || Output: Nelda Hernandez $3.00 on 2025-08-26
[11/22/2025 06:17:52.622 AM] Action   || Name: finance_skip_dup... || Trigger: kind=income                          || Output: Megan Digiovanni $130.00 on 2025-08-26
[11/22/2025 06:17:52.622 AM] Action   || Name: finance_skip_dup... || Trigger: kind=income                          || Output: Pedro Savala $5.00 on 2025-08-27
[11/22/2025 06:17:52.622 AM] Action   || Name: finance_skip_dup... || Trigger: kind=income                          || Output: Jonathan Mcgeever $5.00 on 2025-08-27
[11/22/2025 06:17:52.628 AM] Action   || Name: finance_skip_dup... || Trigger: kind=income                          || Output: Axel Torres $24.25 on 2025-08-22
[11/22/2025 06:17:52.628 AM] Action   || Name: finance_skip_dup... || Trigger: kind=income                          || Output: M. Padron $20.00 on 2025-08-26
[11/22/2025 06:17:52.630 AM] Action   || Name: finance_skip_dup... || Trigger: kind=income                          || Output: Addison Loera $8.00 on 2025-08-26
[11/22/2025 06:17:52.631 AM] Action   || Name: finance_skip_dup... || Trigger: kind=income                          || Output: Amber Thomas $5.00 on 2025-08-26
[11/22/2025 06:17:52.631 AM] Action   || Name: finance_skip_dup... || Trigger: kind=income                          || Output: Jordin Baylee $5.00 on 2025-08-26
[11/22/2025 06:17:52.634 AM] Action   || Name: finance_skip_dup... || Trigger: kind=income                          || Output: Kathleen Cantu $1.00 on 2025-08-26
[11/22/2025 06:17:52.634 AM] Action   || Name: finance_skip_dup... || Trigger: kind=income                          || Output: Amber Thomas $3.00 on 2025-08-26
[11/22/2025 06:17:52.634 AM] Action   || Name: finance_skip_dup... || Trigger: kind=income                          || Output: Rob Jimenez $3.00 on 2025-08-26
[11/22/2025 06:17:52.637 AM] Action   || Name: finance_skip_dup... || Trigger: kind=income                          || Output: Daniel Brantley $3.00 on 2025-08-26
[11/22/2025 06:17:52.637 AM] Action   || Name: finance_skip_dup... || Trigger: kind=income                          || Output: Cassandra Nelson $6.00 on 2025-11-04
[11/22/2025 06:17:52.639 AM] Action   || Name: finance_skip_dup... || Trigger: kind=income                          || Output: Kristyn Jackson $9.00 on 2025-10-22
[11/22/2025 06:17:52.639 AM] Action   || Name: finance_skip_dup... || Trigger: kind=income                          || Output: Victoria Elkins $5.00 on 2025-10-22
[11/22/2025 06:17:52.639 AM] Action   || Name: finance_skip_dup... || Trigger: kind=income                          || Output: Alexander  Martinez $3.00 on 2025-10-22
[11/22/2025 06:17:52.639 AM] Action   || Name: finance_skip_dup... || Trigger: kind=income                          || Output: Richa  Desai $6.00 on 2025-10-22
[11/22/2025 06:17:52.639 AM] Action   || Name: finance_skip_dup... || Trigger: kind=income                          || Output: Emily Lanham $6.00 on 2025-10-22
[11/22/2025 06:17:52.644 AM] Action   || Name: finance_skip_dup... || Trigger: kind=income                          || Output: Mariah Hall $3.00 on 2025-10-22
[11/22/2025 06:17:52.644 AM] Action   || Name: finance_skip_dup... || Trigger: kind=income                          || Output: Sophia Herrera $5.00 on 2025-10-22
[11/22/2025 06:17:52.644 AM] Action   || Name: finance_skip_dup... || Trigger: kind=income                          || Output: Kylie Crook $5.00 on 2025-09-16
[11/22/2025 06:17:54.394 AM] Action   || Name: finance_skip_dup... || Trigger: kind=expense                         || Output: Py Store Here Pantego $54.00 on 2025-04-20
[11/22/2025 06:17:54.394 AM] Action   || Name: finance_skip_dup... || Trigger: kind=expense                         || Output: j s $11.68 on 2025-04-22
[11/22/2025 06:17:54.394 AM] Action   || Name: finance_skip_dup... || Trigger: kind=expense                         || Output: Wix $25.98 on 2025-04-26
[11/22/2025 06:17:54.394 AM] Action   || Name: finance_skip_dup... || Trigger: kind=expense                         || Output: Wix $25.98 on 2025-08-26
[11/22/2025 06:17:54.398 AM] Action   || Name: finance_skip_dup... || Trigger: kind=expense                         || Output: Derek Fuentes $25.98 on 2025-08-26
[11/22/2025 06:17:54.398 AM] Action   || Name: finance_skip_dup... || Trigger: kind=expense                         || Output: Py Store Here Pantego $54.00 on 2025-08-20
[11/22/2025 06:17:54.401 AM] Action   || Name: finance_skip_dup... || Trigger: kind=expense                         || Output: Megan Digiovanni $47.62 on 2025-08-26
[11/22/2025 06:17:54.401 AM] Action   || Name: finance_skip_dup... || Trigger: kind=expense                         || Output: Megan Digiovanni $74.92 on 2025-07-30
[11/22/2025 06:17:54.403 AM] Action   || Name: finance_skip_dup... || Trigger: kind=expense                         || Output: Py Store Here Pantego $54.00 on 2025-05-20
[11/22/2025 06:17:54.403 AM] Action   || Name: finance_skip_dup... || Trigger: kind=expense                         || Output: Derek Fuentes $72.45 on 2025-05-23
[11/22/2025 06:17:54.403 AM] Action   || Name: finance_skip_dup... || Trigger: kind=expense                         || Output: Wix $25.98 on 2025-05-26
[11/22/2025 06:17:54.406 AM] Action   || Name: finance_skip_dup... || Trigger: kind=expense                         || Output: Megan Digiovanni $89.91 on 2025-10-05
[11/22/2025 06:17:54.406 AM] Action   || Name: finance_skip_dup... || Trigger: kind=expense                         || Output: Derek Fuentes $20.00 on 2025-09-10
[11/22/2025 06:25:37.685 AM] Action   || Name: gmail_log_scheduler || Trigger: found=4                              || Output: logged=0
[11/22/2025 06:25:37.720 AM] Action   || Name: finance_skip_dup... || Trigger: buffer                               || Output: Sophia Herrera $6.00 on 2025-08-26
[11/22/2025 06:25:37.720 AM] Action   || Name: finance_skip_dup... || Trigger: buffer                               || Output: Axel Torres $24.25 on 2025-08-22
[11/22/2025 06:25:37.720 AM] Action   || Name: finance_skip_dup... || Trigger: buffer                               || Output: Megan Digiovanni $47.62 on 2025-08-26
[11/22/2025 06:25:37.729 AM] Action   || Name: finance_skip_dup... || Trigger: buffer                               || Output: M. Padron $20.00 on 2025-08-26
[11/22/2025 06:25:37.730 AM] Action   || Name: finance_skip_dup... || Trigger: buffer                               || Output: Sophia Herrera $6.00 on 2025-08-26
[11/22/2025 06:25:37.730 AM] Action   || Name: finance_skip_dup... || Trigger: buffer                               || Output: Addison Loera $8.00 on 2025-08-26
[11/22/2025 06:25:37.730 AM] Action   || Name: finance_skip_dup... || Trigger: buffer                               || Output: Amber Thomas $5.00 on 2025-08-26
[11/22/2025 06:25:37.730 AM] Action   || Name: finance_skip_dup... || Trigger: buffer                               || Output: Jordin Baylee $5.00 on 2025-08-26
[11/22/2025 06:25:37.730 AM] Action   || Name: finance_skip_dup... || Trigger: buffer                               || Output: Kathleen Cantu $1.00 on 2025-08-26
[11/22/2025 06:25:37.730 AM] Action   || Name: finance_skip_dup... || Trigger: buffer                               || Output: Amber Thomas $3.00 on 2025-08-26
[11/22/2025 06:25:37.736 AM] Action   || Name: finance_skip_dup... || Trigger: buffer                               || Output: Rob Jimenez $3.00 on 2025-08-26
[11/22/2025 06:25:37.736 AM] Action   || Name: finance_skip_dup... || Trigger: buffer                               || Output: Daniel Brantley $3.00 on 2025-08-26
[11/22/2025 06:25:37.736 AM] Action   || Name: finance_skip_dup... || Trigger: buffer                               || Output: Isabella Klein $9.70 on 2025-08-26
[11/22/2025 06:25:37.739 AM] Action   || Name: finance_skip_dup... || Trigger: buffer                               || Output: Wix $25.98 on 2025-08-26
[11/22/2025 06:25:37.740 AM] Action   || Name: finance_skip_dup... || Trigger: buffer                               || Output: Nelda Hernandez $2.00 on 2025-08-26
[11/22/2025 06:25:37.740 AM] Action   || Name: finance_skip_dup... || Trigger: buffer                               || Output: Troy Broome $1.00 on 2025-08-26
[11/22/2025 06:25:37.740 AM] Action   || Name: finance_skip_dup... || Trigger: buffer                               || Output: Div Bits $2.00 on 2025-08-26
[11/22/2025 06:25:37.740 AM] Action   || Name: finance_skip_dup... || Trigger: buffer                               || Output: Jacob Sandoval $1.00 on 2025-08-26
[11/22/2025 06:25:37.740 AM] Action   || Name: finance_skip_dup... || Trigger: buffer                               || Output: Aubrey Cunningham $10.00 on 2025-08-26
[11/22/2025 06:25:37.740 AM] Action   || Name: finance_skip_dup... || Trigger: buffer                               || Output: Maxwell Preston $5.00 on 2025-08-26
[11/22/2025 06:25:37.740 AM] Action   || Name: finance_skip_dup... || Trigger: buffer                               || Output: Sophia Herrera $6.00 on 2025-08-26
[11/22/2025 06:25:37.740 AM] Action   || Name: finance_skip_dup... || Trigger: buffer                               || Output: Derek Fuentes $25.98 on 2025-08-26
[11/22/2025 06:25:37.740 AM] Action   || Name: finance_skip_dup... || Trigger: buffer                               || Output: Miguel V $5.00 on 2025-08-26
[11/22/2025 06:25:37.740 AM] Action   || Name: finance_skip_dup... || Trigger: buffer                               || Output: Nelda Hernandez $3.00 on 2025-08-26
[11/22/2025 06:25:37.740 AM] Action   || Name: finance_skip_dup... || Trigger: buffer                               || Output: Megan Digiovanni $130.00 on 2025-08-26
[11/22/2025 06:25:37.740 AM] Action   || Name: finance_skip_dup... || Trigger: buffer                               || Output: Pedro Savala $5.00 on 2025-08-27
[11/22/2025 06:25:37.740 AM] Action   || Name: finance_skip_dup... || Trigger: buffer                               || Output: Jonathan Mcgeever $5.00 on 2025-08-27
[11/22/2025 06:25:37.752 AM] Action   || Name: finance_skip_dup... || Trigger: buffer                               || Output: Py Store Here Pantego $54.00 on 2025-08-20
[11/22/2025 06:25:37.752 AM] Action   || Name: finance_skip_dup... || Trigger: buffer                               || Output: Megan Digiovanni $74.92 on 2025-07-30
[11/22/2025 06:25:37.754 AM] Action   || Name: finance_skip_dup... || Trigger: buffer                               || Output: Cassandra Nelson $7.00 on 2025-11-04
[11/22/2025 06:25:39.379 AM] Action   || Name: finance_skip_dup... || Trigger: kind=income                          || Output: Cynthia griffith $10.00 on 2025-04-16
[11/22/2025 06:25:39.379 AM] Action   || Name: finance_skip_dup... || Trigger: kind=income                          || Output: Caleb Moran $4.00 on 2025-04-16
[11/22/2025 06:25:39.379 AM] Action   || Name: finance_skip_dup... || Trigger: kind=income                          || Output: Alberto $6.00 on 2025-04-16
[11/22/2025 06:25:39.379 AM] Action   || Name: finance_skip_dup... || Trigger: kind=income                          || Output: Jacob Sandoval $2.91 on 2025-04-16
[11/22/2025 06:25:39.383 AM] Action   || Name: finance_skip_dup... || Trigger: kind=income                          || Output: tay $5.00 on 2025-04-16
[11/22/2025 06:25:39.384 AM] Action   || Name: finance_skip_dup... || Trigger: kind=income                          || Output: Nelda Hernandez $2.00 on 2025-04-16
[11/22/2025 06:25:39.386 AM] Action   || Name: finance_skip_dup... || Trigger: kind=income                          || Output: Maria Olds $10.00 on 2025-04-16
[11/22/2025 06:25:39.386 AM] Action   || Name: finance_skip_dup... || Trigger: kind=income                          || Output: Mario Rodriguez $3.00 on 2025-04-16
[11/22/2025 06:25:39.386 AM] Action   || Name: finance_skip_dup... || Trigger: kind=income                          || Output: Elisha Taylor $5.00 on 2025-04-16
[11/22/2025 06:25:39.386 AM] Action   || Name: finance_skip_dup... || Trigger: kind=income                          || Output: Jacob Sandoval $3.00 on 2025-04-16
[11/22/2025 06:25:39.386 AM] Action   || Name: finance_skip_dup... || Trigger: kind=income                          || Output: Isabella Klein $9.70 on 2025-08-26
[11/22/2025 06:25:39.386 AM] Action   || Name: finance_skip_dup... || Trigger: kind=income                          || Output: Nelda Hernandez $2.00 on 2025-08-26
[11/22/2025 06:25:39.386 AM] Action   || Name: finance_skip_dup... || Trigger: kind=income                          || Output: Troy Broome $1.00 on 2025-08-26
[11/22/2025 06:25:39.386 AM] Action   || Name: finance_skip_dup... || Trigger: kind=income                          || Output: Div Bits $2.00 on 2025-08-26
[11/22/2025 06:25:39.386 AM] Action   || Name: finance_skip_dup... || Trigger: kind=income                          || Output: Jacob Sandoval $1.00 on 2025-08-26
[11/22/2025 06:25:39.386 AM] Action   || Name: finance_skip_dup... || Trigger: kind=income                          || Output: Aubrey Cunningham $10.00 on 2025-08-26
[11/22/2025 06:25:39.395 AM] Action   || Name: finance_skip_dup... || Trigger: kind=income                          || Output: Maxwell Preston $5.00 on 2025-08-26
[11/22/2025 06:25:39.396 AM] Action   || Name: finance_skip_dup... || Trigger: kind=income                          || Output: Sophia Herrera $6.00 on 2025-08-26
[11/22/2025 06:25:39.397 AM] Action   || Name: finance_skip_dup... || Trigger: kind=income                          || Output: Miguel V $5.00 on 2025-08-26
[11/22/2025 06:25:39.398 AM] Action   || Name: finance_skip_dup... || Trigger: kind=income                          || Output: Nelda Hernandez $3.00 on 2025-08-26
[11/22/2025 06:25:39.400 AM] Action   || Name: finance_skip_dup... || Trigger: kind=income                          || Output: Megan Digiovanni $130.00 on 2025-08-26
[11/22/2025 06:25:39.401 AM] Action   || Name: finance_skip_dup... || Trigger: kind=income                          || Output: Pedro Savala $5.00 on 2025-08-27
[11/22/2025 06:25:39.402 AM] Action   || Name: finance_skip_dup... || Trigger: kind=income                          || Output: Jonathan Mcgeever $5.00 on 2025-08-27
[11/22/2025 06:25:39.403 AM] Action   || Name: finance_skip_dup... || Trigger: kind=income                          || Output: Axel Torres $24.25 on 2025-08-22
[11/22/2025 06:25:39.404 AM] Action   || Name: finance_skip_dup... || Trigger: kind=income                          || Output: M. Padron $20.00 on 2025-08-26
[11/22/2025 06:25:39.405 AM] Action   || Name: finance_skip_dup... || Trigger: kind=income                          || Output: Addison Loera $8.00 on 2025-08-26
[11/22/2025 06:25:39.406 AM] Action   || Name: finance_skip_dup... || Trigger: kind=income                          || Output: Amber Thomas $5.00 on 2025-08-26
[11/22/2025 06:25:39.407 AM] Action   || Name: finance_skip_dup... || Trigger: kind=income                          || Output: Jordin Baylee $5.00 on 2025-08-26
[11/22/2025 06:25:39.408 AM] Action   || Name: finance_skip_dup... || Trigger: kind=income                          || Output: Kathleen Cantu $1.00 on 2025-08-26
[11/22/2025 06:25:39.409 AM] Action   || Name: finance_skip_dup... || Trigger: kind=income                          || Output: Amber Thomas $3.00 on 2025-08-26
[11/22/2025 06:25:39.409 AM] Action   || Name: finance_skip_dup... || Trigger: kind=income                          || Output: Rob Jimenez $3.00 on 2025-08-26
[11/22/2025 06:25:39.409 AM] Action   || Name: finance_skip_dup... || Trigger: kind=income                          || Output: Daniel Brantley $3.00 on 2025-08-26
[11/22/2025 06:25:39.409 AM] Action   || Name: finance_skip_dup... || Trigger: kind=income                          || Output: Cassandra Nelson $6.00 on 2025-11-04
[11/22/2025 06:25:39.409 AM] Action   || Name: finance_skip_dup... || Trigger: kind=income                          || Output: Kristyn Jackson $9.00 on 2025-10-22
[11/22/2025 06:25:39.413 AM] Action   || Name: finance_skip_dup... || Trigger: kind=income                          || Output: Victoria Elkins $5.00 on 2025-10-22
[11/22/2025 06:25:39.413 AM] Action   || Name: finance_skip_dup... || Trigger: kind=income                          || Output: Alexander  Martinez $3.00 on 2025-10-22
[11/22/2025 06:25:39.413 AM] Action   || Name: finance_skip_dup... || Trigger: kind=income                          || Output: Richa  Desai $6.00 on 2025-10-22
[11/22/2025 06:25:39.413 AM] Action   || Name: finance_skip_dup... || Trigger: kind=income                          || Output: Emily Lanham $6.00 on 2025-10-22
[11/22/2025 06:25:39.417 AM] Action   || Name: finance_skip_dup... || Trigger: kind=income                          || Output: Mariah Hall $3.00 on 2025-10-22
[11/22/2025 06:25:39.419 AM] Action   || Name: finance_skip_dup... || Trigger: kind=income                          || Output: Sophia Herrera $5.00 on 2025-10-22
[11/22/2025 06:25:39.419 AM] Action   || Name: finance_skip_dup... || Trigger: kind=income                          || Output: Kylie Crook $5.00 on 2025-09-16
[11/22/2025 06:25:40.934 AM] Action   || Name: finance_skip_dup... || Trigger: kind=expense                         || Output: Py Store Here Pantego $54.00 on 2025-04-20
[11/22/2025 06:25:40.934 AM] Action   || Name: finance_skip_dup... || Trigger: kind=expense                         || Output: j s $11.68 on 2025-04-22
[11/22/2025 06:25:40.934 AM] Action   || Name: finance_skip_dup... || Trigger: kind=expense                         || Output: Wix $25.98 on 2025-04-26
[11/22/2025 06:25:40.934 AM] Action   || Name: finance_skip_dup... || Trigger: kind=expense                         || Output: Wix $25.98 on 2025-08-26
[11/22/2025 06:25:40.934 AM] Action   || Name: finance_skip_dup... || Trigger: kind=expense                         || Output: Derek Fuentes $25.98 on 2025-08-26
[11/22/2025 06:25:40.934 AM] Action   || Name: finance_skip_dup... || Trigger: kind=expense                         || Output: Py Store Here Pantego $54.00 on 2025-08-20
[11/22/2025 06:25:40.934 AM] Action   || Name: finance_skip_dup... || Trigger: kind=expense                         || Output: Megan Digiovanni $47.62 on 2025-08-26
[11/22/2025 06:25:40.941 AM] Action   || Name: finance_skip_dup... || Trigger: kind=expense                         || Output: Megan Digiovanni $74.92 on 2025-07-30
[11/22/2025 06:25:40.941 AM] Action   || Name: finance_skip_dup... || Trigger: kind=expense                         || Output: Py Store Here Pantego $54.00 on 2025-05-20
[11/22/2025 06:25:40.944 AM] Action   || Name: finance_skip_dup... || Trigger: kind=expense                         || Output: Derek Fuentes $72.45 on 2025-05-23
[11/22/2025 06:25:40.944 AM] Action   || Name: finance_skip_dup... || Trigger: kind=expense                         || Output: Wix $25.98 on 2025-05-26
[11/22/2025 06:25:40.944 AM] Action   || Name: finance_skip_dup... || Trigger: kind=expense                         || Output: Megan Digiovanni $89.91 on 2025-10-05
[11/22/2025 06:25:40.944 AM] Action   || Name: finance_skip_dup... || Trigger: kind=expense                         || Output: Derek Fuentes $20.00 on 2025-09-10
[11/22/2025 06:41:14.136 AM] Message  || User: a1darek             || Channel: #itty-bitty-kitty-commitee           || Content: I already hate this little dog kennel thing I have Sinatra in and br...
[11/22/2025 06:41:29.155 AM] Message  || User: a1darek             || Channel: #itty-bitty-kitty-commitee           || Content: I double reinforced it cause I do not need bro roaming my house
[11/22/2025 06:42:57.916 AM] Message  || User: adeyumii            || Channel: #itty-bitty-kitty-commitee           || Content: but he wants to be a house cat, let him live his dreams /silly
[11/22/2025 07:18:22.543 AM] React+   || User: moineau_l.oiseau    || Channel: #pet-pictures                        || emoji=❤️; msg=1441090196790841354
[11/22/2025 07:18:28.515 AM] React+   || User: moineau_l.oiseau    || Channel: #pet-pictures                        || emoji=🥹; msg=1441153428851265697
[11/22/2025 07:18:55.099 AM] React+   || User: moineau_l.oiseau    || Channel: #pet-pictures                        || emoji=❤️; msg=1441263911016992931
[11/22/2025 07:19:01.440 AM] React+   || User: moineau_l.oiseau    || Channel: #pet-pictures                        || emoji=🎉; msg=1441466960834461726
[11/22/2025 07:19:01.977 AM] React+   || User: moineau_l.oiseau    || Channel: #pet-pictures                        || emoji=❤️; msg=1441466960834461726
[11/22/2025 07:19:16.004 AM] React+   || User: moineau_l.oiseau    || Channel: #pet-pictures                        || emoji=🔥; msg="behold shiki (ft henry)" by spitonme
[11/22/2025 07:24:17.107 AM] Message  || User: moineau_l.oiseau    || Channel: #memes                               || Content: (no text; attachments=1)
[11/22/2025 07:24:40.905 AM] React+   || User: moineau_l.oiseau    || Channel: #events                              || emoji=‼️; msg="Not this year! I know for me (and a lot ..." by m_digio
[11/22/2025 07:25:18.364 AM] Action   || Name: gmail_log_scheduler || Trigger: found=4                              || Output: logged=0
[11/22/2025 07:25:18.402 AM] Action   || Name: finance_skip_dup... || Trigger: buffer                               || Output: Sophia Herrera $6.00 on 2025-08-26
[11/22/2025 07:25:18.404 AM] Action   || Name: finance_skip_dup... || Trigger: buffer                               || Output: Axel Torres $24.25 on 2025-08-22
[11/22/2025 07:25:18.406 AM] Action   || Name: finance_skip_dup... || Trigger: buffer                               || Output: Megan Digiovanni $47.62 on 2025-08-26
[11/22/2025 07:25:18.406 AM] Action   || Name: finance_skip_dup... || Trigger: buffer                               || Output: M. Padron $20.00 on 2025-08-26
[11/22/2025 07:25:18.407 AM] Action   || Name: finance_skip_dup... || Trigger: buffer                               || Output: Sophia Herrera $6.00 on 2025-08-26
[11/22/2025 07:25:18.407 AM] Action   || Name: finance_skip_dup... || Trigger: buffer                               || Output: Addison Loera $8.00 on 2025-08-26
[11/22/2025 07:25:18.409 AM] Action   || Name: finance_skip_dup... || Trigger: buffer                               || Output: Amber Thomas $5.00 on 2025-08-26
[11/22/2025 07:25:18.411 AM] Action   || Name: finance_skip_dup... || Trigger: buffer                               || Output: Jordin Baylee $5.00 on 2025-08-26
[11/22/2025 07:25:18.411 AM] Action   || Name: finance_skip_dup... || Trigger: buffer                               || Output: Kathleen Cantu $1.00 on 2025-08-26
[11/22/2025 07:25:18.411 AM] Action   || Name: finance_skip_dup... || Trigger: buffer                               || Output: Amber Thomas $3.00 on 2025-08-26
[11/22/2025 07:25:18.414 AM] Action   || Name: finance_skip_dup... || Trigger: buffer                               || Output: Rob Jimenez $3.00 on 2025-08-26
[11/22/2025 07:25:18.414 AM] Action   || Name: finance_skip_dup... || Trigger: buffer                               || Output: Daniel Brantley $3.00 on 2025-08-26
[11/22/2025 07:25:18.414 AM] Action   || Name: finance_skip_dup... || Trigger: buffer                               || Output: Isabella Klein $9.70 on 2025-08-26
[11/22/2025 07:25:18.414 AM] Action   || Name: finance_skip_dup... || Trigger: buffer                               || Output: Wix $25.98 on 2025-08-26
[11/22/2025 07:25:18.414 AM] Action   || Name: finance_skip_dup... || Trigger: buffer                               || Output: Nelda Hernandez $2.00 on 2025-08-26
[11/22/2025 07:25:18.414 AM] Action   || Name: finance_skip_dup... || Trigger: buffer                               || Output: Troy Broome $1.00 on 2025-08-26
[11/22/2025 07:25:18.414 AM] Action   || Name: finance_skip_dup... || Trigger: buffer                               || Output: Div Bits $2.00 on 2025-08-26
[11/22/2025 07:25:18.414 AM] Action   || Name: finance_skip_dup... || Trigger: buffer                               || Output: Jacob Sandoval $1.00 on 2025-08-26
[11/22/2025 07:25:18.414 AM] Action   || Name: finance_skip_dup... || Trigger: buffer                               || Output: Aubrey Cunningham $10.00 on 2025-08-26
[11/22/2025 07:25:18.423 AM] Action   || Name: finance_skip_dup... || Trigger: buffer                               || Output: Maxwell Preston $5.00 on 2025-08-26
[11/22/2025 07:25:18.423 AM] Action   || Name: finance_skip_dup... || Trigger: buffer                               || Output: Sophia Herrera $6.00 on 2025-08-26
[11/22/2025 07:25:18.425 AM] Action   || Name: finance_skip_dup... || Trigger: buffer                               || Output: Derek Fuentes $25.98 on 2025-08-26
[11/22/2025 07:25:18.425 AM] Action   || Name: finance_skip_dup... || Trigger: buffer                               || Output: Miguel V $5.00 on 2025-08-26
[11/22/2025 07:25:18.425 AM] Action   || Name: finance_skip_dup... || Trigger: buffer                               || Output: Nelda Hernandez $3.00 on 2025-08-26
[11/22/2025 07:25:18.425 AM] Action   || Name: finance_skip_dup... || Trigger: buffer                               || Output: Megan Digiovanni $130.00 on 2025-08-26
[11/22/2025 07:25:18.425 AM] Action   || Name: finance_skip_dup... || Trigger: buffer                               || Output: Pedro Savala $5.00 on 2025-08-27
[11/22/2025 07:25:18.425 AM] Action   || Name: finance_skip_dup... || Trigger: buffer                               || Output: Jonathan Mcgeever $5.00 on 2025-08-27
[11/22/2025 07:25:18.431 AM] Action   || Name: finance_skip_dup... || Trigger: buffer                               || Output: Py Store Here Pantego $54.00 on 2025-08-20
[11/22/2025 07:25:18.431 AM] Action   || Name: finance_skip_dup... || Trigger: buffer                               || Output: Megan Digiovanni $74.92 on 2025-07-30
[11/22/2025 07:25:18.431 AM] Action   || Name: finance_skip_dup... || Trigger: buffer                               || Output: Cassandra Nelson $7.00 on 2025-11-04
[11/22/2025 07:25:20.880 AM] Action   || Name: finance_skip_dup... || Trigger: kind=income                          || Output: Cynthia griffith $10.00 on 2025-04-16
[11/22/2025 07:25:20.880 AM] Action   || Name: finance_skip_dup... || Trigger: kind=income                          || Output: Caleb Moran $4.00 on 2025-04-16
[11/22/2025 07:25:20.880 AM] Action   || Name: finance_skip_dup... || Trigger: kind=income                          || Output: Alberto $6.00 on 2025-04-16
[11/22/2025 07:25:20.880 AM] Action   || Name: finance_skip_dup... || Trigger: kind=income                          || Output: Jacob Sandoval $2.91 on 2025-04-16
[11/22/2025 07:25:20.886 AM] Action   || Name: finance_skip_dup... || Trigger: kind=income                          || Output: tay $5.00 on 2025-04-16
[11/22/2025 07:25:20.887 AM] Action   || Name: finance_skip_dup... || Trigger: kind=income                          || Output: Nelda Hernandez $2.00 on 2025-04-16
[11/22/2025 07:25:20.887 AM] Action   || Name: finance_skip_dup... || Trigger: kind=income                          || Output: Maria Olds $10.00 on 2025-04-16
[11/22/2025 07:25:20.887 AM] Action   || Name: finance_skip_dup... || Trigger: kind=income                          || Output: Mario Rodriguez $3.00 on 2025-04-16
[11/22/2025 07:25:20.887 AM] Action   || Name: finance_skip_dup... || Trigger: kind=income                          || Output: Elisha Taylor $5.00 on 2025-04-16
[11/22/2025 07:25:20.887 AM] Action   || Name: finance_skip_dup... || Trigger: kind=income                          || Output: Jacob Sandoval $3.00 on 2025-04-16
[11/22/2025 07:25:20.887 AM] Action   || Name: finance_skip_dup... || Trigger: kind=income                          || Output: Isabella Klein $9.70 on 2025-08-26
[11/22/2025 07:25:20.887 AM] Action   || Name: finance_skip_dup... || Trigger: kind=income                          || Output: Nelda Hernandez $2.00 on 2025-08-26
[11/22/2025 07:25:20.894 AM] Action   || Name: finance_skip_dup... || Trigger: kind=income                          || Output: Troy Broome $1.00 on 2025-08-26
[11/22/2025 07:25:20.895 AM] Action   || Name: finance_skip_dup... || Trigger: kind=income                          || Output: Div Bits $2.00 on 2025-08-26
[11/22/2025 07:25:20.895 AM] Action   || Name: finance_skip_dup... || Trigger: kind=income                          || Output: Jacob Sandoval $1.00 on 2025-08-26
[11/22/2025 07:25:20.895 AM] Action   || Name: finance_skip_dup... || Trigger: kind=income                          || Output: Aubrey Cunningham $10.00 on 2025-08-26
[11/22/2025 07:25:20.895 AM] Action   || Name: finance_skip_dup... || Trigger: kind=income                          || Output: Maxwell Preston $5.00 on 2025-08-26
[11/22/2025 07:25:20.895 AM] Action   || Name: finance_skip_dup... || Trigger: kind=income                          || Output: Sophia Herrera $6.00 on 2025-08-26
[11/22/2025 07:25:20.901 AM] Action   || Name: finance_skip_dup... || Trigger: kind=income                          || Output: Miguel V $5.00 on 2025-08-26
[11/22/2025 07:25:20.901 AM] Action   || Name: finance_skip_dup... || Trigger: kind=income                          || Output: Nelda Hernandez $3.00 on 2025-08-26
[11/22/2025 07:25:20.903 AM] Action   || Name: finance_skip_dup... || Trigger: kind=income                          || Output: Megan Digiovanni $130.00 on 2025-08-26
[11/22/2025 07:25:20.903 AM] Action   || Name: finance_skip_dup... || Trigger: kind=income                          || Output: Pedro Savala $5.00 on 2025-08-27
[11/22/2025 07:25:20.903 AM] Action   || Name: finance_skip_dup... || Trigger: kind=income                          || Output: Jonathan Mcgeever $5.00 on 2025-08-27
[11/22/2025 07:25:20.907 AM] Action   || Name: finance_skip_dup... || Trigger: kind=income                          || Output: Axel Torres $24.25 on 2025-08-22
[11/22/2025 07:25:20.907 AM] Action   || Name: finance_skip_dup... || Trigger: kind=income                          || Output: M. Padron $20.00 on 2025-08-26
[11/22/2025 07:25:20.907 AM] Action   || Name: finance_skip_dup... || Trigger: kind=income                          || Output: Addison Loera $8.00 on 2025-08-26
[11/22/2025 07:25:20.907 AM] Action   || Name: finance_skip_dup... || Trigger: kind=income                          || Output: Amber Thomas $5.00 on 2025-08-26
[11/22/2025 07:25:20.907 AM] Action   || Name: finance_skip_dup... || Trigger: kind=income                          || Output: Jordin Baylee $5.00 on 2025-08-26
[11/22/2025 07:25:20.907 AM] Action   || Name: finance_skip_dup... || Trigger: kind=income                          || Output: Kathleen Cantu $1.00 on 2025-08-26
[11/22/2025 07:25:20.907 AM] Action   || Name: finance_skip_dup... || Trigger: kind=income                          || Output: Amber Thomas $3.00 on 2025-08-26
[11/22/2025 07:25:20.913 AM] Action   || Name: finance_skip_dup... || Trigger: kind=income                          || Output: Rob Jimenez $3.00 on 2025-08-26
[11/22/2025 07:25:20.913 AM] Action   || Name: finance_skip_dup... || Trigger: kind=income                          || Output: Daniel Brantley $3.00 on 2025-08-26
[11/22/2025 07:25:20.913 AM] Action   || Name: finance_skip_dup... || Trigger: kind=income                          || Output: Cassandra Nelson $6.00 on 2025-11-04
[11/22/2025 07:25:20.913 AM] Action   || Name: finance_skip_dup... || Trigger: kind=income                          || Output: Kristyn Jackson $9.00 on 2025-10-22
[11/22/2025 07:25:20.913 AM] Action   || Name: finance_skip_dup... || Trigger: kind=income                          || Output: Victoria Elkins $5.00 on 2025-10-22
[11/22/2025 07:25:20.913 AM] Action   || Name: finance_skip_dup... || Trigger: kind=income                          || Output: Alexander  Martinez $3.00 on 2025-10-22
[11/22/2025 07:25:20.919 AM] Action   || Name: finance_skip_dup... || Trigger: kind=income                          || Output: Richa  Desai $6.00 on 2025-10-22
[11/22/2025 07:25:20.919 AM] Action   || Name: finance_skip_dup... || Trigger: kind=income                          || Output: Emily Lanham $6.00 on 2025-10-22
[11/22/2025 07:25:20.921 AM] Action   || Name: finance_skip_dup... || Trigger: kind=income                          || Output: Mariah Hall $3.00 on 2025-10-22
[11/22/2025 07:25:20.921 AM] Action   || Name: finance_skip_dup... || Trigger: kind=income                          || Output: Sophia Herrera $5.00 on 2025-10-22
[11/22/2025 07:25:20.921 AM] Action   || Name: finance_skip_dup... || Trigger: kind=income                          || Output: Kylie Crook $5.00 on 2025-09-16
[11/22/2025 07:25:22.404 AM] Action   || Name: finance_skip_dup... || Trigger: kind=expense                         || Output: Py Store Here Pantego $54.00 on 2025-04-20
[11/22/2025 07:25:22.404 AM] Action   || Name: finance_skip_dup... || Trigger: kind=expense                         || Output: j s $11.68 on 2025-04-22
[11/22/2025 07:25:22.404 AM] Action   || Name: finance_skip_dup... || Trigger: kind=expense                         || Output: Wix $25.98 on 2025-04-26
[11/22/2025 07:25:22.413 AM] Action   || Name: finance_skip_dup... || Trigger: kind=expense                         || Output: Wix $25.98 on 2025-08-26
[11/22/2025 07:25:22.413 AM] Action   || Name: finance_skip_dup... || Trigger: kind=expense                         || Output: Derek Fuentes $25.98 on 2025-08-26
[11/22/2025 07:25:22.413 AM] Action   || Name: finance_skip_dup... || Trigger: kind=expense                         || Output: Py Store Here Pantego $54.00 on 2025-08-20
[11/22/2025 07:25:22.413 AM] Action   || Name: finance_skip_dup... || Trigger: kind=expense                         || Output: Megan Digiovanni $47.62 on 2025-08-26
[11/22/2025 07:25:22.417 AM] Action   || Name: finance_skip_dup... || Trigger: kind=expense                         || Output: Megan Digiovanni $74.92 on 2025-07-30
[11/22/2025 07:25:22.417 AM] Action   || Name: finance_skip_dup... || Trigger: kind=expense                         || Output: Py Store Here Pantego $54.00 on 2025-05-20
[11/22/2025 07:25:22.417 AM] Action   || Name: finance_skip_dup... || Trigger: kind=expense                         || Output: Derek Fuentes $72.45 on 2025-05-23
[11/22/2025 07:25:22.419 AM] Action   || Name: finance_skip_dup... || Trigger: kind=expense                         || Output: Wix $25.98 on 2025-05-26
[11/22/2025 07:25:22.419 AM] Action   || Name: finance_skip_dup... || Trigger: kind=expense                         || Output: Megan Digiovanni $89.91 on 2025-10-05
[11/22/2025 07:25:22.419 AM] Action   || Name: finance_skip_dup... || Trigger: kind=expense                         || Output: Derek Fuentes $20.00 on 2025-09-10
[11/22/2025 07:29:46.473 AM] React+   || User: kitadan             || Channel: #itty-bitty-kitty-commitee           || emoji=🎉; msg="I double reinforced it cause I do not ne..." by a1darek
[11/22/2025 07:30:44.281 AM] Message  || User: a1darek             || Channel: #purrley-pawsitive-pussy-pals        || Content: clocking into work to use the restroom immediately
[11/22/2025 07:44:13.887 AM] Message  || User: slayc127            || Channel: #yapper-committee                    || Content: ITZ FINEEEE ill figure it out (sobbing throwinf up)
[11/22/2025 07:44:51.961 AM] React+   || User: slayc127            || Channel: #itty-bitty-kitty-commitee           || emoji=🎉; msg="I double reinforced it cause I do not ne..." by a1darek
[11/22/2025 07:45:28.686 AM] React+   || User: slayc127            || Channel: #purrley-pawsitive-pussy-pals        || emoji=‼️; msg="My wifi now has adblock!!! 
There is ess..." by austinbaustinb
[11/22/2025 07:48:51.746 AM] Message  || User: kcreepertux04       || Channel: #yapper-committee                    || Content: Y’all i am incorporating this into my vocabulary
[11/22/2025 07:48:53.268 AM] Message  || User: ludavis             || Channel: #memes                               || Content: https://vxtwitter.com/Shitpost_Fish/status/1953262568086053343?t=7x1...
[11/22/2025 07:48:54.319 AM] Edit     || User: ludavis             || Channel: #memes                               || https://vxtwitter.com/Shitpost_Fish/status/1953262568086053343?t=7x1nuQhDmNni...
[11/22/2025 07:49:14.135 AM] Message  || User: kcreepertux04       || Channel: #yapper-committee                    || Content: the F1 commentators last night said “You gotta commit, you can’t be ...
[11/22/2025 07:49:21.799 AM] Message  || User: kcreepertux04       || Channel: #yapper-committee                    || Content: AND I CANT STOP THINKING ABOUT THAT
[11/22/2025 08:45:22.944 AM] React+   || User: simplyshadow171295  || Channel: #itty-bitty-kitty-commitee           || emoji=🎉; msg="I double reinforced it cause I do not ne..." by a1darek
[11/22/2025 08:56:04.708 AM] React+   || User: adeyumii            || Channel: #itty-bitty-kitty-commitee           || emoji=🎉; msg="I double reinforced it cause I do not ne..." by a1darek
[11/22/2025 09:31:30.668 AM] React+   || User: nostalgicsapphic    || Channel: #purrley-pawsitive-pussy-pals        || emoji=❤️; msg="to finally know where i want to be....wh..." by slayc127
[11/22/2025 09:31:37.511 AM] React+   || User: nostalgicsapphic    || Channel: #purrley-pawsitive-pussy-pals        || emoji=🎉; msg="i am so very privileged to be able to pu..." by slayc127
[11/22/2025 09:44:07.490 AM] Message  || User: bubblebee5866       || Channel: #cat-name-ideas                      || Content: Oh my gosh I don't know the I survived series but this image is insane
[11/22/2025 09:55:04.687 AM] React+   || User: m_digio             || Channel: #itty-bitty-kitty-commitee           || emoji=🎉; msg="I double reinforced it cause I do not ne..." by a1darek
[11/22/2025 09:55:23.522 AM] Message  || User: m_digio             || Channel: #itty-bitty-kitty-commitee           || Content: If i didn't alr have 5 cats he would be mine
[11/22/2025 09:56:10.412 AM] Message  || User: a1darek             || Channel: #itty-bitty-kitty-commitee           || Content: brother I've never gripped a cat more in my life when he started run...
[11/22/2025 09:56:17.884 AM] Message  || User: a1darek             || Channel: #itty-bitty-kitty-commitee           || Content: Bro was not going to make me late for work
[11/22/2025 09:56:43.632 AM] React+   || User: m_digio             || Channel: #executive-board                     || emoji=😭; msg="doing some cybersecurity stuff with my n..." by austinbaustinb
[11/22/2025 09:57:27.043 AM] React+   || User: bubblebee5866       || Channel: #pictures-of-the-cats                || emoji=❤️; msg=1417337985916993649
[11/22/2025 09:57:41.261 AM] React+   || User: bubblebee5866       || Channel: #pictures-of-the-cats                || emoji=❤️; msg=1417339706135416912
[11/22/2025 09:57:59.580 AM] React+   || User: bubblebee5866       || Channel: #pictures-of-the-cats                || emoji=❤️; msg=1417515093964492974
[11/22/2025 09:58:01.791 AM] React+   || User: bubblebee5866       || Channel: #pictures-of-the-cats                || emoji=❤️; msg=1417500137793654875
[11/22/2025 09:59:36.031 AM] React+   || User: bubblebee5866       || Channel: #pictures-of-the-cats                || emoji=🖤; msg="look at this sassy individual" by lifeye
[11/22/2025 10:02:17.967 AM] React+   || User: bubblebee5866       || Channel: #pictures-of-the-cats                || emoji=❤️; msg=1441610960568713318
[11/22/2025 10:07:02.761 AM] Message  || User: ludavis             || Channel: #itty-bitty-kitty-commitee           || Content: Its meant to be
[11/22/2025 10:07:56.416 AM] Message  || User: bubblebee5866       || Channel: #itty-bitty-kitty-commitee           || Content: I mean what's one more when you already have 5 /j
[11/22/2025 10:10:07.316 AM] React+   || User: .s3j                || Channel: #cat-name-ideas                      || emoji=❤️; msg="Oh my gosh I don't know the I survived s..." by bubblebee5866
[11/22/2025 10:15:12.148 AM] React+   || User: kitadan             || Channel: #cat-name-ideas                      || emoji=❤️; msg="Oh my gosh I don't know the I survived s..." by bubblebee5866
[11/22/2025 10:24:51.138 AM] Message  || User: a1darek             || Channel: #purrley-pawsitive-pussy-pals        || Content: Can you guys wake up I'm bored
[11/22/2025 10:25:38.434 AM] Message  || User: slayc127            || Channel: #purrley-pawsitive-pussy-pals        || Content: hi
[11/22/2025 10:50:11.085 AM] Message  || User: austinbaustinb      || Channel: #purrley-pawsitive-pussy-pals        || Content: Hi
[11/22/2025 10:50:22.276 AM] Message  || User: ludavis             || Channel: #yapper-committee                    || Content: (no text; attachments=1)
[11/22/2025 10:50:24.189 AM] Message  || User: a1darek             || Channel: #purrley-pawsitive-pussy-pals        || Content: hey guys
[11/22/2025 10:50:27.582 AM] Message  || User: a1darek             || Channel: #purrley-pawsitive-pussy-pals        || Content: Work is slow today
[11/22/2025 10:50:39.355 AM] Message  || User: ludavis             || Channel: #yapper-committee                    || Content: Youtube ads
[11/22/2025 10:50:41.082 AM] Message  || User: a1darek             || Channel: #purrley-pawsitive-pussy-pals        || Content: I'm at the atwoods in fort worth someone should come by /j
[11/22/2025 10:50:57.970 AM] Message  || User: austinbaustinb      || Channel: #purrley-pawsitive-pussy-pals        || Content: Im bouta make some eggs
[11/22/2025 10:51:01.867 AM] Message  || User: austinbaustinb      || Channel: #purrley-pawsitive-pussy-pals        || Content: Scrambled!
[11/22/2025 10:52:08.549 AM] Message  || User: austinbaustinb      || Channel: #purrley-pawsitive-pussy-pals        || Content: He’s on his way
[11/22/2025 10:52:21.239 AM] React+   || User: slayc127            || Channel: #purrley-pawsitive-pussy-pals        || emoji=😆; msg="He’s on his way" by austinbaustinb
[11/22/2025 10:52:30.937 AM] Message  || User: slayc127            || Channel: #purrley-pawsitive-pussy-pals        || Content: i would if i waant abt to clock in for 7 evil hours
[11/22/2025 10:53:09.558 AM] Message  || User: slayc127            || Channel: #purrley-pawsitive-pussy-pals        || Content: im laughing so much
[11/22/2025 10:53:21.243 AM] Message  || User: slayc127            || Channel: #purrley-pawsitive-pussy-pals        || Content: im buying some plushies off of enoch including this giant ass garfield
[11/22/2025 10:53:35.210 AM] Message  || User: slayc127            || Channel: #purrley-pawsitive-pussy-pals        || Content: i have no fucking idea how im gonna get it home on monday withoht lo...
[11/22/2025 10:56:48.217 AM] React+   || User: izzyballz           || Channel: #yapper-committee                    || emoji=❤️; msg=1441833201231335546
[11/22/2025 11:05:12.343 AM] React+   || User: a1darek             || Channel: #purrley-pawsitive-pussy-pals        || emoji=❤️; msg="He’s on his way" by austinbaustinb
[11/22/2025 11:05:30.695 AM] Message  || User: a1darek             || Channel: #purrley-pawsitive-pussy-pals        || Content: 7 hours at feddy's 💔
[11/22/2025 11:05:38.066 AM] React+   || User: nostalgicsapphic    || Channel: #purrley-pawsitive-pussy-pals        || emoji=‼️; msg="7 hours at feddy's 💔" by a1darek
[11/22/2025 11:05:46.279 AM] React+   || User: nostalgicsapphic    || Channel: #purrley-pawsitive-pussy-pals        || emoji=🔥; msg="Im bouta make some eggs" by austinbaustinb
[11/22/2025 11:05:47.717 AM] React+   || User: nostalgicsapphic    || Channel: #purrley-pawsitive-pussy-pals        || emoji=😆; msg="He’s on his way" by austinbaustinb
[11/22/2025 11:05:47.931 AM] React+   || User: nostalgicsapphic    || Channel: #purrley-pawsitive-pussy-pals        || emoji=❤️; msg="He’s on his way" by austinbaustinb
[11/22/2025 11:05:53.548 AM] Message  || User: nostalgicsapphic    || Channel: #purrley-pawsitive-pussy-pals        || Content: SO CUTEEEEEEEE
[11/22/2025 11:06:05.273 AM] React+   || User: nostalgicsapphic    || Channel: #purrley-pawsitive-pussy-pals        || emoji=😆; msg="im buying some plushies off of enoch inc..." by slayc127
[11/22/2025 11:07:00.619 AM] React+   || User: a1darek             || Channel: #yapper-committee                    || emoji=❤️; msg=1441833201231335546
[11/22/2025 11:07:02.705 AM] React+   || User: mochenoch           || Channel: #yapper-committee                    || emoji=❤️; msg=1441833201231335546
[11/22/2025 11:07:18.542 AM] Message  || User: mochenoch           || Channel: #yapper-committee                    || Content: Chat remember when I fell off my bike
[11/22/2025 11:07:31.124 AM] Message  || User: mochenoch           || Channel: #yapper-committee                    || Content: Well it might be infected and I just have ruined my right leg cause ...
[11/22/2025 11:07:38.277 AM] Edit     || User: mochenoch           || Channel: #yapper-committee                    || Well it might be infected and I just have ruined my right leg cause it hurts ...
[11/22/2025 11:12:41.263 AM] React+   || User: slayc127            || Channel: #purrley-pawsitive-pussy-pals        || emoji=‼️; msg="7 hours at feddy's 💔" by a1darek
[11/22/2025 11:13:57.412 AM] Message  || User: izzyballz           || Channel: #yapper-committee                    || Content: oh god
[11/22/2025 11:14:07.073 AM] React+   || User: slayc127            || Channel: #yapper-committee                    || emoji=😭; msg="Well it might be infected and I might ha..." by mochenoch
[11/22/2025 11:14:42.282 AM] Message  || User: izzyballz           || Channel: #itty-bitty-kitty-commitee           || Content: guys we have three open box sennheiser momentum 4s at my best buy fo...
[11/22/2025 11:14:44.692 AM] Message  || User: izzyballz           || Channel: #itty-bitty-kitty-commitee           || Content: insane deal
[11/22/2025 11:14:50.323 AM] Message  || User: mochenoch           || Channel: #yapper-committee                    || Content: I’m cooked
[11/22/2025 11:16:10.196 AM] Message  || User: slayc127            || Channel: #itty-bitty-kitty-commitee           || Content: gimme
[11/22/2025 11:16:11.242 AM] Message  || User: slayc127            || Channel: #itty-bitty-kitty-commitee           || Content: jk
[11/22/2025 11:18:30.513 AM] React+   || User: simplyshadow171295  || Channel: #yapper-committee                    || emoji=❤️; msg=1441833201231335546
[11/22/2025 11:18:32.392 AM] React+   || User: simplyshadow171295  || Channel: #yapper-committee                    || emoji=😭; msg="Well it might be infected and I might ha..." by mochenoch
[11/22/2025 11:23:09.359 AM] Message  || User: slayc127            || Channel: #purrley-pawsitive-pussy-pals        || Content: i dont deserve this (having a job)
[11/22/2025 11:23:23.878 AM] Message  || User: slayc127            || Channel: #purrley-pawsitive-pussy-pals        || Content: i could be home reading alllll day today if i wasnt the unluckiest p...
[11/22/2025 11:23:33.372 AM] Message  || User: slayc127            || Channel: #purrley-pawsitive-pussy-pals        || Content: i also have a freaking concert tonight 💔💔💔💔💔🥀🥀🥀🥀🥀
[11/22/2025 11:34:05.095 AM] React+   || User: nostalgicsapphic    || Channel: #purrley-pawsitive-pussy-pals        || emoji=‼️; msg="i dont deserve this (having a job)" by slayc127
[11/22/2025 11:34:09.231 AM] React+   || User: nostalgicsapphic    || Channel: #purrley-pawsitive-pussy-pals        || emoji=🔥; msg="i also have a freaking concert tonight 💔..." by slayc127
[11/22/2025 11:34:14.694 AM] React+   || User: nostalgicsapphic    || Channel: #purrley-pawsitive-pussy-pals        || emoji=🤝; msg="i could be home reading alllll day today..." by slayc127
[11/22/2025 11:35:24.100 AM] Message  || User: izzyballz           || Channel: #itty-bitty-kitty-commitee           || Content: im going through our open box stuff we have some crazy deals actually
[11/22/2025 11:36:51.743 AM] Message  || User: slayc127            || Channel: #itty-bitty-kitty-commitee           || Content: gimme all of them
[11/22/2025 11:37:16.170 AM] Message  || User: izzyballz           || Channel: #itty-bitty-kitty-commitee           || Content: thousand dollar ipad pro for 600
[11/22/2025 11:37:16.355 AM] Message  || User: slayc127            || Channel: #purrley-pawsitive-pussy-pals        || Content: i need smosh to upload reddit stories Quickly i am Bored
[11/22/2025 11:37:40.942 AM] React+   || User: slayc127            || Channel: #itty-bitty-kitty-commitee           || emoji=😭; msg="thousand dollar ipad pro for 600" by izzyballz
[11/22/2025 11:37:47.164 AM] Message  || User: slayc127            || Channel: #itty-bitty-kitty-commitee           || Content: i wish i wasnt broke as hell rn 💔
[11/22/2025 11:43:38.579 AM] React+   || User: spitonme            || Channel: #itty-bitty-kitty-commitee           || emoji=🐙; msg="thousand dollar ipad pro for 600" by izzyballz
[11/22/2025 11:43:42.534 AM] Message  || User: spitonme            || Channel: #itty-bitty-kitty-commitee           || Content: literally
[11/22/2025 11:44:31.258 AM] React+   || User: spitonme            || Channel: #yapper-committee                    || emoji=🐙; msg=1441833201231335546
[11/22/2025 11:47:58.302 AM] Message  || User: austinbaustinb      || Channel: #itty-bitty-kitty-commitee           || Content: any good macbook deals lol
[11/22/2025 11:48:06.346 AM] Message  || User: austinbaustinb      || Channel: #itty-bitty-kitty-commitee           || Content: (lol, i say, fully serious)
[11/22/2025 11:48:26.503 AM] Message  || User: izzyballz           || Channel: #itty-bitty-kitty-commitee           || Content: highkey yeah do you have a particular model in mind
[11/22/2025 11:48:38.736 AM] React+   || User: kitadan             || Channel: #yapper-committee                    || emoji=😭; msg="Well it might be infected and I might ha..." by mochenoch
[11/22/2025 11:48:52.884 AM] Message  || User: austinbaustinb      || Channel: #itty-bitty-kitty-commitee           || Content: fr anything newer than m1 i just wanna get a macbook but don't wanna...
[11/22/2025 11:51:51.054 AM] Message  || User: izzyballz           || Channel: #itty-bitty-kitty-commitee           || Content: 15inch m4 macbook air 16gb memory 256ssd for 699
[11/22/2025 11:51:56.618 AM] Message  || User: izzyballz           || Channel: #itty-bitty-kitty-commitee           || Content: 949 new
[11/22/2025 11:52:02.565 AM] Message  || User: yaeji               || Channel: #itty-bitty-kitty-commitee           || Content: god DMN
[11/22/2025 11:52:07.108 AM] Edit     || User: yaeji               || Channel: #itty-bitty-kitty-commitee           || god DMN -> god DAMN
[11/22/2025 11:52:50.516 AM] Message  || User: austinbaustinb      || Channel: #itty-bitty-kitty-commitee           || Content: Amazon has the 13 inch for more than that and I thought that was alr...
[11/22/2025 11:52:53.035 AM] Message  || User: austinbaustinb      || Channel: #itty-bitty-kitty-commitee           || Content: hmmmmm
[11/22/2025 11:53:14.066 AM] Message  || User: austinbaustinb      || Channel: #itty-bitty-kitty-commitee           || Content: Do you know if its a m.2 ssd? or would i just be stuck with 256 gb
[11/22/2025 11:53:51.696 AM] Message  || User: izzyballz           || Channel: #itty-bitty-kitty-commitee           || Content: stuck 💔
[11/22/2025 11:53:56.867 AM] Message  || User: izzyballz           || Channel: #itty-bitty-kitty-commitee           || Content: soldered on
[11/22/2025 11:54:04.362 AM] Message  || User: austinbaustinb      || Channel: #itty-bitty-kitty-commitee           || Content: i will say though, not having USB c charging and also having a headp...
[11/22/2025 11:54:09.666 AM] React+   || User: izzyballz           || Channel: #itty-bitty-kitty-commitee           || emoji=❤️; msg="i will say though, not having USB c char..." by austinbaustinb
[11/22/2025 11:54:13.227 AM] Message  || User: austinbaustinb      || Channel: #itty-bitty-kitty-commitee           || Content: https://tenor.com/view/walter-white-walter-falling-breaking-bad-dm4u...
[11/22/2025 11:54:35.734 AM] Message  || User: izzyballz           || Channel: #itty-bitty-kitty-commitee           || Content: it’s in fair condition but that could mean genuinely anything best b...
[11/22/2025 11:54:47.327 AM] Message  || User: izzyballz           || Channel: #itty-bitty-kitty-commitee           || Content: my location is hurst but if you have another store near you i can se...
[11/22/2025 11:54:56.773 AM] Message  || User: yaeji               || Channel: #itty-bitty-kitty-commitee           || Content: was it display perchance
[11/22/2025 11:55:05.327 AM] Message  || User: izzyballz           || Channel: #itty-bitty-kitty-commitee           || Content: fuck if i know
[11/22/2025 11:55:10.491 AM] React+   || User: yaeji               || Channel: #itty-bitty-kitty-commitee           || emoji=😭; msg="fuck if i know" by izzyballz
[11/22/2025 11:56:02.700 AM] Message  || User: mochenoch           || Channel: #yapper-committee                    || Content: It feels really wet, I thought it’d be more like a cream texture but...
[11/22/2025 11:56:31.519 AM] Message  || User: mochenoch           || Channel: #yapper-committee                    || Content: Dries fast though I just was surprised by the sudden change in textu...
[11/22/2025 11:58:10.333 AM] React+   || User: austinbaustinb      || Channel: #itty-bitty-kitty-commitee           || emoji=‼️; msg="it’s in fair condition but that could me..." by izzyballz
[11/22/2025 11:58:33.217 AM] Message  || User: austinbaustinb      || Channel: #itty-bitty-kitty-commitee           || Content: i can just the library's macs to get my fix i think
[11/22/2025 11:58:48.986 AM] React+   || User: _rambone_           || Channel: #executive-board                     || emoji=😭; msg="almost just blocked them" by the.lemonade.stand
[11/22/2025 11:58:57.387 AM] React+   || User: _rambone_           || Channel: #executive-board                     || emoji=😭; msg="doing some cybersecurity stuff with my n..." by austinbaustinb
[11/22/2025 11:59:01.475 AM] Message  || User: izzyballz           || Channel: #itty-bitty-kitty-commitee           || Content: real
[11/22/2025 11:59:06.068 AM] Message  || User: austinbaustinb      || Channel: #itty-bitty-kitty-commitee           || Content: cuz im not sure if apple would allow applecare on it if its used fro...
[11/22/2025 11:59:18.124 AM] Message  || User: izzyballz           || Channel: #itty-bitty-kitty-commitee           || Content: i think you can still add it
[11/22/2025 11:59:23.347 AM] React+   || User: austinbaustinb      || Channel: #itty-bitty-kitty-commitee           || emoji=👍; msg="i think you can still add it" by izzyballz
[11/22/2025 11:59:26.481 AM] Message  || User: izzyballz           || Channel: #itty-bitty-kitty-commitee           || Content: let me check though
[11/22/2025 12:00:07.378 PM] Message  || User: slayc127            || Channel: #purrley-pawsitive-pussy-pals        || Content: i need this damn cat
[11/22/2025 12:00:11.845 PM] Message  || User: slayc127            || Channel: #purrley-pawsitive-pussy-pals        || Content: shredder my beloved
[11/22/2025 12:00:19.178 PM] Message  || User: slayc127            || Channel: #purrley-pawsitive-pussy-pals        || Content: someone donate $150 to the kazius cat fund
[11/22/2025 12:00:26.640 PM] Message  || User: izzyballz           || Channel: #itty-bitty-kitty-commitee           || Content: yes you can !
[11/22/2025 12:01:18.956 PM] Message  || User: austinbaustinb      || Channel: #itty-bitty-kitty-commitee           || Content: ok not bad
[11/22/2025 12:02:14.282 PM] React+   || User: simplyshadow171295  || Channel: #itty-bitty-kitty-commitee           || emoji=😭; msg="thousand dollar ipad pro for 600" by izzyballz
[11/22/2025 12:02:22.670 PM] Message  || User: izzyballz           || Channel: #itty-bitty-kitty-commitee           || Content: if anyone has anything else they want me to look for lmk i’m at work...
[11/22/2025 12:06:34.709 PM] Online   || User: Tom Cat#8337        || Guilds: 2                                    
[11/22/2025 12:06:36.290 PM] Health   || Component: image_tab      || Status: ok                                    || channel_id=551084964318543904 tab=TCBPicsInput
[11/22/2025 12:06:37.000 PM] Health   || Component: image_tab      || Status: ok                                    || channel_id=639882573199441930 tab=TCBPicsInput
[11/22/2025 12:06:37.575 PM] Health   || Component: image_tab      || Status: ok                                    || channel_id=1341696618688286720 tab=TCBPicsInput
[11/22/2025 12:06:38.269 PM] Health   || Component: image_tab      || Status: ok                                    || channel_id=1344745306620694558 tab=TCBVetBillInput
[11/22/2025 12:06:38.684 PM] Health   || Component: feeding_tab    || Status: ok                                   
[11/22/2025 12:06:39.161 PM] Action   || Name: feeding_scheduler   || Trigger: already_started                      || Output: skipped
[11/22/2025 12:07:29.355 PM] Message  || User: austinbaustinb      || Channel: #itty-bitty-kitty-commitee           || Content: Thats actually doable
[11/22/2025 12:07:43.475 PM] Message  || User: austinbaustinb      || Channel: #itty-bitty-kitty-commitee           || Content: I guess they have been in someone's ear, so thats a lil gross but i ...
[11/22/2025 12:07:58.747 PM] Message  || User: void_now            || Channel: #itty-bitty-kitty-commitee           || Content: seasoning
[11/22/2025 12:08:08.773 PM] Message  || User: austinbaustinb      || Channel: #itty-bitty-kitty-commitee           || Content: fair condition is business speak for 'this shit broke' though so ig ...
[11/22/2025 12:08:14.652 PM] Message  || User: austinbaustinb      || Channel: #itty-bitty-kitty-commitee           || Content: may check the arlington one first
[11/22/2025 12:08:51.350 PM] Message  || User: m_digio             || Channel: #executive-board                     || Content: When is our officer meeting?
[11/22/2025 12:09:44.133 PM] Message  || User: slayc127            || Channel: #executive-board                     || Content: 29th
[11/22/2025 12:09:51.222 PM] Message  || User: slayc127            || Channel: #executive-board                     || Content: ill send out a timely link rq
[11/22/2025 12:10:19.657 PM] React+   || User: austinbaustinb      || Channel: #executive-board                     || emoji=👍; msg="29th" by slayc127
[11/22/2025 12:10:39.083 PM] Message  || User: izzyballz           || Channel: #itty-bitty-kitty-commitee           || Content: you’d be surprised i’ve seen open boxes tagged fair and it’s just li...
[11/22/2025 12:13:06.156 PM] Message  || User: austinbaustinb      || Channel: #itty-bitty-kitty-commitee           || Content: oooo
[11/22/2025 12:17:05.690 PM] React+   || User: adeyumii            || Channel: #yapper-committee                    || emoji=😭; msg="Well it might be infected and I might ha..." by mochenoch
[11/22/2025 12:20:23.699 PM] Message  || User: izzyballz           || Channel: #itty-bitty-kitty-commitee           || Content: they have none 💔
[11/22/2025 12:20:33.333 PM] Message  || User: izzyballz           || Channel: #itty-bitty-kitty-commitee           || Content: i just checked the outlet and the regular store
[11/22/2025 12:20:41.929 PM] Message  || User: slayc127            || Channel: #executive-board                     || Content: https://timeful.app/e/8DB5E
[11/22/2025 12:20:42.539 PM] Edit     || User: slayc127            || Channel: #executive-board                     || https://timeful.app/e/8DB5E -> https://timeful.app/e/8DB5E
[11/22/2025 12:21:11.980 PM] Message  || User: slayc127            || Channel: #executive-board                     || Content: @​here please fill this out for our officer meeting on the 29th
[11/22/2025 12:21:11.991 PM] Intent   || feed_update               ||                                               || station=Greens; dates=['2025-11-22']
[11/22/2025 12:21:11.992 PM] Action   || Name: feed_update_ignored || Trigger: station=Greens                       || Output: channel_blocked:629370899753205781
[11/22/2025 12:21:44.560 PM] Message  || User: austinbaustinb      || Channel: #itty-bitty-kitty-commitee           || Content: oh
[11/22/2025 12:21:48.613 PM] Message  || User: austinbaustinb      || Channel: #itty-bitty-kitty-commitee           || Content: thanks then ig that saved me time
[11/22/2025 12:22:31.805 PM] Message  || User: izzyballz           || Channel: #itty-bitty-kitty-commitee           || Content: <:emogi:1412870112750473408>
[11/22/2025 12:25:41.132 PM] Message  || User: ludavis             || Channel: #yapper-committee                    || Content: You guys mostly stick to chemical based sunscreens? I was going to s...
[11/22/2025 12:27:50.000 PM] Message  || User: izzyballz           || Channel: #yapper-committee                    || Content: i am black 💔
[11/22/2025 12:27:57.990 PM] Message  || User: izzyballz           || Channel: #yapper-committee                    || Content: the zinc white cast is a challenge
[11/22/2025 12:33:08.184 PM] Message  || User: slayc127            || Channel: #purrley-pawsitive-pussy-pals        || Content: todays episode is going to be so fire guys
[11/22/2025 12:37:50.481 PM] Message  || User: ludavis             || Channel: #yapper-committee                    || Content: <:sad_cat:828777514335600641>
[11/22/2025 12:39:18.614 PM] React+   || User: not_d3fault_1420    || Channel: #yapper-committee                    || emoji=❤️; msg=1441833201231335546
[11/22/2025 12:41:30.988 PM] Online   || User: Tom Cat#8337        || Guilds: 2                                    
[11/22/2025 12:41:31.944 PM] Health   || Component: image_tab      || Status: ok                                    || channel_id=551084964318543904 tab=TCBPicsInput
[11/22/2025 12:41:32.644 PM] Health   || Component: image_tab      || Status: ok                                    || channel_id=639882573199441930 tab=TCBPicsInput
[11/22/2025 12:41:33.517 PM] Health   || Component: image_tab      || Status: ok                                    || channel_id=1341696618688286720 tab=TCBPicsInput
[11/22/2025 12:41:35.435 PM] Health   || Component: image_tab      || Status: ok                                    || channel_id=1344745306620694558 tab=TCBVetBillInput
[11/22/2025 12:41:35.851 PM] Health   || Component: feeding_tab    || Status: ok                                   
[11/22/2025 12:41:36.072 PM] Action   || Name: feeding_scheduler   || Trigger: started                              || Output: ok
[11/22/2025 12:46:32.443 PM] Message  || User: izzyballz           || Channel: #yapper-committee                    || Content: this shift is dragging omg
[11/22/2025 12:49:32.089 PM] Message  || User: adeyumii            || Channel: #yapper-committee                    || Content: fr same here
[11/22/2025 12:50:52.860 PM] Message  || User: slayc127            || Channel: #yapper-committee                    || Content: same (i have 6 more hours)
[11/22/2025 12:51:01.790 PM] Message  || User: izzyballz           || Channel: #yapper-committee                    || Content: i have 2
[11/22/2025 12:51:44.973 PM] Message  || User: adeyumii            || Channel: #yapper-committee                    || Content: I have 1 but not really because I'm closing
[11/22/2025 12:52:10.322 PM] React+   || User: _costco_wholesale_  || Channel: #pictures-of-the-cats                || emoji=😭; msg="Now I can’t even get him to eat treats a..." by austinbaustinb
[11/22/2025 12:52:47.160 PM] Message  || User: a1darek             || Channel: #purrley-pawsitive-pussy-pals        || Content: I have such a story to tell yall man
[11/22/2025 12:54:02.965 PM] Message  || User: slayc127            || Channel: #yapper-committee                    || Content: booooooo
[11/22/2025 12:54:08.266 PM] Message  || User: slayc127            || Channel: #purrley-pawsitive-pussy-pals        || Content: soon
[11/22/2025 12:54:12.076 PM] Message  || User: slayc127            || Channel: #purrley-pawsitive-pussy-pals        || Content: im bored i need entertainment
[11/22/2025 12:54:19.615 PM] Message  || User: _costco_wholesale_  || Channel: #pictures-of-the-cats                || Content: his and his turkey slices
[11/22/2025 12:54:38.386 PM] Message  || User: a1darek             || Channel: #purrley-pawsitive-pussy-pals        || Content: one of my biggest fears was manifested today at work pretty much
[11/22/2025 12:54:42.192 PM] React+   || User: _costco_wholesale_  || Channel: #pet-pictures                        || emoji=🔥; msg="behold shiki (ft henry)" by spitonme
[11/22/2025 12:54:42.615 PM] React+   || User: slayc127            || Channel: #purrley-pawsitive-pussy-pals        || emoji=😭; msg="one of my biggest fears was manifested t..." by a1darek
[11/22/2025 12:54:45.504 PM] Message  || User: slayc127            || Channel: #purrley-pawsitive-pussy-pals        || Content: NOOOOOOOO
[11/22/2025 12:54:54.955 PM] React+   || User: slayc127            || Channel: #pictures-of-the-cats                || emoji=😭; msg="Now I can’t even get him to eat treats a..." by austinbaustinb
[11/22/2025 12:55:06.739 PM] Message  || User: izzyballz           || Channel: #yapper-committee                    || Content: just ate a fuck ton of sour gummy worms
[11/22/2025 12:55:12.788 PM] Message  || User: izzyballz           || Channel: #yapper-committee                    || Content: now my stomach hurts
[11/22/2025 12:55:16.872 PM] Message  || User: izzyballz           || Channel: #yapper-committee                    || Content: idiot girl
[11/22/2025 12:55:39.707 PM] Message  || User: adeyumii            || Channel: #yapper-committee                    || Content: but relatable
[11/22/2025 12:59:48.601 PM] Message  || User: slayc127            || Channel: #yapper-committee                    || Content: i cant do sour candy
[11/22/2025 01:01:59.752 PM] React+   || User: spitonme            || Channel: #itty-bitty-kitty-commitee           || emoji=🐙; msg="I guess they have been in someone's ear,..." by austinbaustinb
[11/22/2025 01:04:57.157 PM] Online   || User: Tom Cat#8337        || Guilds: 2                                    
[11/22/2025 01:04:59.648 PM] Health   || Component: image_tab      || Status: ok                                    || channel_id=551084964318543904 tab=TCBPicsInput
[11/22/2025 01:05:00.373 PM] Health   || Component: image_tab      || Status: ok                                    || channel_id=639882573199441930 tab=TCBPicsInput
[11/22/2025 01:05:01.219 PM] Health   || Component: image_tab      || Status: ok                                    || channel_id=1341696618688286720 tab=TCBPicsInput
[11/22/2025 01:05:02.081 PM] Health   || Component: image_tab      || Status: ok                                    || channel_id=1344745306620694558 tab=TCBVetBillInput
[11/22/2025 01:05:02.422 PM] Health   || Component: feeding_tab    || Status: ok                                   
[11/22/2025 01:05:02.706 PM] Action   || Name: feeding_scheduler   || Trigger: started                              || Output: ok
[11/22/2025 01:06:40.179 PM] React+   || User: adeyumii            || Channel: #itty-bitty-kitty-commitee           || emoji=😭; msg="thousand dollar ipad pro for 600" by izzyballz
[11/22/2025 01:07:39.810 PM] Message  || User: adeyumii            || Channel: #yapper-committee                    || Content: @izzy balls do you guys have any good deals on laptops and/or PC tow...
[11/22/2025 01:07:51.514 PM] Message  || User: adeyumii            || Channel: #yapper-committee                    || Content: my laptop wants to explode
[11/22/2025 01:17:16.271 PM] Message  || User: yaeji               || Channel: #yapper-committee                    || Content: kaboom
[11/22/2025 01:24:27.922 PM] Message  || User: izzyballz           || Channel: #yapper-committee                    || Content: (no text; attachments=1)
[11/22/2025 01:24:55.833 PM] Message  || User: adeyumii            || Channel: #yapper-committee                    || Content: damnnnn
[11/22/2025 01:25:04.021 PM] Message  || User: adeyumii            || Channel: #yapper-committee                    || Content: I haven't saved up enough to afford it but ty
[11/22/2025 01:25:15.523 PM] Message  || User: spitonme            || Channel: #yapper-committee                    || Content: wb pcu
[11/22/2025 01:25:22.389 PM] Edit     || User: spitonme            || Channel: #yapper-committee                    || wb pcu -> wb psy
[11/22/2025 01:25:24.915 PM] Edit     || User: spitonme            || Channel: #yapper-committee                    || wb psy -> wb psu
[11/22/2025 01:25:43.134 PM] Message  || User: izzyballz           || Channel: #yapper-committee                    || Content: also
[11/22/2025 01:27:01.435 PM] Message  || User: adeyumii            || Channel: #yapper-committee                    || Content: woah
[11/22/2025 01:27:03.818 PM] Message  || User: adeyumii            || Channel: #yapper-committee                    || Content: woah????
[11/22/2025 01:27:44.412 PM] Message  || User: adeyumii            || Channel: #yapper-committee                    || Content: hold on because that's insane
[11/22/2025 01:27:55.065 PM] Message  || User: adeyumii            || Channel: #yapper-committee                    || Content: is there any way you can hold items
[11/22/2025 01:29:01.020 PM] Message  || User: izzyballz           || Channel: #yapper-committee                    || Content: naur 💔🥀
[11/22/2025 01:29:24.935 PM] Message  || User: adeyumii            || Channel: #yapper-committee                    || Content: mmmmmmm
[11/22/2025 01:29:36.312 PM] Message  || User: adeyumii            || Channel: #yapper-committee                    || Content: @Austin B [Records Director] Mr tech guy what do you think of this
[11/22/2025 01:29:51.091 PM] Message  || User: austinbaustinb      || Channel: #yapper-committee                    || Content: 8gb would be bad
[11/22/2025 01:29:56.401 PM] Message  || User: austinbaustinb      || Channel: #yapper-committee                    || Content: $200 is alright
[11/22/2025 01:30:36.348 PM] Message  || User: austinbaustinb      || Channel: #yapper-committee                    || Content: However if you want kinda just a dirt cheap laptop that can run stuf...
[11/22/2025 01:30:41.348 PM] Message  || User: austinbaustinb      || Channel: #yapper-committee                    || Content: But would be fine for like anything else
[11/22/2025 01:31:53.216 PM] Message  || User: adeyumii            || Channel: #yapper-committee                    || Content: lowk I give up on finding something good for engineering I'm not gon...
[11/22/2025 01:31:59.312 PM] Message  || User: izzyballz           || Channel: #yapper-committee                    || Content: i’m assuming this is referring to power supply units we don’t have t...
[11/22/2025 01:32:20.022 PM] React+   || User: spitonme            || Channel: #yapper-committee                    || emoji=🐙; msg="i’m assuming this is referring to power ..." by izzyballz
[11/22/2025 01:36:02.780 PM] Message  || User: izzyballz           || Channel: #yapper-committee                    || Content: the concept of a chromebook gaming laptop
[11/22/2025 01:36:08.276 PM] Message  || User: izzyballz           || Channel: #yapper-committee                    || Content: https://tenor.com/view/cynthia-erivo-cynthia-erivo-bald-gif-14692314...
[11/22/2025 01:41:27.411 PM] Message  || User: ludavis             || Channel: #yapper-committee                    || Content: I second this one as computer genius /s . Might just need a ram upgr...
[11/22/2025 01:45:48.673 PM] Message  || User: ludavis             || Channel: #yapper-committee                    || Content: Now im curious what I have in my 3 year old laptop I got for 700.
[11/22/2025 01:46:07.906 PM] Message  || User: austinbaustinb      || Channel: #itty-bitty-kitty-commitee           || Content: DMs
[11/22/2025 01:46:15.026 PM] Message  || User: austinbaustinb      || Channel: #itty-bitty-kitty-commitee           || Content: May purchase this
[11/22/2025 01:47:32.276 PM] Message  || User: izzyballz           || Channel: #itty-bitty-kitty-commitee           || Content: <:balloonboi:933099871257382983>
[11/22/2025 02:06:41.923 PM] Message  || User: slayc127            || Channel: #itty-bitty-kitty-commitee           || Content: bro do u get commission
[11/22/2025 02:07:29.688 PM] Message  || User: izzyballz           || Channel: #itty-bitty-kitty-commitee           || Content: i do not get commission but my stats are tracked
[11/22/2025 02:09:19.880 PM] Message  || User: izzyballz           || Channel: #itty-bitty-kitty-commitee           || Content: i get tracked on revenue, warranties, credit card applications, best...
[11/22/2025 02:11:21.052 PM] React+   || User: gupguppy            || Channel: #itty-bitty-kitty-commitee           || emoji=😭; msg="thousand dollar ipad pro for 600" by izzyballz
[11/22/2025 02:13:24.053 PM] Message  || User: gupguppy            || Channel: #itty-bitty-kitty-commitee           || Content: Microsoft office attachments? <:balloonboi:933099871257382983>
[11/22/2025 02:20:01.030 PM] Message  || User: izzyballz           || Channel: #itty-bitty-kitty-commitee           || Content: bundling computer sales with a microsoft 365 subscription
[11/22/2025 02:30:29.852 PM] Message  || User: izzyballz           || Channel: #itty-bitty-kitty-commitee           || Content: i wish i made commission bro id be in my bag
[11/22/2025 02:30:39.814 PM] Message  || User: izzyballz           || Channel: #itty-bitty-kitty-commitee           || Content: people spend sm money here
[11/22/2025 02:30:49.459 PM] Message  || User: slayc127            || Channel: #itty-bitty-kitty-commitee           || Content: literally
[11/22/2025 02:30:51.674 PM] Message  || User: slayc127            || Channel: #itty-bitty-kitty-commitee           || Content: disappointing u do t
[11/22/2025 02:30:52.779 PM] Message  || User: slayc127            || Channel: #itty-bitty-kitty-commitee           || Content: dont
[11/22/2025 02:31:10.110 PM] Message  || User: slayc127            || Channel: #yapper-committee                    || Content: abt to be off break cannot believe i have to go finish my shift at t...
[11/22/2025 02:31:13.969 PM] Message  || User: slayc127            || Channel: #yapper-committee                    || Content: yes
[11/22/2025 02:31:56.100 PM] Message  || User: slayc127            || Channel: #executive-board                     || Content: this is killing me
[11/22/2025 02:32:06.181 PM] Message  || User: slayc127            || Channel: #executive-board                     || Content: we r so cooked chat
[11/22/2025 02:32:38.168 PM] Message  || User: austinbaustinb      || Channel: #executive-board                     || Content: I just have mavbrass that day from like 12:30 to an unknown time later
[11/22/2025 02:33:12.273 PM] Message  || User: celeryiscelery      || Channel: #executive-board                     || Content: <:wuuh:1331331057076932750>
[11/22/2025 02:44:18.467 PM] Message  || User: .bettercalljack     || Channel: #pictures-of-the-cats                || Content: Got distracted with twix and the couple thought i was feeding them
[11/22/2025 02:44:19.328 PM] Action   || Name: image_intake        || Trigger: channel=551084964318543904           || Output: rows=2
[11/22/2025 02:51:20.328 PM] Message  || User: kcreepertux04       || Channel: #yapper-committee                    || Content: https://www.latimes.com/politics/story/2025-10-09/cat-declawing-bill
[11/22/2025 02:51:43.379 PM] Message  || User: a1darek             || Channel: #purrley-pawsitive-pussy-pals        || Content: (no text; attachments=1)
[11/22/2025 02:52:20.161 PM] React+   || User: izzyballz           || Channel: #yapper-committee                    || emoji=🎉; msg="https://www.latimes.com/politics/story/2..." by kcreepertux04
[11/22/2025 02:52:50.045 PM] Message  || User: a1darek             || Channel: #executive-board                     || Content: I am working
[11/22/2025 02:53:03.770 PM] Message  || User: a1darek             || Channel: #executive-board                     || Content: late night officer meeting!
[11/22/2025 02:53:29.465 PM] Message  || User: celeryiscelery      || Channel: #executive-board                     || Content: well most officers haven’t put their times in yet so we’ll see if it...
[11/22/2025 02:54:17.721 PM] Message  || User: celeryiscelery      || Channel: #executive-board                     || Content: we can always try the 30th if the 29th is just not doable
[11/22/2025 02:54:36.377 PM] Message  || User: slayc127            || Channel: #executive-board                     || Content: the 30th will be the same story for me i think
[11/22/2025 02:55:34.681 PM] Online   || User: Tom Cat#8337        || Guilds: 2                                    
[11/22/2025 02:55:36.066 PM] Health   || Component: image_tab      || Status: ok                                    || channel_id=551084964318543904 tab=TCBPicsInput
[11/22/2025 02:55:37.698 PM] Health   || Component: image_tab      || Status: ok                                    || channel_id=639882573199441930 tab=TCBPicsInput
[11/22/2025 02:55:39.576 PM] Health   || Component: image_tab      || Status: ok                                    || channel_id=1341696618688286720 tab=TCBPicsInput
[11/22/2025 02:55:40.294 PM] Health   || Component: image_tab      || Status: ok                                    || channel_id=1344745306620694558 tab=TCBVetBillInput
[11/22/2025 02:55:40.745 PM] Health   || Component: feeding_tab    || Status: ok                                   
[11/22/2025 02:55:41.077 PM] Action   || Name: feeding_scheduler   || Trigger: started                              || Output: ok
[11/22/2025 02:56:39.318 PM] Message  || User: slayc127            || Channel: #purrley-pawsitive-pussy-pals        || Content: i am so glad everything was so okay in the end but goddamn
[11/22/2025 02:56:44.209 PM] React+   || User: slayc127            || Channel: #pictures-of-the-cats                || emoji=‼️; msg="Got distracted with twix and the couple ..." by .bettercalljack
[11/22/2025 02:57:09.861 PM] Online   || User: Tom Cat#8337        || Guilds: 2                                    
[11/22/2025 02:57:11.532 PM] Health   || Component: image_tab      || Status: ok                                    || channel_id=551084964318543904 tab=TCBPicsInput
[11/22/2025 02:57:12.154 PM] Health   || Component: image_tab      || Status: ok                                    || channel_id=639882573199441930 tab=TCBPicsInput
[11/22/2025 02:57:12.982 PM] Health   || Component: image_tab      || Status: ok                                    || channel_id=1341696618688286720 tab=TCBPicsInput
[11/22/2025 02:57:13.677 PM] Health   || Component: image_tab      || Status: ok                                    || channel_id=1344745306620694558 tab=TCBVetBillInput
[11/22/2025 02:57:14.078 PM] Health   || Component: feeding_tab    || Status: ok                                   
[11/22/2025 02:57:14.333 PM] Action   || Name: feeding_scheduler   || Trigger: started                              || Output: ok
[11/22/2025 02:58:56.040 PM] React+   || User: kitadan             || Channel: #yapper-committee                    || emoji=🎉; msg="https://www.latimes.com/politics/story/2..." by kcreepertux04
[11/22/2025 02:59:04.435 PM] React+   || User: kitadan             || Channel: #pictures-of-the-cats                || emoji=‼️; msg="Got distracted with twix and the couple ..." by .bettercalljack
[11/22/2025 03:01:26.809 PM] React+   || User: petrichor           || Channel: #yapper-committee                    || emoji=🎉; msg="https://www.latimes.com/politics/story/2..." by kcreepertux04
[11/22/2025 03:02:49.365 PM] Message  || User: izzyballz           || Channel: #yapper-committee                    || Content: so guess who is staying an extra hour at work
[11/22/2025 03:04:20.759 PM] Message  || User: izzyballz           || Channel: #yapper-committee                    || Content: sigh
[11/22/2025 03:04:39.008 PM] Message  || User: a1darek             || Channel: #purrley-pawsitive-pussy-pals        || Content: bro shit had me tweaking I'm ngl
[11/22/2025 03:05:04.350 PM] Message  || User: a1darek             || Channel: #purrley-pawsitive-pussy-pals        || Content: I was gonna do it all myself but the owner was so adamant about catc...
[11/22/2025 03:06:26.833 PM] Message  || User: slayc127            || Channel: #yapper-committee                    || Content: vro 💔
[11/22/2025 03:06:37.989 PM] React+   || User: slayc127            || Channel: #purrley-pawsitive-pussy-pals        || emoji=😭; msg="I was gonna do it all myself but the own..." by a1darek
[11/22/2025 03:07:56.623 PM] React+   || User: a1darek             || Channel: #yapper-committee                    || emoji=🎉; msg="https://www.latimes.com/politics/story/2..." by kcreepertux04
[11/22/2025 03:07:59.349 PM] Message  || User: emiximez            || Channel: #feeding-team                        || Content: if no one else claims it i can do it when i go out to feed west hall...
[11/22/2025 03:08:35.231 PM] Message  || User: le_nuit_sans_fin    || Channel: #feeding-team                        || Content: Thank you so much <333333
[11/22/2025 03:09:31.729 PM] React+   || User: .bettercalljack     || Channel: #yapper-committee                    || emoji=🎉; msg="https://www.latimes.com/politics/story/2..." by kcreepertux04
[11/22/2025 03:10:48.786 PM] Message  || User: m_digio             || Channel: #executive-board                     || Content: Im free like all day
[11/22/2025 03:21:59.950 PM] React+   || User: gupguppy            || Channel: #yapper-committee                    || emoji=😭; msg="abt to be off break cannot believe i hav..." by slayc127
[11/22/2025 03:22:08.556 PM] React+   || User: gupguppy            || Channel: #yapper-committee                    || emoji=🎉; msg="https://www.latimes.com/politics/story/2..." by kcreepertux04
[11/22/2025 03:22:49.425 PM] Message  || User: gupguppy            || Channel: #yapper-committee                    || Content: Should’ve been born in Cali smh
[11/22/2025 03:25:52.810 PM] Message  || User: a1darek             || Channel: #yapper-committee                    || Content: and getting paid for it yes
[11/22/2025 03:32:39.201 PM] Message  || User: izzyballz           || Channel: #yapper-committee                    || Content: i am !
[11/22/2025 03:33:05.960 PM] Message  || User: izzyballz           || Channel: #yapper-committee                    || Content: guys im genuinely begging you if you order a tv over like 40 inches ...
[11/22/2025 03:33:51.078 PM] Message  || User: izzyballz           || Channel: #yapper-committee                    || Content: tv pickups above that are actual torment because it involves communi...
[11/22/2025 03:34:07.740 PM] Message  || User: izzyballz           || Channel: #yapper-committee                    || Content: torment
[11/22/2025 03:39:46.072 PM] Message  || User: izzyballz           || Channel: #yapper-committee                    || Content: i’m unlocking peeves i’ve never seen before
[11/22/2025 03:42:27.041 PM] React+   || User: slayc127            || Channel: #yapper-committee                    || emoji=😭; msg="tv pickups above that are actual torment..." by izzyballz
[11/22/2025 03:43:49.478 PM] Message  || User: mochenoch           || Channel: #yapper-committee                    || Content: you ever call IT and your device decides to suddenly fix itself
[11/22/2025 03:43:54.697 PM] Message  || User: mochenoch           || Channel: #yapper-committee                    || Content: <:aaaaaaaaaaaa:1412870173634859180>
[11/22/2025 03:44:07.145 PM] Message  || User: mochenoch           || Channel: #yapper-committee                    || Content: then when you hang up it decides to fuck around again
[11/22/2025 03:46:26.889 PM] Message  || User: izzyballz           || Channel: #yapper-committee                    || Content: SERIOUSLY DONT IM BEING TORTURED
[11/22/2025 03:46:54.790 PM] React+   || User: mochenoch           || Channel: #yapper-committee                    || emoji=😭; msg="tv pickups above that are actual torment..." by izzyballz
[11/22/2025 03:54:47.112 PM] React+   || User: racerdg             || Channel: #yapper-committee                    || emoji=🎉; msg="https://www.latimes.com/politics/story/2..." by kcreepertux04
[11/22/2025 03:55:36.802 PM] Message  || User: racerdg             || Channel: #yapper-committee                    || Content: my dad just showed me ai slop not knowing it was ai slop we are cooked
[11/22/2025 03:55:41.314 PM] Message  || User: racerdg             || Channel: #yapper-committee                    || Content: its all cooked
[11/22/2025 03:56:45.668 PM] React+   || User: slayc127            || Channel: #yapper-committee                    || emoji=😭; msg="my dad just showed me ai slop not knowin..." by racerdg
[11/22/2025 04:00:00.636 PM] Message  || User: coziidruid          || Channel: #executive-board                     || Content: i put myself as fully open but it will depend on how much my parents...
[11/22/2025 04:01:49.840 PM] Message  || User: austinbaustinb      || Channel: #yapper-committee                    || Content: My mom sent me an AI video of dogs earlier today and idk how to have...
[11/22/2025 04:17:32.437 PM] Message  || User: yaeji               || Channel: #yapper-committee                    || Content: (no text; attachments=1)
[11/22/2025 04:20:34.831 PM] Message  || User: austinbaustinb      || Channel: #yapper-committee                    || Content: ?
[11/22/2025 04:29:15.483 PM] React+   || User: vasyline            || Channel: #pictures-of-the-cats                || emoji=‼️; msg="Got distracted with twix and the couple ..." by .bettercalljack
[11/22/2025 04:30:14.212 PM] Online   || User: Tom Cat#8337        || Guilds: 2                                    
[11/22/2025 04:30:15.641 PM] Health   || Component: image_tab      || Status: ok                                    || channel_id=551084964318543904 tab=TCBPicsInput
[11/22/2025 04:30:16.533 PM] Health   || Component: image_tab      || Status: ok                                    || channel_id=639882573199441930 tab=TCBPicsInput
[11/22/2025 04:30:17.270 PM] Health   || Component: image_tab      || Status: ok                                    || channel_id=1341696618688286720 tab=TCBPicsInput
[11/22/2025 04:30:17.937 PM] Health   || Component: image_tab      || Status: ok                                    || channel_id=1344745306620694558 tab=TCBVetBillInput
[11/22/2025 04:30:19.491 PM] Health   || Component: feeding_tab    || Status: ok                                   
[11/22/2025 04:30:19.495 PM] Message  || User: kukieari            || Channel: #yapper-committee                    || Content: IM HOME RN
[11/22/2025 04:30:19.703 PM] Action   || Name: feeding_scheduler   || Trigger: started                              || Output: ok
[11/22/2025 04:30:20.289 PM] Message  || User: mochenoch           || Channel: #yapper-committee                    || Content: BRO
[11/22/2025 04:30:22.174 PM] Message  || User: kukieari            || Channel: #yapper-committee                    || Content: but it probably is
[11/22/2025 04:30:22.341 PM] Message  || User: mochenoch           || Channel: #yapper-committee                    || Content: <:dezpair:1188948217103134741>
[11/22/2025 04:30:28.601 PM] Message  || User: mochenoch           || Channel: #yapper-committee                    || Content: I called IT for over an hour
[11/22/2025 04:30:32.125 PM] Message  || User: mochenoch           || Channel: #yapper-committee                    || Content: And they couldn’t help me
[11/22/2025 04:30:39.594 PM] Message  || User: kukieari            || Channel: #yapper-committee                    || Content: they want us to die
[11/22/2025 04:30:48.431 PM] Message  || User: mochenoch           || Channel: #yapper-committee                    || Content: I’m THIS close to just moving into Liv+ alone
[11/22/2025 04:31:15.424 PM] Message  || User: mochenoch           || Channel: #yapper-committee                    || Content: Nvm that pricing is disgusting
[11/22/2025 04:31:32.857 PM] Message  || User: kukieari            || Channel: #yapper-committee                    || Content: exactly
[11/22/2025 04:31:40.354 PM] Message  || User: mochenoch           || Channel: #yapper-committee                    || Content: <:dezpair:1188948217103134741>
[11/22/2025 04:31:57.662 PM] Message  || User: mochenoch           || Channel: #yapper-committee                    || Content: God dammit man
[11/22/2025 04:32:03.717 PM] Message  || User: mochenoch           || Channel: #yapper-committee                    || Content: GOD DAMMIT
[11/22/2025 04:32:07.995 PM] Message  || User: mochenoch           || Channel: #yapper-committee                    || Content: <:sad_cat:828777514335600641>
[11/22/2025 04:43:13.507 PM] Message  || User: celeryiscelery      || Channel: #yapper-committee                    || Content: yes! it goes on a bit wet but it soaks in so quickly that i’m willin...
[11/22/2025 04:46:09.020 PM] Message  || User: austinbaustinb      || Channel: #thomas-cat-sandbox                  || Content: TomCat, UItest
[11/22/2025 04:46:09.020 PM] Intent   || ui_launch                 ||                                              
[11/22/2025 04:46:09.573 PM] Action   || Name: ui_activity_prompt  || Trigger: user=624440365595754496; channel=... || Output: message_id=1441922738800427070; app_id=1341667150066225192; invite=5Z...
[11/22/2025 04:50:18.432 PM] Online   || User: Tom Cat#8337        || Guilds: 2                                    
[11/22/2025 04:50:19.433 PM] Health   || Component: image_tab      || Status: ok                                    || channel_id=551084964318543904 tab=TCBPicsInput
[11/22/2025 04:50:20.199 PM] Health   || Component: image_tab      || Status: ok                                    || channel_id=639882573199441930 tab=TCBPicsInput
[11/22/2025 04:50:20.904 PM] Health   || Component: image_tab      || Status: ok                                    || channel_id=1341696618688286720 tab=TCBPicsInput
[11/22/2025 04:50:21.607 PM] Health   || Component: image_tab      || Status: ok                                    || channel_id=1344745306620694558 tab=TCBVetBillInput
[11/22/2025 04:50:21.941 PM] Health   || Component: feeding_tab    || Status: ok                                   
[11/22/2025 04:50:22.201 PM] Action   || Name: feeding_scheduler   || Trigger: started                              || Output: ok
[11/22/2025 05:01:31.956 PM] Online   || User: Tom Cat#8337        || Guilds: 2                                    
[11/22/2025 05:01:32.940 PM] Health   || Component: image_tab      || Status: ok                                    || channel_id=551084964318543904 tab=TCBPicsInput
[11/22/2025 05:01:33.687 PM] Health   || Component: image_tab      || Status: ok                                    || channel_id=639882573199441930 tab=TCBPicsInput
[11/22/2025 05:01:34.309 PM] Health   || Component: image_tab      || Status: ok                                    || channel_id=1341696618688286720 tab=TCBPicsInput
[11/22/2025 05:01:35.090 PM] Health   || Component: image_tab      || Status: ok                                    || channel_id=1344745306620694558 tab=TCBVetBillInput
[11/22/2025 05:01:35.501 PM] Health   || Component: feeding_tab    || Status: ok                                   
[11/22/2025 05:01:35.707 PM] Action   || Name: feeding_scheduler   || Trigger: started                              || Output: ok
[11/22/2025 05:04:20.918 PM] Online   || User: Tom Cat#8337        || Guilds: 2                                    
[11/22/2025 05:04:21.737 PM] Health   || Component: image_tab      || Status: ok                                    || channel_id=551084964318543904 tab=TCBPicsInput
[11/22/2025 05:04:22.336 PM] Health   || Component: image_tab      || Status: ok                                    || channel_id=639882573199441930 tab=TCBPicsInput
[11/22/2025 05:04:22.933 PM] Health   || Component: image_tab      || Status: ok                                    || channel_id=1341696618688286720 tab=TCBPicsInput
[11/22/2025 05:04:23.461 PM] Health   || Component: image_tab      || Status: ok                                    || channel_id=1344745306620694558 tab=TCBVetBillInput
[11/22/2025 05:04:23.702 PM] Health   || Component: feeding_tab    || Status: ok                                   
[11/22/2025 05:04:23.902 PM] Action   || Name: feeding_scheduler   || Trigger: started                              || Output: ok
[11/22/2025 05:05:18.922 PM] Message  || User: austinbaustinb      || Channel: #tomcat-justtext                     || Content: Write this down somewhere else where you won’t forget, but computer ...
[11/22/2025 05:05:27.036 PM] Message  || User: austinbaustinb      || Channel: #thomas-cat-sandbox                  || Content: TomCat, UItest
[11/22/2025 05:05:27.042 PM] Intent   || ui_launch                 ||                                              
[11/22/2025 05:05:28.079 PM] Action   || Name: ui_activity_prompt  || Trigger: user=624440365595754496; channel=... || Output: message_id=1441927598195347606; app_id=1341667150066225192; invite=Rk...
[11/22/2025 05:21:12.324 PM] Message  || User: the_frog.sorcerer   || Channel: #itty-bitty-kitty-commitee           || Content: Im invited to a majority mexican Friendsgiving and already getting w...
[11/22/2025 05:21:33.390 PM] Message  || User: the_frog.sorcerer   || Channel: #itty-bitty-kitty-commitee           || Content: #scared
[11/22/2025 05:21:39.861 PM] Message  || User: the_frog.sorcerer   || Channel: #itty-bitty-kitty-commitee           || Content: #shamed
[11/22/2025 05:29:07.383 PM] Message  || User: m_digio             || Channel: #itty-bitty-kitty-commitee           || Content: Do you want a recipe? My bf is mexican i can get his
[11/22/2025 05:29:34.742 PM] Message  || User: the_frog.sorcerer   || Channel: #itty-bitty-kitty-commitee           || Content: Actually yes please !!
[11/22/2025 05:29:39.140 PM] React+   || User: the_frog.sorcerer   || Channel: #itty-bitty-kitty-commitee           || emoji=❤️; msg="Do you want a recipe? My bf is mexican i..." by m_digio
[11/22/2025 05:31:45.215 PM] Online   || User: Tom Cat#8337        || Guilds: 2                                    
[11/22/2025 05:31:46.023 PM] Health   || Component: image_tab      || Status: ok                                    || channel_id=551084964318543904 tab=TCBPicsInput
[11/22/2025 05:31:46.759 PM] Health   || Component: image_tab      || Status: ok                                    || channel_id=639882573199441930 tab=TCBPicsInput
[11/22/2025 05:31:48.767 PM] Health   || Component: image_tab      || Status: ok                                    || channel_id=1341696618688286720 tab=TCBPicsInput
[11/22/2025 05:31:49.464 PM] Health   || Component: image_tab      || Status: ok                                    || channel_id=1344745306620694558 tab=TCBVetBillInput
[11/22/2025 05:31:49.851 PM] Health   || Component: feeding_tab    || Status: ok                                   
[11/22/2025 05:31:50.153 PM] Action   || Name: feeding_scheduler   || Trigger: started                              || Output: ok
[11/22/2025 05:33:30.431 PM] Message  || User: slayc127            || Channel: #purrley-pawsitive-pussy-pals        || Content: im actually going to explode
[11/22/2025 05:35:43.309 PM] Message  || User: slayc127            || Channel: #purrley-pawsitive-pussy-pals        || Content: bro graded my video essay but left NO COMMENTS ‼️‼️‼️‼️‼️‼️‼️‼️
[11/22/2025 05:35:44.520 PM] Message  || User: slayc127            || Channel: #purrley-pawsitive-pussy-pals        || Content: gr
[11/22/2025 05:36:33.731 PM] React+   || User: ludavis             || Channel: #itty-bitty-kitty-commitee           || emoji=❤️; msg="Do you want a recipe? My bf is mexican i..." by m_digio
[11/22/2025 05:37:49.302 PM] React+   || User: ludavis             || Channel: #yapper-committee                    || emoji=😆; msg=1441915535783759934
[11/22/2025 05:38:57.339 PM] Message  || User: m_digio             || Channel: #itty-bitty-kitty-commitee           || Content: (no text; attachments=1)
[11/22/2025 05:39:48.439 PM] Message  || User: ludavis             || Channel: #itty-bitty-kitty-commitee           || Content: Pepperjack cheese my beloved
[11/22/2025 05:41:56.322 PM] React+   || User: kitadan             || Channel: #itty-bitty-kitty-commitee           || emoji=❤️; msg="Do you want a recipe? My bf is mexican i..." by m_digio
[11/22/2025 05:42:07.109 PM] Message  || User: ludavis             || Channel: #memes                               || Content: https://x.com/literallymecats/status/1992273329378775315?t=qOCAzbxWI...
[11/22/2025 05:42:08.684 PM] Edit     || User: ludavis             || Channel: #memes                               || https://x.com/literallymecats/status/1992273329378775315?t=qOCAzbxWIK1Qp9UEtv...
[11/22/2025 05:44:23.402 PM] Message  || User: m_digio             || Channel: #executive-board                     || Content: Can anyone respond?
[11/22/2025 05:45:54.902 PM] Online   || User: Tom Cat#8337        || Guilds: 2                                    
[11/22/2025 05:45:56.417 PM] Health   || Component: image_tab      || Status: ok                                    || channel_id=551084964318543904 tab=TCBPicsInput
[11/22/2025 05:45:57.195 PM] Health   || Component: image_tab      || Status: ok                                    || channel_id=639882573199441930 tab=TCBPicsInput
[11/22/2025 05:45:57.831 PM] Health   || Component: image_tab      || Status: ok                                    || channel_id=1341696618688286720 tab=TCBPicsInput
[11/22/2025 05:45:58.519 PM] Health   || Component: image_tab      || Status: ok                                    || channel_id=1344745306620694558 tab=TCBVetBillInput
[11/22/2025 05:45:59.002 PM] Health   || Component: feeding_tab    || Status: ok                                   
[11/22/2025 05:45:59.227 PM] Action   || Name: feeding_scheduler   || Trigger: started                              || Output: ok
[11/22/2025 05:49:47.729 PM] Message  || User: kitadan             || Channel: #itty-bitty-kitty-commitee           || Content: What cooking equipment do you have access to (stove, microwave, etc)?
[11/22/2025 05:49:56.465 PM] React+   || User: simplyshadow171295  || Channel: #pictures-of-the-cats                || emoji=‼️; msg="Got distracted with twix and the couple ..." by .bettercalljack
[11/22/2025 05:50:07.287 PM] React+   || User: simplyshadow171295  || Channel: #pictures-of-the-cats                || emoji=😭; msg="Now I can’t even get him to eat treats a..." by austinbaustinb
[11/22/2025 05:54:58.147 PM] Message  || User: kcreepertux04       || Channel: #memes                               || Content: https://www.instagram.com/reel/DQ2nrwXAPYY/
[11/22/2025 05:54:59.222 PM] Edit     || User: kcreepertux04       || Channel: #memes                               || https://www.instagram.com/reel/DQ2nrwXAPYY/ -> https://www.instagram.com/reel...
[11/22/2025 05:55:01.568 PM] Message  || User: kcreepertux04       || Channel: #memes                               || Content: she’s so real for this
[11/22/2025 06:00:41.434 PM] Online   || User: Tom Cat#8337        || Guilds: 2                                    
[11/22/2025 06:00:42.267 PM] Health   || Component: image_tab      || Status: ok                                    || channel_id=551084964318543904 tab=TCBPicsInput
[11/22/2025 06:00:42.953 PM] Health   || Component: image_tab      || Status: ok                                    || channel_id=639882573199441930 tab=TCBPicsInput
[11/22/2025 06:00:43.476 PM] Health   || Component: image_tab      || Status: ok                                    || channel_id=1341696618688286720 tab=TCBPicsInput
[11/22/2025 06:00:44.238 PM] Health   || Component: image_tab      || Status: ok                                    || channel_id=1344745306620694558 tab=TCBVetBillInput
[11/22/2025 06:00:44.603 PM] Health   || Component: feeding_tab    || Status: ok                                   
[11/22/2025 06:00:44.805 PM] Action   || Name: feeding_scheduler   || Trigger: started                              || Output: ok
[11/22/2025 06:07:20.745 PM] Message  || User: izzyballz           || Channel: #yapper-committee                    || Content: we are going gambling
[11/22/2025 06:10:40.764 PM] React+   || User: slayc127            || Channel: #yapper-committee                    || emoji=😆; msg="we are going gambling" by izzyballz
[11/22/2025 06:14:58.663 PM] Message  || User: a1darek             || Channel: #executive-board                     || Content: "She's not a campus cst but we're both from uta and she's an arlingt...
[11/22/2025 06:15:05.046 PM] Edit     || User: a1darek             || Channel: #executive-board                     || "She's not a campus cst but we're both from uta and she's an arlington cat"

...
[11/22/2025 06:15:53.670 PM] React+   || User: slayc127            || Channel: #executive-board                     || emoji=‼️; msg=""She's not a campus cat but we're both f..." by a1darek
[11/22/2025 06:15:55.695 PM] Message  || User: austinbaustinb      || Channel: #executive-board                     || Content: and then also 'we don't have money but we can help fundraise' get a ...
[11/22/2025 06:16:07.978 PM] React+   || User: a1darek             || Channel: #executive-board                     || emoji=❤️; msg="and then also 'we don't have money but w..." by austinbaustinb
[11/22/2025 06:17:33.296 PM] Online   || User: Tom Cat#8337        || Guilds: 2                                    
[11/22/2025 06:17:35.001 PM] Health   || Component: image_tab      || Status: ok                                    || channel_id=551084964318543904 tab=TCBPicsInput
[11/22/2025 06:17:35.718 PM] Health   || Component: image_tab      || Status: ok                                    || channel_id=639882573199441930 tab=TCBPicsInput
[11/22/2025 06:17:36.300 PM] Health   || Component: image_tab      || Status: ok                                    || channel_id=1341696618688286720 tab=TCBPicsInput
[11/22/2025 06:17:36.843 PM] Health   || Component: image_tab      || Status: ok                                    || channel_id=1344745306620694558 tab=TCBVetBillInput
[11/22/2025 06:17:37.049 PM] Health   || Component: feeding_tab    || Status: ok                                   
[11/22/2025 06:17:37.243 PM] Action   || Name: feeding_scheduler   || Trigger: started                              || Output: ok
[11/22/2025 06:19:38.051 PM] React+   || User: the_frog.sorcerer   || Channel: #itty-bitty-kitty-commitee           || emoji=❤️; msg=1441936025323835402
[11/22/2025 06:19:47.399 PM] Message  || User: the_frog.sorcerer   || Channel: #itty-bitty-kitty-commitee           || Content: Stove, air frier and microwave,, id like to not take up so much time...
[11/22/2025 06:19:54.320 PM] Message  || User: the_frog.sorcerer   || Channel: #itty-bitty-kitty-commitee           || Content: Queso should be easy tho
[11/22/2025 06:20:02.021 PM] Message  || User: the_frog.sorcerer   || Channel: #itty-bitty-kitty-commitee           || Content: thank you !!!!!
[11/22/2025 06:20:22.630 PM] React+   || User: slayc127            || Channel: #executive-board                     || emoji=❤️; msg="and then also 'we don't have money but w..." by austinbaustinb
[11/22/2025 06:21:32.502 PM] Message  || User: the_frog.sorcerer   || Channel: #yapper-committee                    || Content: Ordered food on the phone just now … it was AI with fake typing nois...
[11/22/2025 06:26:11.705 PM] Message  || User: kitadan             || Channel: #itty-bitty-kitty-commitee           || Content: Block of Velvetta Cheese, Can of Red and Green peppers (Rotel), 4oz ...
[11/22/2025 06:26:40.544 PM] React+   || User: kitadan             || Channel: #yapper-committee                    || emoji=😆; msg="we are going gambling" by izzyballz
[11/22/2025 06:31:48.076 PM] Online   || User: Tom Cat#8337        || Guilds: 2                                    
[11/22/2025 06:31:49.697 PM] Health   || Component: image_tab      || Status: ok                                    || channel_id=551084964318543904 tab=TCBPicsInput
[11/22/2025 06:31:50.430 PM] Health   || Component: image_tab      || Status: ok                                    || channel_id=639882573199441930 tab=TCBPicsInput
[11/22/2025 06:31:51.094 PM] Health   || Component: image_tab      || Status: ok                                    || channel_id=1341696618688286720 tab=TCBPicsInput
[11/22/2025 06:31:51.894 PM] Health   || Component: image_tab      || Status: ok                                    || channel_id=1344745306620694558 tab=TCBVetBillInput
[11/22/2025 06:31:53.476 PM] Health   || Component: feeding_tab    || Status: ok                                   
[11/22/2025 06:31:53.756 PM] Action   || Name: feeding_scheduler   || Trigger: started                              || Output: ok
[11/22/2025 06:40:52.412 PM] Online   || User: Tom Cat#8337        || Guilds: 2                                    
[11/22/2025 06:40:53.311 PM] Health   || Component: image_tab      || Status: ok                                    || channel_id=551084964318543904 tab=TCBPicsInput
[11/22/2025 06:40:53.944 PM] Health   || Component: image_tab      || Status: ok                                    || channel_id=639882573199441930 tab=TCBPicsInput
[11/22/2025 06:40:55.986 PM] Health   || Component: image_tab      || Status: ok                                    || channel_id=1341696618688286720 tab=TCBPicsInput
[11/22/2025 06:40:56.543 PM] Health   || Component: image_tab      || Status: ok                                    || channel_id=1344745306620694558 tab=TCBVetBillInput
[11/22/2025 06:40:56.965 PM] Health   || Component: feeding_tab    || Status: ok                                   
[11/22/2025 06:40:57.127 PM] React+   || User: lemonelon_          || Channel: #yapper-committee                    || emoji=❤️; msg="https://tenor.com/view/cynthia-erivo-cyn..." by izzyballz
[11/22/2025 06:40:57.821 PM] Action   || Name: feeding_scheduler   || Trigger: started                              || Output: ok
[11/22/2025 06:40:57.821 PM] React+   || User: lemonelon_          || Channel: #yapper-committee                    || emoji=❤️; msg="the concept of a chromebook gaming lapto..." by izzyballz
[11/22/2025 06:41:09.173 PM] Action   || Name: show_cache_downl... || Trigger: https://drive.google.com/uc?expor... || Output: sn=0330 attempt=1 size=6261650
[11/22/2025 06:41:17.063 PM] Action   || Name: show_cache_downl... || Trigger: https://drive.google.com/uc?expor... || Output: sn=2807 attempt=1 size=799701
[11/22/2025 06:41:19.029 PM] Action   || Name: show_cache_downl... || Trigger: https://drive.google.com/uc?expor... || Output: sn=1150 attempt=1 size=1173512
[11/22/2025 06:41:19.818 PM] Action   || Name: show_cache_downl... || Trigger: https://drive.google.com/uc?expor... || Output: sn=5016 attempt=1 size=995841
[11/22/2025 06:41:23.871 PM] Action   || Name: show_cache_downl... || Trigger: https://drive.google.com/uc?expor... || Output: sn=2360 attempt=1 size=634644
[11/22/2025 06:41:24.077 PM] Action   || Name: show_cache_downl... || Trigger: https://drive.google.com/uc?expor... || Output: sn=6025 attempt=1 size=607167
[11/22/2025 06:41:26.537 PM] Action   || Name: show_cache_downl... || Trigger: https://drive.google.com/uc?expor... || Output: sn=5762 attempt=1 size=536084
[11/22/2025 06:41:27.879 PM] Action   || Name: show_cache_downl... || Trigger: https://drive.google.com/uc?expor... || Output: sn=5977 attempt=1 size=1510501
[11/22/2025 06:41:29.477 PM] Action   || Name: show_cache_downl... || Trigger: https://drive.google.com/uc?expor... || Output: sn=5514 attempt=1 size=1054364
[11/22/2025 06:41:29.867 PM] Action   || Name: show_cache_downl... || Trigger: https://drive.google.com/uc?expor... || Output: sn=5229 attempt=1 size=1476042
[11/22/2025 06:41:32.489 PM] Action   || Name: show_cache_downl... || Trigger: https://drive.google.com/uc?expor... || Output: sn=5362 attempt=1 size=554401
[11/22/2025 06:41:32.759 PM] Action   || Name: show_cache_downl... || Trigger: https://drive.google.com/uc?expor... || Output: sn=5524 attempt=1 size=644102
[11/22/2025 06:41:34.332 PM] Action   || Name: show_cache_downl... || Trigger: https://drive.google.com/uc?expor... || Output: sn=5454 attempt=1 size=1310434
[11/22/2025 06:41:34.788 PM] Action   || Name: show_cache_downl... || Trigger: https://drive.google.com/uc?expor... || Output: sn=5657 attempt=1 size=553868
[11/22/2025 06:41:35.368 PM] Message  || User: lemonelon_          || Channel: #yapper-committee                    || Content: everything is chungus tbh
[11/22/2025 06:41:35.782 PM] Action   || Name: show_cache_downl... || Trigger: https://drive.google.com/uc?expor... || Output: sn=5386 attempt=1 size=607664
[11/22/2025 06:41:36.162 PM] Action   || Name: show_cache_downl... || Trigger: https://drive.google.com/uc?expor... || Output: sn=6014 attempt=1 size=607167
[11/22/2025 06:41:37.178 PM] Action   || Name: show_cache_downl... || Trigger: https://drive.google.com/uc?expor... || Output: sn=5368 attempt=1 size=650721
[11/22/2025 06:41:37.932 PM] Action   || Name: show_cache_downl... || Trigger: https://drive.google.com/uc?expor... || Output: sn=5987 attempt=1 size=735195
[11/22/2025 06:41:38.644 PM] Action   || Name: show_cache_downl... || Trigger: https://drive.google.com/uc?expor... || Output: sn=5957 attempt=1 size=375350
[11/22/2025 06:41:39.171 PM] Action   || Name: show_cache_downl... || Trigger: https://drive.google.com/uc?expor... || Output: sn=5961 attempt=1 size=764614
[11/22/2025 06:41:40.228 PM] Action   || Name: show_cache_downl... || Trigger: https://drive.google.com/uc?expor... || Output: sn=5948 attempt=1 size=945242
[11/22/2025 06:41:41.652 PM] Action   || Name: show_cache_downl... || Trigger: https://drive.google.com/uc?expor... || Output: sn=6222 attempt=1 size=2570926
[11/22/2025 06:41:42.001 PM] Action   || Name: show_cache_downl... || Trigger: https://drive.google.com/uc?expor... || Output: sn=5955 attempt=1 size=245752
[11/22/2025 06:41:44.263 PM] Action   || Name: show_cache_downl... || Trigger: https://drive.google.com/uc?expor... || Output: sn=6221 attempt=1 size=2677411
[11/22/2025 06:41:53.788 PM] Message  || User: lemonelon_          || Channel: #yapper-committee                    || Content: is anyone in the english dep. and going to that holiday party  bc i ...
[11/22/2025 06:42:06.037 PM] Message  || User: slayc127            || Channel: #yapper-committee                    || Content: yes!
[11/22/2025 06:42:10.211 PM] Message  || User: slayc127            || Channel: #yapper-committee                    || Content: most of the officers will be there
[11/22/2025 06:42:14.624 PM] Message  || User: slayc127            || Channel: #yapper-committee                    || Content: bella r u an english major ?
[11/22/2025 06:42:14.928 PM] React+   || User: lemonelon_          || Channel: #yapper-committee                    || emoji=❤️; msg="most of the officers will be there" by slayc127
[11/22/2025 06:42:20.004 PM] Message  || User: lemonelon_          || Channel: #yapper-committee                    || Content: yas queen
[11/22/2025 06:42:35.468 PM] Message  || User: slayc127            || Channel: #yapper-committee                    || Content: YEAHHHHHHHHH
[11/22/2025 06:42:38.709 PM] React+   || User: lemonelon_          || Channel: #yapper-committee                    || emoji=🎉; msg="YEAHHHHHHHHH" by slayc127
[11/22/2025 06:42:43.202 PM] Message  || User: slayc127            || Channel: #yapper-committee                    || Content: first year yes ?
[11/22/2025 06:42:48.668 PM] Message  || User: lemonelon_          || Channel: #yapper-committee                    || Content: yarm
[11/22/2025 06:42:58.940 PM] Message  || User: slayc127            || Channel: #yapper-committee                    || Content: i was gonna harass u into taking one of my classes but unforch i don...
[11/22/2025 06:42:59.218 PM] Message  || User: lemonelon_          || Channel: #yapper-committee                    || Content: first semester first year 😔
[11/22/2025 06:43:04.086 PM] React+   || User: slayc127            || Channel: #yapper-committee                    || emoji=😭; msg="first semester first year 😔" by lemonelon_
[11/22/2025 06:43:08.558 PM] Message  || User: lemonelon_          || Channel: #yapper-committee                    || Content: WHAT IS IT WAIT
[11/22/2025 06:43:25.935 PM] Message  || User: slayc127            || Channel: #yapper-committee                    || Content: its a 4000 level!
[11/22/2025 06:43:27.865 PM] Message  || User: lemonelon_          || Channel: #yapper-committee                    || Content: I HATE THESE CHUNGUS PRE CLASSES NO I DONT WANT TO TAKE HOW TO GET A...
[11/22/2025 06:43:31.136 PM] React+   || User: slayc127            || Channel: #yapper-committee                    || emoji=😭; msg="I HATE THESE CHUNGUS PRE CLASSES NO I DO..." by lemonelon_
[11/22/2025 06:43:35.371 PM] React+   || User: lemonelon_          || Channel: #yapper-committee                    || emoji=🎉; msg="j*b" by Carl-bot
[11/22/2025 06:43:44.111 PM] Message  || User: _costco_wholesale_  || Channel: #feeding-team                        || Content: greens
[11/22/2025 06:43:45.547 PM] React+   || User: lemonelon_          || Channel: #yapper-committee                    || emoji=❤️; msg="its a 4000 level!" by slayc127
[11/22/2025 06:43:52.502 PM] Message  || User: _costco_wholesale_  || Channel: #feeding-team                        || Content: coba
[11/22/2025 06:43:57.191 PM] Message  || User: slayc127            || Channel: #yapper-committee                    || Content: game analysis w kinzinger and game studies w stark! i am p sure atp ...
[11/22/2025 06:43:57.219 PM] Intent   || feed_update               ||                                               || station=HOP; dates=['2025-11-22']
[11/22/2025 06:43:57.222 PM] Action   || Name: feed_update_ignored || Trigger: station=HOP                          || Output: channel_blocked:915790807720661042
[11/22/2025 06:43:59.438 PM] Message  || User: _costco_wholesale_  || Channel: #feeding-team                        || Content: mike
[11/22/2025 06:44:02.578 PM] React+   || User: lemonelon_          || Channel: #yapper-committee                    || emoji=❤️; msg="game analysis w kinzinger and game studi..." by slayc127
[11/22/2025 06:44:09.189 PM] Message  || User: _costco_wholesale_  || Channel: #feeding-team                        || Content: snickers
[11/22/2025 06:44:14.497 PM] Message  || User: lemonelon_          || Channel: #yapper-committee                    || Content: yay i am putting them in my note
[11/22/2025 06:44:29.645 PM] Message  || User: simplyshadow171295  || Channel: #feeding-team                        || Content: gunjan world tour
[11/22/2025 06:44:49.970 PM] Message  || User: lemonelon_          || Channel: #yapper-committee                    || Content: i am bringing my non english friend as a +1 bc i am very afraid
[11/22/2025 06:45:42.108 PM] Message  || User: slayc127            || Channel: #yapper-committee                    || Content: vro how 😭😭😭😭😭😭😭😭
[11/22/2025 06:45:43.928 PM] Message  || User: slayc127            || Channel: #yapper-committee                    || Content: sad
[11/22/2025 06:45:43.938 PM] Online   || User: Tom Cat#8337        || Guilds: 2                                    
[11/22/2025 06:45:44.872 PM] Health   || Component: image_tab      || Status: ok                                    || channel_id=551084964318543904 tab=TCBPicsInput
[11/22/2025 06:45:45.588 PM] Health   || Component: image_tab      || Status: ok                                    || channel_id=639882573199441930 tab=TCBPicsInput
[11/22/2025 06:45:47.431 PM] Health   || Component: image_tab      || Status: ok                                    || channel_id=1341696618688286720 tab=TCBPicsInput
[11/22/2025 06:45:48.136 PM] Health   || Component: image_tab      || Status: ok                                    || channel_id=1344745306620694558 tab=TCBVetBillInput
[11/22/2025 06:45:48.521 PM] Health   || Component: feeding_tab    || Status: ok                                   
[11/22/2025 06:45:49.339 PM] Action   || Name: feeding_scheduler   || Trigger: started                              || Output: ok
[11/22/2025 06:45:49.339 PM] React+   || User: lemonelon_          || Channel: #yapper-committee                    || emoji=❤️; msg="sad" by slayc127
[11/22/2025 06:46:02.079 PM] Message  || User: lemonelon_          || Channel: #yapper-committee                    || Content: PEOPLE HAVE THE MOST TERRIFYING LOOKS WHEN THEY'RE LOCKED IN
[11/22/2025 06:46:14.348 PM] Message  || User: lemonelon_          || Channel: #yapper-committee                    || Content: https://tenor.com/view/cat-angry-gif-1848914552335475671
[11/22/2025 06:46:18.146 PM] Message  || User: lemonelon_          || Channel: #yapper-committee                    || Content: every time i walk in
[11/22/2025 06:46:21.784 PM] Message  || User: slayc127            || Channel: #yapper-committee                    || Content: that makes me gen sad the lounge has been my safe space since i foun...
[11/22/2025 06:46:29.396 PM] Message  || User: lemonelon_          || Channel: #yapper-committee                    || Content: this might just be lowkey social anxiety on my part tbh
[11/22/2025 06:46:33.850 PM] Message  || User: slayc127            || Channel: #yapper-committee                    || Content: i get it
[11/22/2025 06:46:36.500 PM] Message  || User: racerdg             || Channel: #yapper-committee                    || Content: i get u bella
[11/22/2025 06:46:40.333 PM] React+   || User: lemonelon_          || Channel: #yapper-committee                    || emoji=🎉; msg="i get u bella" by racerdg
[11/22/2025 06:46:48.589 PM] Message  || User: slayc127            || Channel: #yapper-committee                    || Content: ill be in there most of the day monday if u wanna stop by, ill just ...
[11/22/2025 06:46:54.033 PM] React+   || User: lemonelon_          || Channel: #yapper-committee                    || emoji=❤️; msg="ill be in there most of the day monday i..." by slayc127
[11/22/2025 06:47:02.548 PM] Message  || User: lemonelon_          || Channel: #yapper-committee                    || Content: aww okay yay
[11/22/2025 06:47:21.650 PM] Message  || User: slayc127            || Channel: #yapper-committee                    || Content: most of the time if im not dying actively like i was the past two we...
[11/22/2025 06:47:30.352 PM] React+   || User: lemonelon_          || Channel: #yapper-committee                    || emoji=❤️; msg="most of the time if im not dying activel..." by slayc127
[11/22/2025 06:47:41.960 PM] Message  || User: lemonelon_          || Channel: #yapper-committee                    || Content: im so bad at yapping to people who r not in class with me actively
[11/22/2025 06:47:46.674 PM] Message  || User: slayc127            || Channel: #yapper-committee                    || Content: i get it
[11/22/2025 06:47:59.014 PM] Message  || User: slayc127            || Channel: #yapper-committee                    || Content: it took me 5 yrs into my college career to become a d1 yapper like i...
[11/22/2025 06:48:04.978 PM] React+   || User: lemonelon_          || Channel: #yapper-committee                    || emoji=❤️; msg="it took me 5 yrs into my college career ..." by slayc127
[11/22/2025 06:48:59.108 PM] Online   || User: Tom Cat#8337        || Guilds: 2                                    
[11/22/2025 06:48:59.882 PM] Health   || Component: image_tab      || Status: ok                                    || channel_id=551084964318543904 tab=TCBPicsInput
[11/22/2025 06:49:00.583 PM] Health   || Component: image_tab      || Status: ok                                    || channel_id=639882573199441930 tab=TCBPicsInput
[11/22/2025 06:49:01.220 PM] Health   || Component: image_tab      || Status: ok                                    || channel_id=1341696618688286720 tab=TCBPicsInput
[11/22/2025 06:49:01.716 PM] Health   || Component: image_tab      || Status: ok                                    || channel_id=1344745306620694558 tab=TCBVetBillInput
[11/22/2025 06:49:02.019 PM] Health   || Component: feeding_tab    || Status: ok                                   
[11/22/2025 06:49:02.022 PM] Message  || User: slayc127            || Channel: #yapper-committee                    || Content: this is real as hell 😭😭😭😭😭😭😭😭😭😭😭
[11/22/2025 06:49:02.858 PM] Action   || Name: feeding_scheduler   || Trigger: started                              || Output: ok
[11/22/2025 06:49:24.762 PM] Message  || User: slayc127            || Channel: #yapper-committee                    || Content: trust tho if u come to the lounge more youll find a good niche, esp ...
[11/22/2025 06:49:30.065 PM] React+   || User: lemonelon_          || Channel: #yapper-committee                    || emoji=❤️; msg="trust tho if u come to the lounge more y..." by slayc127
[11/22/2025 06:49:32.755 PM] Message  || User: pancakemixteamdj    || Channel: #yapper-committee                    || Content: My left ear is a bit funny
[11/22/2025 06:49:37.633 PM] React+   || User: lemonelon_          || Channel: #yapper-committee                    || emoji=❤️; msg="My left ear is a bit funny" by pancakemixteamdj
[11/22/2025 06:49:42.363 PM] Message  || User: racerdg             || Channel: #yapper-committee                    || Content: chris 💔
[11/22/2025 06:49:45.497 PM] React+   || User: slayc127            || Channel: #yapper-committee                    || emoji=❤️; msg="My left ear is a bit funny" by pancakemixteamdj
[11/22/2025 06:50:01.250 PM] Message  || User: pancakemixteamdj    || Channel: #yapper-committee                    || Content: It was panic in the moment
[11/22/2025 06:50:14.704 PM] Message  || User: slayc127            || Channel: #yapper-committee                    || Content: idk theres no demand to talk to people but i love seeing cat people ...
[11/22/2025 06:50:26.556 PM] React+   || User: lemonelon_          || Channel: #yapper-committee                    || emoji=❤️; msg="idk theres no demand to talk to people b..." by slayc127
[11/22/2025 06:50:29.760 PM] Message  || User: lemonelon_          || Channel: #yapper-committee                    || Content: working up the courage to introduce myself to u for like weeks btw b...
[11/22/2025 06:51:55.803 PM] Online   || User: Tom Cat#8337        || Guilds: 2                                    
[11/22/2025 06:51:56.714 PM] Health   || Component: image_tab      || Status: ok                                    || channel_id=551084964318543904 tab=TCBPicsInput
[11/22/2025 06:51:57.317 PM] Health   || Component: image_tab      || Status: ok                                    || channel_id=639882573199441930 tab=TCBPicsInput
[11/22/2025 06:51:58.095 PM] Health   || Component: image_tab      || Status: ok                                    || channel_id=1341696618688286720 tab=TCBPicsInput
[11/22/2025 06:51:58.924 PM] Health   || Component: image_tab      || Status: ok                                    || channel_id=1344745306620694558 tab=TCBVetBillInput
[11/22/2025 06:51:59.328 PM] Health   || Component: feeding_tab    || Status: ok                                   
[11/22/2025 06:52:01.418 PM] Action   || Name: feeding_scheduler   || Trigger: started                              || Output: ok
[11/22/2025 06:52:03.190 PM] Message  || User: pancakemixteamdj    || Channel: #yapper-committee                    || Content: I need proper food , I ate dary queen earlier , there nothing else i...
[11/22/2025 06:52:10.314 PM] React+   || User: lemonelon_          || Channel: #yapper-committee                    || emoji=😭; msg="I need proper food , I ate dary queen ea..." by pancakemixteamdj
[11/22/2025 06:53:01.758 PM] Online   || User: Tom Cat#8337        || Guilds: 2                                    
[11/22/2025 06:53:02.355 PM] Health   || Component: image_tab      || Status: ok                                    || channel_id=551084964318543904 tab=TCBPicsInput
[11/22/2025 06:53:02.983 PM] Health   || Component: image_tab      || Status: ok                                    || channel_id=639882573199441930 tab=TCBPicsInput
[11/22/2025 06:53:03.585 PM] Health   || Component: image_tab      || Status: ok                                    || channel_id=1341696618688286720 tab=TCBPicsInput
[11/22/2025 06:53:04.306 PM] Health   || Component: image_tab      || Status: ok                                    || channel_id=1344745306620694558 tab=TCBVetBillInput
[11/22/2025 06:53:04.565 PM] Health   || Component: feeding_tab    || Status: ok                                   
[11/22/2025 06:53:05.527 PM] Action   || Name: feeding_scheduler   || Trigger: started                              || Output: ok
[11/22/2025 06:53:08.297 PM] Message  || User: slayc127            || Channel: #yapper-committee                    || Content: 😭😭😭😭😭😭😭😭
[11/22/2025 06:53:23.009 PM] Message  || User: slayc127            || Channel: #yapper-committee                    || Content: u make me sad but i am glad u sad hi.....pls just start talking to m...
[11/22/2025 06:53:29.107 PM] React+   || User: lemonelon_          || Channel: #yapper-committee                    || emoji=🎉; msg="u make me sad but i am glad u sad hi......." by slayc127
[11/22/2025 06:53:30.270 PM] React+   || User: lemonelon_          || Channel: #yapper-committee                    || emoji=😭; msg="u make me sad but i am glad u sad hi......." by slayc127
[11/22/2025 06:53:31.597 PM] React+   || User: lemonelon_          || Channel: #yapper-committee                    || emoji=❤️; msg="u make me sad but i am glad u sad hi......." by slayc127
[11/22/2025 06:53:45.209 PM] Message  || User: pancakemixteamdj    || Channel: #yapper-committee                    || Content: Can attest Kaz is very scary
[11/22/2025 06:53:48.522 PM] Message  || User: pancakemixteamdj    || Channel: #yapper-committee                    || Content: Jk
[11/22/2025 06:53:53.900 PM] Message  || User: pancakemixteamdj    || Channel: #yapper-committee                    || Content: Plz don’t smite me
[11/22/2025 06:53:54.175 PM] React+   || User: lemonelon_          || Channel: #yapper-committee                    || emoji=❤️; msg="Can attest Kaz is very scary" by pancakemixteamdj
[11/22/2025 06:53:56.984 PM] React+   || User: lemonelon_          || Channel: #yapper-committee                    || emoji=❤️; msg="Plz don’t smite me" by pancakemixteamdj
[11/22/2025 06:54:16.275 PM] React+   || User: ludavis             || Channel: #yapper-committee                    || emoji=🎉; msg="Pro tip remember to put on protective ea..." by pancakemixteamdj
[11/22/2025 06:54:18.675 PM] Message  || User: emiximez            || Channel: #feeding-team                        || Content: hop fed (it is hiding from me)
[11/22/2025 06:54:18.687 PM] Intent   || feed_update               ||                                               || station=HOP; dates=['2025-11-22']
[11/22/2025 06:54:18.689 PM] Action   || Name: feed_update_ignored || Trigger: station=HOP                          || Output: channel_blocked:643586809166561310
[11/22/2025 06:54:37.559 PM] Message  || User: emiximez            || Channel: #feeding-team                        || Content: what the fucking kind of cat is dis?!
[11/22/2025 06:54:42.249 PM] React+   || User: ludavis             || Channel: #yapper-committee                    || emoji=😭; msg="https://tenor.com/view/point-gif-2450101..." by slayc127
[11/22/2025 06:55:22.525 PM] Message  || User: _costco_wholesale_  || Channel: #feeding-team                        || Content: i fear thats a safety cone
[11/22/2025 06:55:24.081 PM] Message  || User: ludavis             || Channel: #yapper-committee                    || Content: Kaz was scary that one time with the mob
[11/22/2025 06:55:24.351 PM] Message  || User: simplyshadow171295  || Channel: #feeding-team                        || Content: that looks like bagel 😭 or whatever his name is
[11/22/2025 06:55:30.909 PM] React+   || User: simplyshadow171295  || Channel: #feeding-team                        || emoji=😭; msg="i fear thats a safety cone" by _costco_wholesale_
[11/22/2025 06:55:32.688 PM] React+   || User: kitadan             || Channel: #yapper-committee                    || emoji=🎉; msg="Pro tip remember to put on protective ea..." by pancakemixteamdj
[11/22/2025 06:55:42.368 PM] React+   || User: ludavis             || Channel: #feeding-team                        || emoji=😭; msg="i fear thats a safety cone" by _costco_wholesale_
[11/22/2025 06:55:47.512 PM] React+   || User: emiximez            || Channel: #feeding-team                        || emoji=😭; msg="i fear thats a safety cone" by _costco_wholesale_
[11/22/2025 06:55:47.658 PM] React+   || User: kitadan             || Channel: #yapper-committee                    || emoji=❤️; msg="My left ear is a bit funny" by pancakemixteamdj
[11/22/2025 06:55:48.198 PM] Message  || User: a1darek             || Channel: #purrley-pawsitive-pussy-pals        || Content: He had nothing to say
[11/22/2025 06:55:52.024 PM] Message  || User: emiximez            || Channel: #feeding-team                        || Content: (no text; attachments=1)
[11/22/2025 06:55:52.639 PM] Message  || User: emiximez            || Channel: #feeding-team                        || Content: he is so cuteee
[11/22/2025 06:55:58.553 PM] React+   || User: slayc127            || Channel: #yapper-committee                    || emoji=😆; msg="Kaz was scary that one time with the mob" by ludavis
[11/22/2025 06:55:59.716 PM] React+   || User: slayc127            || Channel: #yapper-committee                    || emoji=❤️; msg="Plz don’t smite me" by pancakemixteamdj
[11/22/2025 06:56:00.029 PM] React+   || User: kitadan             || Channel: #yapper-committee                    || emoji=❤️; msg="idk theres no demand to talk to people b..." by slayc127
[11/22/2025 06:56:05.099 PM] Message  || User: slayc127            || Channel: #yapper-committee                    || Content: timeout for 2 seconds/j
[11/22/2025 06:56:09.315 PM] React+   || User: kitadan             || Channel: #yapper-committee                    || emoji=😭; msg="working up the courage to introduce myse..." by lemonelon_
[11/22/2025 06:56:14.966 PM] Message  || User: simplyshadow171295  || Channel: #feeding-team                        || Content: o then that’s charles
[11/22/2025 06:56:15.267 PM] Message  || User: emiximez            || Channel: #feeding-team                        || Content: ok actual photo
[11/22/2025 06:56:17.441 PM] React+   || User: kitadan             || Channel: #yapper-committee                    || emoji=😭; msg="https://tenor.com/view/point-gif-2450101..." by slayc127
[11/22/2025 06:56:18.563 PM] React+   || User: kitadan             || Channel: #yapper-committee                    || emoji=❤️; msg="IT OK I SAID HI 1 TIME" by lemonelon_
[11/22/2025 06:56:20.904 PM] Message  || User: simplyshadow171295  || Channel: #feeding-team                        || Content: pale orange?
[11/22/2025 06:56:24.214 PM] Message  || User: emiximez            || Channel: #feeding-team                        || Content: yes
[11/22/2025 06:56:27.733 PM] Message  || User: simplyshadow171295  || Channel: #feeding-team                        || Content: charles
[11/22/2025 06:56:31.093 PM] Message  || User: emiximez            || Channel: #feeding-team                        || Content: with white chest
[11/22/2025 06:56:33.430 PM] Message  || User: simplyshadow171295  || Channel: #feeding-team                        || Content: bagel is regular orange
[11/22/2025 06:56:45.060 PM] React+   || User: kitadan             || Channel: #yapper-committee                    || emoji=❤️; msg="Plz don’t smite me" by pancakemixteamdj
[11/22/2025 06:56:56.971 PM] Message  || User: emiximez            || Channel: #feeding-team                        || Content: (no text; attachments=1)
[11/22/2025 06:57:02.072 PM] React+   || User: kitadan             || Channel: #feeding-team                        || emoji=😭; msg="i fear thats a safety cone" by _costco_wholesale_
[11/22/2025 06:57:55.210 PM] Message  || User: slayc127            || Channel: #purrley-pawsitive-pussy-pals        || Content: THATS NOT ALLOWED
[11/22/2025 06:58:02.019 PM] Message  || User: slayc127            || Channel: #purrley-pawsitive-pussy-pals        || Content: HE TOOK OFF ONE POINT I NEED TO KNOW WHAT IT WAS
[11/22/2025 06:58:18.760 PM] Message  || User: slayc127            || Channel: #purrley-pawsitive-pussy-pals        || Content: im gonna ask him during my exam if my vibes were just so bad he Had ...
[11/22/2025 06:58:43.204 PM] Message  || User: .keatn              || Channel: #pictures-of-the-cats                || Content: (no text; attachments=1)
[11/22/2025 06:58:43.935 PM] Action   || Name: image_intake_error  || Trigger: channel=551084964318543904           || Output: no_worksheet tab=TCBPicsInput sheet=15HtHVB4HfOr9e85EgbOGbz9CBwWnXg3p...
[11/22/2025 06:58:59.984 PM] Message  || User: ludavis             || Channel: #yapper-committee                    || Content: This gif is killing me
[11/22/2025 06:59:16.351 PM] Message  || User: slayc127            || Channel: #yapper-committee                    || Content: itz my fav gif i try to use it sparingly so it doesnt lose its impact
[11/22/2025 06:59:34.266 PM] Message  || User: austinbaustinb      || Channel: #purrley-pawsitive-pussy-pals        || Content: Heres the traffic to our website. Idk how many singaporean fans we g...
[11/22/2025 06:59:38.312 PM] React+   || User: slayc127            || Channel: #purrley-pawsitive-pussy-pals        || emoji=😭; msg="Heres the traffic to our website. Idk ho..." by austinbaustinb
[11/22/2025 07:00:39.900 PM] Message  || User: cici4f3             || Channel: #pet-pictures                        || Content: peanut dinking his oiter and being mad at me for interrupting him
[11/22/2025 07:01:07.063 PM] React+   || User: slayc127            || Channel: #pet-pictures                        || emoji=😆; msg="peanut dinking his oiter and being mad a..." by cici4f3
[11/22/2025 07:01:22.788 PM] Message  || User: slayc127            || Channel: #pet-pictures                        || Content: baby at work im stealing
[11/22/2025 07:03:27.625 PM] Message  || User: le_nuit_sans_fin    || Channel: #feeding-team                        || Content: Thank you
[11/22/2025 07:03:31.187 PM] Message  || User: le_nuit_sans_fin    || Channel: #feeding-team                        || Content: <333333
[11/22/2025 07:05:11.136 PM] Message  || User: void_now            || Channel: #pet-pictures                        || Content: He looks so strange in the first one
[11/22/2025 07:05:30.601 PM] Message  || User: emiximez            || Channel: #feeding-team                        || Content: i just saw this petite kitty almost get ran over i saw them run in a...
[11/22/2025 07:08:21.214 PM] Message  || User: kukieari            || Channel: #yapper-committee                    || Content: me bc
[11/22/2025 07:08:24.921 PM] Message  || User: kukieari            || Channel: #yapper-committee                    || Content: i am covid negative
[11/22/2025 07:08:51.591 PM] Message  || User: kukieari            || Channel: #yapper-committee                    || Content: https://tenor.com/view/yippee-gif-1830625430750110743
[11/22/2025 07:09:53.069 PM] Message  || User: void_now            || Channel: #pet-pictures                        || Content: He looks like he’s glaring at you and pursing his lips
[11/22/2025 07:10:10.450 PM] Message  || User: slayc127            || Channel: #yapper-committee                    || Content: YAYYYYYY
[11/22/2025 07:10:37.999 PM] React+   || User: kitadan             || Channel: #yapper-committee                    || emoji=🎉; msg="https://tenor.com/view/yippee-gif-183062..." by kukieari
[11/22/2025 07:11:05.597 PM] React+   || User: kitadan             || Channel: #pet-pictures                        || emoji=😆; msg="peanut dinking his oiter and being mad a..." by cici4f3
[11/22/2025 07:11:53.397 PM] React+   || User: void_now            || Channel: #pet-pictures                        || emoji=😆; msg="peanut dinking his oiter and being mad a..." by cici4f3
[11/22/2025 07:12:14.247 PM] Message  || User: kukieari            || Channel: #yapper-committee                    || Content: YAYYY
[11/22/2025 07:14:00.994 PM] React+   || User: m_digio             || Channel: #purrley-pawsitive-pussy-pals        || emoji=😭; msg="Heres the traffic to our website. Idk ho..." by austinbaustinb
[11/22/2025 07:14:05.598 PM] React+   || User: a1darek             || Channel: #purrley-pawsitive-pussy-pals        || emoji=😭; msg="Heres the traffic to our website. Idk ho..." by austinbaustinb
[11/22/2025 07:14:12.784 PM] React+   || User: m_digio             || Channel: #pet-pictures                        || emoji=😆; msg="peanut dinking his oiter and being mad a..." by cici4f3
[11/22/2025 07:14:19.096 PM] React+   || User: m_digio             || Channel: #pet-pictures                        || emoji=❤️; msg="baby at work im stealing" by slayc127
[11/22/2025 07:15:51.981 PM] Message  || User: a1darek             || Channel: #pictures-of-the-cats                || Content: (no text; attachments=1)
[11/22/2025 07:15:53.120 PM] Action   || Name: image_intake        || Trigger: channel=551084964318543904           || Output: rows=1
[11/22/2025 07:16:50.214 PM] Message  || User: cici4f3             || Channel: #pet-pictures                        || Content: he literally looks angry
[11/22/2025 07:17:03.139 PM] React+   || User: cici4f3             || Channel: #yapper-committee                    || emoji=🎉; msg="https://tenor.com/view/yippee-gif-183062..." by kukieari
[11/22/2025 07:18:15.268 PM] Message  || User: adeyumii            || Channel: #pictures-of-the-cats                || Content: She was curled up in the grass and I woke her up
[11/22/2025 07:18:21.524 PM] Message  || User: adeyumii            || Channel: #pictures-of-the-cats                || Content: @Pancake(Chris/topher) I woke her up
[11/22/2025 07:18:22.444 PM] Action   || Name: image_intake        || Trigger: channel=551084964318543904           || Output: rows=3
[11/22/2025 07:19:39.668 PM] Message  || User: izzyballz           || Channel: #yapper-committee                    || Content: i get you bro
[11/22/2025 07:19:58.654 PM] React+   || User: izzyballz           || Channel: #yapper-committee                    || emoji=🎉; msg="Pro tip remember to put on protective ea..." by pancakemixteamdj
[11/22/2025 07:20:19.644 PM] Message  || User: emiximez            || Channel: #feeding-team                        || Content: sorry bad pic but west hall fed
[11/22/2025 07:20:19.650 PM] Intent   || feed_update               ||                                               || station=West Hall; dates=['2025-11-22']
[11/22/2025 07:20:19.650 PM] Action   || Name: feed_update_ignored || Trigger: station=West Hall                    || Output: channel_blocked:643586809166561310
[11/22/2025 07:20:30.019 PM] React+   || User: izzyballz           || Channel: #yapper-committee                    || emoji=🎉; msg="https://tenor.com/view/yippee-gif-183062..." by kukieari
[11/22/2025 07:21:21.424 PM] Message  || User: adeyumii            || Channel: #feeding-team                        || Content: I fed lot 50 trust me bro
[11/22/2025 07:21:21.424 PM] Intent   || feed_update               ||                                               || station=Lot 50; dates=['2025-11-22']
[11/22/2025 07:21:21.432 PM] Action   || Name: feed_update_ignored || Trigger: station=Lot 50                       || Output: channel_blocked:643586809166561310
[11/22/2025 07:21:35.239 PM] Message  || User: izzyballz           || Channel: #yapper-committee                    || Content: i went into the lounge for the first time the other day and i litera...
[11/22/2025 07:21:43.663 PM] React+   || User: izzyballz           || Channel: #yapper-committee                    || emoji=🍅; msg="hehe" by Carl-bot
[11/22/2025 07:22:21.996 PM] React+   || User: spitonme            || Channel: #itty-bitty-kitty-commitee           || emoji=🐙; msg="Do you want a recipe? My bf is mexican i..." by m_digio
[11/22/2025 07:22:52.620 PM] React+   || User: slayc127            || Channel: #yapper-committee                    || emoji=😭; msg="i went into the lounge for the first tim..." by izzyballz
[11/22/2025 07:22:58.388 PM] Message  || User: slayc127            || Channel: #yapper-committee                    || Content: LMFAOOOOOOOOOOOOO
[11/22/2025 07:23:00.162 PM] React+   || User: ludavis             || Channel: #yapper-committee                    || emoji=😭; msg="i went into the lounge for the first tim..." by izzyballz
[11/22/2025 07:23:42.109 PM] Message  || User: ludavis             || Channel: #yapper-committee                    || Content: Uni is the best time to build that confidence and beat social anxiet...
[11/22/2025 07:24:57.229 PM] React+   || User: kitadan             || Channel: #yapper-committee                    || emoji=😭; msg="i went into the lounge for the first tim..." by izzyballz
[11/22/2025 07:25:02.175 PM] Message  || User: izzyballz           || Channel: #yapper-committee                    || Content: no it is not 💔💔💔
[11/22/2025 07:25:08.912 PM] React+   || User: kitadan             || Channel: #pet-pictures                        || emoji=❤️; msg="baby at work im stealing" by slayc127
[11/22/2025 07:25:43.517 PM] Message  || User: adeyumii            || Channel: #pictures-of-the-cats                || Content: @Megan [Feeding Head & PR]
[11/22/2025 07:25:53.038 PM] Message  || User: adeyumii            || Channel: #pictures-of-the-cats                || Content: trying to send the video of me petting boots
[11/22/2025 07:26:04.307 PM] React+   || User: kitadan             || Channel: #pictures-of-the-cats                || emoji=😭; msg="@Pancake(Chris/topher) I woke her up" by adeyumii
[11/22/2025 07:26:08.370 PM] Message  || User: adeyumii            || Channel: #pictures-of-the-cats                || Content: it doesn't wanna load grrr
[11/22/2025 07:26:31.522 PM] React+   || User: not_d3fault_1420    || Channel: #pictures-of-the-cats                || emoji=‼️; msg="Got distracted with twix and the couple ..." by .bettercalljack
[11/22/2025 07:26:35.291 PM] React+   || User: spitonme            || Channel: #pet-pictures                        || emoji=🐙; msg="baby at work im stealing" by slayc127
[11/22/2025 07:26:37.430 PM] React+   || User: pancakemixteamdj    || Channel: #pictures-of-the-cats                || emoji=😭; msg="@Pancake(Chris/topher) I woke her up" by adeyumii
[11/22/2025 07:27:59.403 PM] Message  || User: spitonme            || Channel: #yapper-committee                    || Content: yes huh
[11/22/2025 07:28:05.954 PM] Message  || User: pancakemixteamdj    || Channel: #yapper-committee                    || Content: The CCC is the only reason why I can talk to new people at Uni
[11/22/2025 07:28:10.260 PM] React+   || User: spitonme            || Channel: #yapper-committee                    || emoji=🐙; msg="The CCC is the only reason why I can tal..." by pancakemixteamdj
[11/22/2025 07:28:40.113 PM] Message  || User: spitonme            || Channel: #yapper-committee                    || Content: also if u get rejected from someone friendship or romantically what ...
[11/22/2025 07:28:44.913 PM] Message  || User: spitonme            || Channel: #yapper-committee                    || Content: esp after a sem ends
[11/22/2025 07:30:21.222 PM] Message  || User: izzyballz           || Channel: #yapper-committee                    || Content: the 6 pm sunset is killing me
[11/22/2025 07:30:25.425 PM] Message  || User: izzyballz           || Channel: #yapper-committee                    || Content: genuinely murder
[11/22/2025 07:47:22.112 PM] Online   || User: Tom Cat#8337        || Guilds:                                      
[11/22/2025 07:47:24.338 PM] Action   || Name: gmail_log_scheduler || Trigger: found=1                              || Output: logged=1
[11/22/2025 07:47:24.489 PM] Action   || Name: finance_skip_dup... || Trigger: buffer                               || Output: Sophia Herrera $6.00 on 2025-08-26
[11/22/2025 07:47:24.489 PM] Action   || Name: finance_skip_dup... || Trigger: buffer                               || Output: Axel Torres $24.25 on 2025-08-22
[11/22/2025 07:47:24.489 PM] Action   || Name: finance_skip_dup... || Trigger: buffer                               || Output: Megan Digiovanni $47.62 on 2025-08-26
[11/22/2025 07:47:24.497 PM] Action   || Name: finance_skip_dup... || Trigger: buffer                               || Output: M. Padron $20.00 on 2025-08-26
[11/22/2025 07:47:24.497 PM] Action   || Name: finance_skip_dup... || Trigger: buffer                               || Output: Sophia Herrera $6.00 on 2025-08-26
[11/22/2025 07:47:24.497 PM] Action   || Name: finance_skip_dup... || Trigger: buffer                               || Output: Addison Loera $8.00 on 2025-08-26
[11/22/2025 07:47:24.500 PM] Action   || Name: finance_skip_dup... || Trigger: buffer                               || Output: Amber Thomas $5.00 on 2025-08-26
[11/22/2025 07:47:24.500 PM] Action   || Name: finance_skip_dup... || Trigger: buffer                               || Output: Jordin Baylee $5.00 on 2025-08-26
[11/22/2025 07:47:24.502 PM] Action   || Name: finance_skip_dup... || Trigger: buffer                               || Output: Kathleen Cantu $1.00 on 2025-08-26
[11/22/2025 07:47:24.502 PM] Action   || Name: finance_skip_dup... || Trigger: buffer                               || Output: Amber Thomas $3.00 on 2025-08-26
[11/22/2025 07:47:24.502 PM] Action   || Name: finance_skip_dup... || Trigger: buffer                               || Output: Rob Jimenez $3.00 on 2025-08-26
[11/22/2025 07:47:24.505 PM] Action   || Name: finance_skip_dup... || Trigger: buffer                               || Output: Daniel Brantley $3.00 on 2025-08-26
[11/22/2025 07:47:24.505 PM] Action   || Name: finance_skip_dup... || Trigger: buffer                               || Output: Isabella Klein $9.70 on 2025-08-26
[11/22/2025 07:47:24.505 PM] Action   || Name: finance_skip_dup... || Trigger: buffer                               || Output: Wix $25.98 on 2025-08-26
[11/22/2025 07:47:24.505 PM] Action   || Name: finance_skip_dup... || Trigger: buffer                               || Output: Nelda Hernandez $2.00 on 2025-08-26
[11/22/2025 07:47:24.505 PM] Action   || Name: finance_skip_dup... || Trigger: buffer                               || Output: Troy Broome $1.00 on 2025-08-26
[11/22/2025 07:47:24.505 PM] Action   || Name: finance_skip_dup... || Trigger: buffer                               || Output: Div Bits $2.00 on 2025-08-26
[11/22/2025 07:47:24.505 PM] Action   || Name: finance_skip_dup... || Trigger: buffer                               || Output: Jacob Sandoval $1.00 on 2025-08-26
[11/22/2025 07:47:24.505 PM] Action   || Name: finance_skip_dup... || Trigger: buffer                               || Output: Aubrey Cunningham $10.00 on 2025-08-26
[11/22/2025 07:47:24.505 PM] Action   || Name: finance_skip_dup... || Trigger: buffer                               || Output: Maxwell Preston $5.00 on 2025-08-26
[11/22/2025 07:47:24.505 PM] Action   || Name: finance_skip_dup... || Trigger: buffer                               || Output: Sophia Herrera $6.00 on 2025-08-26
[11/22/2025 07:47:24.505 PM] Action   || Name: finance_skip_dup... || Trigger: buffer                               || Output: Derek Fuentes $25.98 on 2025-08-26
[11/22/2025 07:47:24.505 PM] Action   || Name: finance_skip_dup... || Trigger: buffer                               || Output: Miguel V $5.00 on 2025-08-26
[11/22/2025 07:47:24.517 PM] Action   || Name: finance_skip_dup... || Trigger: buffer                               || Output: Nelda Hernandez $3.00 on 2025-08-26
[11/22/2025 07:47:24.517 PM] Action   || Name: finance_skip_dup... || Trigger: buffer                               || Output: Megan Digiovanni $130.00 on 2025-08-26
[11/22/2025 07:47:24.517 PM] Action   || Name: finance_skip_dup... || Trigger: buffer                               || Output: Pedro Savala $5.00 on 2025-08-27
[11/22/2025 07:47:24.517 PM] Action   || Name: finance_skip_dup... || Trigger: buffer                               || Output: Jonathan Mcgeever $5.00 on 2025-08-27
[11/22/2025 07:47:24.521 PM] Action   || Name: finance_skip_dup... || Trigger: buffer                               || Output: Py Store Here Pantego $54.00 on 2025-08-20
[11/22/2025 07:47:24.521 PM] Action   || Name: finance_skip_dup... || Trigger: buffer                               || Output: Megan Digiovanni $74.92 on 2025-07-30
[11/22/2025 07:47:24.521 PM] Action   || Name: finance_skip_dup... || Trigger: buffer                               || Output: Cassandra Nelson $7.00 on 2025-11-04
[11/22/2025 07:47:27.685 PM] Action   || Name: finance_skip_dup... || Trigger: kind=income                          || Output: Cynthia griffith $10.00 on 2025-04-16
[11/22/2025 07:47:27.685 PM] Action   || Name: finance_skip_dup... || Trigger: kind=income                          || Output: Caleb Moran $4.00 on 2025-04-16
[11/22/2025 07:47:27.685 PM] Action   || Name: finance_skip_dup... || Trigger: kind=income                          || Output: Alberto $6.00 on 2025-04-16
[11/22/2025 07:47:27.685 PM] Action   || Name: finance_skip_dup... || Trigger: kind=income                          || Output: Jacob Sandoval $2.91 on 2025-04-16
[11/22/2025 07:47:27.693 PM] Action   || Name: finance_skip_dup... || Trigger: kind=income                          || Output: tay $5.00 on 2025-04-16
[11/22/2025 07:47:27.693 PM] Action   || Name: finance_skip_dup... || Trigger: kind=income                          || Output: Nelda Hernandez $2.00 on 2025-04-16
[11/22/2025 07:47:27.693 PM] Action   || Name: finance_skip_dup... || Trigger: kind=income                          || Output: Maria Olds $10.00 on 2025-04-16
[11/22/2025 07:47:27.693 PM] Action   || Name: finance_skip_dup... || Trigger: kind=income                          || Output: Mario Rodriguez $3.00 on 2025-04-16
[11/22/2025 07:47:27.693 PM] Action   || Name: finance_skip_dup... || Trigger: kind=income                          || Output: Elisha Taylor $5.00 on 2025-04-16
[11/22/2025 07:47:27.693 PM] Action   || Name: finance_skip_dup... || Trigger: kind=income                          || Output: Jacob Sandoval $3.00 on 2025-04-16
[11/22/2025 07:47:27.693 PM] Action   || Name: finance_skip_dup... || Trigger: kind=income                          || Output: Isabella Klein $9.70 on 2025-08-26
[11/22/2025 07:47:27.700 PM] Action   || Name: finance_skip_dup... || Trigger: kind=income                          || Output: Nelda Hernandez $2.00 on 2025-08-26
[11/22/2025 07:47:27.700 PM] Action   || Name: finance_skip_dup... || Trigger: kind=income                          || Output: Troy Broome $1.00 on 2025-08-26
[11/22/2025 07:47:27.700 PM] Action   || Name: finance_skip_dup... || Trigger: kind=income                          || Output: Div Bits $2.00 on 2025-08-26
[11/22/2025 07:47:27.703 PM] Action   || Name: finance_skip_dup... || Trigger: kind=income                          || Output: Jacob Sandoval $1.00 on 2025-08-26
[11/22/2025 07:47:27.703 PM] Action   || Name: finance_skip_dup... || Trigger: kind=income                          || Output: Aubrey Cunningham $10.00 on 2025-08-26
[11/22/2025 07:47:27.703 PM] Action   || Name: finance_skip_dup... || Trigger: kind=income                          || Output: Maxwell Preston $5.00 on 2025-08-26
[11/22/2025 07:47:27.703 PM] Action   || Name: finance_skip_dup... || Trigger: kind=income                          || Output: Sophia Herrera $6.00 on 2025-08-26
[11/22/2025 07:47:27.703 PM] Action   || Name: finance_skip_dup... || Trigger: kind=income                          || Output: Miguel V $5.00 on 2025-08-26
[11/22/2025 07:47:27.703 PM] Action   || Name: finance_skip_dup... || Trigger: kind=income                          || Output: Nelda Hernandez $3.00 on 2025-08-26
[11/22/2025 07:47:27.709 PM] Action   || Name: finance_skip_dup... || Trigger: kind=income                          || Output: Megan Digiovanni $130.00 on 2025-08-26
[11/22/2025 07:47:27.709 PM] Action   || Name: finance_skip_dup... || Trigger: kind=income                          || Output: Pedro Savala $5.00 on 2025-08-27
[11/22/2025 07:47:27.711 PM] Action   || Name: finance_skip_dup... || Trigger: kind=income                          || Output: Jonathan Mcgeever $5.00 on 2025-08-27
[11/22/2025 07:47:27.711 PM] Action   || Name: finance_skip_dup... || Trigger: kind=income                          || Output: Axel Torres $24.25 on 2025-08-22
[11/22/2025 07:47:27.711 PM] Action   || Name: finance_skip_dup... || Trigger: kind=income                          || Output: M. Padron $20.00 on 2025-08-26
[11/22/2025 07:47:27.714 PM] Action   || Name: finance_skip_dup... || Trigger: kind=income                          || Output: Addison Loera $8.00 on 2025-08-26
[11/22/2025 07:47:27.714 PM] Action   || Name: finance_skip_dup... || Trigger: kind=income                          || Output: Amber Thomas $5.00 on 2025-08-26
[11/22/2025 07:47:27.716 PM] Action   || Name: finance_skip_dup... || Trigger: kind=income                          || Output: Jordin Baylee $5.00 on 2025-08-26
[11/22/2025 07:47:27.716 PM] Action   || Name: finance_skip_dup... || Trigger: kind=income                          || Output: Kathleen Cantu $1.00 on 2025-08-26
[11/22/2025 07:47:27.716 PM] Action   || Name: finance_skip_dup... || Trigger: kind=income                          || Output: Amber Thomas $3.00 on 2025-08-26
[11/22/2025 07:47:27.716 PM] Action   || Name: finance_skip_dup... || Trigger: kind=income                          || Output: Rob Jimenez $3.00 on 2025-08-26
[11/22/2025 07:47:27.716 PM] Action   || Name: finance_skip_dup... || Trigger: kind=income                          || Output: Daniel Brantley $3.00 on 2025-08-26
[11/22/2025 07:47:27.716 PM] Action   || Name: finance_skip_dup... || Trigger: kind=income                          || Output: Cassandra Nelson $6.00 on 2025-11-04
[11/22/2025 07:47:27.716 PM] Action   || Name: finance_skip_dup... || Trigger: kind=income                          || Output: Kristyn Jackson $9.00 on 2025-10-22
[11/22/2025 07:47:27.716 PM] Action   || Name: finance_skip_dup... || Trigger: kind=income                          || Output: Victoria Elkins $5.00 on 2025-10-22
[11/22/2025 07:47:27.716 PM] Action   || Name: finance_skip_dup... || Trigger: kind=income                          || Output: Alexander  Martinez $3.00 on 2025-10-22
[11/22/2025 07:47:27.716 PM] Action   || Name: finance_skip_dup... || Trigger: kind=income                          || Output: Richa  Desai $6.00 on 2025-10-22
[11/22/2025 07:47:27.716 PM] Action   || Name: finance_skip_dup... || Trigger: kind=income                          || Output: Emily Lanham $6.00 on 2025-10-22
[11/22/2025 07:47:27.716 PM] Action   || Name: finance_skip_dup... || Trigger: kind=income                          || Output: Mariah Hall $3.00 on 2025-10-22
[11/22/2025 07:47:27.716 PM] Action   || Name: finance_skip_dup... || Trigger: kind=income                          || Output: Sophia Herrera $5.00 on 2025-10-22
[11/22/2025 07:47:27.716 PM] Action   || Name: finance_skip_dup... || Trigger: kind=income                          || Output: Kylie Crook $5.00 on 2025-09-16
[11/22/2025 07:47:29.389 PM] Action   || Name: finance_skip_dup... || Trigger: kind=expense                         || Output: Py Store Here Pantego $54.00 on 2025-04-20
[11/22/2025 07:47:29.389 PM] Action   || Name: finance_skip_dup... || Trigger: kind=expense                         || Output: j s $11.68 on 2025-04-22
[11/22/2025 07:47:29.389 PM] Action   || Name: finance_skip_dup... || Trigger: kind=expense                         || Output: Wix $25.98 on 2025-04-26
[11/22/2025 07:47:29.393 PM] Action   || Name: finance_skip_dup... || Trigger: kind=expense                         || Output: Wix $25.98 on 2025-08-26
[11/22/2025 07:47:29.393 PM] Action   || Name: finance_skip_dup... || Trigger: kind=expense                         || Output: Derek Fuentes $25.98 on 2025-08-26
[11/22/2025 07:47:29.393 PM] Action   || Name: finance_skip_dup... || Trigger: kind=expense                         || Output: Py Store Here Pantego $54.00 on 2025-08-20
[11/22/2025 07:47:29.397 PM] Action   || Name: finance_skip_dup... || Trigger: kind=expense                         || Output: Megan Digiovanni $47.62 on 2025-08-26
[11/22/2025 07:47:29.397 PM] Action   || Name: finance_skip_dup... || Trigger: kind=expense                         || Output: Megan Digiovanni $74.92 on 2025-07-30
[11/22/2025 07:47:29.399 PM] Action   || Name: finance_skip_dup... || Trigger: kind=expense                         || Output: Py Store Here Pantego $54.00 on 2025-05-20
[11/22/2025 07:47:29.400 PM] Action   || Name: finance_skip_dup... || Trigger: kind=expense                         || Output: Derek Fuentes $72.45 on 2025-05-23
[11/22/2025 07:47:29.401 PM] Action   || Name: finance_skip_dup... || Trigger: kind=expense                         || Output: Wix $25.98 on 2025-05-26
[11/22/2025 07:47:29.401 PM] Action   || Name: finance_skip_dup... || Trigger: kind=expense                         || Output: Megan Digiovanni $89.91 on 2025-10-05
[11/22/2025 07:47:29.402 PM] Action   || Name: finance_skip_dup... || Trigger: kind=expense                         || Output: Derek Fuentes $20.00 on 2025-09-10
[11/22/2025 07:48:53.228 PM] Message  || User: austinbaustinb      || Channel:                                      || Content: meow
[11/22/2025 07:53:20.190 PM] Message  || User: izzyballz           || Channel:                                      || Content: I DONT WANT TO GO TO WORK TOMORROW SOMEONE KILL ME
[11/22/2025 07:53:45.829 PM] Message  || User: ludavis             || Channel:                                      || Content: 😭
[11/22/2025 08:00:04.511 PM] Message  || User: the_frog.sorcerer   || Channel:                                      || Content: @cel [pwesident] if you can sew this would be sick
[11/22/2025 08:00:21.799 PM] Message  || User: celeryiscelery      || Channel:                                      || Content: HELLO THE SWEATER????
[11/22/2025 08:00:27.627 PM] Message  || User: the_frog.sorcerer   || Channel:                                      || Content: Exactly
[11/22/2025 08:00:29.032 PM] Message  || User: celeryiscelery      || Channel:                                      || Content: saving that
[11/22/2025 08:00:38.005 PM] Message  || User: mochenoch           || Channel:                                      || Content: i'd be scared to wash those pants lowkey
[11/22/2025 08:00:48.806 PM] Message  || User: the_frog.sorcerer   || Channel:                                      || Content: I did not think of that
[11/22/2025 08:01:17.158 PM] Message  || User: mochenoch           || Channel:                                      || Content: I always think of that after my first diy pants
[11/22/2025 08:01:25.756 PM] Message  || User: mochenoch           || Channel:                                      || Content: <:weep:800595104711966801>
[11/22/2025 08:11:13.097 PM] Online   || User:                     || Guilds:                                      
[11/22/2025 08:14:14.129 PM] Online   || User:                     || Guilds:                                      
[11/22/2025 08:16:11.327 PM] Action   || Name: handle_misc         || Trigger: trigger=meow                         || Output: meeeoowww
[11/22/2025 08:16:14.645 PM] Intent   || show_photo                ||                                               || cat=Twix
[11/22/2025 08:16:17.016 PM] Action   || Name: show_cache_downl... || Trigger: https://drive.google.com/uc?expor... || Output: sn=6136 attempt=1 size=752769
[11/22/2025 08:16:21.902 PM] Intent   || show_photo                ||                                               || cat=Twix
[11/22/2025 08:16:23.833 PM] Action   || Name: show_cache_downl... || Trigger: https://drive.google.com/uc?expor... || Output: sn=5933 attempt=1 size=720494
[11/22/2025 08:16:26.767 PM] Intent   || ui_launch                 ||                                              
[11/22/2025 08:16:27.265 PM] Action   || Name: ui_activity_prompt  || Trigger: user=624440365595754496; channel=... || Output: message_id=1441975661983043777; app_id=1341667150066225192; invite=AP...
[11/22/2025 08:20:32.694 PM] Online   || User:                     || Guilds:                                      
[11/22/2025 08:26:23.469 PM] Online   || User:                     || Guilds:                                      
[11/22/2025 08:29:27.421 PM] Intent   || ui_launch                 ||                                              
[11/22/2025 08:29:27.967 PM] Action   || Name: ui_activity_prompt  || Trigger: user=624440365595754496; channel=... || Output: message_id=1441978936593485874; app_id=1341667150066225192; invite=4n...
[11/22/2025 08:30:37.789 PM] Intent   || ui_launch                 ||                                              
[11/22/2025 08:30:38.261 PM] Action   || Name: ui_activity_prompt  || Trigger: user=624440365595754496; channel=... || Output: message_id=1441979231415308329; app_id=1341667150066225192; invite=tq...
