[09/07/2025 01:09:16.132 AM] Online   || User: Tom Cat#8337        || Guilds: 2                                    
[09/07/2025 01:09:18.195 AM] Health   || Component: image_tab      || Status: ok                                    || channel_id=551084964318543904 tab=TCBPicsInput
[09/07/2025 01:09:18.665 AM] Health   || Component: image_tab      || Status: ok                                    || channel_id=639882573199441930 tab=TCBPicsInput
[09/07/2025 01:09:19.163 AM] Health   || Component: image_tab      || Status: ok                                    || channel_id=1341696618688286720 tab=TCBPicsInput
[09/07/2025 01:09:19.660 AM] Health   || Component: image_tab      || Status: ok                                    || channel_id=1344745306620694558 tab=TCBVetBillInput
[09/07/2025 01:09:19.919 AM] Health   || Component: feeding_tab    || Status: ok                                   
[09/07/2025 01:11:42.800 AM] Message  || User: _costco_wholesale_  || Channel: #feeding-team                        || Content: i’ll atone for my sins tomorrow and sacrifice a limb to professor mi...
[09/07/2025 01:11:42.824 AM] Action   || Name: feed_pending_set    || Trigger: ch=643586809166561310; user=75192... || Output: Microwave,Mary Kay and Zen
[09/07/2025 01:12:14.803 AM] React+   || User: spitonme            || Channel: #pet-pictures                        || emoji=🐙; msg=1414124256802902107
[09/07/2025 01:12:22.640 AM] Message  || User: spitonme            || Channel: #pet-pictures                        || Content: what a creature
[09/07/2025 01:12:34.156 AM] React+   || User: spitonme            || Channel: #feeding-team                        || emoji=🐙; msg="i’ll atone for my sins tomorrow and sacr..." by _costco_wholesale_
[09/07/2025 01:13:43.089 AM] Message  || User: kitadan             || Channel: #yapper-committee                    || Content: What is your Mom's Pad See Ew sauce recipe?
[09/07/2025 01:14:22.080 AM] Message  || User: austinbaustinb      || Channel: #thomas-cat-sandbox                  || Content: TomCat, check due payments
[09/07/2025 01:14:22.107 AM] Intent   || dues_check                ||                                              
[09/07/2025 02:10:00.033 AM] Action   || Name: profiles_schedul... || Trigger:                                      || Output: 'X' object has no attribute 'guild'
[09/07/2025 02:21:22.183 AM] Online   || User: Tom Cat#8337        || Guilds: 2                                    
[09/07/2025 02:21:23.793 AM] Health   || Component: image_tab      || Status: ok                                    || channel_id=551084964318543904 tab=TCBPicsInput
[09/07/2025 02:21:24.241 AM] Health   || Component: image_tab      || Status: ok                                    || channel_id=639882573199441930 tab=TCBPicsInput
[09/07/2025 02:21:24.694 AM] Health   || Component: image_tab      || Status: ok                                    || channel_id=1341696618688286720 tab=TCBPicsInput
[09/07/2025 02:21:25.144 AM] Health   || Component: image_tab      || Status: ok                                    || channel_id=1344745306620694558 tab=TCBVetBillInput
[09/07/2025 02:21:25.854 AM] Health   || Component: feeding_tab    || Status: ok                                   
[09/07/2025 02:22:01.483 AM] Message  || User: austinbaustinb      || Channel: #thomas-cat-sandbox                  || Content: TomCat, check due payments
[09/07/2025 02:22:01.506 AM] Intent   || dues_check                ||                                              
[09/07/2025 02:48:57.494 AM] Message  || User: toad5545            || Channel: #pet-pictures                        || Content: (no text; attachments=3)
[09/07/2025 03:00:04.078 AM] Action   || Name: dues_scheduler      || Trigger: count=57                             || Output: done
[09/07/2025 06:10:14.113 AM] Join     || User: rue0379 (5316616... || Guild: Campus Cat Coalition                   || age_days=2435; invite=rAEFDeT
[09/07/2025 06:19:29.688 AM] React+   || User: rue0379             || Channel: #announcements                       || emoji=❤️; msg="@​here end of week reminders to fill out..." by slayc127
[09/07/2025 06:19:36.808 AM] React+   || User: rue0379             || Channel: #rules                               || emoji=<:catthumbsup:931115163317329920>; msg="• No racist or homophobic langu...
[09/07/2025 06:19:36.862 AM] Roles    || User: rue0379             || Guild: Campus Cat Coalition                   || added=['acknowledged rules']; removed=[]
[09/07/2025 06:20:32.277 AM] React+   || User: rue0379             || Channel: #report-new-cats                     || emoji=‼️; msg="filthy frank.......I havent heard that n..." by marciepoo143
[09/07/2025 06:23:07.861 AM] Message  || User: rue0379             || Channel: #pet-pictures                        || Content: my son
[09/07/2025 06:23:22.604 AM] React+   || User: rue0379             || Channel: #pet-pictures                        || emoji=😭; msg="I found this horrible picture of my car" by .bettercalljack
[09/07/2025 07:10:39.297 AM] React+   || User: adeyumii            || Channel: #feeding-team                        || emoji=🐙; msg="i’ll atone for my sins tomorrow and sacr..." by _costco_wholesale_
[09/07/2025 07:11:05.600 AM] Message  || User: adeyumii            || Channel: #feeding-team                        || Content: i will be feeding the hooligans and wampus later today. I have sleep...
[09/07/2025 07:11:05.622 AM] Action   || Name: feed_pending_set    || Trigger: ch=643586809166561310; user=47432... || Output: Mary Kay and Zen
[09/07/2025 08:03:25.383 AM] React+   || User: slayc127            || Channel: #feeding-team                        || emoji=🐙; msg="i’ll atone for my sins tomorrow and sacr..." by _costco_wholesale_
[09/07/2025 08:07:57.105 AM] React+   || User: orphean_            || Channel: #introductions                       || emoji=😭; msg="He’s not on campus anymore sadly, he got..." by void_now
[09/07/2025 08:09:01.301 AM] Message  || User: a1darek             || Channel: #purrley-pawsitive-pussy-pals        || Content: I hate pool (🎱) videos so much sometimes cause they always do some t...
[09/07/2025 08:20:01.379 AM] Message  || User: slayc127            || Channel: #purrley-pawsitive-pussy-pals        || Content: imagine how it feels to play pool with u derk
[09/07/2025 08:20:15.381 AM] Message  || User: a1darek             || Channel: #purrley-pawsitive-pussy-pals        || Content: Olay but I kinda ate with that shot last time I cant lie
[09/07/2025 08:20:22.121 AM] Message  || User: slayc127            || Channel: #purrley-pawsitive-pussy-pals        || Content: unfortunately yes.
[09/07/2025 08:20:33.287 AM] Message  || User: slayc127            || Channel: #purrley-pawsitive-pussy-pals        || Content: r u working
[09/07/2025 08:33:35.154 AM] Message  || User: slayc127            || Channel: #purrley-pawsitive-pussy-pals        || Content: https://tenor.com/view/no-gif-23548728
[09/07/2025 08:46:20.075 AM] Message  || User: a1darek             || Channel: #purrley-pawsitive-pussy-pals        || Content: Yes
[09/07/2025 08:51:08.135 AM] React+   || User: kitadan             || Channel: #pet-pictures                        || emoji=❤️; msg="my son" by rue0379
[09/07/2025 08:58:39.227 AM] Message  || User: slayc127            || Channel: #purrley-pawsitive-pussy-pals        || Content: boo
[09/07/2025 09:01:45.931 AM] Message  || User: kcreepertux04       || Channel: #pet-pictures                        || Content: she’s drugged up and staring at the stitching in the couch
[09/07/2025 09:07:32.610 AM] Message  || User: a1darek             || Channel: #purrley-pawsitive-pussy-pals        || Content: Why
[09/07/2025 09:38:12.732 AM] Message  || User: slayc127            || Channel: #purrley-pawsitive-pussy-pals        || Content: because
[09/07/2025 09:45:14.218 AM] Message  || User: a1darek             || Channel: #purrley-pawsitive-pussy-pals        || Content: Okay
[09/07/2025 10:05:22.284 AM] React+   || User: spitonme            || Channel: #pet-pictures                        || emoji=❤️; msg="my son" by rue0379
[09/07/2025 10:13:16.678 AM] Message  || User: gupguppy            || Channel: #memes                               || Content: https://www.reddit.com/r/OneOrangeBraincell/s/ZMNCdgxf1u
[09/07/2025 10:13:17.771 AM] Edit     || User: gupguppy            || Channel: #memes                               || https://www.reddit.com/r/OneOrangeBraincell/s/ZMNCdgxf1u -> https://www.reddi...
[09/07/2025 10:43:23.751 AM] React+   || User: m_digio             || Channel: #pet-pictures                        || emoji=❤️; msg=1414124256802902107
[09/07/2025 10:43:31.031 AM] React+   || User: m_digio             || Channel: #pet-pictures                        || emoji=❤️; msg=1414155467592044544
[09/07/2025 10:43:33.532 AM] React+   || User: m_digio             || Channel: #pet-pictures                        || emoji=❤️; msg="my son" by rue0379
[09/07/2025 10:43:36.649 AM] React+   || User: m_digio             || Channel: #pet-pictures                        || emoji=❤️; msg="she’s drugged up and staring at the stit..." by kcreepertux04
[09/07/2025 10:46:27.015 AM] React+   || User: moineau_l.oiseau    || Channel: #pet-pictures                        || emoji=❤️; msg=1414155467592044544
[09/07/2025 10:46:29.523 AM] React+   || User: moineau_l.oiseau    || Channel: #pet-pictures                        || emoji=❤️; msg="my son" by rue0379
[09/07/2025 10:47:05.235 AM] React+   || User: moineau_l.oiseau    || Channel: #pet-pictures                        || emoji=❤️; msg="she’s drugged up and staring at the stit..." by kcreepertux04
[09/07/2025 10:51:27.901 AM] Message  || User: spitonme            || Channel: #yapper-committee                    || Content: lol my mom says she measures stuff out w her heart but the ingredien...
[09/07/2025 10:51:37.034 AM] Message  || User: spitonme            || Channel: #yapper-committee                    || Content: but cook the noodles on high heat
[09/07/2025 10:51:46.985 AM] Message  || User: spitonme            || Channel: #yapper-committee                    || Content: or else it wont charr and itll break up easily
[09/07/2025 10:51:54.949 AM] Message  || User: spitonme            || Channel: #yapper-committee                    || Content: dont mix that much either
[09/07/2025 10:52:14.177 AM] Message  || User: spitonme            || Channel: #yapper-committee                    || Content: ill lyk next time we have pad see ew ill record a video
[09/07/2025 10:55:49.835 AM] React+   || User: moineau_l.oiseau    || Channel: #memes                               || emoji=<:sobbing:828777375876907038>; msg="https://www.reddit.com/r/OneOrangeB...
[09/07/2025 10:57:42.813 AM] React+   || User: moineau_l.oiseau    || Channel: #executive-board                     || emoji=👍; msg="what kind of stickers are these (i mean ..." by celeryiscelery
[09/07/2025 10:57:43.031 AM] React+   || User: moineau_l.oiseau    || Channel: #executive-board                     || emoji=‼️; msg="what kind of stickers are these (i mean ..." by celeryiscelery
[09/07/2025 10:58:18.708 AM] React+   || User: moineau_l.oiseau    || Channel: #purrley-pawsitive-pussy-pals        || emoji=😭; msg="https://tenor.com/view/no-gif-23548728" by slayc127
[09/07/2025 10:59:10.288 AM] React+   || User: moineau_l.oiseau    || Channel: #logging                             || emoji=🔥; msg="Last email:
Subject: Thank you for reach..." by Tom Cat
[09/07/2025 10:59:24.940 AM] React+   || User: moineau_l.oiseau    || Channel: #logging                             || emoji=‼️; msg="okay that is cool i’m ngl" by celeryiscelery
[09/07/2025 10:59:25.536 AM] React+   || User: moineau_l.oiseau    || Channel: #logging                             || emoji=❤️; msg="okay that is cool i’m ngl" by celeryiscelery
[09/07/2025 10:59:30.079 AM] React-   || User: unknown             || Channel: #logging                             || emoji=❤️; msg="okay that is cool i’m ngl" by celeryiscelery
[09/07/2025 11:01:18.605 AM] React+   || User: moineau_l.oiseau    || Channel: #feeding-team                        || emoji=❤️; msg="Zen fed." by kitadan
[09/07/2025 11:19:24.260 AM] React+   || User: kitadan             || Channel: #yapper-committee                    || emoji=❤️; msg="ill lyk next time we have pad see ew ill..." by spitonme
[09/07/2025 11:19:31.471 AM] Message  || User: a1darek             || Channel: #executive-board                     || Content: chat I am like broke as fuck would it be alright if I asked for some...
[09/07/2025 11:20:21.955 AM] Message  || User: nostalgicsapphic    || Channel: #executive-board                     || Content: do u have the cost breakdown?
[09/07/2025 11:26:34.842 AM] Message  || User: a1darek             || Channel: #executive-board                     || Content: Should be 45$ but I'm waiting for Miranda and co to respond to me
[09/07/2025 11:26:46.975 AM] Message  || User: a1darek             || Channel: #executive-board                     || Content: Cause if they don't show then I don't want anything sent
[09/07/2025 11:26:52.852 AM] Message  || User: a1darek             || Channel: #executive-board                     || Content: Allnd also they'd be on my shit list.
[09/07/2025 11:26:58.276 AM] Edit     || User: a1darek             || Channel: #executive-board                     || Allnd also they'd be on my shit list. -> And also they'd be on my shit list.
[09/07/2025 11:27:02.116 AM] Message  || User: a1darek             || Channel: #executive-board                     || Content: I mean who said that
[09/07/2025 11:32:20.677 AM] React+   || User: slayc127            || Channel: #yapper-committee                    || emoji=❤️; msg="ill lyk next time we have pad see ew ill..." by spitonme
[09/07/2025 11:39:21.330 AM] React+   || User: adeyumii            || Channel: #pictures-of-the-cats                || emoji=😭; msg="Greed" by pancakemixteamdj
[09/07/2025 11:46:20.406 AM] Message  || User: slayc127            || Channel: #purrley-pawsitive-pussy-pals        || Content: kazius vs actually making an online purchase
[09/07/2025 11:46:35.448 AM] Message  || User: slayc127            || Channel: #purrley-pawsitive-pussy-pals        || Content: i have a few things i absolutely need to buy but its #scary for some...
[09/07/2025 12:01:25.945 PM] React+   || User: .laramie            || Channel: #introductions                       || emoji=🐙; msg="He’s not on campus anymore sadly, he got..." by void_now
[09/07/2025 12:04:38.840 PM] Message  || User: .laramie            || Channel: #itty-bitty-kitty-commitee           || Content: my first thought was that you have a family of cats moving in for th...
[09/07/2025 12:09:29.894 PM] React+   || User: not_d3fault_1420    || Channel: #pictures-of-the-cats                || emoji=🥹; msg=1413955833582321695
[09/07/2025 12:09:49.831 PM] React+   || User: not_d3fault_1420    || Channel: #pictures-of-the-cats                || emoji=😭; msg="Greed" by pancakemixteamdj
[09/07/2025 12:10:16.716 PM] Message  || User: not_d3fault_1420    || Channel: #pictures-of-the-cats                || Content: almost microwave level of greed 😭
[09/07/2025 12:16:07.793 PM] Message  || User: kitadan             || Channel: #feeding-team                        || Content: @Megan [Feeding Head & PR] what brand of cat food do we use for gene...
[09/07/2025 12:16:07.814 PM] Action   || Name: feed_pending_set    || Trigger: ch=643586809166561310; user=42786... || Output: Mary Kay and Zen,Microwave
[09/07/2025 12:16:42.239 PM] React+   || User: kitadan             || Channel: #pictures-of-the-cats                || emoji=😭; msg="Greed" by pancakemixteamdj
[09/07/2025 12:17:14.616 PM] Message  || User: slayc127            || Channel: #feeding-team                        || Content: brand doesnt matter, just avoid seafood
[09/07/2025 12:20:02.494 PM] Message  || User: slayc127            || Channel: #feeding-team                        || Content: megan buys the biggest bag of food she can find for general feeding ...
[09/07/2025 12:20:02.517 PM] Action   || Name: feed_pending_set    || Trigger: ch=643586809166561310; user=35686... || Output: The Greens
[09/07/2025 12:21:05.764 PM] React+   || User: kitadan             || Channel: #feeding-team                        || emoji=🎉; msg="brand doesnt matter, just avoid seafood" by slayc127
[09/07/2025 12:24:15.684 PM] Message  || User: .bettercalljack     || Channel: #yapper-committee                    || Content: Im supposed to study todau
[09/07/2025 12:24:20.166 PM] Message  || User: .bettercalljack     || Channel: #yapper-committee                    || Content: Homework instead
[09/07/2025 12:33:31.852 PM] Message  || User: kitadan             || Channel: #feeding-team                        || Content: Thanks
[09/07/2025 12:46:19.101 PM] Message  || User: a1darek             || Channel: #executive-board                     || Content: Waiting for my manager to edit the invoice; will let you know how mu...
[09/07/2025 12:55:38.119 PM] React+   || User: austinbaustinb      || Channel: #executive-board                     || emoji=👍; msg="Waiting for my manager to edit the invoi..." by a1darek
[09/07/2025 12:56:14.986 PM] Message  || User: austinbaustinb      || Channel: #executive-board                     || Content: Idk if i got authority to transfer funds over from the ccc to you, b...
[09/07/2025 12:56:40.140 PM] Message  || User: austinbaustinb      || Channel: #executive-board                     || Content: As long as we're ok paying for it (don't see why not but waiting for...
[09/07/2025 01:09:46.551 PM] React+   || User: celeryiscelery      || Channel: #executive-board                     || emoji=‼️; msg="Waiting for my manager to edit the invoi..." by a1darek
[09/07/2025 01:10:51.752 PM] Delete   || User: .bettercalljack     || Channel: #yapper-committee                    || Content: Im supposed to study todau
[09/07/2025 01:11:07.455 PM] Edit     || User: .bettercalljack     || Channel: #yapper-committee                    || Homework instead -> Supposed to study, homework instead
[09/07/2025 01:11:47.369 PM] Message  || User: celeryiscelery      || Channel: #executive-board                     || Content: what vaccines is avocado getting? also has avocado been taken to tca...
[09/07/2025 01:16:36.130 PM] React+   || User: slayc127            || Channel: #executive-board                     || emoji=👍; msg="Waiting for my manager to edit the invoi..." by a1darek
[09/07/2025 01:16:36.394 PM] React+   || User: slayc127            || Channel: #executive-board                     || emoji=‼️; msg="Waiting for my manager to edit the invoi..." by a1darek
[09/07/2025 01:19:40.871 PM] Message  || User: spitonme            || Channel: #pictures-of-the-cats                || Content: 3/4 paws in the food
[09/07/2025 01:19:46.871 PM] Message  || User: spitonme            || Channel: #pictures-of-the-cats                || Content: i think thats biblical greed
[09/07/2025 01:20:40.174 PM] Message  || User: a1darek             || Channel: #executive-board                     || Content: no
[09/07/2025 01:20:50.424 PM] Message  || User: a1darek             || Channel: #executive-board                     || Content: I'm probably just gonna have to do his neuter at a clinic
[09/07/2025 01:21:27.626 PM] Message  || User: celeryiscelery      || Channel: #executive-board                     || Content: if you can could you please elaborate on this
[09/07/2025 01:23:03.756 PM] Message  || User: .bettercalljack     || Channel: #pictures-of-the-cats                || Content: Must claim true ownership by putting 3/4ths of the body
[09/07/2025 01:24:00.530 PM] Message  || User: a1darek             || Channel: #executive-board                     || Content: tcap frustrating
[09/07/2025 01:24:16.134 PM] Message  || User: layotu              || Channel: #pictures-of-the-cats                || Content: this glutton got up the moment I opened my bag to beg for food
[09/07/2025 01:24:18.247 PM] Action   || Name: image_intake        || Trigger: channel=551084964318543904           || Output: rows=1
[09/07/2025 01:24:28.380 PM] Message  || User: a1darek             || Channel: #executive-board                     || Content: ill go again this wednesday but if they turn me down again (for what...
[09/07/2025 01:27:29.116 PM] Message  || User: celeryiscelery      || Channel: #executive-board                     || Content: as long as avocado is over two pounds and in a trap then they should...
[09/07/2025 01:28:00.947 PM] Message  || User: celeryiscelery      || Channel: #executive-board                     || Content: so is avocado at the vet rn? what vaccines is he getting?
[09/07/2025 01:28:02.578 PM] Message  || User: a1darek             || Channel: #executive-board                     || Content: I will also just like. Lie
[09/07/2025 01:28:02.668 PM] Message  || User: a1darek             || Channel: #executive-board                     || Content: 45 doll hairs
[09/07/2025 01:28:11.410 PM] Message  || User: a1darek             || Channel: #executive-board                     || Content: He's supposed to be coming here
[09/07/2025 01:28:19.405 PM] Message  || User: a1darek             || Channel: #executive-board                     || Content: To my jawb
[09/07/2025 01:28:50.106 PM] Message  || User: a1darek             || Channel: #executive-board                     || Content: He's getting his first round of felv and his last booster of prazi (...
[09/07/2025 01:29:23.503 PM] React+   || User: slayc127            || Channel: #executive-board                     || emoji=👍; msg="as long as avocado is over two pounds an..." by celeryiscelery
[09/07/2025 01:29:33.166 PM] Message  || User: a1darek             || Channel: #executive-board                     || Content: I know one of the doctors at crossroads and that's where I plan to d...
[09/07/2025 01:31:47.900 PM] Message  || User: celeryiscelery      || Channel: #executive-board                     || Content: okie cool<:gaga:1413361490634870969> next time please say when a kit...
[09/07/2025 01:33:23.973 PM] Message  || User: a1darek             || Channel: #executive-board                     || Content: apologies
[09/07/2025 01:33:39.048 PM] Message  || User: a1darek             || Channel: #executive-board                     || Content: I should've been clearer, I'm like at work currently waiting for the...
[09/07/2025 01:33:57.816 PM] Message  || User: slayc127            || Channel: #executive-board                     || Content: good luck w that btw
[09/07/2025 01:34:08.337 PM] Message  || User: a1darek             || Channel: #executive-board                     || Content: Which like, where tf are they cause Miranda said they'd be here but ...
[09/07/2025 01:34:20.360 PM] Message  || User: slayc127            || Channel: #executive-board                     || Content: have you texted them ?
[09/07/2025 01:34:21.971 PM] Message  || User: a1darek             || Channel: #executive-board                     || Content: I'm being professional but I am not happy about their behavior.
[09/07/2025 01:34:22.650 PM] Message  || User: celeryiscelery      || Channel: #executive-board                     || Content: you’re so good! as long as the piece of lint isn’t dying or somethin...
[09/07/2025 01:34:24.106 PM] Message  || User: a1darek             || Channel: #executive-board                     || Content: Yes
[09/07/2025 01:34:28.954 PM] React+   || User: slayc127            || Channel: #executive-board                     || emoji=❤️; msg="you’re so good! as long as the piece of ..." by celeryiscelery
[09/07/2025 01:35:05.889 PM] Message  || User: celeryiscelery      || Channel: #executive-board                     || Content: been having lots of communication issues with fosters recently, the ...
[09/07/2025 01:35:11.481 PM] React+   || User: slayc127            || Channel: #executive-board                     || emoji=😭; msg="been having lots of communication issues..." by celeryiscelery
[09/07/2025 01:35:39.069 PM] Message  || User: austinbaustinb      || Channel: #purrley-pawsitive-pussy-pals        || Content: (no text; attachments=0)
[09/07/2025 01:35:39.359 PM] Message  || User: austinbaustinb      || Channel: #purrley-pawsitive-pussy-pals        || Content: Pescado's been a part of this club longer than I have
[09/07/2025 01:35:49.246 PM] React+   || User: the.lemonade.stand  || Channel: #executive-board                     || emoji=😭; msg="been having lots of communication issues..." by celeryiscelery
[09/07/2025 01:35:50.521 PM] Message  || User: celeryiscelery      || Channel: #executive-board                     || Content: i know you texted them but i can @ them in the foster chat like hey ...
[09/07/2025 01:36:03.302 PM] React+   || User: slayc127            || Channel: #executive-board                     || emoji=‼️; msg="i know you texted them but i can @ them ..." by celeryiscelery
[09/07/2025 01:36:34.658 PM] React+   || User: slayc127            || Channel: #purrley-pawsitive-pussy-pals        || emoji=😭; msg="Pescado's been a part of this club longe..." by austinbaustinb
[09/07/2025 01:36:50.837 PM] Message  || User: a1darek             || Channel: #executive-board                     || Content: please
[09/07/2025 01:36:54.577 PM] Message  || User: celeryiscelery      || Channel: #purrley-pawsitive-pussy-pals        || Content: once pescado and eevee get adopted i genuinely don’t know what tf i’...
[09/07/2025 01:36:58.317 PM] Message  || User: slayc127            || Channel: #purrley-pawsitive-pussy-pals        || Content: has eevees foster still not gotten back to you?????
[09/07/2025 01:37:00.208 PM] React+   || User: slayc127            || Channel: #purrley-pawsitive-pussy-pals        || emoji=😭; msg="once pescado and eevee get adopted i gen..." by celeryiscelery
[09/07/2025 01:37:00.904 PM] React+   || User: austinbaustinb      || Channel: #purrley-pawsitive-pussy-pals        || emoji=❤️; msg="once pescado and eevee get adopted i gen..." by celeryiscelery
[09/07/2025 01:37:05.692 PM] Message  || User: a1darek             || Channel: #executive-board                     || Content: I fear they're too lax with me and frankly I don't appreciate it
[09/07/2025 01:37:10.630 PM] React+   || User: slayc127            || Channel: #executive-board                     || emoji=❤️; msg="I fear they're too lax with me and frank..." by a1darek
[09/07/2025 01:37:18.631 PM] Message  || User: austinbaustinb      || Channel: #purrley-pawsitive-pussy-pals        || Content: We party! Itll be a celebration
[09/07/2025 01:37:23.030 PM] Message  || User: celeryiscelery      || Channel: #executive-board                     || Content: you said yall close up shop at 3?
[09/07/2025 01:37:29.977 PM] React+   || User: slayc127            || Channel: #purrley-pawsitive-pussy-pals        || emoji=‼️; msg="We party! Itll be a celebration" by austinbaustinb
[09/07/2025 01:37:47.739 PM] Message  || User: celeryiscelery      || Channel: #executive-board                     || Content: i read three in the previous message but i wanna make sure im not be...
[09/07/2025 01:37:51.821 PM] Message  || User: slayc127            || Channel: #executive-board                     || Content: yes
[09/07/2025 01:38:00.106 PM] Message  || User: celeryiscelery      || Channel: #purrley-pawsitive-pussy-pals        || Content: noppeeee🤩
[09/07/2025 01:38:08.426 PM] Message  || User: slayc127            || Channel: #purrley-pawsitive-pussy-pals        || Content: start texting them daily
[09/07/2025 01:38:17.140 PM] Message  || User: slayc127            || Channel: #purrley-pawsitive-pussy-pals        || Content: its what i have started doing w my more unresponsive friends
[09/07/2025 01:38:27.901 PM] Message  || User: slayc127            || Channel: #purrley-pawsitive-pussy-pals        || Content: but perhaps thats inappropriate
[09/07/2025 01:38:28.481 PM] React+   || User: celeryiscelery      || Channel: #executive-board                     || emoji=‼️; msg="yes" by slayc127
[09/07/2025 01:38:39.819 PM] Message  || User: celeryiscelery      || Channel: #executive-board                     || Content: it’s miranda and who else?
[09/07/2025 01:39:03.692 PM] Message  || User: slayc127            || Channel: #purrley-pawsitive-pussy-pals        || Content: also derk u should type up a message to send to miranda and co tonig...
[09/07/2025 01:39:11.411 PM] React+   || User: celeryiscelery      || Channel: #purrley-pawsitive-pussy-pals        || emoji=‼️; msg="also derk u should type up a message to ..." by slayc127
[09/07/2025 01:39:26.015 PM] Message  || User: slayc127            || Channel: #executive-board                     || Content: roach i think their display name is stringworm smth
[09/07/2025 01:39:35.113 PM] React+   || User: celeryiscelery      || Channel: #executive-board                     || emoji=<:gaga:1413361490634870969>; msg="roach i think their display name is s...
[09/07/2025 01:41:09.972 PM] Message  || User: a1darek             || Channel: #executive-board                     || Content: Roach and toby(?) Idk what they discord is
[09/07/2025 01:41:19.877 PM] Message  || User: a1darek             || Channel: #executive-board                     || Content: But yes we close at 3 but start wrapping up 10 before then
[09/07/2025 01:42:21.540 PM] Message  || User: celeryiscelery      || Channel: #executive-board                     || Content: i can’t find toby’s @ so it’s just gonna be miranda and roach gettin...
[09/07/2025 01:46:30.202 PM] Message  || User: celeryiscelery      || Channel: #executive-board                     || Content: (no text; attachments=0)
[09/07/2025 01:47:30.605 PM] Message  || User: adeyumii            || Channel: #pictures-of-the-cats                || Content: Luvers
[09/07/2025 01:47:32.395 PM] Action   || Name: image_intake        || Trigger: channel=551084964318543904           || Output: rows=4
[09/07/2025 01:47:56.917 PM] Message  || User: adeyumii            || Channel: #pictures-of-the-cats                || Content: Eggs kept coming towards me like she wanted to be pet 😭
[09/07/2025 01:48:58.951 PM] Message  || User: austinbaustinb      || Channel: #purrley-pawsitive-pussy-pals        || Content: Toby is their other roommate i think
[09/07/2025 01:49:01.663 PM] Message  || User: austinbaustinb      || Channel: #purrley-pawsitive-pussy-pals        || Content: No discord afaik
[09/07/2025 01:51:05.038 PM] Leave    || User: eworley64 (94342... || Guild: Campus Cat Coalition                  
[09/07/2025 01:51:07.179 PM] Message  || User: celeryiscelery      || Channel: #purrley-pawsitive-pussy-pals        || Content: ohhhh okay that makes sense
[09/07/2025 01:51:59.510 PM] Message  || User: .bettercalljack     || Channel: #pictures-of-the-cats                || Content: Theyre so cute
[09/07/2025 01:53:17.357 PM] Message  || User: a1darek             || Channel: #purrley-pawsitive-pussy-pals        || Content: tnr with me
[09/07/2025 01:53:24.794 PM] Message  || User: a1darek             || Channel: #purrley-pawsitive-pussy-pals        || Content: focus all of our resources into tnr
[09/07/2025 01:53:29.518 PM] Message  || User: a1darek             || Channel: #purrley-pawsitive-pussy-pals        || Content: Buy me 500 traps :)
[09/07/2025 01:53:48.586 PM] Message  || User: celeryiscelery      || Channel: #purrley-pawsitive-pussy-pals        || Content: i can arrange that
[09/07/2025 01:54:22.637 PM] Message  || User: celeryiscelery      || Channel: #purrley-pawsitive-pussy-pals        || Content: i mean yeah that’s literally the whole purpose of this club, everyth...
[09/07/2025 01:54:29.429 PM] Message  || User: celeryiscelery      || Channel: #purrley-pawsitive-pussy-pals        || Content: also feeding the cats but that’s a given
[09/07/2025 01:54:54.382 PM] Message  || User: celeryiscelery      || Channel: #purrley-pawsitive-pussy-pals        || Content: (no text; attachments=1)
[09/07/2025 01:55:04.372 PM] Message  || User: celeryiscelery      || Channel: #purrley-pawsitive-pussy-pals        || Content: i can’t even be mad bc of that message delivery 😭😭😭😭
[09/07/2025 01:56:43.014 PM] Message  || User: kitadan             || Channel: #feeding-team                        || Content: Mary Kay and Zen fed.
[09/07/2025 01:56:43.027 PM] Action   || Name: feed_pending_exp... || Trigger: ch=643586809166561310; user=42786... || Output: 
[09/07/2025 01:56:43.045 PM] Intent   || feed_update               ||                                               || station=Mary Kay and Zen; dates=['2025-09-07']
[09/07/2025 01:56:45.305 PM] Action   || Name: sheet_mark          || Trigger: station=Mary Kay and Zen date=202... || Output: ok
[09/07/2025 01:56:45.319 PM] Action   || Name: feed_update         || Trigger: station=Mary Kay and Zen; dates=2... || Output: ok
[09/07/2025 01:57:20.922 PM] Message  || User: racerdg             || Channel: #pictures-of-the-cats                || Content: oh my god
[09/07/2025 01:57:28.410 PM] Message  || User: racerdg             || Channel: #pictures-of-the-cats                || Content: i could cry
[09/07/2025 01:57:30.869 PM] Message  || User: kitadan             || Channel: #pictures-of-the-cats                || Content: Noir is definitely preggo.
[09/07/2025 01:57:31.824 PM] Action   || Name: image_intake        || Trigger: channel=551084964318543904           || Output: rows=1
[09/07/2025 01:59:34.431 PM] React+   || User: slayc127            || Channel: #purrley-pawsitive-pussy-pals        || emoji=😭; msg=1414323059074269335
[09/07/2025 01:59:36.638 PM] React+   || User: slayc127            || Channel: #purrley-pawsitive-pussy-pals        || emoji=😭; msg="i can’t even be mad bc of that message d..." by celeryiscelery
[09/07/2025 01:59:52.506 PM] React+   || User: a1darek             || Channel: #purrley-pawsitive-pussy-pals        || emoji=😭; msg="i can’t even be mad bc of that message d..." by celeryiscelery
[09/07/2025 02:00:08.381 PM] React+   || User: slayc127            || Channel: #pictures-of-the-cats                || emoji=😭; msg="Noir is definitely preggo." by kitadan
[09/07/2025 02:01:15.951 PM] React+   || User: simplyshadow171295  || Channel: #pictures-of-the-cats                || emoji=😭; msg="Noir is definitely preggo." by kitadan
[09/07/2025 02:02:35.436 PM] Message  || User: celeryiscelery      || Channel: #executive-board                     || Content: do you want it through paypal or cash app?
[09/07/2025 02:05:03.251 PM] Message  || User: a1darek             || Channel: #purrley-pawsitive-pussy-pals        || Content: 😐
[09/07/2025 02:05:15.031 PM] Message  || User: a1darek             || Channel: #executive-board                     || Content: paypal
[09/07/2025 02:05:18.629 PM] Message  || User: celeryiscelery      || Channel: #purrley-pawsitive-pussy-pals        || Content: can’t wait to visit you at work!
[09/07/2025 02:05:25.793 PM] React+   || User: celeryiscelery      || Channel: #executive-board                     || emoji=<:gaga:1413361490634870969>; msg="paypal" by a1darek
[09/07/2025 02:05:35.052 PM] Message  || User: a1darek             || Channel: #executive-board                     || Content: also you might have to send another dollar
[09/07/2025 02:05:38.419 PM] Message  || User: a1darek             || Channel: #executive-board                     || Content: Yes I am that broke
[09/07/2025 02:05:45.287 PM] Message  || User: the.lemonade.stand  || Channel: #executive-board                     || Content: what’s the username
[09/07/2025 02:06:06.865 PM] React+   || User: celeryiscelery      || Channel: #executive-board                     || emoji=😭; msg="Yes I am that broke" by a1darek
[09/07/2025 02:06:50.414 PM] Message  || User: a1darek             || Channel: #executive-board                     || Content: Gimme a sec to find it
[09/07/2025 02:07:35.877 PM] Message  || User: a1darek             || Channel: #executive-board                     || Content: I have the qr code if thag works
[09/07/2025 02:07:36.159 PM] React+   || User: austinbaustinb      || Channel: #executive-board                     || emoji=❤️; msg="Yes I am that broke" by a1darek
[09/07/2025 02:07:36.270 PM] Message  || User: a1darek             || Channel: #executive-board                     || Content: also nvm on the dollar Jordan paid me 20 ages ago and forgot to cash...
[09/07/2025 02:07:59.998 PM] Message  || User: a1darek             || Channel: #executive-board                     || Content: (no text; attachments=1)
[09/07/2025 02:08:24.095 PM] Message  || User: austinbaustinb      || Channel: #purrley-pawsitive-pussy-pals        || Content: Weathers great today as well
[09/07/2025 02:08:42.559 PM] Message  || User: austinbaustinb      || Channel: #purrley-pawsitive-pussy-pals        || Content: Immaculate
[09/07/2025 02:08:49.017 PM] Message  || User: a1darek             || Channel: #executive-board                     || Content: my number is 6822030235 if rhat also works
[09/07/2025 02:08:49.376 PM] Message  || User: austinbaustinb      || Channel: #purrley-pawsitive-pussy-pals        || Content: Smells like winter but not as painful
[09/07/2025 02:08:59.259 PM] React+   || User: a1darek             || Channel: #purrley-pawsitive-pussy-pals        || emoji=😭; msg="can’t wait to visit you at work!" by celeryiscelery
[09/07/2025 02:09:23.050 PM] Message  || User: celeryiscelery      || Channel: #purrley-pawsitive-pussy-pals        || Content: on friday i saw the clouds rippling and i immediately knew that cool...
[09/07/2025 02:09:52.603 PM] Message  || User: the.lemonade.stand  || Channel: #executive-board                     || Content: sending the $45
[09/07/2025 02:10:04.245 PM] React+   || User: austinbaustinb      || Channel: #purrley-pawsitive-pussy-pals        || emoji=❤️; msg="on friday i saw the clouds rippling and ..." by celeryiscelery
[09/07/2025 02:10:19.196 PM] Message  || User: the.lemonade.stand  || Channel: #executive-board                     || Content: just sent
[09/07/2025 02:10:34.207 PM] React+   || User: celeryiscelery      || Channel: #executive-board                     || emoji=<:gaga:1413361490634870969>; msg="just sent" by the.lemonade.stand
[09/07/2025 02:14:28.199 PM] React+   || User: vasyline            || Channel: #pictures-of-the-cats                || emoji=😭; msg="Noir is definitely preggo." by kitadan
[09/07/2025 02:16:54.338 PM] Message  || User: lunartear427        || Channel: #itty-bitty-kitty-commitee           || Content: ty for this!
[09/07/2025 02:17:10.147 PM] Message  || User: lunartear427        || Channel: #itty-bitty-kitty-commitee           || Content: sorry i just now saw the message
[09/07/2025 02:18:19.494 PM] React+   || User: lunartear427        || Channel: #itty-bitty-kitty-commitee           || emoji=❤️; msg="Throughout process: ease of access to fo..." by kitadan
[09/07/2025 02:21:38.435 PM] Action   || Name: gmail_log_scheduler || Trigger: found=2                              || Output: logged=1
[09/07/2025 02:23:15.751 PM] Message  || User: reyesthighs         || Channel: #yapper-committee                    || Content: My coworker is high key annoying me so bad right now
[09/07/2025 02:23:15.785 PM] Message  || User: lunartear427        || Channel: #itty-bitty-kitty-commitee           || Content: caught a video of the little guys, i think there's 5 kittens in total
[09/07/2025 02:23:55.701 PM] Message  || User: reyesthighs         || Channel: #yapper-committee                    || Content: She ever so patiently explained to me that she can't take any money ...
[09/07/2025 02:24:10.085 PM] Message  || User: reyesthighs         || Channel: #yapper-committee                    || Content: Woman you applied to and accepted a job as a **CASHIER**
[09/07/2025 02:24:13.654 PM] Message  || User: lunartear427        || Channel: #itty-bitty-kitty-commitee           || Content: would the shed work as a wintertime shelter btw? im not sure if it h...
[09/07/2025 02:24:44.773 PM] Message  || User: reyesthighs         || Channel: #yapper-committee                    || Content: How have you been here longer than me if we can't physically let you...
[09/07/2025 02:24:52.496 PM] React+   || User: slayc127            || Channel: #yapper-committee                    || emoji=😭; msg="She ever so patiently explained to me th..." by reyesthighs
[09/07/2025 02:25:53.687 PM] Message  || User: slayc127            || Channel: #purrley-pawsitive-pussy-pals        || Content: #ilovesaganhawkes
[09/07/2025 02:26:22.862 PM] Message  || User: celeryiscelery      || Channel: #executive-board                     || Content: has avocado arrived? just realized it’s been over 20 minutes
[09/07/2025 02:27:16.686 PM] React+   || User: nostalgicsapphic    || Channel: #purrley-pawsitive-pussy-pals        || emoji=😭; msg=1414323059074269335
[09/07/2025 02:27:16.982 PM] React+   || User: nostalgicsapphic    || Channel: #purrley-pawsitive-pussy-pals        || emoji=😭; msg="i can’t even be mad bc of that message d..." by celeryiscelery
[09/07/2025 02:27:25.925 PM] React+   || User: nostalgicsapphic    || Channel: #purrley-pawsitive-pussy-pals        || emoji=😭; msg="can’t wait to visit you at work!" by celeryiscelery
[09/07/2025 02:27:29.343 PM] React+   || User: nostalgicsapphic    || Channel: #purrley-pawsitive-pussy-pals        || emoji=🔥; msg="Smells like winter but not as painful" by austinbaustinb
[09/07/2025 02:28:00.123 PM] Message  || User: nostalgicsapphic    || Channel: #purrley-pawsitive-pussy-pals        || Content: i know exactly what u mean i love when there’s a chill in the air ca...
[09/07/2025 02:28:03.435 PM] React+   || User: nostalgicsapphic    || Channel: #purrley-pawsitive-pussy-pals        || emoji=‼️; msg="#ilovesaganhawkes" by slayc127
[09/07/2025 02:28:04.921 PM] React+   || User: nostalgicsapphic    || Channel: #purrley-pawsitive-pussy-pals        || emoji=🔥; msg="#ilovesaganhawkes" by slayc127
[09/07/2025 02:28:10.151 PM] Message  || User: nostalgicsapphic    || Channel: #purrley-pawsitive-pussy-pals        || Content: underrated youtuber fr
[09/07/2025 02:28:12.792 PM] React+   || User: nostalgicsapphic    || Channel: #purrley-pawsitive-pussy-pals        || emoji=❤️; msg="on friday i saw the clouds rippling and ..." by celeryiscelery
[09/07/2025 02:28:38.785 PM] Message  || User: celeryiscelery      || Channel: #purrley-pawsitive-pussy-pals        || Content: literally cannot wait for autumn
[09/07/2025 02:29:00.599 PM] Message  || User: celeryiscelery      || Channel: #purrley-pawsitive-pussy-pals        || Content: i want a real autumn this year so i can dress freely
[09/07/2025 02:29:57.575 PM] Message  || User: a1darek             || Channel: #executive-board                     || Content: yes he just left
[09/07/2025 02:30:00.926 PM] Message  || User: a1darek             || Channel: #executive-board                     || Content: Got all his stuff
[09/07/2025 02:30:15.449 PM] Message  || User: a1darek             || Channel: #executive-board                     || Content: Whats the ccc Gmail? I'm gonna forward the records n invoice there
[09/07/2025 02:30:56.714 PM] Message  || User: celeryiscelery      || Channel: #executive-board                     || Content: utacampuscats@gmail.com
[09/07/2025 02:31:07.059 PM] React+   || User: celeryiscelery      || Channel: #executive-board                     || emoji=<:gaga:1413361490634870969>; msg="Got all his stuff" by a1darek
[09/07/2025 02:35:32.928 PM] Message  || User: austinbaustinb      || Channel: #purrley-pawsitive-pussy-pals        || Content: YEA exactly
[09/07/2025 02:35:46.985 PM] Message  || User: austinbaustinb      || Channel: #purrley-pawsitive-pussy-pals        || Content: But like doesn't have the sinus pain of a big whiff of cold air
[09/07/2025 02:36:01.447 PM] Message  || User: austinbaustinb      || Channel: #purrley-pawsitive-pussy-pals        || Content: Idk if it gets cold enough down here for that but like its fall now ...
[09/07/2025 02:37:42.502 PM] React+   || User: simplyshadow171295  || Channel: #yapper-committee                    || emoji=😭; msg="She ever so patiently explained to me th..." by reyesthighs
[09/07/2025 02:37:48.957 PM] React+   || User: slayc127            || Channel: #purrley-pawsitive-pussy-pals        || emoji=‼️; msg="underrated youtuber fr" by nostalgicsapphic
[09/07/2025 02:37:56.706 PM] React+   || User: slayc127            || Channel: #purrley-pawsitive-pussy-pals        || emoji=‼️; msg="i know exactly what u mean i love when t..." by nostalgicsapphic
[09/07/2025 02:38:03.770 PM] Message  || User: slayc127            || Channel: #purrley-pawsitive-pussy-pals        || Content: this is why ive been leaving my windows open
[09/07/2025 02:40:46.846 PM] Message  || User: austinbaustinb      || Channel: #thomas-cat-sandbox                  || Content: TomCat, check due payments
[09/07/2025 02:40:46.864 PM] Intent   || dues_check                ||                                              
[09/07/2025 02:41:27.542 PM] Online   || User: Tom Cat#8337        || Guilds: 2                                    
[09/07/2025 02:41:28.671 PM] Health   || Component: image_tab      || Status: ok                                    || channel_id=551084964318543904 tab=TCBPicsInput
[09/07/2025 02:41:29.203 PM] Health   || Component: image_tab      || Status: ok                                    || channel_id=639882573199441930 tab=TCBPicsInput
[09/07/2025 02:41:29.861 PM] Health   || Component: image_tab      || Status: ok                                    || channel_id=1341696618688286720 tab=TCBPicsInput
[09/07/2025 02:41:30.588 PM] Health   || Component: image_tab      || Status: ok                                    || channel_id=1344745306620694558 tab=TCBVetBillInput
[09/07/2025 02:41:31.045 PM] Health   || Component: feeding_tab    || Status: ok                                   
[09/07/2025 02:41:32.090 PM] Action   || Name: gmail_log_scheduler || Trigger: found=2                              || Output: logged=1
[09/07/2025 02:41:47.464 PM] Message  || User: austinbaustinb      || Channel: #thomas-cat-sandbox                  || Content: TomCat, check due payments
[09/07/2025 02:41:47.480 PM] Intent   || dues_check                ||                                              
[09/07/2025 02:41:47.774 PM] Action   || Name: dues_begin          || Trigger:                                      || Output: 
[09/07/2025 02:41:48.143 PM] Action   || Name: dues_portal_count   || Trigger: count=57                             || Output: 
[09/07/2025 02:41:48.156 PM] Action   || Name: dues_membership_... || Trigger: sheet=1PBvCd6gTwc1_aqlCtn93xPW7XJ... || Output: ws=Membership Application List
[09/07/2025 02:41:49.791 PM] Action   || Name: dues_membership_... || Trigger: raw                                  || Output: Membership Application List|||||||||||
[09/07/2025 02:41:49.800 PM] Action   || Name: dues_membership_... || Trigger: keys                                 || Output: membershipapplicationlist,
[09/07/2025 02:41:49.806 PM] Action   || Name: dues_membership_... || Trigger: total=1002                           || Output: usable=0
[09/07/2025 02:41:49.813 PM] Action   || Name: dues_members_count  || Trigger: count=0                              || Output: 
[09/07/2025 02:41:49.819 PM] Action   || Name: dues_portal_parse   || Trigger: msg=1408112759123738795              || Output: prov=venmo handles=0 name=Venmo
[09/07/2025 02:41:49.829 PM] Action   || Name: dues_emails_count   || Trigger: msg=1408112759123738795              || Output: emails=0 window=3d
[09/07/2025 02:41:49.835 PM] Action   || Name: dues_portal_parse   || Trigger: msg=1408312356915773491              || Output: prov=paypal handles=0 name=None
[09/07/2025 02:41:49.853 PM] Action   || Name: dues_emails_count   || Trigger: msg=1408312356915773491              || Output: emails=0 window=3d
[09/07/2025 02:41:49.862 PM] Action   || Name: dues_portal_parse   || Trigger: msg=1408592553720283308              || Output: prov=paypal handles=0 name=None
[09/07/2025 02:41:49.878 PM] Action   || Name: dues_emails_count   || Trigger: msg=1408592553720283308              || Output: emails=0 window=3d
[09/07/2025 02:41:49.886 PM] Action   || Name: dues_portal_parse   || Trigger: msg=1409202312290893854              || Output: prov=venmo handles=0 name=None
[09/07/2025 02:41:49.895 PM] Action   || Name: dues_emails_count   || Trigger: msg=1409202312290893854              || Output: emails=0 window=3d
[09/07/2025 02:41:49.903 PM] Action   || Name: dues_portal_parse   || Trigger: msg=1409939104120049684              || Output: prov=None handles=1 name=don’t let her pocket it
[09/07/2025 02:41:49.913 PM] Action   || Name: dues_emails_count   || Trigger: msg=1409939104120049684              || Output: emails=0 window=3d
[09/07/2025 02:41:49.919 PM] Action   || Name: dues_portal_parse   || Trigger: msg=1409974279562461317              || Output: prov=None handles=1 name=None
[09/07/2025 02:41:49.931 PM] Action   || Name: dues_emails_count   || Trigger: msg=1409974279562461317              || Output: emails=0 window=3d
[09/07/2025 02:41:49.939 PM] Action   || Name: dues_portal_parse   || Trigger: msg=1410395064265478248              || Output: prov=None handles=1 name=None
[09/07/2025 02:41:49.949 PM] Action   || Name: dues_emails_count   || Trigger: msg=1410395064265478248              || Output: emails=0 window=3d
[09/07/2025 02:41:49.955 PM] Action   || Name: dues_portal_parse   || Trigger: msg=1410681706633105548              || Output: prov=venmo handles=0 name=Venmo
[09/07/2025 02:41:49.966 PM] Action   || Name: dues_emails_count   || Trigger: msg=1410681706633105548              || Output: emails=0 window=3d
[09/07/2025 02:41:49.973 PM] Action   || Name: dues_portal_parse   || Trigger: msg=1410688773284565022              || Output: prov=None handles=0 name=None
[09/07/2025 02:41:49.984 PM] Action   || Name: dues_emails_count   || Trigger: msg=1410688773284565022              || Output: emails=0 window=3d
[09/07/2025 02:41:49.991 PM] Action   || Name: dues_portal_parse   || Trigger: msg=1410689015283454096              || Output: prov=None handles=0 name=None
[09/07/2025 02:41:50.000 PM] Action   || Name: dues_emails_count   || Trigger: msg=1410689015283454096              || Output: emails=0 window=3d
[09/07/2025 02:41:50.006 PM] Action   || Name: dues_portal_parse   || Trigger: msg=1411001546925408346              || Output: prov=None handles=1 name=~$25 worth so far
[09/07/2025 02:41:50.028 PM] Action   || Name: dues_emails_count   || Trigger: msg=1411001546925408346              || Output: emails=0 window=3d
[09/07/2025 02:41:50.041 PM] Action   || Name: dues_portal_parse   || Trigger: msg=1411001777288904825              || Output: prov=None handles=0 name=None
[09/07/2025 02:41:50.056 PM] Action   || Name: dues_emails_count   || Trigger: msg=1411001777288904825              || Output: emails=0 window=3d
[09/07/2025 02:41:50.065 PM] Action   || Name: dues_portal_parse   || Trigger: msg=1411001892191993886              || Output: prov=None handles=0 name=None
[09/07/2025 02:41:50.081 PM] Action   || Name: dues_emails_count   || Trigger: msg=1411001892191993886              || Output: emails=0 window=3d
[09/07/2025 02:41:50.087 PM] Action   || Name: dues_portal_parse   || Trigger: msg=1411002842696646657              || Output: prov=None handles=0 name=None
[09/07/2025 02:41:50.104 PM] Action   || Name: dues_emails_count   || Trigger: msg=1411002842696646657              || Output: emails=0 window=3d
[09/07/2025 02:41:50.110 PM] Action   || Name: dues_portal_parse   || Trigger: msg=1411004457054900334              || Output: prov=None handles=0 name=None
[09/07/2025 02:41:50.122 PM] Action   || Name: dues_emails_count   || Trigger: msg=1411004457054900334              || Output: emails=0 window=3d
[09/07/2025 02:41:50.129 PM] Action   || Name: dues_portal_parse   || Trigger: msg=1411004538709872772              || Output: prov=None handles=0 name=None
[09/07/2025 02:41:50.147 PM] Action   || Name: dues_emails_count   || Trigger: msg=1411004538709872772              || Output: emails=0 window=3d
[09/07/2025 02:41:50.154 PM] Action   || Name: dues_portal_parse   || Trigger: msg=1411008255668392076              || Output: prov=None handles=0 name=None
[09/07/2025 02:41:50.167 PM] Action   || Name: dues_emails_count   || Trigger: msg=1411008255668392076              || Output: emails=0 window=3d
[09/07/2025 02:41:50.177 PM] Action   || Name: dues_portal_parse   || Trigger: msg=1411034365781348433              || Output: prov=cash handles=0 name=bribed
[09/07/2025 02:41:50.200 PM] Action   || Name: dues_emails_count   || Trigger: msg=1411034365781348433              || Output: emails=0 window=3d
[09/07/2025 02:41:50.209 PM] Action   || Name: dues_portal_parse   || Trigger: msg=1411034601312485441              || Output: prov=None handles=0 name=None
[09/07/2025 02:41:50.222 PM] Action   || Name: dues_emails_count   || Trigger: msg=1411034601312485441              || Output: emails=0 window=3d
[09/07/2025 02:41:50.228 PM] Action   || Name: dues_portal_parse   || Trigger: msg=1411045802847244420              || Output: prov=None handles=0 name=None
[09/07/2025 02:41:50.248 PM] Action   || Name: dues_emails_count   || Trigger: msg=1411045802847244420              || Output: emails=0 window=3d
[09/07/2025 02:41:50.255 PM] Action   || Name: dues_portal_parse   || Trigger: msg=1411165631755059320              || Output: prov=paypal handles=0 name=None
[09/07/2025 02:41:50.269 PM] Action   || Name: dues_emails_count   || Trigger: msg=1411165631755059320              || Output: emails=0 window=3d
[09/07/2025 02:41:50.275 PM] Action   || Name: dues_portal_parse   || Trigger: msg=1411172633109860533              || Output: prov=cashapp handles=2 name=None
[09/07/2025 02:41:50.294 PM] Action   || Name: dues_emails_count   || Trigger: msg=1411172633109860533              || Output: emails=0 window=3d
[09/07/2025 02:41:50.301 PM] Action   || Name: dues_portal_parse   || Trigger: msg=1411394565533073559              || Output: prov=paypal handles=0 name=None
[09/07/2025 02:41:50.315 PM] Action   || Name: dues_emails_count   || Trigger: msg=1411394565533073559              || Output: emails=0 window=3d
[09/07/2025 02:41:50.321 PM] Action   || Name: dues_portal_parse   || Trigger: msg=1411757765273194616              || Output: prov=venmo handles=2 name=None
[09/07/2025 02:41:50.334 PM] Action   || Name: dues_emails_count   || Trigger: msg=1411757765273194616              || Output: emails=0 window=3d
[09/07/2025 02:41:50.339 PM] Action   || Name: dues_portal_parse   || Trigger: msg=1411774478933037227              || Output: prov=cash handles=1 name=None
[09/07/2025 02:41:50.351 PM] Action   || Name: dues_emails_count   || Trigger: msg=1411774478933037227              || Output: emails=0 window=3d
[09/07/2025 02:41:50.358 PM] Action   || Name: dues_portal_parse   || Trigger: msg=1412475087071744113              || Output: prov=cashapp handles=1 name=None
[09/07/2025 02:41:50.370 PM] Action   || Name: dues_emails_count   || Trigger: msg=1412475087071744113              || Output: emails=0 window=3d
[09/07/2025 02:41:50.376 PM] Action   || Name: dues_portal_parse   || Trigger: msg=1412479638747480234              || Output: prov=paypal handles=0 name=None
[09/07/2025 02:41:50.388 PM] Action   || Name: dues_emails_count   || Trigger: msg=1412479638747480234              || Output: emails=0 window=3d
[09/07/2025 02:41:50.394 PM] Action   || Name: dues_portal_parse   || Trigger: msg=1412522856272887829              || Output: prov=venmo handles=1 name=Zoe-Cronin-4
[09/07/2025 02:41:50.411 PM] Action   || Name: dues_emails_count   || Trigger: msg=1412522856272887829              || Output: emails=0 window=3d
[09/07/2025 02:41:50.419 PM] Action   || Name: dues_portal_parse   || Trigger: msg=1412524265449984032              || Output: prov=paypal handles=0 name=None
[09/07/2025 02:41:50.432 PM] Action   || Name: dues_emails_count   || Trigger: msg=1412524265449984032              || Output: emails=0 window=3d
[09/07/2025 02:41:50.438 PM] Action   || Name: dues_portal_parse   || Trigger: msg=1412535865443356924              || Output: prov=inperson handles=1 name=None
[09/07/2025 02:41:50.451 PM] Action   || Name: dues_emails_count   || Trigger: msg=1412535865443356924              || Output: emails=0 window=3d
[09/07/2025 02:41:50.463 PM] Action   || Name: dues_portal_parse   || Trigger: msg=1412540764575240323              || Output: prov=inperson handles=0 name=None
[09/07/2025 02:41:50.477 PM] Action   || Name: dues_emails_count   || Trigger: msg=1412540764575240323              || Output: emails=0 window=3d
[09/07/2025 02:41:50.484 PM] Action   || Name: dues_portal_parse   || Trigger: msg=1412551073004126269              || Output: prov=cashapp handles=1 name=None
[09/07/2025 02:41:50.497 PM] Action   || Name: dues_emails_count   || Trigger: msg=1412551073004126269              || Output: emails=0 window=3d
[09/07/2025 02:41:50.503 PM] Action   || Name: dues_portal_parse   || Trigger: msg=1412552524321525770              || Output: prov=venmo handles=1 name=None
[09/07/2025 02:41:50.517 PM] Action   || Name: dues_emails_count   || Trigger: msg=1412552524321525770              || Output: emails=0 window=3d
[09/07/2025 02:41:50.523 PM] Action   || Name: dues_portal_parse   || Trigger: msg=1412552580587847865              || Output: prov=inperson handles=1 name=None
[09/07/2025 02:41:50.536 PM] Action   || Name: dues_emails_count   || Trigger: msg=1412552580587847865              || Output: emails=0 window=3d
[09/07/2025 02:41:50.542 PM] Action   || Name: dues_portal_parse   || Trigger: msg=1412553471277928448              || Output: prov=inperson handles=1 name=None
[09/07/2025 02:41:50.556 PM] Action   || Name: dues_emails_count   || Trigger: msg=1412553471277928448              || Output: emails=0 window=3d
[09/07/2025 02:41:50.562 PM] Action   || Name: dues_portal_parse   || Trigger: msg=1412553487837040772              || Output: prov=paypal handles=1 name=None
[09/07/2025 02:41:50.575 PM] Action   || Name: dues_emails_count   || Trigger: msg=1412553487837040772              || Output: emails=0 window=3d
[09/07/2025 02:41:50.581 PM] Action   || Name: dues_portal_parse   || Trigger: msg=1412553782419525805              || Output: prov=inperson handles=1 name=None
[09/07/2025 02:41:50.594 PM] Action   || Name: dues_emails_count   || Trigger: msg=1412553782419525805              || Output: emails=0 window=3d
[09/07/2025 02:41:50.602 PM] Action   || Name: dues_portal_parse   || Trigger: msg=1412554985584988341              || Output: prov=inperson handles=0 name=None
[09/07/2025 02:41:50.653 PM] Action   || Name: dues_emails_count   || Trigger: msg=1412554985584988341              || Output: emails=0 window=3d
[09/07/2025 02:41:50.666 PM] Action   || Name: dues_portal_parse   || Trigger: msg=1412557822599888907              || Output: prov=inperson handles=0 name=None
[09/07/2025 02:41:50.702 PM] Action   || Name: dues_emails_count   || Trigger: msg=1412557822599888907              || Output: emails=0 window=3d
[09/07/2025 02:41:50.710 PM] Action   || Name: dues_portal_parse   || Trigger: msg=1412560082817781810              || Output: prov=None handles=1 name=None
[09/07/2025 02:41:50.725 PM] Action   || Name: dues_emails_count   || Trigger: msg=1412560082817781810              || Output: emails=0 window=3d
[09/07/2025 02:41:50.735 PM] Action   || Name: dues_portal_parse   || Trigger: msg=1412573545145438359              || Output: prov=None handles=0 name=None
[09/07/2025 02:41:50.749 PM] Action   || Name: dues_emails_count   || Trigger: msg=1412573545145438359              || Output: emails=0 window=3d
[09/07/2025 02:41:50.755 PM] Action   || Name: dues_portal_parse   || Trigger: msg=1412574086843994295              || Output: prov=None handles=0 name=None
[09/07/2025 02:41:50.770 PM] Action   || Name: dues_emails_count   || Trigger: msg=1412574086843994295              || Output: emails=0 window=3d
[09/07/2025 02:41:50.776 PM] Action   || Name: dues_portal_parse   || Trigger: msg=1412617910160982097              || Output: prov=paypal handles=0 name=paymenguyenever
[09/07/2025 02:41:50.791 PM] Action   || Name: dues_emails_count   || Trigger: msg=1412617910160982097              || Output: emails=0 window=3d
[09/07/2025 02:41:50.804 PM] Action   || Name: dues_portal_parse   || Trigger: msg=1412619315798347886              || Output: prov=None handles=0 name=None
[09/07/2025 02:41:50.821 PM] Action   || Name: dues_emails_count   || Trigger: msg=1412619315798347886              || Output: emails=0 window=3d
[09/07/2025 02:41:50.830 PM] Action   || Name: dues_portal_parse   || Trigger: msg=1412622949260984460              || Output: prov=None handles=0 name=None
[09/07/2025 02:41:50.851 PM] Action   || Name: dues_emails_count   || Trigger: msg=1412622949260984460              || Output: emails=0 window=3d
[09/07/2025 02:41:50.865 PM] Action   || Name: dues_portal_parse   || Trigger: msg=1412821824668172318              || Output: prov=None handles=0 name=None
[09/07/2025 02:41:50.878 PM] Action   || Name: dues_emails_count   || Trigger: msg=1412821824668172318              || Output: emails=0 window=3d
[09/07/2025 02:41:50.889 PM] Action   || Name: dues_portal_parse   || Trigger: msg=1412822112380653732              || Output: prov=None handles=0 name=None
[09/07/2025 02:41:50.904 PM] Action   || Name: dues_emails_count   || Trigger: msg=1412822112380653732              || Output: emails=0 window=3d
[09/07/2025 02:41:50.917 PM] Action   || Name: dues_portal_parse   || Trigger: msg=1412833979362447502              || Output: prov=cashapp handles=0 name=cici4f3
[09/07/2025 02:41:50.934 PM] Action   || Name: dues_emails_count   || Trigger: msg=1412833979362447502              || Output: emails=0 window=3d
[09/07/2025 02:41:50.940 PM] Action   || Name: dues_portal_parse   || Trigger: msg=1412837276668395611              || Output: prov=cashapp handles=1 name=CashApp
[09/07/2025 02:41:50.954 PM] Action   || Name: dues_emails_count   || Trigger: msg=1412837276668395611              || Output: emails=0 window=3d
[09/07/2025 02:41:50.960 PM] Action   || Name: dues_portal_parse   || Trigger: msg=1412843272035893311              || Output: prov=None handles=0 name=None
[09/07/2025 02:41:50.973 PM] Action   || Name: dues_emails_count   || Trigger: msg=1412843272035893311              || Output: emails=0 window=3d
[09/07/2025 02:41:50.978 PM] Action   || Name: dues_portal_parse   || Trigger: msg=1412855351618830468              || Output: prov=None handles=0 name=None
[09/07/2025 02:41:50.996 PM] Action   || Name: dues_emails_count   || Trigger: msg=1412855351618830468              || Output: emails=0 window=3d
[09/07/2025 02:41:51.002 PM] Action   || Name: dues_portal_parse   || Trigger: msg=1412964788199489636              || Output: prov=inperson handles=1 name=None
[09/07/2025 02:41:51.008 PM] Action   || Name: dues_emails_count   || Trigger: msg=1412964788199489636              || Output: emails=0 window=3d
[09/07/2025 02:41:51.016 PM] Action   || Name: dues_portal_parse   || Trigger: msg=1413003894853996696              || Output: prov=cashapp handles=0 name=None
[09/07/2025 02:41:51.023 PM] Action   || Name: dues_emails_count   || Trigger: msg=1413003894853996696              || Output: emails=0 window=3d
[09/07/2025 02:41:51.030 PM] Action   || Name: dues_portal_parse   || Trigger: msg=1413050561502117908              || Output: prov=cashapp handles=0 name=Cash App
[09/07/2025 02:41:51.037 PM] Action   || Name: dues_emails_count   || Trigger: msg=1413050561502117908              || Output: emails=0 window=3d
[09/07/2025 02:41:51.042 PM] Action   || Name: dues_portal_parse   || Trigger: msg=1413205997404815612              || Output: prov=venmo handles=0 name=None
[09/07/2025 02:41:51.051 PM] Action   || Name: dues_emails_count   || Trigger: msg=1413205997404815612              || Output: emails=0 window=3d
[09/07/2025 02:41:51.057 PM] Action   || Name: dues_portal_parse   || Trigger: msg=1413283336557826058              || Output: prov=None handles=0 name=None
[09/07/2025 02:41:51.065 PM] Action   || Name: dues_emails_count   || Trigger: msg=1413283336557826058              || Output: emails=0 window=3d
[09/07/2025 02:41:51.070 PM] Action   || Name: dues_portal_parse   || Trigger: msg=1413311147125244104              || Output: prov=venmo handles=0 name=None
[09/07/2025 02:41:51.077 PM] Action   || Name: dues_emails_count   || Trigger: msg=1413311147125244104              || Output: emails=0 window=3d
[09/07/2025 02:48:19.407 PM] Online   || User: Tom Cat#8337        || Guilds: 2                                    
[09/07/2025 02:48:20.698 PM] Health   || Component: image_tab      || Status: ok                                    || channel_id=551084964318543904 tab=TCBPicsInput
[09/07/2025 02:48:21.544 PM] Health   || Component: image_tab      || Status: ok                                    || channel_id=639882573199441930 tab=TCBPicsInput
[09/07/2025 02:48:22.516 PM] Health   || Component: image_tab      || Status: ok                                    || channel_id=1341696618688286720 tab=TCBPicsInput
[09/07/2025 02:48:23.329 PM] Health   || Component: image_tab      || Status: ok                                    || channel_id=1344745306620694558 tab=TCBVetBillInput
[09/07/2025 02:48:23.958 PM] Health   || Component: feeding_tab    || Status: ok                                   
[09/07/2025 02:48:24.726 PM] Action   || Name: gmail_log_scheduler || Trigger: found=2                              || Output: logged=None
[09/07/2025 02:48:25.761 PM] Message  || User: austinbaustinb      || Channel: #thomas-cat-sandbox                  || Content: meow
[09/07/2025 02:48:26.021 PM] Action   || Name: handle_misc         || Trigger: trigger=meow                         || Output: MEOW MEOW!
[09/07/2025 02:48:30.195 PM] Message  || User: austinbaustinb      || Channel: #thomas-cat-sandbox                  || Content: tomcat show me twox
[09/07/2025 02:48:50.566 PM] Message  || User: austinbaustinb      || Channel: #thomas-cat-sandbox                  || Content: TomCat, check due payments
[09/07/2025 02:48:50.580 PM] Intent   || dues_check                ||                                              
[09/07/2025 02:48:50.926 PM] Action   || Name: dues_begin          || Trigger:                                      || Output: 
[09/07/2025 02:48:51.328 PM] Action   || Name: dues_portal_count   || Trigger: count=57                             || Output: 
[09/07/2025 02:48:51.359 PM] Action   || Name: dues_membership_... || Trigger: sheet=1PBvCd6gTwc1_aqlCtn93xPW7XJ... || Output: ws=Membership Application List
[09/07/2025 02:48:52.825 PM] Action   || Name: dues_membership_... || Trigger: row=2                                || Output: Date|Mavorgs Invite|Semester|Email|Full Name|Discord Username|Payment...
[09/07/2025 02:48:52.836 PM] Action   || Name: dues_membership_... || Trigger: keys                                 || Output: date,mavorgsinvite,semester,email,fullname,discordusername,paymentuse...
[09/07/2025 02:48:52.846 PM] Action   || Name: dues_membership_... || Trigger: total=1002                           || Output: usable=1000
[09/07/2025 02:48:52.853 PM] Action   || Name: dues_members_count  || Trigger: count=1000                           || Output: 
[09/07/2025 02:48:52.859 PM] Action   || Name: dues_portal_parse   || Trigger: msg=1408112759123738795              || Output: prov=venmo handles=0 name=Venmo
[09/07/2025 02:48:52.872 PM] Action   || Name: dues_emails_count   || Trigger: msg=1408112759123738795              || Output: emails=32 window=3d
[09/07/2025 02:58:48.464 PM] Online   || User: Tom Cat#8337        || Guilds: 2                                    
[09/07/2025 02:58:51.401 PM] Health   || Component: image_tab      || Status: ok                                    || channel_id=551084964318543904 tab=TCBPicsInput
[09/07/2025 02:58:52.366 PM] Health   || Component: image_tab      || Status: ok                                    || channel_id=639882573199441930 tab=TCBPicsInput
[09/07/2025 02:58:53.312 PM] Health   || Component: image_tab      || Status: ok                                    || channel_id=1341696618688286720 tab=TCBPicsInput
[09/07/2025 02:58:54.606 PM] Health   || Component: image_tab      || Status: ok                                    || channel_id=1344745306620694558 tab=TCBVetBillInput
[09/07/2025 02:58:55.641 PM] Health   || Component: feeding_tab    || Status: ok                                   
[09/07/2025 02:58:56.418 PM] Action   || Name: gmail_log_scheduler || Trigger: found=2                              || Output: logged=None
[09/07/2025 02:58:57.787 PM] Message  || User: austinbaustinb      || Channel: #thomas-cat-sandbox                  || Content: meow
[09/07/2025 02:58:57.950 PM] Action   || Name: handle_misc         || Trigger: trigger=meow                         || Output: MEOW MEOW!
[09/07/2025 02:59:01.131 PM] Message  || User: austinbaustinb      || Channel: #thomas-cat-sandbox                  || Content: meow
[09/07/2025 02:59:01.289 PM] Action   || Name: handle_misc         || Trigger: trigger=meow                         || Output: meow meow
[09/07/2025 02:59:05.288 PM] Message  || User: austinbaustinb      || Channel: #thomas-cat-sandbox                  || Content: TomCat, check due payments
[09/07/2025 02:59:05.300 PM] Intent   || dues_check                ||                                              
[09/07/2025 02:59:05.527 PM] Action   || Name: dues_begin          || Trigger:                                      || Output: 
[09/07/2025 02:59:05.928 PM] Action   || Name: dues_portal_count   || Trigger: count=57                             || Output: 
[09/07/2025 02:59:05.934 PM] Action   || Name: dues_membership_... || Trigger: sheet=1PBvCd6gTwc1_aqlCtn93xPW7XJ... || Output: ws=Membership Application List
[09/07/2025 02:59:07.597 PM] Action   || Name: dues_membership_... || Trigger: row=2                                || Output: Date|Mavorgs Invite|Semester|Email|Full Name|Discord Username|Payment...
[09/07/2025 02:59:07.617 PM] Action   || Name: dues_membership_... || Trigger: keys                                 || Output: date,mavorgsinvite,semester,email,fullname,discordusername,paymentuse...
[09/07/2025 02:59:07.629 PM] Action   || Name: dues_membership_... || Trigger: total=1002                           || Output: usable=1000
[09/07/2025 02:59:07.636 PM] Action   || Name: dues_members_count  || Trigger: count=1000                           || Output: 
[09/07/2025 02:59:07.642 PM] Action   || Name: dues_members_fil... || Trigger: min_date=2025-08-18                  || Output: from=1000 to=495
[09/07/2025 02:59:07.658 PM] Action   || Name: dues_emails_global  || Trigger: range=2025-08-18..2025-09-07         || Output: count=130
[09/07/2025 02:59:07.665 PM] Action   || Name: dues_portal_parse   || Trigger: msg=1408112759123738795              || Output: prov=venmo handles=0 name=Venmo
[09/07/2025 02:59:07.670 PM] Action   || Name: dues_emails_count   || Trigger: msg=1408112759123738795              || Output: emails=32 window=3d
[09/07/2025 03:00:47.048 PM] Online   || User: Tom Cat#8337        || Guilds: 2                                    
[09/07/2025 03:00:48.698 PM] Health   || Component: image_tab      || Status: ok                                    || channel_id=551084964318543904 tab=TCBPicsInput
[09/07/2025 03:00:49.789 PM] Health   || Component: image_tab      || Status: ok                                    || channel_id=639882573199441930 tab=TCBPicsInput
[09/07/2025 03:00:50.983 PM] Health   || Component: image_tab      || Status: ok                                    || channel_id=1341696618688286720 tab=TCBPicsInput
[09/07/2025 03:00:52.028 PM] Health   || Component: image_tab      || Status: ok                                    || channel_id=1344745306620694558 tab=TCBVetBillInput
[09/07/2025 03:00:52.819 PM] Health   || Component: feeding_tab    || Status: ok                                   
[09/07/2025 03:00:53.625 PM] Action   || Name: gmail_log_scheduler || Trigger: found=2                              || Output: logged=None
[09/07/2025 03:01:00.726 PM] Message  || User: austinbaustinb      || Channel: #thomas-cat-sandbox                  || Content: meow
[09/07/2025 03:01:00.943 PM] Action   || Name: handle_misc         || Trigger: trigger=meow                         || Output: meow!
[09/07/2025 03:01:01.924 PM] Message  || User: austinbaustinb      || Channel: #thomas-cat-sandbox                  || Content: meow
[09/07/2025 03:01:02.317 PM] Action   || Name: handle_misc         || Trigger: trigger=meow                         || Output: MEOW!
[09/07/2025 03:01:06.243 PM] Message  || User: austinbaustinb      || Channel: #thomas-cat-sandbox                  || Content: tomcat check due payments
[09/07/2025 03:01:06.271 PM] Intent   || dues_check                ||                                              
[09/07/2025 03:01:06.516 PM] Action   || Name: dues_begin          || Trigger:                                      || Output: 
[09/07/2025 03:01:06.848 PM] Action   || Name: dues_portal_count   || Trigger: count=57                             || Output: 
[09/07/2025 03:01:06.864 PM] Action   || Name: dues_membership_... || Trigger: sheet=1PBvCd6gTwc1_aqlCtn93xPW7XJ... || Output: ws=Membership Application List
[09/07/2025 03:01:08.325 PM] Action   || Name: dues_membership_... || Trigger: row=2                                || Output: Date|Mavorgs Invite|Semester|Email|Full Name|Discord Username|Payment...
[09/07/2025 03:01:08.339 PM] Action   || Name: dues_membership_... || Trigger: keys                                 || Output: date,mavorgsinvite,semester,email,fullname,discordusername,paymentuse...
[09/07/2025 03:01:08.347 PM] Action   || Name: dues_membership_... || Trigger: total=1002                           || Output: usable=1000
[09/07/2025 03:01:08.356 PM] Action   || Name: dues_members_count  || Trigger: count=1000                           || Output: 
[09/07/2025 03:01:08.365 PM] Action   || Name: dues_members_fil... || Trigger: min_date=2025-08-18                  || Output: from=1000 to=495
[09/07/2025 03:01:08.383 PM] Action   || Name: dues_emails_global  || Trigger: range=2025-08-18..2025-09-07         || Output: count=130
[09/07/2025 03:01:08.400 PM] Action   || Name: dues_portal_parse   || Trigger: msg=1408112759123738795              || Output: prov=venmo handles=0 name=Venmo
[09/07/2025 03:01:08.414 PM] Action   || Name: dues_emails_count   || Trigger: msg=1408112759123738795              || Output: emails=32 window=3d
[09/07/2025 03:18:16.067 PM] Online   || User: Tom Cat#8337        || Guilds: 2                                    
[09/07/2025 03:18:17.849 PM] Health   || Component: image_tab      || Status: ok                                    || channel_id=551084964318543904 tab=TCBPicsInput
[09/07/2025 03:18:18.776 PM] Health   || Component: image_tab      || Status: ok                                    || channel_id=639882573199441930 tab=TCBPicsInput
[09/07/2025 03:18:19.518 PM] Health   || Component: image_tab      || Status: ok                                    || channel_id=1341696618688286720 tab=TCBPicsInput
[09/07/2025 03:18:20.181 PM] Health   || Component: image_tab      || Status: ok                                    || channel_id=1344745306620694558 tab=TCBVetBillInput
[09/07/2025 03:18:20.437 PM] Health   || Component: feeding_tab    || Status: ok                                   
[09/07/2025 03:18:21.507 PM] Action   || Name: gmail_log_scheduler || Trigger: found=2                              || Output: logged=None
[09/07/2025 03:18:30.665 PM] Message  || User: austinbaustinb      || Channel: #thomas-cat-sandbox                  || Content: meow
[09/07/2025 03:18:30.958 PM] Action   || Name: handle_misc         || Trigger: trigger=meow                         || Output: MEOW MEOW!
[09/07/2025 03:18:33.661 PM] Message  || User: austinbaustinb      || Channel: #thomas-cat-sandbox                  || Content: tomcat check due payments
[09/07/2025 03:18:33.672 PM] Intent   || dues_check                ||                                              
[09/07/2025 03:18:33.846 PM] Action   || Name: dues_begin          || Trigger:                                      || Output: 
[09/07/2025 03:18:34.276 PM] Action   || Name: dues_portal_count   || Trigger: count=57                             || Output: 
[09/07/2025 03:18:34.291 PM] Action   || Name: dues_membership_... || Trigger: sheet=1PBvCd6gTwc1_aqlCtn93xPW7XJ... || Output: ws=Membership Application List
[09/07/2025 03:18:36.100 PM] Action   || Name: dues_membership_... || Trigger: row=2                                || Output: Date|Mavorgs Invite|Semester|Email|Full Name|Discord Username|Payment...
[09/07/2025 03:18:36.114 PM] Action   || Name: dues_membership_... || Trigger: keys                                 || Output: date,mavorgsinvite,semester,email,fullname,discordusername,paymentuse...
[09/07/2025 03:18:36.123 PM] Action   || Name: dues_membership_... || Trigger: total=1002                           || Output: usable=1000
[09/07/2025 03:18:36.129 PM] Action   || Name: dues_members_count  || Trigger: count=1000                           || Output: 
[09/07/2025 03:18:36.137 PM] Action   || Name: dues_members_fil... || Trigger: min_date=2025-08-18                  || Output: from=1000 to=495
[09/07/2025 03:18:36.173 PM] Action   || Name: dues_emails_global  || Trigger: range=2025-08-18..2025-09-07         || Output: count=130
[09/07/2025 03:18:36.180 PM] Action   || Name: dues_portal_parse   || Trigger: msg=1408112759123738795              || Output: prov=venmo handles=0 name=Venmo
[09/07/2025 03:18:36.187 PM] Action   || Name: dues_emails_count   || Trigger: msg=1408112759123738795              || Output: emails=32 window=3d
[09/07/2025 03:18:39.306 PM] Action   || Name: dues_top            || Trigger: msg=1408112759123738795              || Output: score=105 reasons=author==discord(+50);provider_agree(+25);dues_keywo...
[09/07/2025 03:18:39.331 PM] Action   || Name: dues_portal_parse   || Trigger: msg=1408312356915773491              || Output: prov=paypal handles=0 name=None
[09/07/2025 03:18:39.342 PM] Action   || Name: dues_emails_count   || Trigger: msg=1408312356915773491              || Output: emails=28 window=3d
[09/07/2025 03:18:39.360 PM] Action   || Name: dues_top            || Trigger: msg=1408312356915773491              || Output: score=75 reasons=author==discord(+50);provider_agree(+25)
[09/07/2025 03:18:39.382 PM] Action   || Name: dues_portal_parse   || Trigger: msg=1408592553720283308              || Output: prov=paypal handles=0 name=None
[09/07/2025 03:18:39.392 PM] Action   || Name: dues_emails_count   || Trigger: msg=1408592553720283308              || Output: emails=20 window=3d
[09/07/2025 03:18:41.916 PM] Action   || Name: dues_top            || Trigger: msg=1408592553720283308              || Output: score=25 reasons=provider_agree(+25)
[09/07/2025 03:18:41.944 PM] Action   || Name: dues_portal_parse   || Trigger: msg=1409202312290893854              || Output: prov=venmo handles=0 name=Kayla Wood
[09/07/2025 03:18:41.953 PM] Action   || Name: dues_emails_count   || Trigger: msg=1409202312290893854              || Output: emails=50 window=3d
[09/07/2025 03:18:41.971 PM] Action   || Name: dues_top            || Trigger: msg=1409202312290893854              || Output: score=125 reasons=name≈full(100)(+40);author≈discord(+30);provider_ag...
[09/07/2025 03:18:41.991 PM] Action   || Name: dues_portal_parse   || Trigger: msg=1409939104120049684              || Output: prov=None handles=1 name=don’t let her pocket it
[09/07/2025 03:18:42.001 PM] Action   || Name: dues_emails_count   || Trigger: msg=1409939104120049684              || Output: emails=51 window=3d
[09/07/2025 03:18:44.752 PM] Action   || Name: dues_top            || Trigger: msg=1409939104120049684              || Output: score=80 reasons=author==discord(+50);dues_keyword(+30)
[09/07/2025 03:18:44.774 PM] Action   || Name: dues_portal_parse   || Trigger: msg=1409974279562461317              || Output: prov=None handles=1 name=None
[09/07/2025 03:18:44.788 PM] Action   || Name: dues_emails_count   || Trigger: msg=1409974279562461317              || Output: emails=48 window=3d
[09/07/2025 03:18:45.818 PM] Action   || Name: dues_top            || Trigger: msg=1409974279562461317              || Output: score=80 reasons=author==discord(+50);dues_keyword(+30)
[09/07/2025 03:18:45.837 PM] Action   || Name: dues_portal_parse   || Trigger: msg=1410395064265478248              || Output: prov=None handles=1 name=None
[09/07/2025 03:18:45.847 PM] Action   || Name: dues_emails_count   || Trigger: msg=1410395064265478248              || Output: emails=50 window=3d
[09/07/2025 03:18:46.989 PM] Action   || Name: dues_top            || Trigger: msg=1410395064265478248              || Output: score=50 reasons=dues_keyword(+30);amount_ok_portal(+20)
[09/07/2025 03:18:47.010 PM] Action   || Name: dues_portal_parse   || Trigger: msg=1410681706633105548              || Output: prov=venmo handles=0 name=Venmo
[09/07/2025 03:18:47.021 PM] Action   || Name: dues_emails_count   || Trigger: msg=1410681706633105548              || Output: emails=52 window=3d
[09/07/2025 03:18:48.371 PM] Action   || Name: dues_top            || Trigger: msg=1410681706633105548              || Output: score=105 reasons=author==discord(+50);provider_agree(+25);dues_keywo...
[09/07/2025 03:18:48.399 PM] Action   || Name: dues_portal_parse   || Trigger: msg=1410688773284565022              || Output: prov=None handles=0 name=None
[09/07/2025 03:18:48.407 PM] Action   || Name: dues_emails_count   || Trigger: msg=1410688773284565022              || Output: emails=52 window=3d
[09/07/2025 03:18:48.425 PM] Action   || Name: dues_top            || Trigger: msg=1410688773284565022              || Output: score=80 reasons=author==discord(+50);dues_keyword(+30)
[09/07/2025 03:18:48.446 PM] Action   || Name: dues_portal_parse   || Trigger: msg=1410689015283454096              || Output: prov=None handles=0 name=None
[09/07/2025 03:18:48.456 PM] Action   || Name: dues_emails_count   || Trigger: msg=1410689015283454096              || Output: emails=52 window=3d
[09/07/2025 03:18:48.469 PM] Action   || Name: dues_top            || Trigger: msg=1410689015283454096              || Output: score=80 reasons=author==discord(+50);dues_keyword(+30)
[09/07/2025 03:18:48.485 PM] Action   || Name: dues_portal_parse   || Trigger: msg=1411001546925408346              || Output: prov=None handles=1 name=~$25 worth so far
[09/07/2025 03:18:48.491 PM] Action   || Name: dues_emails_count   || Trigger: msg=1411001546925408346              || Output: emails=50 window=3d
[09/07/2025 03:18:49.944 PM] Action   || Name: dues_top            || Trigger: msg=1411001546925408346              || Output: score=30 reasons=dues_keyword(+30)
[09/07/2025 03:18:49.962 PM] Action   || Name: dues_portal_parse   || Trigger: msg=1411001777288904825              || Output: prov=None handles=0 name=None
[09/07/2025 03:18:49.969 PM] Action   || Name: dues_emails_count   || Trigger: msg=1411001777288904825              || Output: emails=50 window=3d
[09/07/2025 03:18:51.334 PM] Action   || Name: dues_top            || Trigger: msg=1411001777288904825              || Output: score=30 reasons=dues_keyword(+30)
[09/07/2025 03:18:51.349 PM] Action   || Name: dues_portal_parse   || Trigger: msg=1411001892191993886              || Output: prov=None handles=0 name=None
[09/07/2025 03:18:51.356 PM] Action   || Name: dues_emails_count   || Trigger: msg=1411001892191993886              || Output: emails=50 window=3d
[09/07/2025 03:18:52.778 PM] Action   || Name: dues_top            || Trigger: msg=1411001892191993886              || Output: score=30 reasons=dues_keyword(+30)
[09/07/2025 03:18:52.802 PM] Action   || Name: dues_portal_parse   || Trigger: msg=1411002842696646657              || Output: prov=None handles=0 name=None
[09/07/2025 03:18:52.808 PM] Action   || Name: dues_emails_count   || Trigger: msg=1411002842696646657              || Output: emails=50 window=3d
[09/07/2025 03:18:54.196 PM] Action   || Name: dues_top            || Trigger: msg=1411002842696646657              || Output: score=60 reasons=author≈discord(+30);dues_keyword(+30)
[09/07/2025 03:18:54.209 PM] Action   || Name: dues_portal_parse   || Trigger: msg=1411004457054900334              || Output: prov=None handles=0 name=None
[09/07/2025 03:18:54.219 PM] Action   || Name: dues_emails_count   || Trigger: msg=1411004457054900334              || Output: emails=50 window=3d
[09/07/2025 03:18:55.624 PM] Action   || Name: dues_top            || Trigger: msg=1411004457054900334              || Output: score=30 reasons=dues_keyword(+30)
[09/07/2025 03:18:55.646 PM] Action   || Name: dues_portal_parse   || Trigger: msg=1411004538709872772              || Output: prov=None handles=0 name=None
[09/07/2025 03:18:55.652 PM] Action   || Name: dues_emails_count   || Trigger: msg=1411004538709872772              || Output: emails=50 window=3d
[09/07/2025 03:18:56.978 PM] Action   || Name: dues_top            || Trigger: msg=1411004538709872772              || Output: score=30 reasons=dues_keyword(+30)
[09/07/2025 03:18:56.994 PM] Action   || Name: dues_portal_parse   || Trigger: msg=1411008255668392076              || Output: prov=None handles=0 name=Ben Tucker - same story as Miranda
[09/07/2025 03:18:57.003 PM] Action   || Name: dues_emails_count   || Trigger: msg=1411008255668392076              || Output: emails=50 window=3d
[09/07/2025 03:18:58.485 PM] Action   || Name: dues_top            || Trigger: msg=1411008255668392076              || Output: score=30 reasons=dues_keyword(+30)
[09/07/2025 03:18:58.499 PM] Action   || Name: dues_portal_parse   || Trigger: msg=1411034365781348433              || Output: prov=cash handles=0 name=bribed
[09/07/2025 03:18:58.511 PM] Action   || Name: dues_emails_count   || Trigger: msg=1411034365781348433              || Output: emails=41 window=3d
[09/07/2025 03:18:59.569 PM] Action   || Name: dues_top            || Trigger: msg=1411034365781348433              || Output: score=80 reasons=author==discord(+50);dues_keyword(+30)
[09/07/2025 03:18:59.587 PM] Action   || Name: dues_portal_parse   || Trigger: msg=1411034601312485441              || Output: prov=None handles=0 name=None
[09/07/2025 03:18:59.593 PM] Action   || Name: dues_emails_count   || Trigger: msg=1411034601312485441              || Output: emails=41 window=3d
[09/07/2025 03:19:00.733 PM] Action   || Name: dues_top            || Trigger: msg=1411034601312485441              || Output: score=30 reasons=dues_keyword(+30)
[09/07/2025 03:19:00.760 PM] Action   || Name: dues_portal_parse   || Trigger: msg=1411045802847244420              || Output: prov=None handles=0 name=None
[09/07/2025 03:19:00.776 PM] Action   || Name: dues_emails_count   || Trigger: msg=1411045802847244420              || Output: emails=31 window=3d
[09/07/2025 03:19:01.707 PM] Action   || Name: dues_top            || Trigger: msg=1411045802847244420              || Output: score=30 reasons=dues_keyword(+30)
[09/07/2025 03:19:01.735 PM] Action   || Name: dues_portal_parse   || Trigger: msg=1411165631755059320              || Output: prov=paypal handles=0 name=None
[09/07/2025 03:19:01.742 PM] Action   || Name: dues_emails_count   || Trigger: msg=1411165631755059320              || Output: emails=21 window=3d
[09/07/2025 03:19:01.752 PM] Action   || Name: dues_top            || Trigger: msg=1411165631755059320              || Output: score=105 reasons=author==discord(+50);provider_agree(+25);dues_keywo...
[09/07/2025 03:19:01.761 PM] Action   || Name: dues_portal_parse   || Trigger: msg=1411172633109860533              || Output: prov=cashapp handles=2 name=My username is $AutumnMcCalla on cashapp
[09/07/2025 03:19:01.767 PM] Action   || Name: dues_emails_count   || Trigger: msg=1411172633109860533              || Output: emails=21 window=3d
[09/07/2025 03:19:01.773 PM] Action   || Name: dues_top            || Trigger: msg=1411172633109860533              || Output: score=185 reasons=handle==payment_username(+60);author==discord(+50);...
[09/07/2025 03:19:01.781 PM] Action   || Name: dues_portal_parse   || Trigger: msg=1411394565533073559              || Output: prov=paypal handles=0 name=None
[09/07/2025 03:19:01.787 PM] Action   || Name: dues_emails_count   || Trigger: msg=1411394565533073559              || Output: emails=21 window=3d
[09/07/2025 03:19:02.635 PM] Action   || Name: dues_top            || Trigger: msg=1411394565533073559              || Output: score=55 reasons=provider_agree(+25);dues_keyword(+30)
[09/07/2025 03:19:02.654 PM] Action   || Name: dues_portal_parse   || Trigger: msg=1411757765273194616              || Output: prov=venmo handles=2 name=Venmo username @Allen-Tellez
[09/07/2025 03:19:02.663 PM] Action   || Name: dues_emails_count   || Trigger: msg=1411757765273194616              || Output: emails=31 window=3d
[09/07/2025 03:19:02.672 PM] Action   || Name: dues_top            || Trigger: msg=1411757765273194616              || Output: score=185 reasons=handle==payment_username(+60);author==discord(+50);...
[09/07/2025 03:19:02.687 PM] Action   || Name: dues_portal_parse   || Trigger: msg=1411774478933037227              || Output: prov=cash handles=1 name=None
[09/07/2025 03:19:02.693 PM] Action   || Name: dues_emails_count   || Trigger: msg=1411774478933037227              || Output: emails=30 window=3d
[09/07/2025 03:19:03.847 PM] Action   || Name: dues_top            || Trigger: msg=1411774478933037227              || Output: score=75 reasons=author==discord(+50);dues_keyword(+30);amount_ok_por...
[09/07/2025 03:19:03.868 PM] Action   || Name: dues_portal_parse   || Trigger: msg=1412475087071744113              || Output: prov=cashapp handles=1 name=None
[09/07/2025 03:19:03.874 PM] Action   || Name: dues_emails_count   || Trigger: msg=1412475087071744113              || Output: emails=39 window=3d
[09/07/2025 03:19:04.987 PM] Action   || Name: dues_top            || Trigger: msg=1412475087071744113              || Output: score=125 reasons=author==discord(+50);provider_agree(+25);dues_keywo...
[09/07/2025 03:19:04.998 PM] Action   || Name: dues_portal_parse   || Trigger: msg=1412479638747480234              || Output: prov=paypal handles=0 name=Jesse Jarrell
[09/07/2025 03:19:05.009 PM] Action   || Name: dues_emails_count   || Trigger: msg=1412479638747480234              || Output: emails=39 window=3d
[09/07/2025 03:19:05.021 PM] Action   || Name: dues_top            || Trigger: msg=1412479638747480234              || Output: score=145 reasons=name≈full(100)(+40);author==discord(+50);provider_a...
[09/07/2025 03:19:05.031 PM] Action   || Name: dues_portal_parse   || Trigger: msg=1412522856272887829              || Output: prov=venmo handles=1 name=Zoe-Cronin-4
[09/07/2025 03:19:05.037 PM] Action   || Name: dues_emails_count   || Trigger: msg=1412522856272887829              || Output: emails=39 window=3d
[09/07/2025 03:19:06.121 PM] Action   || Name: dues_top            || Trigger: msg=1412522856272887829              || Output: score=125 reasons=author==discord(+50);provider_agree(+25);dues_keywo...
[09/07/2025 03:19:06.136 PM] Action   || Name: dues_portal_parse   || Trigger: msg=1412524265449984032              || Output: prov=paypal handles=0 name=None
[09/07/2025 03:19:06.146 PM] Action   || Name: dues_emails_count   || Trigger: msg=1412524265449984032              || Output: emails=39 window=3d
[09/07/2025 03:19:06.153 PM] Action   || Name: dues_top            || Trigger: msg=1412524265449984032              || Output: score=105 reasons=author==discord(+50);provider_agree(+25);dues_keywo...
[09/07/2025 03:19:06.168 PM] Action   || Name: dues_portal_parse   || Trigger: msg=1412535865443356924              || Output: prov=inperson handles=1 name=None
[09/07/2025 03:19:06.173 PM] Action   || Name: dues_emails_count   || Trigger: msg=1412535865443356924              || Output: emails=38 window=3d
[09/07/2025 03:19:07.202 PM] Action   || Name: dues_top            || Trigger: msg=1412535865443356924              || Output: score=5 reasons=dues_keyword(+30);provider_mismatch(-25)
[09/07/2025 03:19:07.223 PM] Action   || Name: dues_portal_parse   || Trigger: msg=1412540764575240323              || Output: prov=inperson handles=0 name=None
[09/07/2025 03:19:07.229 PM] Action   || Name: dues_emails_count   || Trigger: msg=1412540764575240323              || Output: emails=38 window=3d
[09/07/2025 03:19:08.266 PM] Action   || Name: dues_top            || Trigger: msg=1412540764575240323              || Output: score=5 reasons=dues_keyword(+30);provider_mismatch(-25)
[09/07/2025 03:19:08.283 PM] Action   || Name: dues_portal_parse   || Trigger: msg=1412551073004126269              || Output: prov=cashapp handles=1 name=Mario Rodriguez
[09/07/2025 03:19:08.291 PM] Action   || Name: dues_emails_count   || Trigger: msg=1412551073004126269              || Output: emails=38 window=3d
[09/07/2025 03:19:09.349 PM] Action   || Name: dues_top            || Trigger: msg=1412551073004126269              || Output: score=55 reasons=provider_agree(+25);dues_keyword(+30)
[09/07/2025 03:19:09.368 PM] Action   || Name: dues_portal_parse   || Trigger: msg=1412552524321525770              || Output: prov=venmo handles=1 name=None
[09/07/2025 03:19:09.379 PM] Action   || Name: dues_emails_count   || Trigger: msg=1412552524321525770              || Output: emails=38 window=3d
[09/07/2025 03:19:10.417 PM] Action   || Name: dues_top            || Trigger: msg=1412552524321525770              || Output: score=125 reasons=author==discord(+50);provider_agree(+25);dues_keywo...
[09/07/2025 03:19:10.439 PM] Action   || Name: dues_portal_parse   || Trigger: msg=1412552580587847865              || Output: prov=inperson handles=1 name=None
[09/07/2025 03:19:10.445 PM] Action   || Name: dues_emails_count   || Trigger: msg=1412552580587847865              || Output: emails=38 window=3d
[09/07/2025 03:19:11.576 PM] Action   || Name: dues_top            || Trigger: msg=1412552580587847865              || Output: score=75 reasons=author==discord(+50);dues_keyword(+30);amount_ok_por...
[09/07/2025 03:19:11.594 PM] Action   || Name: dues_portal_parse   || Trigger: msg=1412553471277928448              || Output: prov=inperson handles=1 name=None
[09/07/2025 03:19:11.606 PM] Action   || Name: dues_emails_count   || Trigger: msg=1412553471277928448              || Output: emails=38 window=3d
[09/07/2025 03:19:12.712 PM] Action   || Name: dues_top            || Trigger: msg=1412553471277928448              || Output: score=55 reasons=author≈discord(+30);dues_keyword(+30);amount_ok_port...
[09/07/2025 03:19:12.726 PM] Action   || Name: dues_portal_parse   || Trigger: msg=1412553487837040772              || Output: prov=paypal handles=1 name=None
[09/07/2025 03:19:12.737 PM] Action   || Name: dues_emails_count   || Trigger: msg=1412553487837040772              || Output: emails=38 window=3d
[09/07/2025 03:19:13.837 PM] Action   || Name: dues_top            || Trigger: msg=1412553487837040772              || Output: score=75 reasons=provider_agree(+25);dues_keyword(+30);amount_ok_port...
[09/07/2025 03:19:13.859 PM] Action   || Name: dues_portal_parse   || Trigger: msg=1412553782419525805              || Output: prov=inperson handles=1 name=None
[09/07/2025 03:19:13.870 PM] Action   || Name: dues_emails_count   || Trigger: msg=1412553782419525805              || Output: emails=38 window=3d
[09/07/2025 03:19:14.962 PM] Action   || Name: dues_top            || Trigger: msg=1412553782419525805              || Output: score=75 reasons=author==discord(+50);dues_keyword(+30);amount_ok_por...
[09/07/2025 03:19:14.988 PM] Action   || Name: dues_portal_parse   || Trigger: msg=1412554985584988341              || Output: prov=inperson handles=0 name=None
[09/07/2025 03:19:14.996 PM] Action   || Name: dues_emails_count   || Trigger: msg=1412554985584988341              || Output: emails=38 window=3d
[09/07/2025 03:19:16.031 PM] Action   || Name: dues_top            || Trigger: msg=1412554985584988341              || Output: score=35 reasons=author≈discord(91)(+30);dues_keyword(+30);provider_m...
[09/07/2025 03:19:16.047 PM] Action   || Name: dues_portal_parse   || Trigger: msg=1412557822599888907              || Output: prov=inperson handles=0 name=Sarah Nguyen
[09/07/2025 03:19:16.052 PM] Action   || Name: dues_emails_count   || Trigger: msg=1412557822599888907              || Output: emails=38 window=3d
[09/07/2025 03:19:16.059 PM] Action   || Name: dues_top            || Trigger: msg=1412557822599888907              || Output: score=95 reasons=name≈full(100)(+40);author==discord(+50);dues_keywor...
[09/07/2025 03:19:16.073 PM] Action   || Name: dues_portal_parse   || Trigger: msg=1412560082817781810              || Output: prov=None handles=1 name=abigail mejia
[09/07/2025 03:19:16.079 PM] Action   || Name: dues_emails_count   || Trigger: msg=1412560082817781810              || Output: emails=38 window=3d
[09/07/2025 03:19:17.137 PM] Action   || Name: dues_top            || Trigger: msg=1412560082817781810              || Output: score=120 reasons=name≈full(84)(+20);author==discord(+50);dues_keywor...
[09/07/2025 03:19:17.159 PM] Action   || Name: dues_portal_parse   || Trigger: msg=1412573545145438359              || Output: prov=None handles=0 name=Taylor Snyder
[09/07/2025 03:19:17.164 PM] Action   || Name: dues_emails_count   || Trigger: msg=1412573545145438359              || Output: emails=38 window=3d
[09/07/2025 03:19:17.174 PM] Action   || Name: dues_top            || Trigger: msg=1412573545145438359              || Output: score=100 reasons=name≈full(100)(+40);author≈discord(88)(+30);dues_ke...
[09/07/2025 03:19:17.184 PM] Action   || Name: dues_portal_parse   || Trigger: msg=1412574086843994295              || Output: prov=None handles=0 name=None
[09/07/2025 03:19:17.190 PM] Action   || Name: dues_emails_count   || Trigger: msg=1412574086843994295              || Output: emails=38 window=3d
[09/07/2025 03:19:18.221 PM] Action   || Name: dues_top            || Trigger: msg=1412574086843994295              || Output: score=30 reasons=dues_keyword(+30)
[09/07/2025 03:19:18.262 PM] Action   || Name: dues_portal_parse   || Trigger: msg=1412617910160982097              || Output: prov=paypal handles=0 name=paymenguyenever
[09/07/2025 03:19:18.274 PM] Action   || Name: dues_emails_count   || Trigger: msg=1412617910160982097              || Output: emails=39 window=3d
[09/07/2025 03:19:19.586 PM] Action   || Name: dues_top            || Trigger: msg=1412617910160982097              || Output: score=105 reasons=author==discord(+50);provider_agree(+25);dues_keywo...
[09/07/2025 03:19:19.609 PM] Action   || Name: dues_portal_parse   || Trigger: msg=1412619315798347886              || Output: prov=None handles=0 name=None
[09/07/2025 03:19:19.619 PM] Action   || Name: dues_emails_count   || Trigger: msg=1412619315798347886              || Output: emails=39 window=3d
[09/07/2025 03:19:20.838 PM] Action   || Name: dues_top            || Trigger: msg=1412619315798347886              || Output: score=30 reasons=dues_keyword(+30)
[09/07/2025 03:19:20.866 PM] Action   || Name: dues_portal_parse   || Trigger: msg=1412622949260984460              || Output: prov=None handles=0 name=None
[09/07/2025 03:19:20.877 PM] Action   || Name: dues_emails_count   || Trigger: msg=1412622949260984460              || Output: emails=39 window=3d
[09/07/2025 03:19:20.888 PM] Action   || Name: dues_top            || Trigger: msg=1412622949260984460              || Output: score=80 reasons=author==discord(+50);dues_keyword(+30)
[09/07/2025 03:19:20.900 PM] Action   || Name: dues_portal_parse   || Trigger: msg=1412821824668172318              || Output: prov=None handles=0 name=Marco Paessler 15$
[09/07/2025 03:19:20.906 PM] Action   || Name: dues_emails_count   || Trigger: msg=1412821824668172318              || Output: emails=41 window=3d
[09/07/2025 03:19:22.152 PM] Action   || Name: dues_top            || Trigger: msg=1412821824668172318              || Output: score=50 reasons=dues_keyword(+30);amount_ok_portal(+20)
[09/07/2025 03:19:22.176 PM] Action   || Name: dues_portal_parse   || Trigger: msg=1412822112380653732              || Output: prov=None handles=0 name=None
[09/07/2025 03:19:22.186 PM] Action   || Name: dues_emails_count   || Trigger: msg=1412822112380653732              || Output: emails=41 window=3d
[09/07/2025 03:19:23.492 PM] Action   || Name: dues_top            || Trigger: msg=1412822112380653732              || Output: score=60 reasons=author≈discord(+30);dues_keyword(+30)
[09/07/2025 03:19:23.554 PM] Action   || Name: dues_portal_parse   || Trigger: msg=1412833979362447502              || Output: prov=cashapp handles=0 name=cici4f3
[09/07/2025 03:19:23.573 PM] Action   || Name: dues_emails_count   || Trigger: msg=1412833979362447502              || Output: emails=41 window=3d
[09/07/2025 03:19:24.807 PM] Action   || Name: dues_top            || Trigger: msg=1412833979362447502              || Output: score=105 reasons=author==discord(+50);provider_agree(+25);dues_keywo...
[09/07/2025 03:19:24.830 PM] Action   || Name: dues_portal_parse   || Trigger: msg=1412837276668395611              || Output: prov=cashapp handles=1 name=CashApp
[09/07/2025 03:19:24.838 PM] Action   || Name: dues_emails_count   || Trigger: msg=1412837276668395611              || Output: emails=41 window=3d
[09/07/2025 03:19:24.853 PM] Action   || Name: dues_top            || Trigger: msg=1412837276668395611              || Output: score=165 reasons=handle==payment_username(+60);author==discord(+50);...
[09/07/2025 03:19:24.869 PM] Action   || Name: dues_portal_parse   || Trigger: msg=1412843272035893311              || Output: prov=None handles=0 name=None
[09/07/2025 03:19:24.875 PM] Action   || Name: dues_emails_count   || Trigger: msg=1412843272035893311              || Output: emails=42 window=3d
[09/07/2025 03:19:24.882 PM] Action   || Name: dues_top            || Trigger: msg=1412843272035893311              || Output: score=80 reasons=author==discord(+50);dues_keyword(+30)
[09/07/2025 03:19:24.903 PM] Action   || Name: dues_portal_parse   || Trigger: msg=1412855351618830468              || Output: prov=None handles=0 name=None
[09/07/2025 03:19:24.912 PM] Action   || Name: dues_emails_count   || Trigger: msg=1412855351618830468              || Output: emails=41 window=3d
[09/07/2025 03:19:26.142 PM] Action   || Name: dues_top            || Trigger: msg=1412855351618830468              || Output: score=30 reasons=dues_keyword(+30)
[09/07/2025 03:19:26.155 PM] Action   || Name: dues_portal_parse   || Trigger: msg=1412964788199489636              || Output: prov=inperson handles=1 name=None
[09/07/2025 03:19:26.159 PM] Action   || Name: dues_emails_count   || Trigger: msg=1412964788199489636              || Output: emails=42 window=3d
[09/07/2025 03:19:27.420 PM] Action   || Name: dues_top            || Trigger: msg=1412964788199489636              || Output: score=55 reasons=author==discord(+50);dues_keyword(+30);provider_mism...
[09/07/2025 03:19:27.438 PM] Action   || Name: dues_portal_parse   || Trigger: msg=1413003894853996696              || Output: prov=cashapp handles=0 name=None
[09/07/2025 03:19:27.445 PM] Action   || Name: dues_emails_count   || Trigger: msg=1413003894853996696              || Output: emails=42 window=3d
[09/07/2025 03:19:27.453 PM] Action   || Name: dues_top            || Trigger: msg=1413003894853996696              || Output: score=105 reasons=author==discord(+50);provider_agree(+25);dues_keywo...
[09/07/2025 03:19:27.470 PM] Action   || Name: dues_portal_parse   || Trigger: msg=1413050561502117908              || Output: prov=cashapp handles=0 name=Cash App
[09/07/2025 03:19:27.477 PM] Action   || Name: dues_emails_count   || Trigger: msg=1413050561502117908              || Output: emails=41 window=3d
[09/07/2025 03:19:28.701 PM] Action   || Name: dues_top            || Trigger: msg=1413050561502117908              || Output: score=105 reasons=author==discord(+50);provider_agree(+25);dues_keywo...
[09/07/2025 03:19:28.723 PM] Action   || Name: dues_portal_parse   || Trigger: msg=1413205997404815612              || Output: prov=venmo handles=0 name=None
[09/07/2025 03:19:28.730 PM] Action   || Name: dues_emails_count   || Trigger: msg=1413205997404815612              || Output: emails=41 window=3d
[09/07/2025 03:19:30.004 PM] Action   || Name: dues_top            || Trigger: msg=1413205997404815612              || Output: score=55 reasons=provider_agree(+25);dues_keyword(+30)
[09/07/2025 03:19:30.024 PM] Action   || Name: dues_portal_parse   || Trigger: msg=1413283336557826058              || Output: prov=None handles=0 name=None
[09/07/2025 03:19:30.036 PM] Action   || Name: dues_emails_count   || Trigger: msg=1413283336557826058              || Output: emails=43 window=3d
[09/07/2025 03:19:30.049 PM] Action   || Name: dues_top            || Trigger: msg=1413283336557826058              || Output: score=80 reasons=author==discord(+50);dues_keyword(+30)
[09/07/2025 03:19:30.066 PM] Action   || Name: dues_portal_parse   || Trigger: msg=1413311147125244104              || Output: prov=venmo handles=0 name=None
[09/07/2025 03:19:30.078 PM] Action   || Name: dues_emails_count   || Trigger: msg=1413311147125244104              || Output: emails=43 window=3d
[09/07/2025 03:19:31.459 PM] Action   || Name: dues_top            || Trigger: msg=1413311147125244104              || Output: score=85 reasons=author≈discord(+30);provider_agree(+25);dues_keyword...
[09/07/2025 03:20:08.961 PM] Message  || User: austinbaustinb      || Channel: #purrley-pawsitive-pussy-pals        || Content: this is hitting
[09/07/2025 03:20:44.717 PM] Message  || User: austinbaustinb      || Channel: #purrley-pawsitive-pussy-pals        || Content: sitting here celebrating like im watching a game
[09/07/2025 03:20:54.155 PM] Message  || User: austinbaustinb      || Channel: #purrley-pawsitive-pussy-pals        || Content: its so badly tuned rn but like its something
[09/07/2025 03:21:18.148 PM] Message  || User: a1darek             || Channel: #executive-board                     || Content: done
[09/07/2025 03:21:22.628 PM] Message  || User: a1darek             || Channel: #executive-board                     || Content: You will get no subject line
[09/07/2025 03:21:34.418 PM] React+   || User: celeryiscelery      || Channel: #purrley-pawsitive-pussy-pals        || emoji=<:gaga:1413361490634870969>; msg="this is hitting" by austinbaustinb
[09/07/2025 03:21:41.378 PM] React+   || User: celeryiscelery      || Channel: #executive-board                     || emoji=<:gaga:1413361490634870969>; msg="You will get no subject line" by a1darek
[09/07/2025 03:25:27.830 PM] React+   || User: slayc127            || Channel: #purrley-pawsitive-pussy-pals        || emoji=😭; msg="i just keep finding more and more of the..." by nostalgicsapphic
[09/07/2025 03:25:35.944 PM] React+   || User: slayc127            || Channel: #purrley-pawsitive-pussy-pals        || emoji=<:gaga:1413361490634870969>; msg="this is hitting" by austinbaustinb
[09/07/2025 03:25:43.309 PM] React+   || User: slayc127            || Channel: #executive-board                     || emoji=<:gaga:1413361490634870969>; msg="You will get no subject line" by a1darek
[09/07/2025 03:27:23.878 PM] Message  || User: kitadan             || Channel: #itty-bitty-kitty-commitee           || Content: Not a shelter expert but as long as the shed doesn't leak it should ...
[09/07/2025 03:27:34.943 PM] Message  || User: catasourus          || Channel: #feeding-team                        || Content: (no text; attachments=2)
[09/07/2025 03:27:51.218 PM] Edit     || User: catasourus          || Channel: #feeding-team                        ||  -> Height and greens fed
[09/07/2025 03:29:00.095 PM] React+   || User: lunartear427        || Channel: #itty-bitty-kitty-commitee           || emoji=🖤; msg="Not a shelter expert but as long as the ..." by kitadan
[09/07/2025 03:29:23.607 PM] React+   || User: slayc127            || Channel: #itty-bitty-kitty-commitee           || emoji=🖤; msg="Not a shelter expert but as long as the ..." by kitadan
[09/07/2025 03:35:10.334 PM] React+   || User: adeyumii            || Channel: #pictures-of-the-cats                || emoji=😭; msg="Noir is definitely preggo." by kitadan
[09/07/2025 03:39:17.819 PM] Message  || User: slayc127            || Channel: #purrley-pawsitive-pussy-pals        || Content: https://www.tiktok.com/t/ZT6cYhSAf/
[09/07/2025 03:39:24.194 PM] Message  || User: slayc127            || Channel: #purrley-pawsitive-pussy-pals        || Content: i am actively losing my mind to this
[09/07/2025 03:45:12.154 PM] Online   || User: Tom Cat#8337        || Guilds: 2                                    
[09/07/2025 03:45:13.776 PM] Health   || Component: image_tab      || Status: ok                                    || channel_id=551084964318543904 tab=TCBPicsInput
[09/07/2025 03:45:14.815 PM] Health   || Component: image_tab      || Status: ok                                    || channel_id=639882573199441930 tab=TCBPicsInput
[09/07/2025 03:45:15.869 PM] Health   || Component: image_tab      || Status: ok                                    || channel_id=1341696618688286720 tab=TCBPicsInput
[09/07/2025 03:45:16.839 PM] Health   || Component: image_tab      || Status: ok                                    || channel_id=1344745306620694558 tab=TCBVetBillInput
[09/07/2025 03:45:17.596 PM] Health   || Component: feeding_tab    || Status: ok                                   
[09/07/2025 03:45:28.526 PM] Action   || Name: gmail_log_scheduler || Trigger: found=4                              || Output: logged=1
[09/07/2025 03:47:36.707 PM] Message  || User: austinbaustinb      || Channel: #thomas-cat-sandbox                  || Content: meow
[09/07/2025 03:47:36.979 PM] Action   || Name: handle_misc         || Trigger: trigger=meow                         || Output: MEOW!
[09/07/2025 03:47:42.033 PM] Message  || User: austinbaustinb      || Channel: #thomas-cat-sandbox                  || Content: Tomcat check due payments
[09/07/2025 03:47:42.052 PM] Intent   || dues_check                ||                                              
[09/07/2025 03:47:42.274 PM] Action   || Name: dues_begin          || Trigger:                                      || Output: 
[09/07/2025 03:47:42.712 PM] Action   || Name: dues_portal_count   || Trigger: count=57                             || Output: 
[09/07/2025 03:47:42.733 PM] Action   || Name: dues_membership_... || Trigger: sheet=1PBvCd6gTwc1_aqlCtn93xPW7XJ... || Output: ws=Membership Application List
[09/07/2025 03:47:44.304 PM] Action   || Name: dues_membership_... || Trigger: row=2                                || Output: Date|Mavorgs Invite|Semester|Email|Full Name|Discord Username|Payment...
[09/07/2025 03:47:44.318 PM] Action   || Name: dues_membership_... || Trigger: keys                                 || Output: date,mavorgsinvite,semester,email,fullname,discordusername,paymentuse...
[09/07/2025 03:47:44.327 PM] Action   || Name: dues_membership_... || Trigger: total=1002                           || Output: usable=1000
[09/07/2025 03:47:44.338 PM] Action   || Name: dues_members_count  || Trigger: count=1000                           || Output: 
[09/07/2025 03:47:44.350 PM] Action   || Name: dues_members_fil... || Trigger: min_date=2025-08-18                  || Output: from=1000 to=495
[09/07/2025 03:47:44.364 PM] Action   || Name: dues_emails_global  || Trigger: range=2025-08-18..2025-09-07         || Output: count=131
[09/07/2025 03:47:44.388 PM] Action   || Name: dues_portal_parse   || Trigger: msg=1408112759123738795              || Output: prov=venmo handles=0 name=Venmo
[09/07/2025 03:47:44.394 PM] Action   || Name: dues_emails_count   || Trigger: msg=1408112759123738795              || Output: emails=32 window=3d
[09/07/2025 03:47:44.400 PM] Action   || Name: dues_candidates     || Trigger: msg=1408112759123738795              || Output: members=1 emails=8
[09/07/2025 03:47:44.405 PM] Action   || Name: dues_top            || Trigger: msg=1408112759123738795              || Output: score=105 reasons=author==discord(+50);provider_agree(+25);dues_keywo...
[09/07/2025 03:47:44.415 PM] Action   || Name: dues_portal_parse   || Trigger: msg=1408312356915773491              || Output: prov=paypal handles=0 name=None
[09/07/2025 03:47:44.421 PM] Action   || Name: dues_emails_count   || Trigger: msg=1408312356915773491              || Output: emails=28 window=3d
[09/07/2025 03:47:44.427 PM] Action   || Name: dues_candidates     || Trigger: msg=1408312356915773491              || Output: members=1 emails=8
[09/07/2025 03:47:44.433 PM] Action   || Name: dues_top            || Trigger: msg=1408312356915773491              || Output: score=75 reasons=author==discord(+50);provider_agree(+25)
[09/07/2025 03:47:44.439 PM] Action   || Name: dues_portal_parse   || Trigger: msg=1408592553720283308              || Output: prov=paypal handles=0 name=None
[09/07/2025 03:47:44.445 PM] Action   || Name: dues_emails_count   || Trigger: msg=1408592553720283308              || Output: emails=20 window=3d
[09/07/2025 03:47:44.450 PM] Action   || Name: dues_candidates     || Trigger: msg=1408592553720283308              || Output: members=50 emails=8
[09/07/2025 03:47:44.558 PM] Action   || Name: dues_top            || Trigger: msg=1408592553720283308              || Output: score=25 reasons=provider_agree(+25)
[09/07/2025 03:47:44.571 PM] Action   || Name: dues_portal_parse   || Trigger: msg=1409202312290893854              || Output: prov=venmo handles=0 name=Kayla Wood
[09/07/2025 03:47:44.578 PM] Action   || Name: dues_emails_count   || Trigger: msg=1409202312290893854              || Output: emails=50 window=3d
[09/07/2025 03:47:44.584 PM] Action   || Name: dues_candidates     || Trigger: msg=1409202312290893854              || Output: members=1 emails=8
[09/07/2025 03:47:44.591 PM] Action   || Name: dues_top            || Trigger: msg=1409202312290893854              || Output: score=125 reasons=name≈full(100)(+40);author≈discord(+30);provider_ag...
[09/07/2025 03:47:44.597 PM] Action   || Name: dues_portal_parse   || Trigger: msg=1409939104120049684              || Output: prov=None handles=0 name=don’t let her pocket it
[09/07/2025 03:47:44.603 PM] Action   || Name: dues_emails_count   || Trigger: msg=1409939104120049684              || Output: emails=51 window=3d
[09/07/2025 03:47:44.608 PM] Action   || Name: dues_candidates     || Trigger: msg=1409939104120049684              || Output: members=1 emails=8
[09/07/2025 03:47:44.614 PM] Action   || Name: dues_top            || Trigger: msg=1409939104120049684              || Output: score=50 reasons=author==discord(+50)
[09/07/2025 03:47:44.623 PM] Action   || Name: dues_portal_parse   || Trigger: msg=1409974279562461317              || Output: prov=None handles=0 name=None
[09/07/2025 03:47:44.628 PM] Action   || Name: dues_emails_count   || Trigger: msg=1409974279562461317              || Output: emails=48 window=3d
[09/07/2025 03:47:44.637 PM] Action   || Name: dues_candidates     || Trigger: msg=1409974279562461317              || Output: members=1 emails=8
[09/07/2025 03:47:44.643 PM] Action   || Name: dues_top            || Trigger: msg=1409974279562461317              || Output: score=80 reasons=author==discord(+50);dues_keyword(+30)
[09/07/2025 03:47:44.656 PM] Action   || Name: dues_portal_parse   || Trigger: msg=1410395064265478248              || Output: prov=None handles=0 name=None
[09/07/2025 03:47:44.662 PM] Action   || Name: dues_emails_count   || Trigger: msg=1410395064265478248              || Output: emails=50 window=3d
[09/07/2025 03:47:44.673 PM] Action   || Name: dues_candidates     || Trigger: msg=1410395064265478248              || Output: members=50 emails=8
[09/07/2025 03:47:44.711 PM] Action   || Name: dues_top            || Trigger: msg=1410395064265478248              || Output: score=50 reasons=dues_keyword(+30);amount_ok_portal(+20)
[09/07/2025 03:47:44.720 PM] Action   || Name: dues_portal_parse   || Trigger: msg=1410681706633105548              || Output: prov=venmo handles=0 name=Venmo
[09/07/2025 03:47:44.726 PM] Action   || Name: dues_emails_count   || Trigger: msg=1410681706633105548              || Output: emails=52 window=3d
[09/07/2025 03:47:44.735 PM] Action   || Name: dues_candidates     || Trigger: msg=1410681706633105548              || Output: members=1 emails=8
[09/07/2025 03:47:44.746 PM] Action   || Name: dues_top            || Trigger: msg=1410681706633105548              || Output: score=105 reasons=author==discord(+50);provider_agree(+25);dues_keywo...
[09/07/2025 03:47:44.753 PM] Action   || Name: dues_portal_parse   || Trigger: msg=1410688773284565022              || Output: prov=None handles=0 name=None
[09/07/2025 03:47:44.759 PM] Action   || Name: dues_emails_count   || Trigger: msg=1410688773284565022              || Output: emails=52 window=3d
[09/07/2025 03:47:44.765 PM] Action   || Name: dues_candidates     || Trigger: msg=1410688773284565022              || Output: members=1 emails=8
[09/07/2025 03:47:44.770 PM] Action   || Name: dues_top            || Trigger: msg=1410688773284565022              || Output: score=80 reasons=author==discord(+50);dues_keyword(+30)
[09/07/2025 03:47:44.778 PM] Action   || Name: dues_portal_parse   || Trigger: msg=1410689015283454096              || Output: prov=None handles=0 name=None
[09/07/2025 03:47:44.785 PM] Action   || Name: dues_emails_count   || Trigger: msg=1410689015283454096              || Output: emails=52 window=3d
[09/07/2025 03:47:44.798 PM] Action   || Name: dues_candidates     || Trigger: msg=1410689015283454096              || Output: members=1 emails=8
[09/07/2025 03:47:44.802 PM] Action   || Name: dues_top            || Trigger: msg=1410689015283454096              || Output: score=50 reasons=author==discord(+50)
[09/07/2025 03:47:44.812 PM] Action   || Name: dues_portal_parse   || Trigger: msg=1411001546925408346              || Output: prov=None handles=0 name=~$25 worth so far
[09/07/2025 03:47:44.818 PM] Action   || Name: dues_emails_count   || Trigger: msg=1411001546925408346              || Output: emails=50 window=3d
[09/07/2025 03:47:44.824 PM] Action   || Name: dues_candidates     || Trigger: msg=1411001546925408346              || Output: members=50 emails=8
[09/07/2025 03:47:44.868 PM] Action   || Name: dues_portal_parse   || Trigger: msg=1411001777288904825              || Output: prov=None handles=0 name=None
[09/07/2025 03:47:44.875 PM] Action   || Name: dues_emails_count   || Trigger: msg=1411001777288904825              || Output: emails=50 window=3d
[09/07/2025 03:47:44.880 PM] Action   || Name: dues_candidates     || Trigger: msg=1411001777288904825              || Output: members=50 emails=8
[09/07/2025 03:47:44.928 PM] Action   || Name: dues_portal_parse   || Trigger: msg=1411001892191993886              || Output: prov=None handles=0 name=None
[09/07/2025 03:47:44.940 PM] Action   || Name: dues_emails_count   || Trigger: msg=1411001892191993886              || Output: emails=50 window=3d
[09/07/2025 03:47:44.960 PM] Action   || Name: dues_candidates     || Trigger: msg=1411001892191993886              || Output: members=50 emails=8
[09/07/2025 03:47:45.030 PM] Action   || Name: dues_portal_parse   || Trigger: msg=1411002842696646657              || Output: prov=None handles=0 name=None
[09/07/2025 03:47:45.037 PM] Action   || Name: dues_emails_count   || Trigger: msg=1411002842696646657              || Output: emails=50 window=3d
[09/07/2025 03:47:45.043 PM] Action   || Name: dues_candidates     || Trigger: msg=1411002842696646657              || Output: members=50 emails=8
[09/07/2025 03:47:45.089 PM] Action   || Name: dues_portal_parse   || Trigger: msg=1411004457054900334              || Output: prov=None handles=0 name=None
[09/07/2025 03:47:45.097 PM] Action   || Name: dues_emails_count   || Trigger: msg=1411004457054900334              || Output: emails=50 window=3d
[09/07/2025 03:47:45.107 PM] Action   || Name: dues_candidates     || Trigger: msg=1411004457054900334              || Output: members=50 emails=8
[09/07/2025 03:47:45.155 PM] Action   || Name: dues_portal_parse   || Trigger: msg=1411004538709872772              || Output: prov=None handles=0 name=None
[09/07/2025 03:47:45.162 PM] Action   || Name: dues_emails_count   || Trigger: msg=1411004538709872772              || Output: emails=50 window=3d
[09/07/2025 03:47:45.173 PM] Action   || Name: dues_candidates     || Trigger: msg=1411004538709872772              || Output: members=50 emails=8
[09/07/2025 03:47:45.211 PM] Action   || Name: dues_top            || Trigger: msg=1411004538709872772              || Output: score=30 reasons=dues_keyword(+30)
[09/07/2025 03:47:45.225 PM] Action   || Name: dues_portal_parse   || Trigger: msg=1411008255668392076              || Output: prov=None handles=0 name=Ben Tucker - same story as Miranda
[09/07/2025 03:47:45.234 PM] Action   || Name: dues_emails_count   || Trigger: msg=1411008255668392076              || Output: emails=50 window=3d
[09/07/2025 03:47:45.245 PM] Action   || Name: dues_candidates     || Trigger: msg=1411008255668392076              || Output: members=50 emails=8
[09/07/2025 03:47:45.295 PM] Action   || Name: dues_portal_parse   || Trigger: msg=1411034365781348433              || Output: prov=cash handles=0 name=bribed
[09/07/2025 03:47:45.310 PM] Action   || Name: dues_emails_count   || Trigger: msg=1411034365781348433              || Output: emails=41 window=3d
[09/07/2025 03:47:45.321 PM] Action   || Name: dues_candidates     || Trigger: msg=1411034365781348433              || Output: members=1 emails=8
[09/07/2025 03:47:45.332 PM] Action   || Name: dues_top            || Trigger: msg=1411034365781348433              || Output: score=80 reasons=author==discord(+50);dues_keyword(+30)
[09/07/2025 03:47:45.340 PM] Action   || Name: dues_portal_parse   || Trigger: msg=1411034601312485441              || Output: prov=None handles=0 name=None
[09/07/2025 03:47:45.346 PM] Action   || Name: dues_emails_count   || Trigger: msg=1411034601312485441              || Output: emails=41 window=3d
[09/07/2025 03:47:45.351 PM] Action   || Name: dues_candidates     || Trigger: msg=1411034601312485441              || Output: members=50 emails=8
[09/07/2025 03:47:45.397 PM] Action   || Name: dues_portal_parse   || Trigger: msg=1411045802847244420              || Output: prov=None handles=0 name=None
[09/07/2025 03:47:45.405 PM] Action   || Name: dues_emails_count   || Trigger: msg=1411045802847244420              || Output: emails=31 window=3d
[09/07/2025 03:47:45.416 PM] Action   || Name: dues_candidates     || Trigger: msg=1411045802847244420              || Output: members=50 emails=8
[09/07/2025 03:47:45.460 PM] Action   || Name: dues_portal_parse   || Trigger: msg=1411165631755059320              || Output: prov=paypal handles=0 name=None
[09/07/2025 03:47:45.464 PM] Action   || Name: dues_emails_count   || Trigger: msg=1411165631755059320              || Output: emails=21 window=3d
[09/07/2025 03:47:45.474 PM] Action   || Name: dues_candidates     || Trigger: msg=1411165631755059320              || Output: members=1 emails=8
[09/07/2025 03:47:45.479 PM] Action   || Name: dues_top            || Trigger: msg=1411165631755059320              || Output: score=105 reasons=author==discord(+50);provider_agree(+25);dues_keywo...
[09/07/2025 03:47:45.488 PM] Action   || Name: dues_portal_parse   || Trigger: msg=1411172633109860533              || Output: prov=cashapp handles=1 name=My username is $AutumnMcCalla on cashapp
[09/07/2025 03:47:45.494 PM] Action   || Name: dues_emails_count   || Trigger: msg=1411172633109860533              || Output: emails=21 window=3d
[09/07/2025 03:47:45.501 PM] Action   || Name: dues_candidates     || Trigger: msg=1411172633109860533              || Output: members=1 emails=8
[09/07/2025 03:47:45.508 PM] Action   || Name: dues_top            || Trigger: msg=1411172633109860533              || Output: score=185 reasons=handle==payment_username(+60);author==discord(+50);...
[09/07/2025 03:47:45.519 PM] Action   || Name: dues_portal_parse   || Trigger: msg=1411394565533073559              || Output: prov=paypal handles=0 name=None
[09/07/2025 03:47:45.533 PM] Action   || Name: dues_emails_count   || Trigger: msg=1411394565533073559              || Output: emails=21 window=3d
[09/07/2025 03:47:45.547 PM] Action   || Name: dues_candidates     || Trigger: msg=1411394565533073559              || Output: members=50 emails=8
[09/07/2025 03:47:45.610 PM] Action   || Name: dues_top            || Trigger: msg=1411394565533073559              || Output: score=55 reasons=provider_agree(+25);dues_keyword(+30)
[09/07/2025 03:47:45.629 PM] Action   || Name: dues_portal_parse   || Trigger: msg=1411757765273194616              || Output: prov=venmo handles=1 name=Venmo username @Allen-Tellez
[09/07/2025 03:47:45.640 PM] Action   || Name: dues_emails_count   || Trigger: msg=1411757765273194616              || Output: emails=31 window=3d
[09/07/2025 03:47:45.646 PM] Action   || Name: dues_candidates     || Trigger: msg=1411757765273194616              || Output: members=1 emails=8
[09/07/2025 03:47:45.656 PM] Action   || Name: dues_top            || Trigger: msg=1411757765273194616              || Output: score=185 reasons=handle==payment_username(+60);author==discord(+50);...
[09/07/2025 03:47:45.664 PM] Action   || Name: dues_portal_parse   || Trigger: msg=1411774478933037227              || Output: prov=cash handles=0 name=None
[09/07/2025 03:47:45.670 PM] Action   || Name: dues_emails_count   || Trigger: msg=1411774478933037227              || Output: emails=30 window=3d
[09/07/2025 03:47:45.676 PM] Action   || Name: dues_candidates     || Trigger: msg=1411774478933037227              || Output: members=1 emails=8
[09/07/2025 03:47:45.682 PM] Action   || Name: dues_top            || Trigger: msg=1411774478933037227              || Output: score=75 reasons=author==discord(+50);dues_keyword(+30);amount_ok_por...
[09/07/2025 03:47:45.688 PM] Action   || Name: dues_portal_parse   || Trigger: msg=1412475087071744113              || Output: prov=cashapp handles=0 name=None
[09/07/2025 03:47:45.694 PM] Action   || Name: dues_emails_count   || Trigger: msg=1412475087071744113              || Output: emails=39 window=3d
[09/07/2025 03:47:45.699 PM] Action   || Name: dues_candidates     || Trigger: msg=1412475087071744113              || Output: members=1 emails=8
[09/07/2025 03:47:45.705 PM] Action   || Name: dues_top            || Trigger: msg=1412475087071744113              || Output: score=125 reasons=author==discord(+50);provider_agree(+25);dues_keywo...
[09/07/2025 03:47:45.711 PM] Action   || Name: dues_portal_parse   || Trigger: msg=1412479638747480234              || Output: prov=paypal handles=0 name=Jesse Jarrell
[09/07/2025 03:47:45.717 PM] Action   || Name: dues_emails_count   || Trigger: msg=1412479638747480234              || Output: emails=39 window=3d
[09/07/2025 03:47:45.725 PM] Action   || Name: dues_candidates     || Trigger: msg=1412479638747480234              || Output: members=1 emails=8
[09/07/2025 03:47:45.733 PM] Action   || Name: dues_top            || Trigger: msg=1412479638747480234              || Output: score=145 reasons=name≈full(100)(+40);author==discord(+50);provider_a...
[09/07/2025 03:47:45.742 PM] Action   || Name: dues_portal_parse   || Trigger: msg=1412522856272887829              || Output: prov=venmo handles=0 name=Zoe-Cronin-4
[09/07/2025 03:47:45.751 PM] Action   || Name: dues_emails_count   || Trigger: msg=1412522856272887829              || Output: emails=39 window=3d
[09/07/2025 03:47:45.758 PM] Action   || Name: dues_candidates     || Trigger: msg=1412522856272887829              || Output: members=1 emails=8
[09/07/2025 03:47:45.763 PM] Action   || Name: dues_top            || Trigger: msg=1412522856272887829              || Output: score=125 reasons=author==discord(+50);provider_agree(+25);dues_keywo...
[09/07/2025 03:47:45.769 PM] Action   || Name: dues_portal_parse   || Trigger: msg=1412524265449984032              || Output: prov=paypal handles=0 name=None
[09/07/2025 03:47:45.775 PM] Action   || Name: dues_emails_count   || Trigger: msg=1412524265449984032              || Output: emails=39 window=3d
[09/07/2025 03:47:45.781 PM] Action   || Name: dues_candidates     || Trigger: msg=1412524265449984032              || Output: members=1 emails=8
[09/07/2025 03:47:45.786 PM] Action   || Name: dues_top            || Trigger: msg=1412524265449984032              || Output: score=105 reasons=author==discord(+50);provider_agree(+25);dues_keywo...
[09/07/2025 03:47:45.792 PM] Action   || Name: dues_portal_parse   || Trigger: msg=1412535865443356924              || Output: prov=inperson handles=0 name=None
[09/07/2025 03:47:45.797 PM] Action   || Name: dues_emails_count   || Trigger: msg=1412535865443356924              || Output: emails=38 window=3d
[09/07/2025 03:47:45.802 PM] Action   || Name: dues_candidates     || Trigger: msg=1412535865443356924              || Output: members=50 emails=8
[09/07/2025 03:47:45.833 PM] Action   || Name: dues_top            || Trigger: msg=1412535865443356924              || Output: score=5 reasons=dues_keyword(+30);provider_mismatch(-25)
[09/07/2025 03:47:45.841 PM] Action   || Name: dues_portal_parse   || Trigger: msg=1412540764575240323              || Output: prov=inperson handles=0 name=None
[09/07/2025 03:47:45.847 PM] Action   || Name: dues_emails_count   || Trigger: msg=1412540764575240323              || Output: emails=38 window=3d
[09/07/2025 03:47:45.852 PM] Action   || Name: dues_candidates     || Trigger: msg=1412540764575240323              || Output: members=50 emails=8
[09/07/2025 03:47:45.887 PM] Action   || Name: dues_top            || Trigger: msg=1412540764575240323              || Output: score=5 reasons=dues_keyword(+30);provider_mismatch(-25)
[09/07/2025 03:47:45.904 PM] Action   || Name: dues_portal_parse   || Trigger: msg=1412551073004126269              || Output: prov=cashapp handles=1 name=Mario Rodriguez
[09/07/2025 03:47:45.918 PM] Action   || Name: dues_emails_count   || Trigger: msg=1412551073004126269              || Output: emails=38 window=3d
[09/07/2025 03:47:45.926 PM] Action   || Name: dues_candidates     || Trigger: msg=1412551073004126269              || Output: members=50 emails=8
[09/07/2025 03:47:45.941 PM] Action   || Name: dues_top            || Trigger: msg=1412551073004126269              || Output: score=55 reasons=provider_agree(+25);dues_keyword(+30)
[09/07/2025 03:47:45.949 PM] Action   || Name: dues_portal_parse   || Trigger: msg=1412552524321525770              || Output: prov=venmo handles=0 name=None
[09/07/2025 03:47:45.955 PM] Action   || Name: dues_emails_count   || Trigger: msg=1412552524321525770              || Output: emails=38 window=3d
[09/07/2025 03:47:45.962 PM] Action   || Name: dues_candidates     || Trigger: msg=1412552524321525770              || Output: members=1 emails=8
[09/07/2025 03:47:45.968 PM] Action   || Name: dues_top            || Trigger: msg=1412552524321525770              || Output: score=125 reasons=author==discord(+50);provider_agree(+25);dues_keywo...
[09/07/2025 03:47:45.977 PM] Action   || Name: dues_portal_parse   || Trigger: msg=1412552580587847865              || Output: prov=inperson handles=0 name=None
[09/07/2025 03:47:45.983 PM] Action   || Name: dues_emails_count   || Trigger: msg=1412552580587847865              || Output: emails=38 window=3d
[09/07/2025 03:47:45.990 PM] Action   || Name: dues_candidates     || Trigger: msg=1412552580587847865              || Output: members=1 emails=8
[09/07/2025 03:47:45.998 PM] Action   || Name: dues_top            || Trigger: msg=1412552580587847865              || Output: score=75 reasons=author==discord(+50);dues_keyword(+30);amount_ok_por...
[09/07/2025 03:47:46.008 PM] Action   || Name: dues_portal_parse   || Trigger: msg=1412553471277928448              || Output: prov=inperson handles=0 name=None
[09/07/2025 03:47:46.018 PM] Action   || Name: dues_emails_count   || Trigger: msg=1412553471277928448              || Output: emails=38 window=3d
[09/07/2025 03:47:46.030 PM] Action   || Name: dues_candidates     || Trigger: msg=1412553471277928448              || Output: members=50 emails=8
[09/07/2025 03:47:46.064 PM] Action   || Name: dues_top            || Trigger: msg=1412553471277928448              || Output: score=55 reasons=author≈discord(+30);dues_keyword(+30);amount_ok_port...
[09/07/2025 03:47:46.076 PM] Action   || Name: dues_portal_parse   || Trigger: msg=1412553487837040772              || Output: prov=paypal handles=0 name=None
[09/07/2025 03:47:46.084 PM] Action   || Name: dues_emails_count   || Trigger: msg=1412553487837040772              || Output: emails=38 window=3d
[09/07/2025 03:47:46.090 PM] Action   || Name: dues_candidates     || Trigger: msg=1412553487837040772              || Output: members=50 emails=8
[09/07/2025 03:47:46.182 PM] Action   || Name: dues_top            || Trigger: msg=1412553487837040772              || Output: score=75 reasons=provider_agree(+25);dues_keyword(+30);amount_ok_port...
[09/07/2025 03:47:46.197 PM] Action   || Name: dues_portal_parse   || Trigger: msg=1412553782419525805              || Output: prov=inperson handles=0 name=None
[09/07/2025 03:47:46.204 PM] Action   || Name: dues_emails_count   || Trigger: msg=1412553782419525805              || Output: emails=38 window=3d
[09/07/2025 03:47:46.217 PM] Action   || Name: dues_candidates     || Trigger: msg=1412553782419525805              || Output: members=1 emails=8
[09/07/2025 03:47:46.223 PM] Action   || Name: dues_top            || Trigger: msg=1412553782419525805              || Output: score=75 reasons=author==discord(+50);dues_keyword(+30);amount_ok_por...
[09/07/2025 03:47:46.240 PM] Action   || Name: dues_portal_parse   || Trigger: msg=1412554985584988341              || Output: prov=inperson handles=0 name=None
[09/07/2025 03:47:46.246 PM] Action   || Name: dues_emails_count   || Trigger: msg=1412554985584988341              || Output: emails=38 window=3d
[09/07/2025 03:47:46.251 PM] Action   || Name: dues_candidates     || Trigger: msg=1412554985584988341              || Output: members=1 emails=8
[09/07/2025 03:47:46.257 PM] Action   || Name: dues_top            || Trigger: msg=1412554985584988341              || Output: score=35 reasons=author≈discord(91)(+30);dues_keyword(+30);provider_m...
[09/07/2025 03:47:46.263 PM] Action   || Name: dues_portal_parse   || Trigger: msg=1412557822599888907              || Output: prov=inperson handles=0 name=Sarah Nguyen
[09/07/2025 03:47:46.269 PM] Action   || Name: dues_emails_count   || Trigger: msg=1412557822599888907              || Output: emails=38 window=3d
[09/07/2025 03:47:46.275 PM] Action   || Name: dues_candidates     || Trigger: msg=1412557822599888907              || Output: members=1 emails=8
[09/07/2025 03:47:46.284 PM] Action   || Name: dues_top            || Trigger: msg=1412557822599888907              || Output: score=95 reasons=name≈full(100)(+40);author==discord(+50);dues_keywor...
[09/07/2025 03:47:46.290 PM] Action   || Name: dues_portal_parse   || Trigger: msg=1412560082817781810              || Output: prov=None handles=0 name=abigail mejia
[09/07/2025 03:47:46.299 PM] Action   || Name: dues_emails_count   || Trigger: msg=1412560082817781810              || Output: emails=38 window=3d
[09/07/2025 03:47:46.305 PM] Action   || Name: dues_candidates     || Trigger: msg=1412560082817781810              || Output: members=1 emails=8
[09/07/2025 03:47:46.314 PM] Action   || Name: dues_top            || Trigger: msg=1412560082817781810              || Output: score=120 reasons=name≈full(84)(+20);author==discord(+50);dues_keywor...
[09/07/2025 03:47:46.322 PM] Action   || Name: dues_portal_parse   || Trigger: msg=1412573545145438359              || Output: prov=None handles=0 name=Taylor Snyder
[09/07/2025 03:47:46.328 PM] Action   || Name: dues_emails_count   || Trigger: msg=1412573545145438359              || Output: emails=38 window=3d
[09/07/2025 03:47:46.338 PM] Action   || Name: dues_candidates     || Trigger: msg=1412573545145438359              || Output: members=1 emails=8
[09/07/2025 03:47:46.350 PM] Action   || Name: dues_top            || Trigger: msg=1412573545145438359              || Output: score=100 reasons=name≈full(100)(+40);author≈discord(88)(+30);dues_ke...
[09/07/2025 03:47:46.357 PM] Action   || Name: dues_portal_parse   || Trigger: msg=1412574086843994295              || Output: prov=None handles=0 name=None
[09/07/2025 03:47:46.366 PM] Action   || Name: dues_emails_count   || Trigger: msg=1412574086843994295              || Output: emails=38 window=3d
[09/07/2025 03:47:46.373 PM] Action   || Name: dues_candidates     || Trigger: msg=1412574086843994295              || Output: members=50 emails=8
[09/07/2025 03:47:46.404 PM] Action   || Name: dues_top            || Trigger: msg=1412574086843994295              || Output: score=30 reasons=dues_keyword(+30)
[09/07/2025 03:47:46.416 PM] Action   || Name: dues_portal_parse   || Trigger: msg=1412617910160982097              || Output: prov=paypal handles=0 name=paymenguyenever
[09/07/2025 03:47:46.422 PM] Action   || Name: dues_emails_count   || Trigger: msg=1412617910160982097              || Output: emails=39 window=3d
[09/07/2025 03:47:46.427 PM] Action   || Name: dues_candidates     || Trigger: msg=1412617910160982097              || Output: members=1 emails=8
[09/07/2025 03:47:46.433 PM] Action   || Name: dues_top            || Trigger: msg=1412617910160982097              || Output: score=105 reasons=author==discord(+50);provider_agree(+25);dues_keywo...
[09/07/2025 03:47:46.439 PM] Action   || Name: dues_portal_parse   || Trigger: msg=1412619315798347886              || Output: prov=None handles=0 name=None
[09/07/2025 03:47:46.444 PM] Action   || Name: dues_emails_count   || Trigger: msg=1412619315798347886              || Output: emails=39 window=3d
[09/07/2025 03:47:46.449 PM] Action   || Name: dues_candidates     || Trigger: msg=1412619315798347886              || Output: members=50 emails=8
[09/07/2025 03:47:46.483 PM] Action   || Name: dues_top            || Trigger: msg=1412619315798347886              || Output: score=30 reasons=dues_keyword(+30)
[09/07/2025 03:47:46.497 PM] Action   || Name: dues_portal_parse   || Trigger: msg=1412622949260984460              || Output: prov=None handles=0 name=None
[09/07/2025 03:47:46.504 PM] Action   || Name: dues_emails_count   || Trigger: msg=1412622949260984460              || Output: emails=39 window=3d
[09/07/2025 03:47:46.523 PM] Action   || Name: dues_candidates     || Trigger: msg=1412622949260984460              || Output: members=1 emails=8
[09/07/2025 03:47:46.530 PM] Action   || Name: dues_top            || Trigger: msg=1412622949260984460              || Output: score=80 reasons=author==discord(+50);dues_keyword(+30)
[09/07/2025 03:47:46.539 PM] Action   || Name: dues_portal_parse   || Trigger: msg=1412821824668172318              || Output: prov=None handles=0 name=Marco Paessler 15$
[09/07/2025 03:47:46.546 PM] Action   || Name: dues_emails_count   || Trigger: msg=1412821824668172318              || Output: emails=41 window=3d
[09/07/2025 03:47:46.557 PM] Action   || Name: dues_candidates     || Trigger: msg=1412821824668172318              || Output: members=50 emails=8
[09/07/2025 03:47:46.597 PM] Action   || Name: dues_top            || Trigger: msg=1412821824668172318              || Output: score=50 reasons=dues_keyword(+30);amount_ok_portal(+20)
[09/07/2025 03:47:46.605 PM] Action   || Name: dues_portal_parse   || Trigger: msg=1412822112380653732              || Output: prov=None handles=0 name=None
[09/07/2025 03:47:46.610 PM] Action   || Name: dues_emails_count   || Trigger: msg=1412822112380653732              || Output: emails=41 window=3d
[09/07/2025 03:47:46.621 PM] Action   || Name: dues_candidates     || Trigger: msg=1412822112380653732              || Output: members=50 emails=8
[09/07/2025 03:47:46.660 PM] Action   || Name: dues_top            || Trigger: msg=1412822112380653732              || Output: score=30 reasons=dues_keyword(+30)
[09/07/2025 03:47:46.679 PM] Action   || Name: dues_portal_parse   || Trigger: msg=1412833979362447502              || Output: prov=cashapp handles=0 name=cici4f3
[09/07/2025 03:47:46.686 PM] Action   || Name: dues_emails_count   || Trigger: msg=1412833979362447502              || Output: emails=41 window=3d
[09/07/2025 03:47:46.695 PM] Action   || Name: dues_candidates     || Trigger: msg=1412833979362447502              || Output: members=1 emails=8
[09/07/2025 03:47:46.708 PM] Action   || Name: dues_top            || Trigger: msg=1412833979362447502              || Output: score=105 reasons=author==discord(+50);provider_agree(+25);dues_keywo...
[09/07/2025 03:47:46.715 PM] Action   || Name: dues_portal_parse   || Trigger: msg=1412837276668395611              || Output: prov=cashapp handles=1 name=CashApp
[09/07/2025 03:47:46.722 PM] Action   || Name: dues_emails_count   || Trigger: msg=1412837276668395611              || Output: emails=41 window=3d
[09/07/2025 03:47:46.727 PM] Action   || Name: dues_candidates     || Trigger: msg=1412837276668395611              || Output: members=1 emails=8
[09/07/2025 03:47:46.733 PM] Action   || Name: dues_top            || Trigger: msg=1412837276668395611              || Output: score=165 reasons=handle==payment_username(+60);author==discord(+50);...
[09/07/2025 03:47:46.744 PM] Action   || Name: dues_portal_parse   || Trigger: msg=1412843272035893311              || Output: prov=None handles=0 name=None
[09/07/2025 03:47:46.750 PM] Action   || Name: dues_emails_count   || Trigger: msg=1412843272035893311              || Output: emails=42 window=3d
[09/07/2025 03:47:46.756 PM] Action   || Name: dues_candidates     || Trigger: msg=1412843272035893311              || Output: members=1 emails=8
[09/07/2025 03:47:46.761 PM] Action   || Name: dues_top            || Trigger: msg=1412843272035893311              || Output: score=80 reasons=author==discord(+50);dues_keyword(+30)
[09/07/2025 03:47:46.767 PM] Action   || Name: dues_portal_parse   || Trigger: msg=1412855351618830468              || Output: prov=None handles=0 name=None
[09/07/2025 03:47:46.773 PM] Action   || Name: dues_emails_count   || Trigger: msg=1412855351618830468              || Output: emails=41 window=3d
[09/07/2025 03:47:46.778 PM] Action   || Name: dues_candidates     || Trigger: msg=1412855351618830468              || Output: members=50 emails=8
[09/07/2025 03:47:46.814 PM] Action   || Name: dues_portal_parse   || Trigger: msg=1412964788199489636              || Output: prov=inperson handles=0 name=None
[09/07/2025 03:47:46.824 PM] Action   || Name: dues_emails_count   || Trigger: msg=1412964788199489636              || Output: emails=42 window=3d
[09/07/2025 03:47:46.839 PM] Action   || Name: dues_candidates     || Trigger: msg=1412964788199489636              || Output: members=1 emails=8
[09/07/2025 03:47:46.846 PM] Action   || Name: dues_top            || Trigger: msg=1412964788199489636              || Output: score=55 reasons=author==discord(+50);dues_keyword(+30);provider_mism...
[09/07/2025 03:47:46.858 PM] Action   || Name: dues_portal_parse   || Trigger: msg=1413003894853996696              || Output: prov=cashapp handles=0 name=None
[09/07/2025 03:47:46.863 PM] Action   || Name: dues_emails_count   || Trigger: msg=1413003894853996696              || Output: emails=42 window=3d
[09/07/2025 03:47:46.870 PM] Action   || Name: dues_candidates     || Trigger: msg=1413003894853996696              || Output: members=1 emails=8
[09/07/2025 03:47:46.875 PM] Action   || Name: dues_top            || Trigger: msg=1413003894853996696              || Output: score=105 reasons=author==discord(+50);provider_agree(+25);dues_keywo...
[09/07/2025 03:47:46.883 PM] Action   || Name: dues_portal_parse   || Trigger: msg=1413050561502117908              || Output: prov=cashapp handles=0 name=Cash App
[09/07/2025 03:47:46.892 PM] Action   || Name: dues_emails_count   || Trigger: msg=1413050561502117908              || Output: emails=41 window=3d
[09/07/2025 03:47:46.898 PM] Action   || Name: dues_candidates     || Trigger: msg=1413050561502117908              || Output: members=1 emails=8
[09/07/2025 03:47:46.906 PM] Action   || Name: dues_top            || Trigger: msg=1413050561502117908              || Output: score=105 reasons=author==discord(+50);provider_agree(+25);dues_keywo...
[09/07/2025 03:47:46.913 PM] Action   || Name: dues_portal_parse   || Trigger: msg=1413205997404815612              || Output: prov=venmo handles=0 name=None
[09/07/2025 03:47:46.919 PM] Action   || Name: dues_emails_count   || Trigger: msg=1413205997404815612              || Output: emails=41 window=3d
[09/07/2025 03:47:46.925 PM] Action   || Name: dues_candidates     || Trigger: msg=1413205997404815612              || Output: members=50 emails=8
[09/07/2025 03:47:46.961 PM] Action   || Name: dues_top            || Trigger: msg=1413205997404815612              || Output: score=55 reasons=provider_agree(+25);dues_keyword(+30)
[09/07/2025 03:47:46.974 PM] Action   || Name: dues_portal_parse   || Trigger: msg=1413283336557826058              || Output: prov=None handles=0 name=None
[09/07/2025 03:47:47.048 PM] Action   || Name: dues_emails_count   || Trigger: msg=1413283336557826058              || Output: emails=44 window=3d
[09/07/2025 03:47:47.064 PM] Action   || Name: dues_candidates     || Trigger: msg=1413283336557826058              || Output: members=1 emails=8
[09/07/2025 03:47:47.071 PM] Action   || Name: dues_top            || Trigger: msg=1413283336557826058              || Output: score=80 reasons=author==discord(+50);dues_keyword(+30)
[09/07/2025 03:47:47.081 PM] Action   || Name: dues_portal_parse   || Trigger: msg=1413311147125244104              || Output: prov=venmo handles=0 name=None
[09/07/2025 03:47:47.087 PM] Action   || Name: dues_emails_count   || Trigger: msg=1413311147125244104              || Output: emails=44 window=3d
[09/07/2025 03:47:47.093 PM] Action   || Name: dues_candidates     || Trigger: msg=1413311147125244104              || Output: members=50 emails=8
[09/07/2025 03:47:47.127 PM] Action   || Name: dues_top            || Trigger: msg=1413311147125244104              || Output: score=55 reasons=provider_agree(+25);dues_keyword(+30)
[09/07/2025 03:48:18.603 PM] Message  || User: austinbaustinb      || Channel: #thomas-cat-sandbox                  || Content: Tomcat check due payments
[09/07/2025 03:48:18.624 PM] Intent   || dues_check                ||                                              
[09/07/2025 03:48:18.800 PM] Action   || Name: dues_begin          || Trigger:                                      || Output: 
[09/07/2025 03:48:19.135 PM] Action   || Name: dues_portal_count   || Trigger: count=57                             || Output: 
[09/07/2025 03:48:19.145 PM] Action   || Name: dues_membership_... || Trigger: sheet=1PBvCd6gTwc1_aqlCtn93xPW7XJ... || Output: ws=Membership Application List
[09/07/2025 03:48:20.285 PM] Action   || Name: dues_membership_... || Trigger: row=2                                || Output: Date|Mavorgs Invite|Semester|Email|Full Name|Discord Username|Payment...
[09/07/2025 03:48:20.302 PM] Action   || Name: dues_membership_... || Trigger: keys                                 || Output: date,mavorgsinvite,semester,email,fullname,discordusername,paymentuse...
[09/07/2025 03:48:20.315 PM] Action   || Name: dues_membership_... || Trigger: total=1002                           || Output: usable=1000
[09/07/2025 03:48:20.325 PM] Action   || Name: dues_members_count  || Trigger: count=1000                           || Output: 
[09/07/2025 03:48:20.337 PM] Action   || Name: dues_members_fil... || Trigger: min_date=2025-08-18                  || Output: from=1000 to=495
[09/07/2025 03:48:20.357 PM] Action   || Name: dues_emails_global  || Trigger: range=2025-08-18..2025-09-07         || Output: count=131
[09/07/2025 03:48:20.384 PM] Action   || Name: dues_portal_parse   || Trigger: msg=1408112759123738795              || Output: prov=venmo handles=0 name=Venmo
[09/07/2025 03:48:20.402 PM] Action   || Name: dues_emails_count   || Trigger: msg=1408112759123738795              || Output: emails=32 window=3d
[09/07/2025 03:48:20.414 PM] Action   || Name: dues_candidates     || Trigger: msg=1408112759123738795              || Output: members=1 emails=8
[09/07/2025 03:48:20.423 PM] Action   || Name: dues_top            || Trigger: msg=1408112759123738795              || Output: score=105 reasons=author==discord(+50);provider_agree(+25);dues_keywo...
[09/07/2025 03:48:20.439 PM] Action   || Name: dues_portal_parse   || Trigger: msg=1408312356915773491              || Output: prov=paypal handles=0 name=None
[09/07/2025 03:48:20.446 PM] Action   || Name: dues_emails_count   || Trigger: msg=1408312356915773491              || Output: emails=28 window=3d
[09/07/2025 03:48:20.453 PM] Action   || Name: dues_candidates     || Trigger: msg=1408312356915773491              || Output: members=1 emails=8
[09/07/2025 03:48:20.459 PM] Action   || Name: dues_top            || Trigger: msg=1408312356915773491              || Output: score=75 reasons=author==discord(+50);provider_agree(+25)
[09/07/2025 03:48:20.474 PM] Action   || Name: dues_portal_parse   || Trigger: msg=1408592553720283308              || Output: prov=paypal handles=0 name=None
[09/07/2025 03:48:20.482 PM] Action   || Name: dues_emails_count   || Trigger: msg=1408592553720283308              || Output: emails=20 window=3d
[09/07/2025 03:48:20.491 PM] Action   || Name: dues_candidates     || Trigger: msg=1408592553720283308              || Output: members=50 emails=8
[09/07/2025 03:48:20.602 PM] Action   || Name: dues_top            || Trigger: msg=1408592553720283308              || Output: score=25 reasons=provider_agree(+25)
[09/07/2025 03:48:20.623 PM] Action   || Name: dues_portal_parse   || Trigger: msg=1409202312290893854              || Output: prov=venmo handles=0 name=Kayla Wood
[09/07/2025 03:48:20.635 PM] Action   || Name: dues_emails_count   || Trigger: msg=1409202312290893854              || Output: emails=50 window=3d
[09/07/2025 03:48:20.644 PM] Action   || Name: dues_candidates     || Trigger: msg=1409202312290893854              || Output: members=1 emails=8
[09/07/2025 03:48:20.651 PM] Action   || Name: dues_top            || Trigger: msg=1409202312290893854              || Output: score=125 reasons=name≈full(100)(+40);author≈discord(+30);provider_ag...
[09/07/2025 03:48:20.664 PM] Action   || Name: dues_portal_parse   || Trigger: msg=1409939104120049684              || Output: prov=None handles=0 name=don’t let her pocket it
[09/07/2025 03:48:20.671 PM] Action   || Name: dues_emails_count   || Trigger: msg=1409939104120049684              || Output: emails=51 window=3d
[09/07/2025 03:48:20.677 PM] Action   || Name: dues_candidates     || Trigger: msg=1409939104120049684              || Output: members=1 emails=8
[09/07/2025 03:48:20.688 PM] Action   || Name: dues_top            || Trigger: msg=1409939104120049684              || Output: score=50 reasons=author==discord(+50)
[09/07/2025 03:48:20.696 PM] Action   || Name: dues_portal_parse   || Trigger: msg=1409974279562461317              || Output: prov=None handles=0 name=None
[09/07/2025 03:48:20.702 PM] Action   || Name: dues_emails_count   || Trigger: msg=1409974279562461317              || Output: emails=48 window=3d
[09/07/2025 03:48:20.710 PM] Action   || Name: dues_candidates     || Trigger: msg=1409974279562461317              || Output: members=1 emails=8
[09/07/2025 03:48:20.717 PM] Action   || Name: dues_top            || Trigger: msg=1409974279562461317              || Output: score=80 reasons=author==discord(+50);dues_keyword(+30)
[09/07/2025 03:48:20.731 PM] Action   || Name: dues_portal_parse   || Trigger: msg=1410395064265478248              || Output: prov=None handles=0 name=None
[09/07/2025 03:48:20.734 PM] Action   || Name: dues_emails_count   || Trigger: msg=1410395064265478248              || Output: emails=50 window=3d
[09/07/2025 03:48:20.741 PM] Action   || Name: dues_candidates     || Trigger: msg=1410395064265478248              || Output: members=50 emails=8
[09/07/2025 03:48:20.781 PM] Action   || Name: dues_top            || Trigger: msg=1410395064265478248              || Output: score=50 reasons=dues_keyword(+30);amount_ok_portal(+20)
[09/07/2025 03:48:20.804 PM] Action   || Name: dues_portal_parse   || Trigger: msg=1410681706633105548              || Output: prov=venmo handles=0 name=Venmo
[09/07/2025 03:48:20.811 PM] Action   || Name: dues_emails_count   || Trigger: msg=1410681706633105548              || Output: emails=52 window=3d
[09/07/2025 03:48:20.817 PM] Action   || Name: dues_candidates     || Trigger: msg=1410681706633105548              || Output: members=1 emails=8
[09/07/2025 03:48:20.824 PM] Action   || Name: dues_top            || Trigger: msg=1410681706633105548              || Output: score=105 reasons=author==discord(+50);provider_agree(+25);dues_keywo...
[09/07/2025 03:48:20.845 PM] Action   || Name: dues_portal_parse   || Trigger: msg=1410688773284565022              || Output: prov=None handles=0 name=None
[09/07/2025 03:48:20.852 PM] Action   || Name: dues_emails_count   || Trigger: msg=1410688773284565022              || Output: emails=52 window=3d
[09/07/2025 03:48:20.858 PM] Action   || Name: dues_candidates     || Trigger: msg=1410688773284565022              || Output: members=1 emails=8
[09/07/2025 03:48:20.864 PM] Action   || Name: dues_top            || Trigger: msg=1410688773284565022              || Output: score=80 reasons=author==discord(+50);dues_keyword(+30)
[09/07/2025 03:48:20.880 PM] Action   || Name: dues_portal_parse   || Trigger: msg=1410689015283454096              || Output: prov=None handles=0 name=None
[09/07/2025 03:48:20.888 PM] Action   || Name: dues_emails_count   || Trigger: msg=1410689015283454096              || Output: emails=52 window=3d
[09/07/2025 03:48:20.903 PM] Action   || Name: dues_candidates     || Trigger: msg=1410689015283454096              || Output: members=1 emails=8
[09/07/2025 03:48:20.908 PM] Action   || Name: dues_top            || Trigger: msg=1410689015283454096              || Output: score=50 reasons=author==discord(+50)
[09/07/2025 03:48:20.918 PM] Action   || Name: dues_portal_parse   || Trigger: msg=1411001546925408346              || Output: prov=None handles=0 name=~$25 worth so far
[09/07/2025 03:48:20.931 PM] Action   || Name: dues_emails_count   || Trigger: msg=1411001546925408346              || Output: emails=50 window=3d
[09/07/2025 03:48:20.937 PM] Action   || Name: dues_candidates     || Trigger: msg=1411001546925408346              || Output: members=50 emails=8
[09/07/2025 03:48:20.984 PM] Action   || Name: dues_portal_parse   || Trigger: msg=1411001777288904825              || Output: prov=None handles=0 name=None
[09/07/2025 03:48:20.991 PM] Action   || Name: dues_emails_count   || Trigger: msg=1411001777288904825              || Output: emails=50 window=3d
[09/07/2025 03:48:20.997 PM] Action   || Name: dues_candidates     || Trigger: msg=1411001777288904825              || Output: members=50 emails=8
[09/07/2025 03:48:21.047 PM] Action   || Name: dues_portal_parse   || Trigger: msg=1411001892191993886              || Output: prov=None handles=0 name=None
[09/07/2025 03:48:21.057 PM] Action   || Name: dues_emails_count   || Trigger: msg=1411001892191993886              || Output: emails=50 window=3d
[09/07/2025 03:48:21.065 PM] Action   || Name: dues_candidates     || Trigger: msg=1411001892191993886              || Output: members=50 emails=8
[09/07/2025 03:48:21.115 PM] Action   || Name: dues_portal_parse   || Trigger: msg=1411002842696646657              || Output: prov=None handles=0 name=None
[09/07/2025 03:48:21.127 PM] Action   || Name: dues_emails_count   || Trigger: msg=1411002842696646657              || Output: emails=50 window=3d
[09/07/2025 03:48:21.135 PM] Action   || Name: dues_candidates     || Trigger: msg=1411002842696646657              || Output: members=50 emails=8
[09/07/2025 03:48:21.193 PM] Action   || Name: dues_portal_parse   || Trigger: msg=1411004457054900334              || Output: prov=None handles=0 name=None
[09/07/2025 03:48:21.202 PM] Action   || Name: dues_emails_count   || Trigger: msg=1411004457054900334              || Output: emails=50 window=3d
[09/07/2025 03:48:21.209 PM] Action   || Name: dues_candidates     || Trigger: msg=1411004457054900334              || Output: members=50 emails=8
[09/07/2025 03:48:21.283 PM] Action   || Name: dues_portal_parse   || Trigger: msg=1411004538709872772              || Output: prov=None handles=0 name=None
[09/07/2025 03:48:21.297 PM] Action   || Name: dues_emails_count   || Trigger: msg=1411004538709872772              || Output: emails=50 window=3d
[09/07/2025 03:48:21.309 PM] Action   || Name: dues_candidates     || Trigger: msg=1411004538709872772              || Output: members=50 emails=8
[09/07/2025 03:48:21.351 PM] Action   || Name: dues_top            || Trigger: msg=1411004538709872772              || Output: score=30 reasons=dues_keyword(+30)
[09/07/2025 03:48:21.363 PM] Action   || Name: dues_portal_parse   || Trigger: msg=1411008255668392076              || Output: prov=None handles=0 name=Ben Tucker - same story as Miranda
[09/07/2025 03:48:21.371 PM] Action   || Name: dues_emails_count   || Trigger: msg=1411008255668392076              || Output: emails=50 window=3d
[09/07/2025 03:48:21.378 PM] Action   || Name: dues_candidates     || Trigger: msg=1411008255668392076              || Output: members=50 emails=8
[09/07/2025 03:48:21.433 PM] Action   || Name: dues_portal_parse   || Trigger: msg=1411034365781348433              || Output: prov=cash handles=0 name=bribed
[09/07/2025 03:48:21.441 PM] Action   || Name: dues_emails_count   || Trigger: msg=1411034365781348433              || Output: emails=41 window=3d
[09/07/2025 03:48:21.449 PM] Action   || Name: dues_candidates     || Trigger: msg=1411034365781348433              || Output: members=1 emails=8
[09/07/2025 03:48:21.461 PM] Action   || Name: dues_top            || Trigger: msg=1411034365781348433              || Output: score=80 reasons=author==discord(+50);dues_keyword(+30)
[09/07/2025 03:48:21.477 PM] Action   || Name: dues_portal_parse   || Trigger: msg=1411034601312485441              || Output: prov=None handles=0 name=None
[09/07/2025 03:48:21.484 PM] Action   || Name: dues_emails_count   || Trigger: msg=1411034601312485441              || Output: emails=41 window=3d
[09/07/2025 03:48:21.497 PM] Action   || Name: dues_candidates     || Trigger: msg=1411034601312485441              || Output: members=50 emails=8
[09/07/2025 03:48:21.544 PM] Action   || Name: dues_portal_parse   || Trigger: msg=1411045802847244420              || Output: prov=None handles=0 name=None
[09/07/2025 03:48:21.551 PM] Action   || Name: dues_emails_count   || Trigger: msg=1411045802847244420              || Output: emails=31 window=3d
[09/07/2025 03:48:21.559 PM] Action   || Name: dues_candidates     || Trigger: msg=1411045802847244420              || Output: members=50 emails=8
[09/07/2025 03:48:21.600 PM] Action   || Name: dues_portal_parse   || Trigger: msg=1411165631755059320              || Output: prov=paypal handles=0 name=None
[09/07/2025 03:48:21.609 PM] Action   || Name: dues_emails_count   || Trigger: msg=1411165631755059320              || Output: emails=21 window=3d
[09/07/2025 03:48:21.627 PM] Action   || Name: dues_candidates     || Trigger: msg=1411165631755059320              || Output: members=1 emails=8
[09/07/2025 03:48:21.633 PM] Action   || Name: dues_top            || Trigger: msg=1411165631755059320              || Output: score=105 reasons=author==discord(+50);provider_agree(+25);dues_keywo...
[09/07/2025 03:48:21.650 PM] Action   || Name: dues_portal_parse   || Trigger: msg=1411172633109860533              || Output: prov=cashapp handles=1 name=My username is $AutumnMcCalla on cashapp
[09/07/2025 03:48:21.656 PM] Action   || Name: dues_emails_count   || Trigger: msg=1411172633109860533              || Output: emails=21 window=3d
[09/07/2025 03:48:21.663 PM] Action   || Name: dues_candidates     || Trigger: msg=1411172633109860533              || Output: members=1 emails=8
[09/07/2025 03:48:21.671 PM] Action   || Name: dues_top            || Trigger: msg=1411172633109860533              || Output: score=185 reasons=handle==payment_username(+60);author==discord(+50);...
[09/07/2025 03:48:21.680 PM] Action   || Name: dues_portal_parse   || Trigger: msg=1411394565533073559              || Output: prov=paypal handles=0 name=None
[09/07/2025 03:48:21.687 PM] Action   || Name: dues_emails_count   || Trigger: msg=1411394565533073559              || Output: emails=21 window=3d
[09/07/2025 03:48:21.693 PM] Action   || Name: dues_candidates     || Trigger: msg=1411394565533073559              || Output: members=50 emails=8
[09/07/2025 03:48:21.760 PM] Action   || Name: dues_top            || Trigger: msg=1411394565533073559              || Output: score=55 reasons=provider_agree(+25);dues_keyword(+30)
[09/07/2025 03:48:21.786 PM] Action   || Name: dues_portal_parse   || Trigger: msg=1411757765273194616              || Output: prov=venmo handles=1 name=Venmo username @Allen-Tellez
[09/07/2025 03:48:21.794 PM] Action   || Name: dues_emails_count   || Trigger: msg=1411757765273194616              || Output: emails=31 window=3d
[09/07/2025 03:48:21.802 PM] Action   || Name: dues_candidates     || Trigger: msg=1411757765273194616              || Output: members=1 emails=8
[09/07/2025 03:48:21.809 PM] Action   || Name: dues_top            || Trigger: msg=1411757765273194616              || Output: score=185 reasons=handle==payment_username(+60);author==discord(+50);...
[09/07/2025 03:48:21.824 PM] Action   || Name: dues_portal_parse   || Trigger: msg=1411774478933037227              || Output: prov=cash handles=0 name=None
[09/07/2025 03:48:21.834 PM] Action   || Name: dues_emails_count   || Trigger: msg=1411774478933037227              || Output: emails=30 window=3d
[09/07/2025 03:48:21.846 PM] Action   || Name: dues_candidates     || Trigger: msg=1411774478933037227              || Output: members=1 emails=8
[09/07/2025 03:48:21.857 PM] Action   || Name: dues_top            || Trigger: msg=1411774478933037227              || Output: score=75 reasons=author==discord(+50);dues_keyword(+30);amount_ok_por...
[09/07/2025 03:48:21.877 PM] Action   || Name: dues_portal_parse   || Trigger: msg=1412475087071744113              || Output: prov=cashapp handles=0 name=None
[09/07/2025 03:48:21.884 PM] Action   || Name: dues_emails_count   || Trigger: msg=1412475087071744113              || Output: emails=39 window=3d
[09/07/2025 03:48:21.890 PM] Action   || Name: dues_candidates     || Trigger: msg=1412475087071744113              || Output: members=1 emails=8
[09/07/2025 03:48:21.895 PM] Action   || Name: dues_top            || Trigger: msg=1412475087071744113              || Output: score=125 reasons=author==discord(+50);provider_agree(+25);dues_keywo...
[09/07/2025 03:48:21.907 PM] Action   || Name: dues_portal_parse   || Trigger: msg=1412479638747480234              || Output: prov=paypal handles=0 name=Jesse Jarrell
[09/07/2025 03:48:21.911 PM] Action   || Name: dues_emails_count   || Trigger: msg=1412479638747480234              || Output: emails=39 window=3d
[09/07/2025 03:48:21.917 PM] Action   || Name: dues_candidates     || Trigger: msg=1412479638747480234              || Output: members=1 emails=8
[09/07/2025 03:48:21.930 PM] Action   || Name: dues_top            || Trigger: msg=1412479638747480234              || Output: score=145 reasons=name≈full(100)(+40);author==discord(+50);provider_a...
[09/07/2025 03:48:21.948 PM] Action   || Name: dues_portal_parse   || Trigger: msg=1412522856272887829              || Output: prov=venmo handles=0 name=Zoe-Cronin-4
[09/07/2025 03:48:21.958 PM] Action   || Name: dues_emails_count   || Trigger: msg=1412522856272887829              || Output: emails=39 window=3d
[09/07/2025 03:48:21.966 PM] Action   || Name: dues_candidates     || Trigger: msg=1412522856272887829              || Output: members=1 emails=8
[09/07/2025 03:48:21.979 PM] Action   || Name: dues_top            || Trigger: msg=1412522856272887829              || Output: score=125 reasons=author==discord(+50);provider_agree(+25);dues_keywo...
[09/07/2025 03:48:21.989 PM] Action   || Name: dues_portal_parse   || Trigger: msg=1412524265449984032              || Output: prov=paypal handles=0 name=None
[09/07/2025 03:48:21.995 PM] Action   || Name: dues_emails_count   || Trigger: msg=1412524265449984032              || Output: emails=39 window=3d
[09/07/2025 03:48:22.001 PM] Action   || Name: dues_candidates     || Trigger: msg=1412524265449984032              || Output: members=1 emails=8
[09/07/2025 03:48:22.014 PM] Action   || Name: dues_top            || Trigger: msg=1412524265449984032              || Output: score=105 reasons=author==discord(+50);provider_agree(+25);dues_keywo...
[09/07/2025 03:48:22.028 PM] Action   || Name: dues_portal_parse   || Trigger: msg=1412535865443356924              || Output: prov=inperson handles=0 name=None
[09/07/2025 03:48:22.036 PM] Action   || Name: dues_emails_count   || Trigger: msg=1412535865443356924              || Output: emails=38 window=3d
[09/07/2025 03:48:22.043 PM] Action   || Name: dues_candidates     || Trigger: msg=1412535865443356924              || Output: members=50 emails=8
[09/07/2025 03:48:22.076 PM] Action   || Name: dues_top            || Trigger: msg=1412535865443356924              || Output: score=5 reasons=dues_keyword(+30);provider_mismatch(-25)
[09/07/2025 03:48:22.090 PM] Action   || Name: dues_portal_parse   || Trigger: msg=1412540764575240323              || Output: prov=inperson handles=0 name=None
[09/07/2025 03:48:22.098 PM] Action   || Name: dues_emails_count   || Trigger: msg=1412540764575240323              || Output: emails=38 window=3d
[09/07/2025 03:48:22.110 PM] Action   || Name: dues_candidates     || Trigger: msg=1412540764575240323              || Output: members=50 emails=8
[09/07/2025 03:48:22.146 PM] Action   || Name: dues_top            || Trigger: msg=1412540764575240323              || Output: score=5 reasons=dues_keyword(+30);provider_mismatch(-25)
[09/07/2025 03:48:22.158 PM] Action   || Name: dues_portal_parse   || Trigger: msg=1412551073004126269              || Output: prov=cashapp handles=1 name=Mario Rodriguez
[09/07/2025 03:48:22.164 PM] Action   || Name: dues_emails_count   || Trigger: msg=1412551073004126269              || Output: emails=38 window=3d
[09/07/2025 03:48:22.171 PM] Action   || Name: dues_candidates     || Trigger: msg=1412551073004126269              || Output: members=50 emails=8
[09/07/2025 03:48:22.189 PM] Action   || Name: dues_top            || Trigger: msg=1412551073004126269              || Output: score=55 reasons=provider_agree(+25);dues_keyword(+30)
[09/07/2025 03:48:22.197 PM] Action   || Name: dues_portal_parse   || Trigger: msg=1412552524321525770              || Output: prov=venmo handles=0 name=None
[09/07/2025 03:48:22.202 PM] Action   || Name: dues_emails_count   || Trigger: msg=1412552524321525770              || Output: emails=38 window=3d
[09/07/2025 03:48:22.208 PM] Action   || Name: dues_candidates     || Trigger: msg=1412552524321525770              || Output: members=1 emails=8
[09/07/2025 03:48:22.215 PM] Action   || Name: dues_top            || Trigger: msg=1412552524321525770              || Output: score=125 reasons=author==discord(+50);provider_agree(+25);dues_keywo...
[09/07/2025 03:48:22.230 PM] Action   || Name: dues_portal_parse   || Trigger: msg=1412552580587847865              || Output: prov=inperson handles=0 name=None
[09/07/2025 03:48:22.236 PM] Action   || Name: dues_emails_count   || Trigger: msg=1412552580587847865              || Output: emails=38 window=3d
[09/07/2025 03:48:22.242 PM] Action   || Name: dues_candidates     || Trigger: msg=1412552580587847865              || Output: members=1 emails=8
[09/07/2025 03:48:22.249 PM] Action   || Name: dues_top            || Trigger: msg=1412552580587847865              || Output: score=75 reasons=author==discord(+50);dues_keyword(+30);amount_ok_por...
[09/07/2025 03:48:22.272 PM] Action   || Name: dues_portal_parse   || Trigger: msg=1412553471277928448              || Output: prov=inperson handles=0 name=None
[09/07/2025 03:48:22.278 PM] Action   || Name: dues_emails_count   || Trigger: msg=1412553471277928448              || Output: emails=38 window=3d
[09/07/2025 03:48:22.284 PM] Action   || Name: dues_candidates     || Trigger: msg=1412553471277928448              || Output: members=50 emails=8
[09/07/2025 03:48:22.329 PM] Action   || Name: dues_top            || Trigger: msg=1412553471277928448              || Output: score=55 reasons=author≈discord(+30);dues_keyword(+30);amount_ok_port...
[09/07/2025 03:48:22.348 PM] Action   || Name: dues_portal_parse   || Trigger: msg=1412553487837040772              || Output: prov=paypal handles=0 name=None
[09/07/2025 03:48:22.354 PM] Action   || Name: dues_emails_count   || Trigger: msg=1412553487837040772              || Output: emails=38 window=3d
[09/07/2025 03:48:22.360 PM] Action   || Name: dues_candidates     || Trigger: msg=1412553487837040772              || Output: members=50 emails=8
[09/07/2025 03:48:22.449 PM] Action   || Name: dues_top            || Trigger: msg=1412553487837040772              || Output: score=75 reasons=provider_agree(+25);dues_keyword(+30);amount_ok_port...
[09/07/2025 03:48:22.474 PM] Action   || Name: dues_portal_parse   || Trigger: msg=1412553782419525805              || Output: prov=inperson handles=0 name=None
[09/07/2025 03:48:22.480 PM] Action   || Name: dues_emails_count   || Trigger: msg=1412553782419525805              || Output: emails=38 window=3d
[09/07/2025 03:48:22.486 PM] Action   || Name: dues_candidates     || Trigger: msg=1412553782419525805              || Output: members=1 emails=8
[09/07/2025 03:48:22.492 PM] Action   || Name: dues_top            || Trigger: msg=1412553782419525805              || Output: score=75 reasons=author==discord(+50);dues_keyword(+30);amount_ok_por...
[09/07/2025 03:48:22.501 PM] Action   || Name: dues_portal_parse   || Trigger: msg=1412554985584988341              || Output: prov=inperson handles=0 name=None
[09/07/2025 03:48:22.506 PM] Action   || Name: dues_emails_count   || Trigger: msg=1412554985584988341              || Output: emails=38 window=3d
[09/07/2025 03:48:22.512 PM] Action   || Name: dues_candidates     || Trigger: msg=1412554985584988341              || Output: members=1 emails=8
[09/07/2025 03:48:22.517 PM] Action   || Name: dues_top            || Trigger: msg=1412554985584988341              || Output: score=35 reasons=author≈discord(91)(+30);dues_keyword(+30);provider_m...
[09/07/2025 03:48:22.534 PM] Action   || Name: dues_portal_parse   || Trigger: msg=1412557822599888907              || Output: prov=inperson handles=0 name=Sarah Nguyen
[09/07/2025 03:48:22.543 PM] Action   || Name: dues_emails_count   || Trigger: msg=1412557822599888907              || Output: emails=38 window=3d
[09/07/2025 03:48:22.552 PM] Action   || Name: dues_candidates     || Trigger: msg=1412557822599888907              || Output: members=1 emails=8
[09/07/2025 03:48:22.558 PM] Action   || Name: dues_top            || Trigger: msg=1412557822599888907              || Output: score=95 reasons=name≈full(100)(+40);author==discord(+50);dues_keywor...
[09/07/2025 03:48:22.575 PM] Action   || Name: dues_portal_parse   || Trigger: msg=1412560082817781810              || Output: prov=None handles=0 name=abigail mejia
[09/07/2025 03:48:22.582 PM] Action   || Name: dues_emails_count   || Trigger: msg=1412560082817781810              || Output: emails=38 window=3d
[09/07/2025 03:48:22.600 PM] Action   || Name: dues_candidates     || Trigger: msg=1412560082817781810              || Output: members=1 emails=8
[09/07/2025 03:48:22.608 PM] Action   || Name: dues_top            || Trigger: msg=1412560082817781810              || Output: score=120 reasons=name≈full(84)(+20);author==discord(+50);dues_keywor...
[09/07/2025 03:48:22.622 PM] Action   || Name: dues_portal_parse   || Trigger: msg=1412573545145438359              || Output: prov=None handles=0 name=Taylor Snyder
[09/07/2025 03:48:22.633 PM] Action   || Name: dues_emails_count   || Trigger: msg=1412573545145438359              || Output: emails=38 window=3d
[09/07/2025 03:48:22.641 PM] Action   || Name: dues_candidates     || Trigger: msg=1412573545145438359              || Output: members=1 emails=8
[09/07/2025 03:48:22.648 PM] Action   || Name: dues_top            || Trigger: msg=1412573545145438359              || Output: score=100 reasons=name≈full(100)(+40);author≈discord(88)(+30);dues_ke...
[09/07/2025 03:48:22.661 PM] Action   || Name: dues_portal_parse   || Trigger: msg=1412574086843994295              || Output: prov=None handles=0 name=None
[09/07/2025 03:48:22.667 PM] Action   || Name: dues_emails_count   || Trigger: msg=1412574086843994295              || Output: emails=38 window=3d
[09/07/2025 03:48:22.678 PM] Action   || Name: dues_candidates     || Trigger: msg=1412574086843994295              || Output: members=50 emails=8
[09/07/2025 03:48:22.712 PM] Action   || Name: dues_top            || Trigger: msg=1412574086843994295              || Output: score=30 reasons=dues_keyword(+30)
[09/07/2025 03:48:22.740 PM] Action   || Name: dues_portal_parse   || Trigger: msg=1412617910160982097              || Output: prov=paypal handles=0 name=paymenguyenever
[09/07/2025 03:48:22.748 PM] Action   || Name: dues_emails_count   || Trigger: msg=1412617910160982097              || Output: emails=39 window=3d
[09/07/2025 03:48:22.755 PM] Action   || Name: dues_candidates     || Trigger: msg=1412617910160982097              || Output: members=1 emails=8
[09/07/2025 03:48:22.763 PM] Action   || Name: dues_top            || Trigger: msg=1412617910160982097              || Output: score=105 reasons=author==discord(+50);provider_agree(+25);dues_keywo...
[09/07/2025 03:48:22.778 PM] Action   || Name: dues_portal_parse   || Trigger: msg=1412619315798347886              || Output: prov=None handles=0 name=None
[09/07/2025 03:48:22.785 PM] Action   || Name: dues_emails_count   || Trigger: msg=1412619315798347886              || Output: emails=39 window=3d
[09/07/2025 03:48:22.824 PM] Action   || Name: dues_candidates     || Trigger: msg=1412619315798347886              || Output: members=50 emails=8
[09/07/2025 03:48:22.872 PM] Action   || Name: dues_top            || Trigger: msg=1412619315798347886              || Output: score=30 reasons=dues_keyword(+30)
[09/07/2025 03:48:22.890 PM] Action   || Name: dues_portal_parse   || Trigger: msg=1412622949260984460              || Output: prov=None handles=0 name=None
[09/07/2025 03:48:22.903 PM] Action   || Name: dues_emails_count   || Trigger: msg=1412622949260984460              || Output: emails=39 window=3d
[09/07/2025 03:48:22.913 PM] Action   || Name: dues_candidates     || Trigger: msg=1412622949260984460              || Output: members=1 emails=8
[09/07/2025 03:48:22.924 PM] Action   || Name: dues_top            || Trigger: msg=1412622949260984460              || Output: score=80 reasons=author==discord(+50);dues_keyword(+30)
[09/07/2025 03:48:22.938 PM] Action   || Name: dues_portal_parse   || Trigger: msg=1412821824668172318              || Output: prov=None handles=0 name=Marco Paessler 15$
[09/07/2025 03:48:22.945 PM] Action   || Name: dues_emails_count   || Trigger: msg=1412821824668172318              || Output: emails=41 window=3d
[09/07/2025 03:48:22.952 PM] Action   || Name: dues_candidates     || Trigger: msg=1412821824668172318              || Output: members=50 emails=8
[09/07/2025 03:48:22.987 PM] Action   || Name: dues_top            || Trigger: msg=1412821824668172318              || Output: score=50 reasons=dues_keyword(+30);amount_ok_portal(+20)
[09/07/2025 03:48:23.006 PM] Action   || Name: dues_portal_parse   || Trigger: msg=1412822112380653732              || Output: prov=None handles=0 name=None
[09/07/2025 03:48:23.016 PM] Action   || Name: dues_emails_count   || Trigger: msg=1412822112380653732              || Output: emails=41 window=3d
[09/07/2025 03:48:23.026 PM] Action   || Name: dues_candidates     || Trigger: msg=1412822112380653732              || Output: members=50 emails=8
[09/07/2025 03:48:23.060 PM] Action   || Name: dues_top            || Trigger: msg=1412822112380653732              || Output: score=30 reasons=dues_keyword(+30)
[09/07/2025 03:48:23.080 PM] Action   || Name: dues_portal_parse   || Trigger: msg=1412833979362447502              || Output: prov=cashapp handles=0 name=cici4f3
[09/07/2025 03:48:23.083 PM] Action   || Name: dues_emails_count   || Trigger: msg=1412833979362447502              || Output: emails=41 window=3d
[09/07/2025 03:48:23.096 PM] Action   || Name: dues_candidates     || Trigger: msg=1412833979362447502              || Output: members=1 emails=8
[09/07/2025 03:48:23.111 PM] Action   || Name: dues_top            || Trigger: msg=1412833979362447502              || Output: score=105 reasons=author==discord(+50);provider_agree(+25);dues_keywo...
[09/07/2025 03:48:23.139 PM] Action   || Name: dues_portal_parse   || Trigger: msg=1412837276668395611              || Output: prov=cashapp handles=1 name=CashApp
[09/07/2025 03:48:23.147 PM] Action   || Name: dues_emails_count   || Trigger: msg=1412837276668395611              || Output: emails=41 window=3d
[09/07/2025 03:48:23.156 PM] Action   || Name: dues_candidates     || Trigger: msg=1412837276668395611              || Output: members=1 emails=8
[09/07/2025 03:48:23.162 PM] Action   || Name: dues_top            || Trigger: msg=1412837276668395611              || Output: score=165 reasons=handle==payment_username(+60);author==discord(+50);...
[09/07/2025 03:48:23.184 PM] Action   || Name: dues_portal_parse   || Trigger: msg=1412843272035893311              || Output: prov=None handles=0 name=None
[09/07/2025 03:48:23.190 PM] Action   || Name: dues_emails_count   || Trigger: msg=1412843272035893311              || Output: emails=42 window=3d
[09/07/2025 03:48:23.195 PM] Action   || Name: dues_candidates     || Trigger: msg=1412843272035893311              || Output: members=1 emails=8
[09/07/2025 03:48:23.201 PM] Action   || Name: dues_top            || Trigger: msg=1412843272035893311              || Output: score=80 reasons=author==discord(+50);dues_keyword(+30)
[09/07/2025 03:48:23.209 PM] Action   || Name: dues_portal_parse   || Trigger: msg=1412855351618830468              || Output: prov=None handles=0 name=None
[09/07/2025 03:48:23.217 PM] Action   || Name: dues_emails_count   || Trigger: msg=1412855351618830468              || Output: emails=41 window=3d
[09/07/2025 03:48:23.222 PM] Action   || Name: dues_candidates     || Trigger: msg=1412855351618830468              || Output: members=50 emails=8
[09/07/2025 03:48:23.265 PM] Action   || Name: dues_portal_parse   || Trigger: msg=1412964788199489636              || Output: prov=inperson handles=0 name=None
[09/07/2025 03:48:23.273 PM] Action   || Name: dues_emails_count   || Trigger: msg=1412964788199489636              || Output: emails=42 window=3d
[09/07/2025 03:48:23.312 PM] Action   || Name: dues_candidates     || Trigger: msg=1412964788199489636              || Output: members=1 emails=8
[09/07/2025 03:48:23.370 PM] Action   || Name: dues_top            || Trigger: msg=1412964788199489636              || Output: score=55 reasons=author==discord(+50);dues_keyword(+30);provider_mism...
[09/07/2025 03:48:23.388 PM] Action   || Name: dues_portal_parse   || Trigger: msg=1413003894853996696              || Output: prov=cashapp handles=0 name=None
[09/07/2025 03:48:23.398 PM] Action   || Name: dues_emails_count   || Trigger: msg=1413003894853996696              || Output: emails=42 window=3d
[09/07/2025 03:48:23.404 PM] Action   || Name: dues_candidates     || Trigger: msg=1413003894853996696              || Output: members=1 emails=8
[09/07/2025 03:48:23.410 PM] Action   || Name: dues_top            || Trigger: msg=1413003894853996696              || Output: score=105 reasons=author==discord(+50);provider_agree(+25);dues_keywo...
[09/07/2025 03:48:23.424 PM] Action   || Name: dues_portal_parse   || Trigger: msg=1413050561502117908              || Output: prov=cashapp handles=0 name=Cash App
[09/07/2025 03:48:23.430 PM] Action   || Name: dues_emails_count   || Trigger: msg=1413050561502117908              || Output: emails=41 window=3d
[09/07/2025 03:48:23.445 PM] Action   || Name: dues_candidates     || Trigger: msg=1413050561502117908              || Output: members=1 emails=8
[09/07/2025 03:48:23.456 PM] Action   || Name: dues_top            || Trigger: msg=1413050561502117908              || Output: score=105 reasons=author==discord(+50);provider_agree(+25);dues_keywo...
[09/07/2025 03:48:23.480 PM] Action   || Name: dues_portal_parse   || Trigger: msg=1413205997404815612              || Output: prov=venmo handles=0 name=None
[09/07/2025 03:48:23.487 PM] Action   || Name: dues_emails_count   || Trigger: msg=1413205997404815612              || Output: emails=41 window=3d
[09/07/2025 03:48:23.493 PM] Action   || Name: dues_candidates     || Trigger: msg=1413205997404815612              || Output: members=50 emails=8
[09/07/2025 03:48:23.536 PM] Action   || Name: dues_top            || Trigger: msg=1413205997404815612              || Output: score=55 reasons=provider_agree(+25);dues_keyword(+30)
[09/07/2025 03:48:23.552 PM] Action   || Name: dues_portal_parse   || Trigger: msg=1413283336557826058              || Output: prov=None handles=0 name=None
[09/07/2025 03:48:23.559 PM] Action   || Name: dues_emails_count   || Trigger: msg=1413283336557826058              || Output: emails=44 window=3d
[09/07/2025 03:48:23.565 PM] Action   || Name: dues_candidates     || Trigger: msg=1413283336557826058              || Output: members=1 emails=8
[09/07/2025 03:48:23.572 PM] Action   || Name: dues_top            || Trigger: msg=1413283336557826058              || Output: score=80 reasons=author==discord(+50);dues_keyword(+30)
[09/07/2025 03:48:23.585 PM] Action   || Name: dues_portal_parse   || Trigger: msg=1413311147125244104              || Output: prov=venmo handles=0 name=None
[09/07/2025 03:48:23.591 PM] Action   || Name: dues_emails_count   || Trigger: msg=1413311147125244104              || Output: emails=44 window=3d
[09/07/2025 03:48:23.597 PM] Action   || Name: dues_candidates     || Trigger: msg=1413311147125244104              || Output: members=50 emails=8
[09/07/2025 03:48:23.631 PM] Action   || Name: dues_top            || Trigger: msg=1413311147125244104              || Output: score=55 reasons=provider_agree(+25);dues_keyword(+30)
[09/07/2025 03:51:59.361 PM] Message  || User: slayc127            || Channel: #purrley-pawsitive-pussy-pals        || Content: life is strange show greenlit by amazon
[09/07/2025 03:52:08.533 PM] React+   || User: nostalgicsapphic    || Channel: #purrley-pawsitive-pussy-pals        || emoji=👀; msg="life is strange show greenlit by amazon" by slayc127
[09/07/2025 03:52:14.735 PM] Message  || User: nostalgicsapphic    || Channel: #purrley-pawsitive-pussy-pals        || Content: thoughts? feelings?
[09/07/2025 03:52:16.771 PM] Message  || User: slayc127            || Channel: #purrley-pawsitive-pussy-pals        || Content: https://tenor.com/view/yippee-tbh-creature-explosion-gif-14081440978...
[09/07/2025 03:52:23.007 PM] React+   || User: nostalgicsapphic    || Channel: #purrley-pawsitive-pussy-pals        || emoji=😆; msg="https://tenor.com/view/yippee-tbh-creatu..." by slayc127
[09/07/2025 03:52:24.260 PM] Message  || User: slayc127            || Channel: #purrley-pawsitive-pussy-pals        || Content: get amazon away from my shayla
[09/07/2025 03:52:27.951 PM] React+   || User: nostalgicsapphic    || Channel: #purrley-pawsitive-pussy-pals        || emoji=‼️; msg="get amazon away from my shayla" by slayc127
[09/07/2025 03:52:31.805 PM] Message  || User: nostalgicsapphic    || Channel: #purrley-pawsitive-pussy-pals        || Content: REAL
[09/07/2025 03:52:43.490 PM] Message  || User: nostalgicsapphic    || Channel: #purrley-pawsitive-pussy-pals        || Content: didn’t want to be mean until u said smthn but yeah fuck them fr
[09/07/2025 03:53:00.179 PM] Message  || User: slayc127            || Channel: #purrley-pawsitive-pussy-pals        || Content: i hope its one of those series that is greenlit and never actually r...
[09/07/2025 03:53:08.036 PM] React+   || User: nostalgicsapphic    || Channel: #purrley-pawsitive-pussy-pals        || emoji=‼️; msg="i hope its one of those series that is g..." by slayc127
[09/07/2025 03:53:10.293 PM] Message  || User: slayc127            || Channel: #purrley-pawsitive-pussy-pals        || Content: i need some nobody to produce it or smth
[09/07/2025 03:53:16.180 PM] Message  || User: nostalgicsapphic    || Channel: #purrley-pawsitive-pussy-pals        || Content: it probably won’t even be gay
[09/07/2025 03:53:16.632 PM] Message  || User: slayc127            || Channel: #purrley-pawsitive-pussy-pals        || Content: thatll never happen but a queer can dream
[09/07/2025 03:53:21.949 PM] Message  || User: slayc127            || Channel: #purrley-pawsitive-pussy-pals        || Content: IT WONT BE GAY.
[09/07/2025 03:53:22.330 PM] React+   || User: nostalgicsapphic    || Channel: #purrley-pawsitive-pussy-pals        || emoji=‼️; msg="thatll never happen but a queer can drea..." by slayc127
[09/07/2025 03:53:24.852 PM] React+   || User: slayc127            || Channel: #purrley-pawsitive-pussy-pals        || emoji=‼️; msg="it probably won’t even be gay" by nostalgicsapphic
[09/07/2025 03:53:25.819 PM] React+   || User: nostalgicsapphic    || Channel: #purrley-pawsitive-pussy-pals        || emoji=😭; msg="IT WONT BE GAY." by slayc127
[09/07/2025 03:53:29.464 PM] Message  || User: slayc127            || Channel: #purrley-pawsitive-pussy-pals        || Content: because THEY HATE QUEERS
[09/07/2025 03:53:30.411 PM] Message  || User: slayc127            || Channel: #purrley-pawsitive-pussy-pals        || Content: grrrrr
[09/07/2025 03:53:32.307 PM] React+   || User: nostalgicsapphic    || Channel: #purrley-pawsitive-pussy-pals        || emoji=‼️; msg="because THEY HATE QUEERS" by slayc127
[09/07/2025 03:53:40.243 PM] Message  || User: nostalgicsapphic    || Channel: #purrley-pawsitive-pussy-pals        || Content: grrr frfr
[09/07/2025 03:53:43.632 PM] Message  || User: slayc127            || Channel: #purrley-pawsitive-pussy-pals        || Content: puppy class in 7 minutes and they dont know my life might in fact be...
[09/07/2025 03:53:49.615 PM] React+   || User: nostalgicsapphic    || Channel: #purrley-pawsitive-pussy-pals        || emoji=😆; msg="puppy class in 7 minutes and they dont k..." by slayc127
[09/07/2025 03:53:50.240 PM] Message  || User: slayc127            || Channel: #purrley-pawsitive-pussy-pals        || Content: like i cannot emphasize thay this is my life
[09/07/2025 03:53:59.815 PM] Message  || User: slayc127            || Channel: #purrley-pawsitive-pussy-pals        || Content: i fall asleep to the main menu music every night
[09/07/2025 03:54:01.087 PM] Message  || User: nostalgicsapphic    || Channel: #purrley-pawsitive-pussy-pals        || Content: seeing a puppy will make up for it
[09/07/2025 03:54:03.850 PM] React+   || User: slayc127            || Channel: #purrley-pawsitive-pussy-pals        || emoji=😆; msg="seeing a puppy will make up for it" by nostalgicsapphic
[09/07/2025 03:54:05.848 PM] React+   || User: slayc127            || Channel: #purrley-pawsitive-pussy-pals        || emoji=‼️; msg="seeing a puppy will make up for it" by nostalgicsapphic
[09/07/2025 03:54:13.436 PM] Message  || User: slayc127            || Channel: #purrley-pawsitive-pussy-pals        || Content: so true...opal and boone (puppies) save me.....
[09/07/2025 03:54:20.309 PM] React+   || User: nostalgicsapphic    || Channel: #purrley-pawsitive-pussy-pals        || emoji=🔥; msg="so true...opal and boone (puppies) save ..." by slayc127
[09/07/2025 03:54:23.180 PM] Message  || User: slayc127            || Channel: #purrley-pawsitive-pussy-pals        || Content: i am so excited to finall get pics of these babies for u guys
[09/07/2025 03:54:32.538 PM] Message  || User: nostalgicsapphic    || Channel: #purrley-pawsitive-pussy-pals        || Content: SO EXCITED
[09/07/2025 03:54:38.406 PM] Message  || User: nostalgicsapphic    || Channel: #purrley-pawsitive-pussy-pals        || Content: i was gonna ask for photos :3
[09/07/2025 04:38:23.286 PM] Online   || User: Tom Cat#8337        || Guilds: 2                                    
[09/07/2025 04:38:24.789 PM] Health   || Component: image_tab      || Status: ok                                    || channel_id=551084964318543904 tab=TCBPicsInput
[09/07/2025 04:38:25.579 PM] Health   || Component: image_tab      || Status: ok                                    || channel_id=639882573199441930 tab=TCBPicsInput
[09/07/2025 04:38:26.231 PM] Health   || Component: image_tab      || Status: ok                                    || channel_id=1341696618688286720 tab=TCBPicsInput
[09/07/2025 04:38:27.061 PM] Health   || Component: image_tab      || Status: ok                                    || channel_id=1344745306620694558 tab=TCBVetBillInput
[09/07/2025 04:38:27.885 PM] Health   || Component: feeding_tab    || Status: ok                                   
[09/07/2025 04:38:38.753 PM] Action   || Name: gmail_log_scheduler || Trigger: found=5                              || Output: logged=1
[09/07/2025 04:39:57.866 PM] Message  || User: pancakemixteamdj    || Channel: #yapper-committee                    || Content: Uta book store , or vending machine around campus
[09/07/2025 04:40:16.397 PM] React+   || User: slayc127            || Channel: #purrley-pawsitive-pussy-pals        || emoji=‼️; msg="What a day today" by a1darek
[09/07/2025 04:40:29.700 PM] Message  || User: pancakemixteamdj    || Channel: #yapper-committee                    || Content: One at the book store are cheaper
[09/07/2025 04:40:54.795 PM] React+   || User: m_digio             || Channel: #purrley-pawsitive-pussy-pals        || emoji=❤️; msg="brucey 4 u" by nostalgicsapphic
[09/07/2025 04:41:36.899 PM] Message  || User: austinbaustinb      || Channel: #thomas-cat-sandbox                  || Content: Tomcat check due payments
[09/07/2025 04:41:36.921 PM] Intent   || dues_check                ||                                              
[09/07/2025 04:41:37.171 PM] Action   || Name: dues_begin          || Trigger:                                      || Output: 
[09/07/2025 04:41:37.690 PM] Action   || Name: dues_portal_count   || Trigger: count=57                             || Output: 
[09/07/2025 04:41:37.706 PM] Action   || Name: dues_membership_... || Trigger: sheet=1PBvCd6gTwc1_aqlCtn93xPW7XJ... || Output: ws=Membership Application List
[09/07/2025 04:41:39.307 PM] Action   || Name: dues_membership_... || Trigger: row=2                                || Output: Date|Mavorgs Invite|Semester|Email|Full Name|Discord Username|Payment...
[09/07/2025 04:41:39.325 PM] Action   || Name: dues_membership_... || Trigger: keys                                 || Output: date,mavorgsinvite,semester,email,fullname,discordusername,paymentuse...
[09/07/2025 04:41:39.341 PM] Action   || Name: dues_membership_... || Trigger: total=1002                           || Output: usable=1000
[09/07/2025 04:41:39.366 PM] Action   || Name: dues_members_count  || Trigger: count=1000                           || Output: 
[09/07/2025 04:41:39.379 PM] Action   || Name: dues_members_fil... || Trigger: min_date=2025-08-18                  || Output: from=1000 to=495
[09/07/2025 04:41:39.406 PM] Action   || Name: dues_emails_global  || Trigger: range=2025-08-18..2025-09-07         || Output: count=132
[09/07/2025 04:41:39.430 PM] Action   || Name: dues_portal_parse   || Trigger: msg=1408112759123738795              || Output: prov=venmo handles=0 name=Venmo
[09/07/2025 04:41:39.443 PM] Action   || Name: dues_emails_count   || Trigger: msg=1408112759123738795              || Output: emails=32 window=3d
[09/07/2025 04:41:39.455 PM] Action   || Name: dues_candidates     || Trigger: msg=1408112759123738795              || Output: members=1 emails=8
[09/07/2025 04:41:47.697 PM] Action   || Name: dues_top            || Trigger: msg=1408112759123738795              || Output: score=145 reasons=author==discord(+50);provider_agree(+25);dues_keywo...
[09/07/2025 04:41:47.734 PM] Action   || Name: dues_portal_parse   || Trigger: msg=1408312356915773491              || Output: prov=paypal handles=0 name=None
[09/07/2025 04:41:47.748 PM] Action   || Name: dues_emails_count   || Trigger: msg=1408312356915773491              || Output: emails=28 window=3d
[09/07/2025 04:41:47.761 PM] Action   || Name: dues_candidates     || Trigger: msg=1408312356915773491              || Output: members=1 emails=8
[09/07/2025 04:41:49.835 PM] Action   || Name: dues_top            || Trigger: msg=1408312356915773491              || Output: score=95 reasons=author==discord(+50);dues_keyword(+30);nlp_bias(+20)...
[09/07/2025 04:41:49.877 PM] Action   || Name: dues_portal_parse   || Trigger: msg=1408592553720283308              || Output: prov=paypal handles=0 name=None
[09/07/2025 04:41:49.889 PM] Action   || Name: dues_emails_count   || Trigger: msg=1408592553720283308              || Output: emails=20 window=3d
[09/07/2025 04:41:49.905 PM] Action   || Name: dues_candidates     || Trigger: msg=1408592553720283308              || Output: members=50 emails=8
[09/07/2025 04:52:20.238 PM] Online   || User: Tom Cat#8337        || Guilds: 2                                    
[09/07/2025 04:52:22.084 PM] Health   || Component: image_tab      || Status: ok                                    || channel_id=551084964318543904 tab=TCBPicsInput
[09/07/2025 04:52:22.796 PM] Health   || Component: image_tab      || Status: ok                                    || channel_id=639882573199441930 tab=TCBPicsInput
[09/07/2025 04:52:23.499 PM] Health   || Component: image_tab      || Status: ok                                    || channel_id=1341696618688286720 tab=TCBPicsInput
[09/07/2025 04:52:24.165 PM] Health   || Component: image_tab      || Status: ok                                    || channel_id=1344745306620694558 tab=TCBVetBillInput
[09/07/2025 04:52:24.534 PM] Health   || Component: feeding_tab    || Status: ok                                   
[09/07/2025 04:52:25.446 PM] Action   || Name: gmail_log_scheduler || Trigger: found=5                              || Output: logged=1
[09/07/2025 04:52:30.975 PM] Message  || User: austinbaustinb      || Channel: #thomas-cat-sandbox                  || Content: meow
[09/07/2025 04:52:31.309 PM] Action   || Name: handle_misc         || Trigger: trigger=meow                         || Output: meow!
[09/07/2025 04:52:34.287 PM] Message  || User: austinbaustinb      || Channel: #thomas-cat-sandbox                  || Content: Tomcat check due payments
[09/07/2025 04:52:34.308 PM] Intent   || dues_check                ||                                              
[09/07/2025 04:52:34.914 PM] Action   || Name: dues_membership_... || Trigger: sheet=1PBvCd6gTwc1_aqlCtn93xPW7XJ... || Output: ws=Membership Application List
[09/07/2025 04:52:36.756 PM] Action   || Name: dues_membership_... || Trigger: row=2                                || Output: Date|Mavorgs Invite|Semester|Email|Full Name|Discord Username|Payment...
[09/07/2025 04:52:36.767 PM] Action   || Name: dues_membership_... || Trigger: keys                                 || Output: date,mavorgsinvite,semester,email,fullname,discordusername,paymentuse...
[09/07/2025 04:52:36.775 PM] Action   || Name: dues_membership_... || Trigger: total=1002                           || Output: usable=1000
[09/07/2025 04:52:37.781 PM] Action   || Name: dues_check_error    || Trigger:                                      || Output: name '_nlp_dues_bias' is not defined
[09/07/2025 04:54:03.657 PM] Online   || User: Tom Cat#8337        || Guilds: 2                                    
[09/07/2025 04:54:04.682 PM] Health   || Component: image_tab      || Status: ok                                    || channel_id=551084964318543904 tab=TCBPicsInput
[09/07/2025 04:54:05.226 PM] Health   || Component: image_tab      || Status: ok                                    || channel_id=639882573199441930 tab=TCBPicsInput
[09/07/2025 04:54:05.752 PM] Health   || Component: image_tab      || Status: ok                                    || channel_id=1341696618688286720 tab=TCBPicsInput
[09/07/2025 04:54:06.313 PM] Health   || Component: image_tab      || Status: ok                                    || channel_id=1344745306620694558 tab=TCBVetBillInput
[09/07/2025 04:54:06.786 PM] Health   || Component: feeding_tab    || Status: ok                                   
[09/07/2025 04:54:07.665 PM] Action   || Name: gmail_log_scheduler || Trigger: found=5                              || Output: logged=None
[09/07/2025 04:54:11.941 PM] Message  || User: a1darek             || Channel: #purrley-pawsitive-pussy-pals        || Content: when I'm doing tnr?
[09/07/2025 04:54:13.028 PM] Message  || User: austinbaustinb      || Channel: #thomas-cat-sandbox                  || Content: tomcat check due payments
[09/07/2025 04:54:13.049 PM] Intent   || dues_check                ||                                              
[09/07/2025 04:54:13.580 PM] Action   || Name: dues_membership_... || Trigger: sheet=1PBvCd6gTwc1_aqlCtn93xPW7XJ... || Output: ws=Membership Application List
[09/07/2025 04:54:15.060 PM] Action   || Name: dues_membership_... || Trigger: row=2                                || Output: Date|Mavorgs Invite|Semester|Email|Full Name|Discord Username|Payment...
[09/07/2025 04:54:15.074 PM] Action   || Name: dues_membership_... || Trigger: keys                                 || Output: date,mavorgsinvite,semester,email,fullname,discordusername,paymentuse...
[09/07/2025 04:54:15.088 PM] Action   || Name: dues_membership_... || Trigger: total=1002                           || Output: usable=1000
[09/07/2025 04:55:46.098 PM] Message  || User: dandelion021._.     || Channel: #yapper-committee                    || Content: oooo thank youu
[09/07/2025 04:55:46.807 PM] Online   || User: Tom Cat#8337        || Guilds: 2                                    
[09/07/2025 04:55:47.934 PM] Health   || Component: image_tab      || Status: ok                                    || channel_id=551084964318543904 tab=TCBPicsInput
[09/07/2025 04:55:48.714 PM] Health   || Component: image_tab      || Status: ok                                    || channel_id=639882573199441930 tab=TCBPicsInput
[09/07/2025 04:55:49.668 PM] Health   || Component: image_tab      || Status: ok                                    || channel_id=1341696618688286720 tab=TCBPicsInput
[09/07/2025 04:55:50.854 PM] Health   || Component: image_tab      || Status: ok                                    || channel_id=1344745306620694558 tab=TCBVetBillInput
[09/07/2025 04:55:51.509 PM] Health   || Component: feeding_tab    || Status: ok                                   
[09/07/2025 04:55:52.221 PM] Action   || Name: gmail_log_scheduler || Trigger: found=5                              || Output: logged=None
[09/07/2025 04:55:52.963 PM] Message  || User: austinbaustinb      || Channel: #thomas-cat-sandbox                  || Content: meow
[09/07/2025 04:55:53.127 PM] Action   || Name: handle_misc         || Trigger: trigger=meow                         || Output: mrrp?
[09/07/2025 04:55:54.839 PM] Message  || User: dandelion021._.     || Channel: #yapper-committee                    || Content: ohhh thank youu
[09/07/2025 04:55:57.173 PM] Message  || User: austinbaustinb      || Channel: #thomas-cat-sandbox                  || Content: tomcat check due payments
[09/07/2025 04:55:57.190 PM] Intent   || dues_check                ||                                              
[09/07/2025 04:55:57.747 PM] Action   || Name: dues_membership_... || Trigger: sheet=1PBvCd6gTwc1_aqlCtn93xPW7XJ... || Output: ws=Membership Application List
[09/07/2025 04:55:58.925 PM] Action   || Name: dues_membership_... || Trigger: row=2                                || Output: Date|Mavorgs Invite|Semester|Email|Full Name|Discord Username|Payment...
[09/07/2025 04:55:58.941 PM] Action   || Name: dues_membership_... || Trigger: keys                                 || Output: date,mavorgsinvite,semester,email,fullname,discordusername,paymentuse...
[09/07/2025 04:55:58.952 PM] Action   || Name: dues_membership_... || Trigger: total=1002                           || Output: usable=1000
[09/07/2025 04:56:02.353 PM] Message  || User: dandelion021._.     || Channel: #yapper-committee                    || Content: oh bruh
[09/07/2025 04:56:02.462 PM] React+   || User: dandelion021._.     || Channel: #yapper-committee                    || emoji=‼️; msg="tbh if she cant be trusted with money i ..." by slayc127
[09/07/2025 04:56:02.509 PM] Action   || Name: dues_check_error    || Trigger:                                      || Output: 400 Bad Request (error code: 50035): Invalid Form Body
In content: Mu...
[09/07/2025 05:00:17.728 PM] Online   || User: Tom Cat#8337        || Guilds: 2                                    
[09/07/2025 05:00:19.272 PM] Health   || Component: image_tab      || Status: ok                                    || channel_id=551084964318543904 tab=TCBPicsInput
[09/07/2025 05:00:20.120 PM] Health   || Component: image_tab      || Status: ok                                    || channel_id=639882573199441930 tab=TCBPicsInput
[09/07/2025 05:00:20.786 PM] Health   || Component: image_tab      || Status: ok                                    || channel_id=1341696618688286720 tab=TCBPicsInput
[09/07/2025 05:00:21.581 PM] Health   || Component: image_tab      || Status: ok                                    || channel_id=1344745306620694558 tab=TCBVetBillInput
[09/07/2025 05:00:22.004 PM] Health   || Component: feeding_tab    || Status: ok                                   
[09/07/2025 05:00:22.824 PM] Action   || Name: gmail_log_scheduler || Trigger: found=5                              || Output: logged=None
[09/07/2025 05:01:09.600 PM] Message  || User: slayc127            || Channel: #purrley-pawsitive-pussy-pals        || Content: no
[09/07/2025 05:01:21.540 PM] Message  || User: slayc127            || Channel: #purrley-pawsitive-pussy-pals        || Content: why would we be doing this at 8pm 🩷 /not mad
[09/07/2025 05:01:24.244 PM] Message  || User: austinbaustinb      || Channel: #thomas-cat-sandbox                  || Content: meow
[09/07/2025 05:01:24.414 PM] Action   || Name: handle_misc         || Trigger: trigger=meow                         || Output: meow meow
[09/07/2025 05:01:28.046 PM] Message  || User: austinbaustinb      || Channel: #thomas-cat-sandbox                  || Content: tomcat check due payments
[09/07/2025 05:01:28.055 PM] Intent   || dues_check                ||                                              
[09/07/2025 05:01:28.600 PM] Action   || Name: dues_membership_... || Trigger: sheet=1PBvCd6gTwc1_aqlCtn93xPW7XJ... || Output: ws=Membership Application List
[09/07/2025 05:01:31.397 PM] Action   || Name: dues_membership_... || Trigger: row=2                                || Output: Date|Mavorgs Invite|Semester|Email|Full Name|Discord Username|Payment...
[09/07/2025 05:01:31.411 PM] Action   || Name: dues_membership_... || Trigger: keys                                 || Output: date,mavorgsinvite,semester,email,fullname,discordusername,paymentuse...
[09/07/2025 05:01:31.424 PM] Action   || Name: dues_membership_... || Trigger: total=1002                           || Output: usable=1000
[09/07/2025 05:01:53.724 PM] Message  || User: slayc127            || Channel: #purrley-pawsitive-pussy-pals        || Content: anyway people who record in public deserve the death sentence. not a...
[09/07/2025 05:02:02.770 PM] React+   || User: nostalgicsapphic    || Channel: #purrley-pawsitive-pussy-pals        || emoji=‼️; msg="anyway people who record in public deser..." by slayc127
[09/07/2025 05:02:41.380 PM] Message  || User: nostalgicsapphic    || Channel: #purrley-pawsitive-pussy-pals        || Content: i’ve deleted full voice messages b4 cause i felt bad recording them ...
[09/07/2025 05:04:46.029 PM] React+   || User: slayc127            || Channel: #purrley-pawsitive-pussy-pals        || emoji=😭; msg="i’ve deleted full voice messages b4 caus..." by nostalgicsapphic
[09/07/2025 05:04:46.862 PM] React+   || User: slayc127            || Channel: #purrley-pawsitive-pussy-pals        || emoji=‼️; msg="i’ve deleted full voice messages b4 caus..." by nostalgicsapphic
[09/07/2025 05:07:09.056 PM] Message  || User: slayc127            || Channel: #purrley-pawsitive-pussy-pals        || Content: grrrrrr
[09/07/2025 05:07:12.957 PM] Message  || User: slayc127            || Channel: #purrley-pawsitive-pussy-pals        || Content: what do i make for dinner man
[09/07/2025 05:07:17.999 PM] Message  || User: nostalgicsapphic    || Channel: #purrley-pawsitive-pussy-pals        || Content: mac and cheese
[09/07/2025 05:07:18.976 PM] Message  || User: austinbaustinb      || Channel: #purrley-pawsitive-pussy-pals        || Content: who is dinner man
[09/07/2025 05:07:57.118 PM] Message  || User: m_digio             || Channel: #executive-board                     || Content: Do we want?
[09/07/2025 05:08:30.982 PM] Message  || User: slayc127            || Channel: #purrley-pawsitive-pussy-pals        || Content: LMFAO
[09/07/2025 05:08:43.516 PM] Message  || User: slayc127            || Channel: #purrley-pawsitive-pussy-pals        || Content: i think eye am out actually but hopefully im wrong
[09/07/2025 05:08:47.013 PM] Message  || User: m_digio             || Channel: #purrley-pawsitive-pussy-pals        || Content: Dinner man sounds ominous
[09/07/2025 05:08:48.653 PM] React+   || User: nostalgicsapphic    || Channel: #purrley-pawsitive-pussy-pals        || emoji=😭; msg="i think eye am out actually but hopefull..." by slayc127
[09/07/2025 05:08:51.909 PM] React+   || User: slayc127            || Channel: #purrley-pawsitive-pussy-pals        || emoji=😭; msg="Dinner man sounds ominous" by m_digio
[09/07/2025 05:08:53.958 PM] Message  || User: slayc127            || Channel: #purrley-pawsitive-pussy-pals        || Content: it does
[09/07/2025 05:08:57.987 PM] Message  || User: slayc127            || Channel: #purrley-pawsitive-pussy-pals        || Content: new position!
[09/07/2025 05:09:07.031 PM] Message  || User: slayc127            || Channel: #purrley-pawsitive-pussy-pals        || Content: for brackets i mean
[09/07/2025 05:11:56.434 PM] Message  || User: pancakemixteamdj    || Channel: #yapper-committee                    || Content: If your expecting to use alot in the future of it , bets to order in...
[09/07/2025 05:13:42.913 PM] Message  || User: slayc127            || Channel: #yapper-committee                    || Content: im ngl depending on which one it is i may have some u can take
[09/07/2025 05:14:00.705 PM] Message  || User: slayc127            || Channel: #yapper-committee                    || Content: only ever needed them for my psych classes n i doubt ill need them f...
[09/07/2025 05:14:11.303 PM] Message  || User: slayc127            || Channel: #purrley-pawsitive-pussy-pals        || Content: oh forgot to say
[09/07/2025 05:14:26.083 PM] Message  || User: slayc127            || Channel: #purrley-pawsitive-pussy-pals        || Content: my secons class today was w someone who literally lives on the floor...
[09/07/2025 05:14:28.249 PM] Message  || User: slayc127            || Channel: #purrley-pawsitive-pussy-pals        || Content: crazy
[09/07/2025 05:14:36.575 PM] Message  || User: nostalgicsapphic    || Channel: #purrley-pawsitive-pussy-pals        || Content: crazy af wtf
[09/07/2025 05:18:17.677 PM] React+   || User: .laramie            || Channel: #itty-bitty-kitty-commitee           || emoji=🖤; msg="Not a shelter expert but as long as the ..." by kitadan
[09/07/2025 05:18:42.629 PM] Message  || User: slayc127            || Channel: #purrley-pawsitive-pussy-pals        || Content: frfr
[09/07/2025 05:18:44.312 PM] Message  || User: .laramie            || Channel: #itty-bitty-kitty-commitee           || Content: i think if you put blankets and/or hay/straw in there it should be fine
[09/07/2025 05:18:59.659 PM] Message  || User: slayc127            || Channel: #purrley-pawsitive-pussy-pals        || Content: recognized them bc her dog is a little yappy chihuahua (baby has anx...
[09/07/2025 05:19:06.660 PM] React+   || User: slayc127            || Channel: #itty-bitty-kitty-commitee           || emoji=‼️; msg="i think if you put blankets and/or hay/s..." by .laramie
[09/07/2025 05:19:07.828 PM] React+   || User: nostalgicsapphic    || Channel: #purrley-pawsitive-pussy-pals        || emoji=😭; msg="recognized them bc her dog is a little y..." by slayc127
[09/07/2025 05:19:11.821 PM] Message  || User: .laramie            || Channel: #itty-bitty-kitty-commitee           || Content: are they friendly w humans at all?
[09/07/2025 05:19:14.222 PM] Message  || User: slayc127            || Channel: #itty-bitty-kitty-commitee           || Content: hay/straw is best to reduce chances of mold
[09/07/2025 05:19:22.526 PM] React+   || User: .laramie            || Channel: #itty-bitty-kitty-commitee           || emoji=🔥; msg="hay/straw is best to reduce chances of m..." by slayc127
[09/07/2025 05:26:42.149 PM] Message  || User: simplyshadow171295  || Channel: #bot-spam                            || Content: oh thanks tom. very helpful
[09/07/2025 05:27:19.977 PM] Message  || User: simplyshadow171295  || Channel: #bot-spam                            || Content: i think my eezard broke him 😭
[09/07/2025 05:27:34.385 PM] Message  || User: slayc127            || Channel: #purrley-pawsitive-pussy-pals        || Content: guys i dont wanna be here no more
[09/07/2025 05:27:36.745 PM] Message  || User: slayc127            || Channel: #purrley-pawsitive-pussy-pals        || Content: #boo
[09/07/2025 05:28:57.694 PM] Message  || User: lunartear427        || Channel: #itty-bitty-kitty-commitee           || Content: mama cat is fine with us getting close but she's tried to scratch me...
[09/07/2025 05:29:22.611 PM] Message  || User: lunartear427        || Channel: #itty-bitty-kitty-commitee           || Content: kittens just showed up so they'll run away if we approach
[09/07/2025 05:33:56.153 PM] Online   || User: Tom Cat#8337        || Guilds: 2                                    
[09/07/2025 05:33:58.815 PM] Health   || Component: image_tab      || Status: ok                                    || channel_id=551084964318543904 tab=TCBPicsInput
[09/07/2025 05:33:59.808 PM] Health   || Component: image_tab      || Status: ok                                    || channel_id=639882573199441930 tab=TCBPicsInput
[09/07/2025 05:34:00.770 PM] Health   || Component: image_tab      || Status: ok                                    || channel_id=1341696618688286720 tab=TCBPicsInput
[09/07/2025 05:34:01.668 PM] Health   || Component: image_tab      || Status: ok                                    || channel_id=1344745306620694558 tab=TCBVetBillInput
[09/07/2025 05:34:02.364 PM] Health   || Component: feeding_tab    || Status: ok                                   
[09/07/2025 05:34:03.239 PM] Action   || Name: gmail_log_scheduler || Trigger: found=5                              || Output: logged=0
[09/07/2025 05:34:03.793 PM] Message  || User: austinbaustinb      || Channel: #thomas-cat-sandbox                  || Content: meow
[09/07/2025 05:34:04.280 PM] Action   || Name: handle_misc         || Trigger: trigger=meow                         || Output: meow!
[09/07/2025 05:34:22.514 PM] React+   || User: lunartear427        || Channel: #itty-bitty-kitty-commitee           || emoji=🔥; msg="hay/straw is best to reduce chances of m..." by slayc127
[09/07/2025 05:34:30.112 PM] Message  || User: austinbaustinb      || Channel: #thomas-cat-sandbox                  || Content: tomcat check due payments
[09/07/2025 05:34:30.124 PM] Intent   || dues_check                ||                                              
[09/07/2025 05:34:30.800 PM] Action   || Name: dues_membership_... || Trigger: sheet=1PBvCd6gTwc1_aqlCtn93xPW7XJ... || Output: ws=Membership Application List
[09/07/2025 05:34:32.553 PM] Action   || Name: dues_membership_... || Trigger: row=2                                || Output: Date|Mavorgs Invite|Semester|Email|Full Name|Discord Username|Payment...
[09/07/2025 05:34:32.564 PM] Action   || Name: dues_membership_... || Trigger: keys                                 || Output: date,mavorgsinvite,semester,email,fullname,discordusername,paymentuse...
[09/07/2025 05:34:32.576 PM] Action   || Name: dues_membership_... || Trigger: total=1002                           || Output: usable=1000
[09/07/2025 05:35:57.846 PM] Message  || User: austinbaustinb      || Channel: #bot-spam                            || Content: thats actually more of a discord thing
[09/07/2025 05:36:08.198 PM] Message  || User: austinbaustinb      || Channel: #bot-spam                            || Content: they didn't like that people used this as a image sharing app
[09/07/2025 05:36:14.538 PM] Message  || User: austinbaustinb      || Channel: #bot-spam                            || Content: So they put an expiration on their media links
[09/07/2025 05:36:25.353 PM] Message  || User: austinbaustinb      || Channel: #bot-spam                            || Content: Which is why we convert them to google drive images before labeling
[09/07/2025 05:36:55.469 PM] Message  || User: austinbaustinb      || Channel: #bot-spam                            || Content: However I've been working on the bot for a bit so anything from the ...
[09/07/2025 05:36:58.376 PM] Message  || User: austinbaustinb      || Channel: #bot-spam                            || Content: so ignore that for now
[09/07/2025 05:40:10.627 PM] React+   || User: kitadan             || Channel: #itty-bitty-kitty-commitee           || emoji=🔥; msg="hay/straw is best to reduce chances of m..." by slayc127
[09/07/2025 05:40:44.887 PM] Message  || User: a1darek             || Channel: #purrley-pawsitive-pussy-pals        || Content: Regardless I won't have the time, sorry
[09/07/2025 05:40:55.583 PM] Message  || User: a1darek             || Channel: #purrley-pawsitive-pussy-pals        || Content: Studying for biochem likely
[09/07/2025 05:41:07.934 PM] Message  || User: slayc127            || Channel: #purrley-pawsitive-pussy-pals        || Content: boo
[09/07/2025 05:41:09.164 PM] Message  || User: slayc127            || Channel: #purrley-pawsitive-pussy-pals        || Content: okie
[09/07/2025 05:46:20.877 PM] Online   || User: Tom Cat#8337        || Guilds: 2                                    
[09/07/2025 05:46:22.537 PM] Health   || Component: image_tab      || Status: ok                                    || channel_id=551084964318543904 tab=TCBPicsInput
[09/07/2025 05:46:23.307 PM] Health   || Component: image_tab      || Status: ok                                    || channel_id=639882573199441930 tab=TCBPicsInput
[09/07/2025 05:46:24.140 PM] Health   || Component: image_tab      || Status: ok                                    || channel_id=1341696618688286720 tab=TCBPicsInput
[09/07/2025 05:46:25.111 PM] Health   || Component: image_tab      || Status: ok                                    || channel_id=1344745306620694558 tab=TCBVetBillInput
[09/07/2025 05:46:25.895 PM] Health   || Component: feeding_tab    || Status: ok                                   
[09/07/2025 05:46:26.672 PM] Action   || Name: gmail_log_scheduler || Trigger: found=5                              || Output: logged=0
[09/07/2025 05:49:24.924 PM] Message  || User: austinbaustinb      || Channel: #thomas-cat-sandbox                  || Content: meow
[09/07/2025 05:49:25.174 PM] Action   || Name: handle_misc         || Trigger: trigger=meow                         || Output: *stretches*
[09/07/2025 05:49:26.937 PM] Message  || User: austinbaustinb      || Channel: #thomas-cat-sandbox                  || Content: asoidnasoindoaisndoaisndas
[09/07/2025 05:49:47.769 PM] Message  || User: austinbaustinb      || Channel: #thomas-cat-sandbox                  || Content: tomcat check due payments
[09/07/2025 05:49:47.792 PM] Intent   || dues_check                ||                                              
[09/07/2025 05:49:48.350 PM] Action   || Name: dues_membership_... || Trigger: sheet=1PBvCd6gTwc1_aqlCtn93xPW7XJ... || Output: ws=Membership Application List
[09/07/2025 05:49:49.848 PM] Action   || Name: dues_membership_... || Trigger: row=2                                || Output: Date|Mavorgs Invite|Semester|Email|Full Name|Discord Username|Payment...
[09/07/2025 05:49:49.863 PM] Action   || Name: dues_membership_... || Trigger: keys                                 || Output: date,mavorgsinvite,semester,email,fullname,discordusername,paymentuse...
[09/07/2025 05:49:49.876 PM] Action   || Name: dues_membership_... || Trigger: total=1002                           || Output: usable=1000
[09/07/2025 06:20:19.531 PM] Online   || User: Tom Cat#8337        || Guilds: 2                                    
[09/07/2025 06:20:21.038 PM] Health   || Component: image_tab      || Status: ok                                    || channel_id=551084964318543904 tab=TCBPicsInput
[09/07/2025 06:20:21.723 PM] Health   || Component: image_tab      || Status: ok                                    || channel_id=639882573199441930 tab=TCBPicsInput
[09/07/2025 06:20:22.432 PM] Health   || Component: image_tab      || Status: ok                                    || channel_id=1341696618688286720 tab=TCBPicsInput
[09/07/2025 06:20:23.046 PM] Health   || Component: image_tab      || Status: ok                                    || channel_id=1344745306620694558 tab=TCBVetBillInput
[09/07/2025 06:20:23.422 PM] Health   || Component: feeding_tab    || Status: ok                                   
[09/07/2025 06:20:24.226 PM] Action   || Name: gmail_log_scheduler || Trigger: found=3                              || Output: logged=0
[09/07/2025 06:20:35.195 PM] Message  || User: austinbaustinb      || Channel: #thomas-cat-sandbox                  || Content: meow
[09/07/2025 06:20:35.416 PM] Action   || Name: handle_misc         || Trigger: trigger=meow                         || Output: mrow!
[09/07/2025 06:20:39.805 PM] Message  || User: austinbaustinb      || Channel: #thomas-cat-sandbox                  || Content: tomcat check due payments
[09/07/2025 06:20:39.818 PM] Intent   || dues_check                ||                                              
[09/07/2025 06:20:40.426 PM] Action   || Name: dues_membership_... || Trigger: sheet=1PBvCd6gTwc1_aqlCtn93xPW7XJ... || Output: ws=Membership Application List
[09/07/2025 06:20:42.648 PM] Action   || Name: dues_membership_... || Trigger: row=2                                || Output: Date|Mavorgs Invite|Semester|Email|Full Name|Discord Username|Payment...
[09/07/2025 06:20:42.660 PM] Action   || Name: dues_membership_... || Trigger: keys                                 || Output: date,mavorgsinvite,semester,email,fullname,discordusername,paymentuse...
[09/07/2025 06:20:42.672 PM] Action   || Name: dues_membership_... || Trigger: total=1002                           || Output: usable=1000
[09/07/2025 06:22:22.861 PM] Message  || User: reyesthighs         || Channel: #yapper-committee                    || Content: Chat what about matcha cake for the bake sale
[09/07/2025 06:22:27.490 PM] Message  || User: reyesthighs         || Channel: #yapper-committee                    || Content: I am testing the recipe right now
[09/07/2025 06:22:47.197 PM] Message  || User: racerdg             || Channel: #yapper-committee                    || Content: <a:freak:1402043975010877653>
[09/07/2025 06:22:56.154 PM] Message  || User: reyesthighs         || Channel: #yapper-committee                    || Content: 😆
[09/07/2025 06:23:14.831 PM] Message  || User: reyesthighs         || Channel: #yapper-committee                    || Content: So far that has been the reaction, we will see if the energy continu...
[09/07/2025 06:23:33.086 PM] Message  || User: pancakemixteamdj    || Channel: #yapper-committee                    || Content: They tend to give them out around final or mid terms ish
[09/07/2025 06:23:38.619 PM] Message  || User: pancakemixteamdj    || Channel: #yapper-committee                    || Content: Like a stand in the Uc
[09/07/2025 06:25:25.741 PM] Message  || User: slayc127            || Channel: #purrley-pawsitive-pussy-pals        || Content: my big old baby is apparently having allergy issues again :( and ear...
[09/07/2025 06:25:34.081 PM] Message  || User: slayc127            || Channel: #purrley-pawsitive-pussy-pals        || Content: i wish he would stop having problems every 3 months on the fot
[09/07/2025 06:25:35.198 PM] Message  || User: slayc127            || Channel: #purrley-pawsitive-pussy-pals        || Content: dot
[09/07/2025 06:25:35.939 PM] Message  || User: nostalgicsapphic    || Channel: #purrley-pawsitive-pussy-pals        || Content: evil >:(((
[09/07/2025 06:25:39.155 PM] React+   || User: nostalgicsapphic    || Channel: #purrley-pawsitive-pussy-pals        || emoji=😭; msg="i wish he would stop having problems eve..." by slayc127
[09/07/2025 06:25:40.295 PM] React+   || User: slayc127            || Channel: #purrley-pawsitive-pussy-pals        || emoji=‼️; msg="evil >:(((" by nostalgicsapphic
[09/07/2025 06:25:47.207 PM] Message  || User: austinbaustinb      || Channel: #purrley-pawsitive-pussy-pals        || Content: old dogs have it ruff
[09/07/2025 06:25:51.354 PM] Message  || User: nostalgicsapphic    || Channel: #purrley-pawsitive-pussy-pals        || Content: we gotta beat up the universe so old baby will be left alone
[09/07/2025 06:25:51.638 PM] React+   || User: slayc127            || Channel: #purrley-pawsitive-pussy-pals        || emoji=‼️; msg="old dogs have it ruff" by austinbaustinb
[09/07/2025 06:25:53.329 PM] React+   || User: nostalgicsapphic    || Channel: #purrley-pawsitive-pussy-pals        || emoji=‼️; msg="old dogs have it ruff" by austinbaustinb
[09/07/2025 06:26:06.276 PM] Message  || User: slayc127            || Channel: #purrley-pawsitive-pussy-pals        || Content: bro this is unfortunately how hes always been too age has just made ...
[09/07/2025 06:26:17.199 PM] Message  || User: austinbaustinb      || Channel: #purrley-pawsitive-pussy-pals        || Content: oh
[09/07/2025 06:26:18.499 PM] Message  || User: austinbaustinb      || Channel: #purrley-pawsitive-pussy-pals        || Content: poor guy
[09/07/2025 06:26:18.584 PM] React+   || User: slayc127            || Channel: #purrley-pawsitive-pussy-pals        || emoji=‼️; msg="we gotta beat up the universe so old bab..." by nostalgicsapphic
[09/07/2025 06:26:25.338 PM] Message  || User: slayc127            || Channel: #purrley-pawsitive-pussy-pals        || Content: 1ssc
[09/07/2025 06:30:45.980 PM] Message  || User: slayc127            || Channel: #purrley-pawsitive-pussy-pals        || Content: yar. when we first got him he hardly had any fur bc of his allergies...
[09/07/2025 06:30:59.632 PM] Message  || User: slayc127            || Channel: #purrley-pawsitive-pussy-pals        || Content: he also gets ear infections too because why the hell not
[09/07/2025 06:31:27.484 PM] Online   || User: Tom Cat#8337        || Guilds: 2                                    
[09/07/2025 06:31:29.632 PM] Health   || Component: image_tab      || Status: ok                                    || channel_id=551084964318543904 tab=TCBPicsInput
[09/07/2025 06:31:30.543 PM] Health   || Component: image_tab      || Status: ok                                    || channel_id=639882573199441930 tab=TCBPicsInput
[09/07/2025 06:31:31.787 PM] Health   || Component: image_tab      || Status: ok                                    || channel_id=1341696618688286720 tab=TCBPicsInput
[09/07/2025 06:31:32.531 PM] Health   || Component: image_tab      || Status: ok                                    || channel_id=1344745306620694558 tab=TCBVetBillInput
[09/07/2025 06:31:33.091 PM] Health   || Component: feeding_tab    || Status: ok                                   
[09/07/2025 06:31:33.127 PM] Message  || User: slayc127            || Channel: #purrley-pawsitive-pussy-pals        || Content: hes an expensive dog but it is so worth it because hes good and does...
[09/07/2025 06:31:33.843 PM] Action   || Name: gmail_log_scheduler || Trigger: found=3                              || Output: logged=0
[09/07/2025 06:32:09.524 PM] Message  || User: austinbaustinb      || Channel: #thomas-cat-sandbox                  || Content: asodianofin
[09/07/2025 06:32:12.673 PM] Message  || User: austinbaustinb      || Channel: #thomas-cat-sandbox                  || Content: boob
[09/07/2025 06:32:17.638 PM] Message  || User: austinbaustinb      || Channel: #thomas-cat-sandbox                  || Content: bob







babooey
[09/07/2025 06:32:22.052 PM] Message  || User: austinbaustinb      || Channel: #thomas-cat-sandbox                  || Content: tomcat check due payments
[09/07/2025 06:32:22.064 PM] Intent   || dues_check                ||                                              
[09/07/2025 06:32:22.866 PM] Action   || Name: dues_membership_... || Trigger: sheet=1PBvCd6gTwc1_aqlCtn93xPW7XJ... || Output: ws=Membership Application List
[09/07/2025 06:32:24.516 PM] Action   || Name: dues_membership_... || Trigger: row=2                                || Output: Date|Mavorgs Invite|Semester|Email|Full Name|Discord Username|Payment...
[09/07/2025 06:32:24.538 PM] Action   || Name: dues_membership_... || Trigger: keys                                 || Output: date,mavorgsinvite,semester,email,fullname,discordusername,paymentuse...
[09/07/2025 06:32:24.553 PM] Action   || Name: dues_membership_... || Trigger: total=1002                           || Output: usable=1000
[09/07/2025 06:34:58.748 PM] Message  || User: slayc127            || Channel: #purrley-pawsitive-pussy-pals        || Content: grrrrr
[09/07/2025 06:35:06.459 PM] Message  || User: slayc127            || Channel: #purrley-pawsitive-pussy-pals        || Content: why r the prettiest women always with the worst men imaginable
[09/07/2025 06:40:09.895 PM] Online   || User: Tom Cat#8337        || Guilds: 2                                    
[09/07/2025 06:40:10.903 PM] Health   || Component: image_tab      || Status: ok                                    || channel_id=551084964318543904 tab=TCBPicsInput
[09/07/2025 06:40:11.705 PM] Health   || Component: image_tab      || Status: ok                                    || channel_id=639882573199441930 tab=TCBPicsInput
[09/07/2025 06:40:12.528 PM] Health   || Component: image_tab      || Status: ok                                    || channel_id=1341696618688286720 tab=TCBPicsInput
[09/07/2025 06:40:13.320 PM] Health   || Component: image_tab      || Status: ok                                    || channel_id=1344745306620694558 tab=TCBVetBillInput
[09/07/2025 06:40:13.803 PM] Health   || Component: feeding_tab    || Status: ok                                   
[09/07/2025 06:40:14.727 PM] Action   || Name: gmail_log_scheduler || Trigger: found=4                              || Output: logged=1
[09/07/2025 06:40:29.334 PM] Message  || User: austinbaustinb      || Channel: #thomas-cat-sandbox                  || Content: aionsod















pee
[09/07/2025 06:40:30.327 PM] Message  || User: austinbaustinb      || Channel: #thomas-cat-sandbox                  || Content: meow
[09/07/2025 06:40:30.522 PM] Action   || Name: handle_misc         || Trigger: trigger=meow                         || Output: mrow!
[09/07/2025 06:40:35.130 PM] Message  || User: austinbaustinb      || Channel: #thomas-cat-sandbox                  || Content: tomcat check due payments
[09/07/2025 06:40:35.156 PM] Intent   || dues_check                ||                                              
[09/07/2025 06:40:35.636 PM] Action   || Name: dues_membership_... || Trigger: sheet=1PBvCd6gTwc1_aqlCtn93xPW7XJ... || Output: ws=Membership Application List
[09/07/2025 06:40:37.028 PM] Action   || Name: dues_membership_... || Trigger: row=2                                || Output: Date|Mavorgs Invite|Semester|Email|Full Name|Discord Username|Payment...
[09/07/2025 06:40:37.039 PM] Action   || Name: dues_membership_... || Trigger: keys                                 || Output: date,mavorgsinvite,semester,email,fullname,discordusername,paymentuse...
[09/07/2025 06:40:37.047 PM] Action   || Name: dues_membership_... || Trigger: total=1002                           || Output: usable=1000
[09/07/2025 06:42:17.075 PM] Message  || User: m_digio             || Channel: #executive-board                     || Content: I'm heading to the du meeting to discuss mixer deets
[09/07/2025 06:42:33.223 PM] Message  || User: m_digio             || Channel: #executive-board                     || Content: Anything yall want me to ask or mention?
[09/07/2025 06:44:26.011 PM] Message  || User: celeryiscelery      || Channel: #executive-board                     || Content: nothing in particular comes to mind rn
[09/07/2025 06:49:48.608 PM] Message  || User: nostalgicsapphic    || Channel: #purrley-pawsitive-pussy-pals        || Content: LITERALLLYYYYYY
[09/07/2025 06:50:27.980 PM] Message  || User: nostalgicsapphic    || Channel: #purrley-pawsitive-pussy-pals        || Content: “he makes me laugh” GIRL HES WHITTLING U DOWN TO THE WORST VERSION O...
[09/07/2025 06:51:27.448 PM] React+   || User: slayc127            || Channel: #purrley-pawsitive-pussy-pals        || emoji=‼️; msg="“he makes me laugh” GIRL HES WHITTLING U..." by nostalgicsapphic
[09/07/2025 06:57:05.311 PM] React+   || User: reyesthighs         || Channel: #itty-bitty-kitty-commitee           || emoji=‼️; msg="i think if you put blankets and/or hay/s..." by .laramie
[09/07/2025 06:57:06.646 PM] React+   || User: reyesthighs         || Channel: #itty-bitty-kitty-commitee           || emoji=🔥; msg="hay/straw is best to reduce chances of m..." by slayc127
[09/07/2025 06:58:02.389 PM] Message  || User: m_digio             || Channel: #executive-board                     || Content: We were thinking of pumpkin painting games and such
[09/07/2025 06:58:17.268 PM] React+   || User: celeryiscelery      || Channel: #executive-board                     || emoji=<:gaga:1413361490634870969>; msg="We were thinking of pumpkin painting ...
[09/07/2025 06:58:23.339 PM] Message  || User: celeryiscelery      || Channel: #executive-board                     || Content: that sounds fun!
[09/07/2025 06:58:32.355 PM] Message  || User: dandelion021._.     || Channel: #yapper-committee                    || Content: nahh it’s just for this one class i’m taking this semester
[09/07/2025 06:58:46.941 PM] Message  || User: m_digio             || Channel: #executive-board                     || Content: im js checking, ill figure out their budget and such
[09/07/2025 06:58:56.590 PM] Message  || User: m_digio             || Channel: #executive-board                     || Content: we said friday before halloween??
[09/07/2025 06:59:02.951 PM] Message  || User: dandelion021._.     || Channel: #yapper-committee                    || Content: i’d appreciate it ofc if you don’t need it, i just need it for this ...
[09/07/2025 06:59:11.573 PM] React+   || User: dandelion021._.     || Channel: #yapper-committee                    || emoji=❤️; msg="Amazon" by ludavis
[09/07/2025 06:59:15.915 PM] React+   || User: dandelion021._.     || Channel: #yapper-committee                    || emoji=‼️; msg="Fundraising idea: buy a 500 pack of scan..." by ludavis
[09/07/2025 06:59:30.318 PM] Message  || User: pancakemixteamdj    || Channel: #yapper-committee                    || Content: Yeah best to get them from the buck store
[09/07/2025 06:59:37.080 PM] Message  || User: pancakemixteamdj    || Channel: #yapper-committee                    || Content: Then
[09/07/2025 07:00:02.301 PM] Message  || User: pancakemixteamdj    || Channel: #yapper-committee                    || Content: Per scantrons, it twice as much in the vending machines
[09/07/2025 07:00:54.157 PM] Message  || User: dandelion021._.     || Channel: #yapper-committee                    || Content: yeahh prolly
[09/07/2025 07:00:59.260 PM] Message  || User: dandelion021._.     || Channel: #yapper-committee                    || Content: thank you all 🫶
[09/07/2025 07:03:28.324 PM] Message  || User: pancakemixteamdj    || Channel: #yapper-committee                    || Content: The scantrons are at the checkout line at the book store
[09/07/2025 07:04:29.484 PM] Message  || User: celeryiscelery      || Channel: #executive-board                     || Content: uhhhh something like that
[09/07/2025 07:06:37.483 PM] Message  || User: m_digio             || Channel: #executive-board                     || Content: cool cool
[09/07/2025 07:13:49.000 PM] Message  || User: _costco_wholesale_  || Channel: #feeding-team                        || Content: (no text; attachments=2)
[09/07/2025 07:13:52.334 PM] Delete   || User: _costco_wholesale_  || Channel: #feeding-team                        || Content: 
[09/07/2025 07:14:01.023 PM] Message  || User: _costco_wholesale_  || Channel: #feeding-team                        || Content: coba
[09/07/2025 07:14:01.035 PM] Intent   || feed_update               ||                                               || station=Business; dates=['2025-09-07']
[09/07/2025 07:14:04.115 PM] Action   || Name: sheet_mark          || Trigger: station=Business date=2025-09-07     || Output: ok
[09/07/2025 07:14:04.131 PM] Action   || Name: feed_update         || Trigger: station=Business; dates=2025-09-07   || Output: ok
[09/07/2025 07:14:07.409 PM] Message  || User: _costco_wholesale_  || Channel: #feeding-team                        || Content: snickers
[09/07/2025 07:14:10.110 PM] Action   || Name: sheet_mark          || Trigger: station=Business date=2025-09-07     || Output: ok
[09/07/2025 07:14:10.125 PM] Action   || Name: feed_update         || Trigger: station=Business; dates=2025-09-07   || Output: ok
[09/07/2025 07:14:10.135 PM] Action   || Name: feed_pair_recent    || Trigger: ch=643586809166561310; user=75192... || Output: Business
[09/07/2025 07:14:59.984 PM] Message  || User: slayc127            || Channel: #purrley-pawsitive-pussy-pals        || Content: gabe was very pissed off to find out kenneth and i did #nothing last...
[09/07/2025 07:15:05.293 PM] Message  || User: _costco_wholesale_  || Channel: #pictures-of-the-cats                || Content: accidentally sacrificed an arm to mike and i got bit 11 times on my ...
[09/07/2025 07:15:06.928 PM] Action   || Name: image_intake        || Trigger: channel=551084964318543904           || Output: rows=1
[09/07/2025 07:15:15.130 PM] Message  || User: slayc127            || Channel: #purrley-pawsitive-pussy-pals        || Content: i had to tell him if kenneth isnt gonna work when we r scheduled i W...
[09/07/2025 07:19:09.452 PM] Message  || User: dandelion021._.     || Channel: #yapper-committee                    || Content: ohhh
[09/07/2025 07:19:10.291 PM] Message  || User: dandelion021._.     || Channel: #yapper-committee                    || Content: ooo
[09/07/2025 07:19:13.003 PM] Message  || User: dandelion021._.     || Channel: #yapper-committee                    || Content: thank youu
[09/07/2025 07:19:47.111 PM] Join     || User: mckennacampsey (... || Guild: Campus Cat Coalition                   || age_days=1886; invite=rAEFDeT
[09/07/2025 07:22:25.971 PM] Message  || User: frostfire312        || Channel: #pictures-of-the-cats                || Content: (no text; attachments=1)
[09/07/2025 07:22:27.315 PM] Action   || Name: image_intake        || Trigger: channel=551084964318543904           || Output: rows=1
[09/07/2025 07:23:44.626 PM] Message  || User: ludavis             || Channel: #memes                               || Content: https://x.com/lowkeydex/status/1964737633055351058?t=clONfbOzUl9kgqp...
[09/07/2025 07:23:44.996 PM] Edit     || User: ludavis             || Channel: #memes                               || https://x.com/lowkeydex/status/1964737633055351058?t=clONfbOzUl9kgqpu1q5BCw&s...
[09/07/2025 07:27:47.367 PM] Message  || User: slayc127            || Channel: #yapper-committee                    || Content: i so got u, what time r u free tomorrow
[09/07/2025 07:27:56.040 PM] Message  || User: slayc127            || Channel: #feeding-team                        || Content: pretty ladyyyyyy
[09/07/2025 07:29:29.873 PM] Online   || User: Tom Cat#8337        || Guilds: 2                                    
[09/07/2025 07:29:32.122 PM] Health   || Component: image_tab      || Status: ok                                    || channel_id=551084964318543904 tab=TCBPicsInput
[09/07/2025 07:29:33.434 PM] Health   || Component: image_tab      || Status: ok                                    || channel_id=639882573199441930 tab=TCBPicsInput
[09/07/2025 07:29:35.002 PM] Health   || Component: image_tab      || Status: ok                                    || channel_id=1341696618688286720 tab=TCBPicsInput
[09/07/2025 07:29:36.284 PM] Health   || Component: image_tab      || Status: ok                                    || channel_id=1344745306620694558 tab=TCBVetBillInput
[09/07/2025 07:29:37.366 PM] Health   || Component: feeding_tab    || Status: ok                                   
[09/07/2025 07:29:38.178 PM] Action   || Name: gmail_log_scheduler || Trigger: found=2                              || Output: logged=0
[09/07/2025 07:31:34.397 PM] Message  || User: m_digio             || Channel: #executive-board                     || Content: Event:
Date - October 24
Time - 7pm
Games/Activities:
   -Pumpkin Pa...
[09/07/2025 07:32:00.727 PM] Message  || User: m_digio             || Channel: #executive-board                     || Content: Need: Participation number
[09/07/2025 07:32:21.690 PM] Message  || User: m_digio             || Channel: #executive-board                     || Content: So basically we need to figure out whos interested in participating
[09/07/2025 07:32:29.709 PM] Message  || User: m_digio             || Channel: #executive-board                     || Content: and book a room
[09/07/2025 07:34:31.406 PM] Message  || User: slayc127            || Channel: #executive-board                     || Content: okie
[09/07/2025 07:34:51.049 PM] Message  || User: slayc127            || Channel: #executive-board                     || Content: i can post an interest check tomorrow when i post a reminder abt the...
[09/07/2025 07:34:56.393 PM] Message  || User: m_digio             || Channel: #executive-board                     || Content: yess
[09/07/2025 07:35:25.428 PM] Online   || User: Tom Cat#8337        || Guilds: 2                                    
[09/07/2025 07:35:26.476 PM] Health   || Component: image_tab      || Status: ok                                    || channel_id=551084964318543904 tab=TCBPicsInput
[09/07/2025 07:35:26.978 PM] Health   || Component: image_tab      || Status: ok                                    || channel_id=639882573199441930 tab=TCBPicsInput
[09/07/2025 07:35:27.704 PM] Health   || Component: image_tab      || Status: ok                                    || channel_id=1341696618688286720 tab=TCBPicsInput
[09/07/2025 07:35:28.664 PM] Health   || Component: image_tab      || Status: ok                                    || channel_id=1344745306620694558 tab=TCBVetBillInput
[09/07/2025 07:35:29.173 PM] Health   || Component: feeding_tab    || Status: ok                                   
[09/07/2025 07:35:29.940 PM] Action   || Name: gmail_log_scheduler || Trigger: found=2                              || Output: logged=0
[09/07/2025 07:35:36.314 PM] Message  || User: m_digio             || Channel: #feeding-team                        || Content: bellay
[09/07/2025 07:35:49.136 PM] Message  || User: austinbaustinb      || Channel: #thomas-cat-sandbox                  || Content: tomcat export dues portal
[09/07/2025 07:35:49.147 PM] Intent   || dues_export_portal        ||                                              
[09/07/2025 07:35:49.689 PM] Action   || Name: dues_export_error   || Trigger: ch=928060549089087538                || Output: Object of type datetime is not JSON serializable
[09/07/2025 07:36:56.139 PM] Online   || User: Tom Cat#8337        || Guilds: 2                                    
[09/07/2025 07:36:57.326 PM] Health   || Component: image_tab      || Status: ok                                    || channel_id=551084964318543904 tab=TCBPicsInput
[09/07/2025 07:36:58.225 PM] Health   || Component: image_tab      || Status: ok                                    || channel_id=639882573199441930 tab=TCBPicsInput
[09/07/2025 07:36:59.386 PM] Health   || Component: image_tab      || Status: ok                                    || channel_id=1341696618688286720 tab=TCBPicsInput
[09/07/2025 07:37:00.194 PM] Health   || Component: image_tab      || Status: ok                                    || channel_id=1344745306620694558 tab=TCBVetBillInput
[09/07/2025 07:37:00.878 PM] Health   || Component: feeding_tab    || Status: ok                                   
[09/07/2025 07:37:01.706 PM] Action   || Name: gmail_log_scheduler || Trigger: found=2                              || Output: logged=0
[09/07/2025 07:37:11.786 PM] Message  || User: austinbaustinb      || Channel: #thomas-cat-sandbox                  || Content: TomCat, export dues portal
[09/07/2025 07:37:11.797 PM] Intent   || dues_export_portal        ||                                              
[09/07/2025 07:37:12.293 PM] Action   || Name: dues_export         || Trigger: ch=928060549089087538                || Output: rows=60 path=logs/dues/portal_export-20250908-003712.ndjson
[09/07/2025 07:51:57.080 PM] Message  || User: a1darek             || Channel: #purrley-pawsitive-pussy-pals        || Content: Holy fuck
[09/07/2025 07:52:31.297 PM] Message  || User: a1darek             || Channel: #purrley-pawsitive-pussy-pals        || Content: Just took such a good nap I thought it was tomorrow morning and I wa...
[09/07/2025 07:52:39.376 PM] React+   || User: nostalgicsapphic    || Channel: #purrley-pawsitive-pussy-pals        || emoji=😆; msg="Just took such a good nap I thought it w..." by a1darek
[09/07/2025 07:53:04.768 PM] Message  || User: a1darek             || Channel: #executive-board                     || Content: Yeah that's fine
[09/07/2025 07:53:35.446 PM] Message  || User: a1darek             || Channel: #executive-board                     || Content: Just state that it's more off an on site interest session I'd that m...
[09/07/2025 07:55:31.699 PM] Message  || User: a1darek             || Channel: #purrley-pawsitive-pussy-pals        || Content: I'm a little disappointed but that's okay
[09/07/2025 07:55:36.083 PM] Message  || User: a1darek             || Channel: #purrley-pawsitive-pussy-pals        || Content: Reading time
[09/07/2025 07:56:05.307 PM] React+   || User: austinbaustinb      || Channel: #purrley-pawsitive-pussy-pals        || emoji=⭐; msg="Just took such a good nap I thought it w..." by a1darek
[09/07/2025 07:56:15.048 PM] React-   || User: unknown             || Channel: #purrley-pawsitive-pussy-pals        || emoji=⭐; msg="Just took such a good nap I thought it w..." by a1darek
[09/07/2025 07:56:18.747 PM] React+   || User: austinbaustinb      || Channel: #purrley-pawsitive-pussy-pals        || emoji=🌟; msg="Just took such a good nap I thought it w..." by a1darek
[09/07/2025 07:56:24.880 PM] React-   || User: unknown             || Channel: #purrley-pawsitive-pussy-pals        || emoji=🌟; msg="Just took such a good nap I thought it w..." by a1darek
[09/07/2025 07:56:33.159 PM] Message  || User: austinbaustinb      || Channel: #purrley-pawsitive-pussy-pals        || Content: Pppshhhhhhh
[09/07/2025 07:57:15.074 PM] Message  || User: adeyumii            || Channel: #feeding-team                        || Content: Lot 50 soon, trust
[09/07/2025 07:57:15.085 PM] Action   || Name: feed_pending_set    || Trigger: ch=643586809166561310; user=47432... || Output: Lot 50
[09/07/2025 07:57:21.852 PM] Message  || User: adeyumii            || Channel: #feeding-team                        || Content: And west and Mikey ig
[09/07/2025 07:57:21.862 PM] Action   || Name: feed_pending_set    || Trigger: ch=643586809166561310; user=47432... || Output: West Hall,Microwave,Mary Kay and Zen
[09/07/2025 07:57:46.213 PM] Message  || User: adeyumii            || Channel: #pictures-of-the-cats                || Content: Her inside out ear 😭
[09/07/2025 07:57:53.111 PM] React+   || User: baseketballin       || Channel: #yapper-committee                    || emoji=❤️; msg="Chat what about matcha cake for the bake..." by reyesthighs
[09/07/2025 07:58:16.582 PM] React+   || User: slayc127            || Channel: #executive-board                     || emoji=❤️; msg="Just state that it's more off an on site..." by a1darek
[09/07/2025 07:58:20.792 PM] React+   || User: slayc127            || Channel: #purrley-pawsitive-pussy-pals        || emoji=😆; msg="Just took such a good nap I thought it w..." by a1darek
[09/07/2025 08:00:07.350 PM] Action   || Name: feeding_8pm         || Trigger: unfed=4                              || Output: sent
[09/07/2025 08:00:49.571 PM] Message  || User: adeyumii            || Channel: #feeding-team                        || Content: Tomcat  I literally just told you
[09/07/2025 08:01:15.049 PM] Join     || User: harparpar (74261... || Guild: Campus Cat Coalition                   || age_days=1853; invite=rAEFDeT
[09/07/2025 08:01:22.083 PM] Message  || User: a1darek             || Channel: #purrley-pawsitive-pussy-pals        || Content: I wish I could blow it off but I gotta catch up now
[09/07/2025 08:01:40.538 PM] Message  || User: a1darek             || Channel: #purrley-pawsitive-pussy-pals        || Content: My dilly dallying has caught up to me
[09/07/2025 08:01:51.320 PM] Message  || User: m_digio             || Channel: #feeding-team                        || Content: LMAO
[09/07/2025 08:02:32.980 PM] Message  || User: austinbaustinb      || Channel: #feeding-team                        || Content: he does not trust
[09/07/2025 08:17:10.967 PM] React+   || User: orphean_            || Channel: #yapper-committee                    || emoji=🫁; msg="Fundraising idea: buy a 500 pack of scan..." by ludavis
[09/07/2025 08:22:21.934 PM] Message  || User: _costco_wholesale_  || Channel: #feeding-team                        || Content: mike threatened my chem grade for food
[09/07/2025 08:22:21.956 PM] Action   || Name: feed_pending_set    || Trigger: ch=643586809166561310; user=75192... || Output: Microwave
[09/07/2025 08:34:52.352 PM] Message  || User: _costco_wholesale_  || Channel: #pictures-of-the-cats                || Content: micheal
[09/07/2025 08:34:54.647 PM] Action   || Name: image_intake        || Trigger: channel=551084964318543904           || Output: rows=2
[09/07/2025 08:37:36.644 PM] Message  || User: kcreepertux04       || Channel: #yapper-committee                    || Content: my TV audio was at 12 and i was watching peacemaker
[09/07/2025 08:37:51.062 PM] Message  || User: slayc127            || Channel: #feeding-team                        || Content: yeah my bad
[09/07/2025 08:38:01.429 PM] Message  || User: kcreepertux04       || Channel: #yapper-committee                    || Content: i switched to watch the new batman movie AND TELL ME WHY I HAD TO TU...
[09/07/2025 08:39:18.350 PM] Message  || User: izzyballz           || Channel: #feeding-team                        || Content: if you end up getting maintenance tn is there any chance you could h...
[09/07/2025 08:39:18.360 PM] Action   || Name: feed_pending_set    || Trigger: ch=643586809166561310; user=89187... || Output: Maintenance
[09/07/2025 08:39:32.348 PM] Message  || User: izzyballz           || Channel: #feeding-team                        || Content: only if it does not inconvenience you though
[09/07/2025 08:44:56.864 PM] React+   || User: simplyshadow171295  || Channel: #pictures-of-the-cats                || emoji=‼️; msg="micheal" by _costco_wholesale_
[09/07/2025 08:47:17.481 PM] Message  || User: baseketballin       || Channel: #pictures-of-the-cats                || Content: hai microwave
[09/07/2025 08:47:18.642 PM] Action   || Name: image_intake        || Trigger: channel=551084964318543904           || Output: rows=2
[09/07/2025 08:48:05.911 PM] Message  || User: slayc127            || Channel: #feeding-team                        || Content: i unfortunately had zero time to pick any up 😔
[09/07/2025 08:48:18.804 PM] Message  || User: slayc127            || Channel: #feeding-team                        || Content: ill get it tackled tomorrow tho putting it on da list
[09/07/2025 08:48:18.824 PM] Action   || Name: feed_pending_set    || Trigger: ch=643586809166561310; user=35686... || Output: HOP
[09/07/2025 08:50:43.341 PM] React+   || User: baseketballin       || Channel: #feeding-team                        || emoji=🎉; msg="brand doesnt matter, just avoid seafood" by slayc127
[09/07/2025 08:50:44.273 PM] React-   || User: unknown             || Channel: #feeding-team                        || emoji=🎉; msg="brand doesnt matter, just avoid seafood" by slayc127
[09/07/2025 08:50:54.628 PM] Message  || User: dandelion021._.     || Channel: #yapper-committee                    || Content: OMGG THANK YOUUU
[09/07/2025 08:51:07.500 PM] Message  || User: dandelion021._.     || Channel: #yapper-committee                    || Content: uhh i’m not on campus tomorrow but im on campus tuesday
[09/07/2025 08:51:27.813 PM] Message  || User: dandelion021._.     || Channel: #yapper-committee                    || Content: around like 11:30 ish wpulf prolly work
[09/07/2025 08:52:29.988 PM] Message  || User: slayc127            || Channel: #purrley-pawsitive-pussy-pals        || Content: guys i think mt piercing is now fr infected
[09/07/2025 08:52:33.815 PM] Message  || User: slayc127            || Channel: #purrley-pawsitive-pussy-pals        || Content: do i just take kt out
[09/07/2025 08:52:41.145 PM] Message  || User: nostalgicsapphic    || Channel: #purrley-pawsitive-pussy-pals        || Content: yeah :(
[09/07/2025 08:52:45.863 PM] Message  || User: slayc127            || Channel: #yapper-committee                    || Content: hm nevermind then /j
[09/07/2025 08:52:53.985 PM] Message  || User: slayc127            || Channel: #yapper-committee                    || Content: i can meet u outside preston hall if that works for u
[09/07/2025 08:52:59.221 PM] Message  || User: slayc127            || Channel: #purrley-pawsitive-pussy-pals        || Content: bz
[09/07/2025 08:53:01.011 PM] Message  || User: slayc127            || Channel: #purrley-pawsitive-pussy-pals        || Content: wrong answer
[09/07/2025 08:53:25.073 PM] Message  || User: slayc127            || Channel: #purrley-pawsitive-pussy-pals        || Content: i actually dont think im strong enough to do that tonight i will jus...
[09/07/2025 08:53:45.501 PM] Message  || User: nostalgicsapphic    || Channel: #purrley-pawsitive-pussy-pals        || Content: rip :( when i got an infection in my ear it was awful i never wish t...
[09/07/2025 08:54:00.158 PM] Message  || User: slayc127            || Channel: #purrley-pawsitive-pussy-pals        || Content: reallll
[09/07/2025 08:54:01.669 PM] Message  || User: slayc127            || Channel: #purrley-pawsitive-pussy-pals        || Content: ugh
[09/07/2025 08:54:04.595 PM] Message  || User: nostalgicsapphic    || Channel: #purrley-pawsitive-pussy-pals        || Content: another reason i stopped wearing earrings lmao
[09/07/2025 08:54:16.265 PM] Message  || User: slayc127            || Channel: #purrley-pawsitive-pussy-pals        || Content: im gonna see how it goes throughout the week n if it gets worse ill ...
[09/07/2025 08:54:21.408 PM] Message  || User: slayc127            || Channel: #purrley-pawsitive-pussy-pals        || Content: i get u
[09/07/2025 08:54:23.202 PM] React+   || User: nostalgicsapphic    || Channel: #purrley-pawsitive-pussy-pals        || emoji=🫡; msg="im gonna see how it goes throughout the ..." by slayc127
[09/07/2025 08:54:35.311 PM] Message  || User: slayc127            || Channel: #purrley-pawsitive-pussy-pals        || Content: im stubborn tho and also dont care as much about my physical health ...
[09/07/2025 08:54:49.667 PM] React+   || User: nostalgicsapphic    || Channel: #purrley-pawsitive-pussy-pals        || emoji=🤝; msg="im stubborn tho and also dont care as mu..." by slayc127
[09/07/2025 08:55:07.910 PM] Message  || User: slayc127            || Channel: #purrley-pawsitive-pussy-pals        || Content: ughhhhhhh
[09/07/2025 08:55:14.261 PM] Message  || User: slayc127            || Channel: #purrley-pawsitive-pussy-pals        || Content: should i skip this weeks reading notes
[09/07/2025 08:55:26.003 PM] Message  || User: nostalgicsapphic    || Channel: #purrley-pawsitive-pussy-pals        || Content: no<3
[09/07/2025 08:55:27.979 PM] Message  || User: slayc127            || Channel: #purrley-pawsitive-pussy-pals        || Content: i need to check the syllabus to see how many im given to ship
[09/07/2025 08:55:29.131 PM] Message  || User: slayc127            || Channel: #purrley-pawsitive-pussy-pals        || Content: skip
[09/07/2025 08:55:33.456 PM] Message  || User: slayc127            || Channel: #purrley-pawsitive-pussy-pals        || Content: so u hate me and want me dead
[09/07/2025 08:55:46.379 PM] Message  || User: pancakemixteamdj    || Channel: #pictures-of-the-cats                || Content: Bro looks good in some angles, but in other he looks so big
[09/07/2025 08:56:40.071 PM] Message  || User: slayc127            || Channel: #purrley-pawsitive-pussy-pals        || Content: (no text; attachments=1)
[09/07/2025 09:00:28.650 PM] Message  || User: m_digio             || Channel: #purrley-pawsitive-pussy-pals        || Content: I have some fucking tea
[09/07/2025 09:03:10.035 PM] Message  || User: a1darek             || Channel: #purrley-pawsitive-pussy-pals        || Content: This didn’t register as gossip I thought you were just very enthusia...
[09/07/2025 09:03:13.428 PM] Message  || User: dandelion021._.     || Channel: #yapper-committee                    || Content: tuesday?? yeee whichever is easiest for you
[09/07/2025 09:03:15.357 PM] Message  || User: dandelion021._.     || Channel: #yapper-committee                    || Content: i don’t mind
[09/07/2025 09:03:23.585 PM] Message  || User: dandelion021._.     || Channel: #yapper-committee                    || Content: 😄
[09/07/2025 09:04:52.314 PM] Message  || User: m_digio             || Channel: #purrley-pawsitive-pussy-pals        || Content: No like im going to fucking fight someone at the halloween mixer
[09/07/2025 09:05:15.348 PM] Message  || User: gupguppy            || Channel: #pictures-of-the-cats                || Content: If anyone can possibly identify this cat from my shitty pictures lol...
[09/07/2025 09:05:17.707 PM] Action   || Name: image_intake        || Trigger: channel=551084964318543904           || Output: rows=3
[09/07/2025 09:05:54.456 PM] Message  || User: pancakemixteamdj    || Channel: #pictures-of-the-cats                || Content: Church cat probs
[09/07/2025 09:05:55.779 PM] Message  || User: a1darek             || Channel: #purrley-pawsitive-pussy-pals        || Content: ich resting
[09/07/2025 09:06:31.775 PM] Message  || User: pancakemixteamdj    || Channel: #pictures-of-the-cats                || Content: @Atlas ᓚᘏᗢ
[09/07/2025 09:06:43.823 PM] Message  || User: simplyshadow171295  || Channel: #pictures-of-the-cats                || Content: bobbie
[09/07/2025 09:06:53.570 PM] Message  || User: simplyshadow171295  || Channel: #pictures-of-the-cats                || Content: she looks so scraggly
[09/07/2025 09:07:11.743 PM] Message  || User: simplyshadow171295  || Channel: #pictures-of-the-cats                || Content: do you see bobbie’s kids anywhere
[09/07/2025 09:07:36.716 PM] Message  || User: m_digio             || Channel: #purrley-pawsitive-pussy-pals        || Content: Um this is really embarrassing but my hs bully is dating my ex and f...
[09/07/2025 09:07:39.805 PM] Message  || User: simplyshadow171295  || Channel: #pictures-of-the-cats                || Content: they may still be on the other side of the street
[09/07/2025 09:08:06.066 PM] Message  || User: gupguppy            || Channel: #pictures-of-the-cats                || Content: I didn’t! I’m still in the area if you want me to look
[09/07/2025 09:08:56.953 PM] Message  || User: simplyshadow171295  || Channel: #pictures-of-the-cats                || Content: nah it’s okay. they’re tiny and hard to see still
[09/07/2025 09:09:01.656 PM] Message  || User: pancakemixteamdj    || Channel: #pictures-of-the-cats                || Content: That Bobbie ?
[09/07/2025 09:09:09.293 PM] Message  || User: simplyshadow171295  || Channel: #pictures-of-the-cats                || Content: old enough to be eating solid food but still skittish
[09/07/2025 09:09:16.466 PM] Message  || User: simplyshadow171295  || Channel: #pictures-of-the-cats                || Content: yuh
[09/07/2025 09:09:27.004 PM] Message  || User: pancakemixteamdj    || Channel: #pictures-of-the-cats                || Content: She looks so tiny
[09/07/2025 09:09:30.178 PM] Message  || User: simplyshadow171295  || Channel: #pictures-of-the-cats                || Content: unmistakable bib
[09/07/2025 09:09:34.657 PM] Message  || User: simplyshadow171295  || Channel: #pictures-of-the-cats                || Content: she is pretty tiny actually
[09/07/2025 09:09:44.255 PM] Message  || User: simplyshadow171295  || Channel: #pictures-of-the-cats                || Content: she’s like twix sized
[09/07/2025 09:09:58.764 PM] Message  || User: simplyshadow171295  || Channel: #pictures-of-the-cats                || Content: atzi is as well
[09/07/2025 09:10:34.024 PM] Message  || User: izzyballz           || Channel: #feeding-team                        || Content: yay !
[09/07/2025 09:13:34.223 PM] Message  || User: pancakemixteamdj    || Channel: #pictures-of-the-cats                || Content: By your estimations how of the cats on campus are children of Bobbie...
[09/07/2025 09:15:04.923 PM] React+   || User: nostalgicsapphic    || Channel: #purrley-pawsitive-pussy-pals        || emoji=😭; msg="so u hate me and want me dead" by slayc127
[09/07/2025 09:15:14.580 PM] Message  || User: nostalgicsapphic    || Channel: #purrley-pawsitive-pussy-pals        || Content: BRUH
[09/07/2025 09:15:22.810 PM] Message  || User: nostalgicsapphic    || Channel: #purrley-pawsitive-pussy-pals        || Content: u should push her down a storm drain
[09/07/2025 09:15:45.725 PM] Message  || User: m_digio             || Channel: #purrley-pawsitive-pussy-pals        || Content: Im actually scared of her she used to kick me until my legs bruised ...
[09/07/2025 09:15:52.270 PM] Message  || User: austinbaustinb      || Channel: #purrley-pawsitive-pussy-pals        || Content: Jesus
[09/07/2025 09:15:54.595 PM] Message  || User: austinbaustinb      || Channel: #purrley-pawsitive-pussy-pals        || Content: fuckin horrible
[09/07/2025 09:16:06.273 PM] Message  || User: austinbaustinb      || Channel: #purrley-pawsitive-pussy-pals        || Content: we can jump her or somethn.
[09/07/2025 09:16:15.612 PM] Message  || User: austinbaustinb      || Channel: #purrley-pawsitive-pussy-pals        || Content: i hope people look down on her
[09/07/2025 09:16:16.853 PM] React+   || User: nostalgicsapphic    || Channel: #purrley-pawsitive-pussy-pals        || emoji=‼️; msg="we can jump her or somethn." by austinbaustinb
[09/07/2025 09:16:30.233 PM] Message  || User: simplyshadow171295  || Channel: #pictures-of-the-cats                || Content: noir hasn’t had babies yet
[09/07/2025 09:16:57.766 PM] Message  || User: simplyshadow171295  || Channel: #pictures-of-the-cats                || Content: bobbie’s kids are maybe like,,  7 weeks old now
[09/07/2025 09:17:13.134 PM] Message  || User: m_digio             || Channel: #purrley-pawsitive-pussy-pals        || Content: She doesnt even go here she goes to a&m
[09/07/2025 09:17:17.667 PM] Message  || User: izzyballz           || Channel: #pictures-of-the-cats                || Content: rubber is enemy no 1
[09/07/2025 09:17:20.719 PM] Message  || User: simplyshadow171295  || Channel: #pictures-of-the-cats                || Content: i saw meatball eating kibble a week ago
[09/07/2025 09:17:27.644 PM] React+   || User: slayc127            || Channel: #purrley-pawsitive-pussy-pals        || emoji=‼️; msg="we can jump her or somethn." by austinbaustinb
[09/07/2025 09:17:33.771 PM] Message  || User: slayc127            || Channel: #purrley-pawsitive-pussy-pals        || Content: that tracks
[09/07/2025 09:17:37.761 PM] Message  || User: simplyshadow171295  || Channel: #pictures-of-the-cats                || Content: bobbie is public enemy no 1 man
[09/07/2025 09:17:41.664 PM] Message  || User: slayc127            || Channel: #purrley-pawsitive-pussy-pals        || Content: evil people flock to a&m
[09/07/2025 09:17:42.011 PM] React+   || User: nostalgicsapphic    || Channel: #purrley-pawsitive-pussy-pals        || emoji=‼️; msg="that tracks" by slayc127
[09/07/2025 09:17:44.491 PM] React+   || User: nostalgicsapphic    || Channel: #purrley-pawsitive-pussy-pals        || emoji=‼️; msg="evil people flock to a&m" by slayc127
[09/07/2025 09:17:54.524 PM] Message  || User: simplyshadow171295  || Channel: #pictures-of-the-cats                || Content: this girl has WAY too many kids and doesn’t know how to take care of...
[09/07/2025 09:18:30.901 PM] React+   || User: a1darek             || Channel: #purrley-pawsitive-pussy-pals        || emoji=‼️; msg="we can jump her or somethn." by austinbaustinb
[09/07/2025 09:18:48.629 PM] Message  || User: m_digio             || Channel: #purrley-pawsitive-pussy-pals        || Content: I had a 20 min panic attack after, js kinda wanting to let yall know...
[09/07/2025 09:19:07.186 PM] React+   || User: austinbaustinb      || Channel: #purrley-pawsitive-pussy-pals        || emoji=‼️; msg="evil people flock to a&m" by slayc127
[09/07/2025 09:19:19.381 PM] Message  || User: austinbaustinb      || Channel: #purrley-pawsitive-pussy-pals        || Content: we'll kick her ass we got u megan
[09/07/2025 09:19:25.266 PM] React+   || User: m_digio             || Channel: #purrley-pawsitive-pussy-pals        || emoji=❤️; msg="we'll kick her ass we got u megan" by austinbaustinb
[09/07/2025 09:19:35.454 PM] Message  || User: m_digio             || Channel: #purrley-pawsitive-pussy-pals        || Content: I really appreciate it
[09/07/2025 09:19:48.702 PM] Message  || User: izzyballz           || Channel: #yapper-committee                    || Content: physics exam in a week and a half 💔
[09/07/2025 09:19:55.505 PM] Message  || User: pancakemixteamdj    || Channel: #yapper-committee                    || Content: (no text; attachments=2)
[09/07/2025 09:19:56.694 PM] Message  || User: austinbaustinb      || Channel: #purrley-pawsitive-pussy-pals        || Content: + also im a sucker for like 'not super overwhelming' areas so like a...
[09/07/2025 09:20:04.976 PM] Message  || User: austinbaustinb      || Channel: #purrley-pawsitive-pussy-pals        || Content: tea rn tho....
[09/07/2025 09:20:09.256 PM] Message  || User: austinbaustinb      || Channel: #purrley-pawsitive-pussy-pals        || Content: u may be onto something ma boy
[09/07/2025 09:20:15.201 PM] React+   || User: a1darek             || Channel: #purrley-pawsitive-pussy-pals        || emoji=🤝; msg="u may be onto something ma boy" by austinbaustinb
[09/07/2025 09:20:18.853 PM] React+   || User: a1darek             || Channel: #purrley-pawsitive-pussy-pals        || emoji=❤️; msg="we'll kick her ass we got u megan" by austinbaustinb
[09/07/2025 09:20:20.521 PM] Message  || User: izzyballz           || Channel: #yapper-committee                    || Content: oh !
[09/07/2025 09:20:28.275 PM] Message  || User: izzyballz           || Channel: #yapper-committee                    || Content: rebuking
[09/07/2025 09:20:38.978 PM] Message  || User: m_digio             || Channel: #purrley-pawsitive-pussy-pals        || Content: I was thinking of a themed photo area away from everything
[09/07/2025 09:20:41.011 PM] Message  || User: pancakemixteamdj    || Channel: #yapper-committee                    || Content: I seem a  Version of this at like  every other school in Texas
[09/07/2025 09:20:42.825 PM] Message  || User: pancakemixteamdj    || Channel: #yapper-committee                    || Content: But uta
[09/07/2025 09:21:04.364 PM] Message  || User: austinbaustinb      || Channel: #purrley-pawsitive-pussy-pals        || Content: yea good idea
[09/07/2025 09:21:08.907 PM] Message  || User: austinbaustinb      || Channel: #purrley-pawsitive-pussy-pals        || Content: especially if its like outside
[09/07/2025 09:21:28.910 PM] Message  || User: austinbaustinb      || Channel: #purrley-pawsitive-pussy-pals        || Content: fresh air fucks cuz the inside temp is always like 20 degrees past c...
[09/07/2025 09:21:29.343 PM] Message  || User: m_digio             || Channel: #purrley-pawsitive-pussy-pals        || Content: I think were trying for a big room
[09/07/2025 09:21:32.529 PM] Message  || User: austinbaustinb      || Channel: #purrley-pawsitive-pussy-pals        || Content: o
[09/07/2025 09:21:39.276 PM] Message  || User: m_digio             || Channel: #purrley-pawsitive-pussy-pals        || Content: Weather yk
[09/07/2025 09:21:39.683 PM] Message  || User: austinbaustinb      || Channel: #purrley-pawsitive-pussy-pals        || Content: big room fine, better than small room
[09/07/2025 09:21:43.437 PM] Message  || User: austinbaustinb      || Channel: #purrley-pawsitive-pussy-pals        || Content: truzers
[09/07/2025 09:23:30.753 PM] Message  || User: mochenoch           || Channel: #yapper-committee                    || Content: https://tenor.com/view/jigsaw-tweaking-jigsaw-gif-9771344477130696767
[09/07/2025 09:23:35.484 PM] Message  || User: celeryiscelery      || Channel: #purrley-pawsitive-pussy-pals        || Content: i’ll be at the event, you will not be alone
[09/07/2025 09:23:57.944 PM] Message  || User: pancakemixteamdj    || Channel: #yapper-committee                    || Content: https://tenor.com/view/dexter-doakes-staring-suspicious-memes-gif-90...
[09/07/2025 09:25:37.339 PM] Message  || User: m_digio             || Channel: #purrley-pawsitive-pussy-pals        || Content: Important thing is i told her to go fuck herself and not to project ...
[09/07/2025 09:26:03.724 PM] Message  || User: gupguppy            || Channel: #yapper-committee                    || Content: This dude really has a whole tiktok of him just pissing on campus? 💀
[09/07/2025 09:26:13.800 PM] Message  || User: mochenoch           || Channel: #yapper-committee                    || Content: yes
[09/07/2025 09:26:16.380 PM] Message  || User: mochenoch           || Channel: #yapper-committee                    || Content: it's a trend
[09/07/2025 09:26:22.130 PM] Message  || User: pancakemixteamdj    || Channel: #yapper-committee                    || Content: Yes and these are all different people
[09/07/2025 09:26:40.695 PM] Message  || User: pancakemixteamdj    || Channel: #yapper-committee                    || Content: One of them was literally just a specific part of A&M campus
[09/07/2025 09:27:52.401 PM] Message  || User: pancakemixteamdj    || Channel: #yapper-committee                    || Content: Or
[09/07/2025 09:27:54.447 PM] Message  || User: pancakemixteamdj    || Channel: #yapper-committee                    || Content: (no text; attachments=1)
[09/07/2025 09:28:27.561 PM] React+   || User: _costco_wholesale_  || Channel: #yapper-committee                    || emoji=😭; msg=1414437060705652928
[09/07/2025 09:28:53.697 PM] React+   || User: mochenoch           || Channel: #yapper-committee                    || emoji=😭; msg=1414437060705652928
[09/07/2025 09:30:58.426 PM] React+   || User: spitonme            || Channel: #yapper-committee                    || emoji=🐙; msg="Woman you applied to and accepted a job ..." by reyesthighs
[09/07/2025 09:31:17.494 PM] Message  || User: celeryiscelery      || Channel: #purrley-pawsitive-pussy-pals        || Content: also if she shows up and starts trying to cause a scene i’m kicking ...
[09/07/2025 09:31:50.661 PM] Message  || User: celeryiscelery      || Channel: #purrley-pawsitive-pussy-pals        || Content: tryna start shit during pumpkin painting time?? NO MAAM
[09/07/2025 09:31:55.825 PM] React+   || User: slayc127            || Channel: #purrley-pawsitive-pussy-pals        || emoji=😭; msg="tryna start shit during pumpkin painting..." by celeryiscelery
[09/07/2025 09:31:56.657 PM] React+   || User: slayc127            || Channel: #purrley-pawsitive-pussy-pals        || emoji=‼️; msg="tryna start shit during pumpkin painting..." by celeryiscelery
[09/07/2025 09:37:11.422 PM] Message  || User: slayc127            || Channel: #executive-board                     || Content: are we cool with me making a role for membership + fundraising ? ive...
[09/07/2025 09:37:30.969 PM] React+   || User: m_digio             || Channel: #executive-board                     || emoji=👍; msg="are we cool with me making a role for me..." by slayc127
[09/07/2025 09:37:40.796 PM] Message  || User: slayc127            || Channel: #executive-board                     || Content: also austin did u update dues or nah ?
[09/07/2025 09:37:57.832 PM] Message  || User: the.lemonade.stand  || Channel: #executive-board                     || Content: I thought someone was creating a google form for officer positions?
[09/07/2025 09:38:01.341 PM] Message  || User: slayc127            || Channel: #executive-board                     || Content: if not its totally fine i had less energy than i thought i would thi...
[09/07/2025 09:38:05.708 PM] Message  || User: the.lemonade.stand  || Channel: #executive-board                     || Content: unless that was completely forgotten about
[09/07/2025 09:38:43.238 PM] Message  || User: slayc127            || Channel: #executive-board                     || Content: i truthfully have no idea what happened with that, im only referring...
[09/07/2025 09:39:36.170 PM] Message  || User: the.lemonade.stand  || Channel: #executive-board                     || Content: oh okay I see what you mean, I don’t think that should be an issue t...
[09/07/2025 09:39:54.752 PM] Message  || User: the.lemonade.stand  || Channel: #executive-board                     || Content: especially if it’s members who have been helping with tabling events...
[09/07/2025 09:40:05.418 PM] Message  || User: slayc127            || Channel: #executive-board                     || Content: yeesss okay i am glad u agree!!
[09/07/2025 09:40:10.139 PM] React+   || User: slayc127            || Channel: #executive-board                     || emoji=🎉; msg="especially if it’s members who have been..." by the.lemonade.stand
[09/07/2025 09:40:15.756 PM] Message  || User: slayc127            || Channel: #executive-board                     || Content: ill get that set up this week then
[09/07/2025 09:42:18.973 PM] Message  || User: the.lemonade.stand  || Channel: #executive-board                     || Content: sorry if it’s my lack of memory, but were there some brainstorming i...
[09/07/2025 09:44:30.901 PM] Message  || User: kitadan             || Channel: #pictures-of-the-cats                || Content: Noir is currently at three: Pepper, I call him Curry (but forgot wha...
[09/07/2025 09:45:46.210 PM] Message  || User: slayc127            || Channel: #executive-board                     || Content: yes, going forward bake sales will be greater streamlined with whos ...
[09/07/2025 09:46:14.621 PM] React+   || User: the.lemonade.stand  || Channel: #executive-board                     || emoji=<:lickg:1021597920258179092>; msg="yes, going forward bake sales will b...
[09/07/2025 09:46:20.135 PM] Message  || User: slayc127            || Channel: #executive-board                     || Content: tldr: nobody leaves the table after purchasing until jacob/whoever i...
[09/07/2025 09:46:46.361 PM] Message  || User: celeryiscelery      || Channel: #executive-board                     || Content: we had members miss transactions? whaaaatt?
[09/07/2025 09:47:24.270 PM] Message  || User: kitadan             || Channel: #pictures-of-the-cats                || Content: Then there is Bobbie's litter from last fall where Curry was the bab...
[09/07/2025 09:47:42.551 PM] Message  || User: m_digio             || Channel: #executive-board                     || Content: like miss recording them on the paper
[09/07/2025 09:47:43.094 PM] Message  || User: slayc127            || Channel: #executive-board                     || Content: i also am going to vote doing away with zelle entirely because i thi...
[09/07/2025 09:47:46.047 PM] React+   || User: slayc127            || Channel: #executive-board                     || emoji=‼️; msg="like miss recording them on the paper" by m_digio
[09/07/2025 09:47:52.530 PM] Message  || User: celeryiscelery      || Channel: #executive-board                     || Content: ohhh okay okay
[09/07/2025 09:48:31.559 PM] React+   || User: slayc127            || Channel: #pictures-of-the-cats                || emoji=😭; msg="Then there is Bobbie's litter from last ..." by kitadan
[09/07/2025 09:48:34.886 PM] Message  || User: the.lemonade.stand  || Channel: #executive-board                     || Content: please, i’ve been begging to stop using zelle 😭
[09/07/2025 09:48:40.420 PM] React+   || User: slayc127            || Channel: #executive-board                     || emoji=‼️; msg="please, i’ve been begging to stop using ..." by the.lemonade.s...
[09/07/2025 09:49:29.493 PM] React+   || User: leuqink3            || Channel: #introductions                       || emoji=<:happycat:834819172546510868>; msg="Hello! :3 My name is Paola and I’m...
[09/07/2025 09:49:57.391 PM] React+   || User: leuqink3            || Channel: #introductions                       || emoji=<:cute:933104767348134018>; msg="Hi! I’m Addison and I’m majoring in co...
[09/07/2025 09:50:20.074 PM] React+   || User: leuqink3            || Channel: #introductions                       || emoji=<:happycat:834819172546510868>; msg=1412600595138871328
[09/07/2025 09:50:31.393 PM] React+   || User: leuqink3            || Channel: #introductions                       || emoji=<:cute:933104767348134018>; msg="Im jack or Jacquelyn im a first year e...
[09/07/2025 09:50:45.270 PM] Message  || User: the.lemonade.stand  || Channel: #executive-board                     || Content: we can say no to people even if that is their only form of payment, ...
[09/07/2025 09:50:45.400 PM] React+   || User: leuqink3            || Channel: #introductions                       || emoji=🖤; msg="Hey, I'm Watson [Bri irl]. English sopho..." by watson_crowleen11
[09/07/2025 09:50:52.738 PM] React+   || User: slayc127            || Channel: #executive-board                     || emoji=‼️; msg="we can say no to people even if that is ..." by the.lemonade.s...
[09/07/2025 09:50:54.789 PM] React+   || User: celeryiscelery      || Channel: #executive-board                     || emoji=‼️; msg="we can say no to people even if that is ..." by the.lemonade.s...
[09/07/2025 09:51:00.096 PM] React+   || User: leuqink3            || Channel: #introductions                       || emoji=<:cute:933104767348134018>; msg="Welcome new people to the cat ~~cult~~...
[09/07/2025 09:51:13.812 PM] Message  || User: the.lemonade.stand  || Channel: #executive-board                     || Content: (sorry if I sound like a stickler)
[09/07/2025 09:51:16.810 PM] React+   || User: leuqink3            || Channel: #introductions                       || emoji=<:cute:933104767348134018>; msg="You will soon!!" by m_digio
[09/07/2025 09:51:29.198 PM] Message  || User: m_digio             || Channel: #executive-board                     || Content: we use cashapp, venmo, and paypal right?
[09/07/2025 09:51:34.152 PM] Message  || User: celeryiscelery      || Channel: #executive-board                     || Content: yes
[09/07/2025 09:51:34.840 PM] Message  || User: austinbaustinb      || Channel: #executive-board                     || Content: Yes
[09/07/2025 09:51:52.751 PM] Message  || User: austinbaustinb      || Channel: #executive-board                     || Content: We take cash too which I have my gripes about but those are the big 3
[09/07/2025 09:51:59.068 PM] React+   || User: nostalgicsapphic    || Channel: #executive-board                     || emoji=‼️; msg="we can say no to people even if that is ..." by the.lemonade.s...
[09/07/2025 09:52:00.556 PM] Message  || User: slayc127            || Channel: #executive-board                     || Content: heavy agree. even if we miss some sales i really really dont care atp
[09/07/2025 09:52:06.916 PM] React+   || User: slayc127            || Channel: #executive-board                     || emoji=😆; msg="We take cash too which I have my gripes ..." by austinbaustinb
[09/07/2025 09:52:10.714 PM] Message  || User: m_digio             || Channel: #executive-board                     || Content: i do not mind removing zelle, js more work on my part to keep track ...
[09/07/2025 09:52:26.778 PM] Message  || User: leuqink3            || Channel: #introductions                       || Content: my cat Bodhi wanted me to come by and show you a pic of himbs <:cute...
[09/07/2025 09:52:28.127 PM] Delete   || User: leuqink3            || Channel: #introductions                       || Content: my cat Bodhi wanted me to come by and show you a pic of himbs <:cute...
[09/07/2025 09:52:28.140 PM] Spam     || User: leuqink3            || Channel: #introductions                       || decision=deleted; reason=nlp
[09/07/2025 09:52:39.854 PM] React+   || User: nostalgicsapphic    || Channel: #purrley-pawsitive-pussy-pals        || emoji=‼️; msg="tryna start shit during pumpkin painting..." by celeryiscelery
[09/07/2025 09:52:45.538 PM] Message  || User: austinbaustinb      || Channel: #logging                             || Content: Tf?
[09/07/2025 09:52:46.297 PM] React+   || User: nostalgicsapphic    || Channel: #purrley-pawsitive-pussy-pals        || emoji=🔥; msg="Important thing is i told her to go fuck..." by m_digio
