[10/08/2025 12:00:39.983 AM] Message  || User: spitonme            || Channel: #yapper-committee                    || Content: what does this have to do with taylor swift
[10/08/2025 12:00:41.402 AM] Message  || User: spitonme            || Channel: #yapper-committee                    || Content: 😢
[10/08/2025 12:00:50.247 AM] Message  || User: racerdg             || Channel: #yapper-committee                    || Content: lmfao
[10/08/2025 12:02:13.453 AM] React+   || User: pancakemixteamdj    || Channel: #pictures-of-the-cats                || emoji=😭; msg="eggs no eraser" by racerdg
[10/08/2025 12:03:39.129 AM] Message  || User: a1darek             || Channel: #purrley-pawsitive-pussy-pals        || Content: Kaz L
[10/08/2025 12:07:41.047 AM] Message  || User: a1darek             || Channel: #purrley-pawsitive-pussy-pals        || Content: i want 5000 dogs
[10/08/2025 12:10:09.189 AM] Message  || User: pancakemixteamdj    || Channel: #yapper-committee                    || Content: No one talk to me rn, I forgot to start the washer , all my jeans we...
[10/08/2025 12:20:05.576 AM] Message  || User: .bettercalljack     || Channel: #yapper-committee                    || Content: Oh god
[10/08/2025 12:29:36.931 AM] Message  || User: kitadan             || Channel: #yapper-committee                    || Content: I had separate thought.  Then posted Taylor thought.  Sorry for conf...
[10/08/2025 12:29:46.485 AM] Message  || User: spitonme            || Channel: #yapper-committee                    || Content: oh lol
[10/08/2025 12:29:48.523 AM] React+   || User: spitonme            || Channel: #yapper-committee                    || emoji=🐙; msg="I had separate thought.  Then posted Tay..." by kitadan
[10/08/2025 12:30:13.554 AM] Message  || User: spitonme            || Channel: #yapper-committee                    || Content: i was like dang what is she singing about
[10/08/2025 12:32:52.609 AM] Message  || User: spitonme            || Channel: #bot-spam                            || Content: period
[10/08/2025 12:33:26.554 AM] Message  || User: kitadan             || Channel: #bot-spam                            || Content: ||word with Double N||
[10/08/2025 12:51:22.636 AM] Message  || User: cici4f3             || Channel: #yapper-committee                    || Content: NOOOOOO
[10/08/2025 12:51:32.326 AM] React+   || User: cici4f3             || Channel: #pictures-of-the-cats                || emoji=😭; msg="eggs no eraser" by racerdg
[10/08/2025 12:51:45.645 AM] Message  || User: pancakemixteamdj    || Channel: #yapper-committee                    || Content: (no text; attachments=2)
[10/08/2025 12:51:54.976 AM] React+   || User: cici4f3             || Channel: #feeding-team                        || emoji=❤️; msg="forgot to send earlier but business cats..." by peacetothemoon
[10/08/2025 12:55:49.051 AM] Message  || User: m_digio             || Channel: #bot-spam                            || Content: I'm so smart
[10/08/2025 01:26:56.068 AM] Message  || User: mochenoch           || Channel: #yapper-committee                    || Content: Whimsy
[10/08/2025 01:57:31.429 AM] Message  || User: _rambone_           || Channel: #purrley-pawsitive-pussy-pals        || Content: league is actually so miserable
[10/08/2025 01:57:56.162 AM] Message  || User: _rambone_           || Channel: #purrley-pawsitive-pussy-pals        || Content: people give up after 10 minutes in the lowest rank
[10/08/2025 01:58:01.987 AM] Message  || User: _rambone_           || Channel: #purrley-pawsitive-pussy-pals        || Content: mind boggeling
[10/08/2025 01:58:08.752 AM] Edit     || User: _rambone_           || Channel: #purrley-pawsitive-pussy-pals        || mind boggeling -> mind boggling
[10/08/2025 01:58:29.071 AM] Message  || User: _rambone_           || Channel: #purrley-pawsitive-pussy-pals        || Content: that being said i'll be playing tomorrow\
[10/08/2025 02:07:39.009 AM] Message  || User: a1darek             || Channel: #purrley-pawsitive-pussy-pals        || Content: fish found in ocean
[10/08/2025 02:08:59.578 AM] Message  || User: _rambone_           || Channel: #purrley-pawsitive-pussy-pals        || Content: Alr not too much now
[10/08/2025 02:10:03.999 AM] Action   || Name: profile_update_e... || Trigger: id=1                                 || Output: 404 Not Found (error code: 10008): Unknown Message
[10/08/2025 02:10:05.410 AM] Action   || Name: profile_update_e... || Trigger: id=2                                 || Output: 404 Not Found (error code: 10008): Unknown Message
[10/08/2025 02:10:06.712 AM] Action   || Name: profile_update_e... || Trigger: id=4                                 || Output: 404 Not Found (error code: 10008): Unknown Message
[10/08/2025 02:10:07.994 AM] Action   || Name: profile_update_e... || Trigger: id=5                                 || Output: 404 Not Found (error code: 10008): Unknown Message
[10/08/2025 02:10:09.181 AM] Action   || Name: profile_update_e... || Trigger: id=6                                 || Output: 404 Not Found (error code: 10008): Unknown Message
[10/08/2025 02:10:10.302 AM] Action   || Name: profile_update_e... || Trigger: id=7                                 || Output: 404 Not Found (error code: 10008): Unknown Message
[10/08/2025 02:10:11.299 AM] Action   || Name: profile_update_e... || Trigger: id=9                                 || Output: 404 Not Found (error code: 10008): Unknown Message
[10/08/2025 02:10:12.366 AM] Action   || Name: profile_update_e... || Trigger: id=17                                || Output: 404 Not Found (error code: 10008): Unknown Message
[10/08/2025 02:10:13.443 AM] Action   || Name: profile_update_e... || Trigger: id=67                                || Output: 404 Not Found (error code: 10008): Unknown Message
[10/08/2025 02:10:13.443 AM] Action   || Name: profile_update_f... || Trigger: count=9                              || Output: 1,2,4,5,6,7,9,17,67
[10/08/2025 02:10:13.443 AM] Action   || Name: profiles_scheduler  || Trigger: update_all                           || Output: ran
[10/08/2025 03:00:00.410 AM] Action   || Name: dues_membership_... || Trigger: sheet=1PBvCd6gTwc1_aqlCtn93xPW7XJ... || Output: ws=Membership Application List
[10/08/2025 03:00:03.275 AM] Action   || Name: dues_membership_... || Trigger: row=2                                || Output: Date|Mavorgs Invite|Semester|Email|Full Name|Discord Username|Payment...
[10/08/2025 03:00:03.275 AM] Action   || Name: dues_membership_... || Trigger: total=1002                           || Output: usable=858
[10/08/2025 03:00:03.365 AM] Action   || Name: dues_scheduler      || Trigger: count=1                              || Output: done
[10/08/2025 03:55:37.490 AM] Action   || Name: gmail_auth_url      || Trigger:                                      || Output: https://accounts.google.com/o/oauth2/auth?response_type=code&client_i...
[10/08/2025 03:55:37.490 AM] Action   || Name: gmail_log_scheduler || Trigger: auth                                 || Output: pending
[10/08/2025 06:00:24.581 AM] Message  || User: a1darek             || Channel: #purrley-pawsitive-pussy-pals        || Content: Bruh who is up rn
[10/08/2025 06:00:48.055 AM] Message  || User: austinbaustinb      || Channel: #thomas-cat-sandbox                  || Content: Tomcat, auth url http://localhost:8765/?state=RXJ2GBYxOlJCYqAZbmk8b4...
[10/08/2025 06:00:48.055 AM] Intent   || gmail_auth_code           ||                                              
[10/08/2025 06:00:48.451 AM] Action   || Name: gmail_auth_complete || Trigger: by=624440365595754496                || Output: ok
[10/08/2025 06:01:14.973 AM] Message  || User: austinbaustinb      || Channel: #purrley-pawsitive-pussy-pals        || Content: Thas me
[10/08/2025 06:01:56.067 AM] Message  || User: a1darek             || Channel: #purrley-pawsitive-pussy-pals        || Content: I figured
[10/08/2025 06:09:10.081 AM] React+   || User: slayc127            || Channel: #feeding-team                        || emoji=❤️; msg="forgot to send earlier but business cats..." by peacetothemoon
[10/08/2025 06:10:59.730 AM] React+   || User: slayc127            || Channel: #pictures-of-the-cats                || emoji=😭; msg="eggs no eraser" by racerdg
[10/08/2025 06:11:07.205 AM] React+   || User: slayc127            || Channel: #pictures-of-the-cats                || emoji=🐙; msg="we saw him earlier" by simplyshadow171295
[10/08/2025 06:11:07.492 AM] React+   || User: slayc127            || Channel: #pictures-of-the-cats                || emoji=🎉; msg="we saw him earlier" by simplyshadow171295
[10/08/2025 06:53:10.202 AM] Message  || User: adeyumii            || Channel: #yapper-committee                    || Content: I saw him when I was going to kaz's apartment!!!
[10/08/2025 06:53:20.320 AM] Message  || User: adeyumii            || Channel: #yapper-committee                    || Content: He's got like face paint on and stuff
[10/08/2025 06:54:23.014 AM] React+   || User: the.lemonade.stand  || Channel: #purrley-pawsitive-pussy-pals        || emoji=‼️; msg="chosen families being a thing makes "fam..." by austinbaustinb
[10/08/2025 07:13:18.400 AM] React+   || User: chordicon           || Channel: #pictures-of-the-cats                || emoji=😭; msg="eggs no eraser" by racerdg
[10/08/2025 07:13:31.897 AM] Message  || User: chordicon           || Channel: #pictures-of-the-cats                || Content: (no text; attachments=1)
[10/08/2025 07:13:32.969 AM] Action   || Name: image_intake        || Trigger: channel=551084964318543904           || Output: rows=1
[10/08/2025 07:19:05.700 AM] Message  || User: adeyumii            || Channel: #pictures-of-the-cats                || Content: So dramatic
[10/08/2025 07:35:22.004 AM] Message  || User: the.lemonade.stand  || Channel: #purrley-pawsitive-pussy-pals        || Content: hoping whoever scored the 16 is doing okay
[10/08/2025 07:36:18.595 AM] Message  || User: simplyshadow171295  || Channel: #yapper-committee                    || Content: microwave mentioned on the UTA admissions insta this morning
[10/08/2025 07:38:00.630 AM] React+   || User: slayc127            || Channel: #purrley-pawsitive-pussy-pals        || emoji=😭; msg="hoping whoever scored the 16 is doing ok..." by the.lemonade.stand
[10/08/2025 07:55:38.260 AM] Action   || Name: gmail_log_scheduler || Trigger: found=1                              || Output: logged=1
[10/08/2025 07:55:38.549 AM] Action   || Name: finance_skip_dup... || Trigger: buffer                               || Output: Sophia Herrera $6.00 on 2025-08-26
[10/08/2025 07:55:38.551 AM] Action   || Name: finance_skip_dup... || Trigger: buffer                               || Output: Jordin Baylee $5.00 on 2025-08-26
[10/08/2025 07:55:38.551 AM] Action   || Name: finance_skip_dup... || Trigger: buffer                               || Output: Axel Torres $24.25 on 2025-08-22
[10/08/2025 07:55:38.553 AM] Action   || Name: finance_skip_dup... || Trigger: buffer                               || Output: Megan Digiovanni $47.62 on 2025-08-26
[10/08/2025 07:55:38.553 AM] Action   || Name: finance_skip_dup... || Trigger: buffer                               || Output: M. Padron $20.00 on 2025-08-26
[10/08/2025 07:55:38.555 AM] Action   || Name: finance_skip_dup... || Trigger: buffer                               || Output: Sophia Herrera $6.00 on 2025-08-26
[10/08/2025 07:55:38.555 AM] Action   || Name: finance_skip_dup... || Trigger: buffer                               || Output: Addison Loera $8.00 on 2025-08-26
[10/08/2025 07:55:38.557 AM] Action   || Name: finance_skip_dup... || Trigger: buffer                               || Output: Amber Thomas $5.00 on 2025-08-26
[10/08/2025 07:55:38.557 AM] Action   || Name: finance_skip_dup... || Trigger: buffer                               || Output: Jordin Baylee $5.00 on 2025-08-26
[10/08/2025 07:55:38.559 AM] Action   || Name: finance_skip_dup... || Trigger: buffer                               || Output: Kathleen Cantu $1.00 on 2025-08-26
[10/08/2025 07:55:38.559 AM] Action   || Name: finance_skip_dup... || Trigger: buffer                               || Output: Amber Thomas $3.00 on 2025-08-26
[10/08/2025 07:55:38.561 AM] Action   || Name: finance_skip_dup... || Trigger: buffer                               || Output: Rob Jimenez $3.00 on 2025-08-26
[10/08/2025 07:55:38.561 AM] Action   || Name: finance_skip_dup... || Trigger: buffer                               || Output: Daniel Brantley $3.00 on 2025-08-26
[10/08/2025 07:55:38.563 AM] Action   || Name: finance_skip_dup... || Trigger: buffer                               || Output: Isabella Klein $9.70 on 2025-08-26
[10/08/2025 07:55:38.563 AM] Action   || Name: finance_skip_dup... || Trigger: buffer                               || Output: Wix $25.98 on 2025-08-26
[10/08/2025 07:55:38.565 AM] Action   || Name: finance_skip_dup... || Trigger: buffer                               || Output: Nelda Hernandez $2.00 on 2025-08-26
[10/08/2025 07:55:38.565 AM] Action   || Name: finance_skip_dup... || Trigger: buffer                               || Output: Troy Broome $1.00 on 2025-08-26
[10/08/2025 07:55:38.567 AM] Action   || Name: finance_skip_dup... || Trigger: buffer                               || Output: Div Bits $2.00 on 2025-08-26
[10/08/2025 07:55:38.567 AM] Action   || Name: finance_skip_dup... || Trigger: buffer                               || Output: Jacob Sandoval $1.00 on 2025-08-26
[10/08/2025 07:55:38.569 AM] Action   || Name: finance_skip_dup... || Trigger: buffer                               || Output: Aubrey Cunningham $10.00 on 2025-08-26
[10/08/2025 07:55:38.569 AM] Action   || Name: finance_skip_dup... || Trigger: buffer                               || Output: Maxwell Preston $5.00 on 2025-08-26
[10/08/2025 07:55:38.569 AM] Action   || Name: finance_skip_dup... || Trigger: buffer                               || Output: Sophia Herrera $6.00 on 2025-08-26
[10/08/2025 07:55:38.571 AM] Action   || Name: finance_skip_dup... || Trigger: buffer                               || Output: Derek Fuentes $25.98 on 2025-08-26
[10/08/2025 07:55:38.571 AM] Action   || Name: finance_skip_dup... || Trigger: buffer                               || Output: Miguel V $5.00 on 2025-08-26
[10/08/2025 07:55:38.573 AM] Action   || Name: finance_skip_dup... || Trigger: buffer                               || Output: Nelda Hernandez $3.00 on 2025-08-26
[10/08/2025 07:55:38.573 AM] Action   || Name: finance_skip_dup... || Trigger: buffer                               || Output: Megan Digiovanni $130.00 on 2025-08-26
[10/08/2025 07:55:38.575 AM] Action   || Name: finance_skip_dup... || Trigger: buffer                               || Output: Pedro Savala $5.00 on 2025-08-27
[10/08/2025 07:55:38.575 AM] Action   || Name: finance_skip_dup... || Trigger: buffer                               || Output: Jonathan Mcgeever $5.00 on 2025-08-27
[10/08/2025 07:55:38.577 AM] Action   || Name: finance_skip_dup... || Trigger: buffer                               || Output: NNT PETSMART # $32.46 on 2025-08-06
[10/08/2025 07:55:38.577 AM] Action   || Name: finance_skip_dup... || Trigger: buffer                               || Output: Py Store Here Pantego $54.00 on 2025-08-20
[10/08/2025 07:55:38.579 AM] Action   || Name: finance_skip_dup... || Trigger: buffer                               || Output: Megan Digiovanni $74.92 on 2025-07-30
[10/08/2025 07:55:38.579 AM] Action   || Name: finance_skip_dup... || Trigger: buffer                               || Output: TOMAHAWK LIVE TRAP $581.62 on 2025-05-12
[10/08/2025 07:55:38.581 AM] Action   || Name: finance_skip_dup... || Trigger: buffer                               || Output: TOMAHAWK LIVE TRAP $581.62 on 2025-05-12
[10/08/2025 07:55:41.306 AM] Action   || Name: finance_skip_dup... || Trigger: kind=income                          || Output: Cynthia griffith $10.00 on 2025-04-16
[10/08/2025 07:55:41.306 AM] Action   || Name: finance_skip_dup... || Trigger: kind=income                          || Output: Caleb Moran $4.00 on 2025-04-16
[10/08/2025 07:55:41.306 AM] Action   || Name: finance_skip_dup... || Trigger: kind=income                          || Output: Alberto $6.00 on 2025-04-16
[10/08/2025 07:55:41.306 AM] Action   || Name: finance_skip_dup... || Trigger: kind=income                          || Output: Jacob Sandoval $2.91 on 2025-04-16
[10/08/2025 07:55:41.306 AM] Action   || Name: finance_skip_dup... || Trigger: kind=income                          || Output: tay $5.00 on 2025-04-16
[10/08/2025 07:55:41.306 AM] Action   || Name: finance_skip_dup... || Trigger: kind=income                          || Output: Nelda Hernandez $2.00 on 2025-04-16
[10/08/2025 07:55:41.306 AM] Action   || Name: finance_skip_dup... || Trigger: kind=income                          || Output: Maria Olds $10.00 on 2025-04-16
[10/08/2025 07:55:41.306 AM] Action   || Name: finance_skip_dup... || Trigger: kind=income                          || Output: Mario Rodriguez $3.00 on 2025-04-16
[10/08/2025 07:55:41.306 AM] Action   || Name: finance_skip_dup... || Trigger: kind=income                          || Output: Elisha Taylor $5.00 on 2025-04-16
[10/08/2025 07:55:41.319 AM] Action   || Name: finance_skip_dup... || Trigger: kind=income                          || Output: Jacob Sandoval $3.00 on 2025-04-16
[10/08/2025 07:55:41.319 AM] Action   || Name: finance_skip_dup... || Trigger: kind=income                          || Output: Isabella Klein $9.70 on 2025-08-26
[10/08/2025 07:55:41.319 AM] Action   || Name: finance_skip_dup... || Trigger: kind=income                          || Output: Nelda Hernandez $2.00 on 2025-08-26
[10/08/2025 07:55:41.319 AM] Action   || Name: finance_skip_dup... || Trigger: kind=income                          || Output: Troy Broome $1.00 on 2025-08-26
[10/08/2025 07:55:41.319 AM] Action   || Name: finance_skip_dup... || Trigger: kind=income                          || Output: Div Bits $2.00 on 2025-08-26
[10/08/2025 07:55:41.319 AM] Action   || Name: finance_skip_dup... || Trigger: kind=income                          || Output: Jacob Sandoval $1.00 on 2025-08-26
[10/08/2025 07:55:41.319 AM] Action   || Name: finance_skip_dup... || Trigger: kind=income                          || Output: Aubrey Cunningham $10.00 on 2025-08-26
[10/08/2025 07:55:41.319 AM] Action   || Name: finance_skip_dup... || Trigger: kind=income                          || Output: Maxwell Preston $5.00 on 2025-08-26
[10/08/2025 07:55:41.319 AM] Action   || Name: finance_skip_dup... || Trigger: kind=income                          || Output: Sophia Herrera $6.00 on 2025-08-26
[10/08/2025 07:55:41.319 AM] Action   || Name: finance_skip_dup... || Trigger: kind=income                          || Output: Miguel V $5.00 on 2025-08-26
[10/08/2025 07:55:41.319 AM] Action   || Name: finance_skip_dup... || Trigger: kind=income                          || Output: Nelda Hernandez $3.00 on 2025-08-26
[10/08/2025 07:55:41.319 AM] Action   || Name: finance_skip_dup... || Trigger: kind=income                          || Output: Megan Digiovanni $130.00 on 2025-08-26
[10/08/2025 07:55:41.319 AM] Action   || Name: finance_skip_dup... || Trigger: kind=income                          || Output: Pedro Savala $5.00 on 2025-08-27
[10/08/2025 07:55:41.319 AM] Action   || Name: finance_skip_dup... || Trigger: kind=income                          || Output: Jonathan Mcgeever $5.00 on 2025-08-27
[10/08/2025 07:55:41.319 AM] Action   || Name: finance_skip_dup... || Trigger: kind=income                          || Output: Axel Torres $24.25 on 2025-08-22
[10/08/2025 07:55:41.319 AM] Action   || Name: finance_skip_dup... || Trigger: kind=income                          || Output: M. Padron $20.00 on 2025-08-26
[10/08/2025 07:55:41.335 AM] Action   || Name: finance_skip_dup... || Trigger: kind=income                          || Output: Addison Loera $8.00 on 2025-08-26
[10/08/2025 07:55:41.335 AM] Action   || Name: finance_skip_dup... || Trigger: kind=income                          || Output: Amber Thomas $5.00 on 2025-08-26
[10/08/2025 07:55:41.335 AM] Action   || Name: finance_skip_dup... || Trigger: kind=income                          || Output: Kathleen Cantu $1.00 on 2025-08-26
[10/08/2025 07:55:41.335 AM] Action   || Name: finance_skip_dup... || Trigger: kind=income                          || Output: Amber Thomas $3.00 on 2025-08-26
[10/08/2025 07:55:41.335 AM] Action   || Name: finance_skip_dup... || Trigger: kind=income                          || Output: Rob Jimenez $3.00 on 2025-08-26
[10/08/2025 07:55:41.335 AM] Action   || Name: finance_skip_dup... || Trigger: kind=income                          || Output: Daniel Brantley $3.00 on 2025-08-26
[10/08/2025 07:55:41.335 AM] Action   || Name: finance_skip_dup... || Trigger: kind=income                          || Output: Kylie Crook $5.00 on 2025-09-16
[10/08/2025 07:55:41.335 AM] Action   || Name: finance_skip_dup... || Trigger: kind=income                          || Output: Jenny Nguyen $9.70 on 2025-09-03
[10/08/2025 07:55:43.030 AM] Action   || Name: finance_skip_dup... || Trigger: kind=expense                         || Output: Py Store Here Pantego $54.00 on 2025-04-20
[10/08/2025 07:55:43.030 AM] Action   || Name: finance_skip_dup... || Trigger: kind=expense                         || Output: j s $11.68 on 2025-04-22
[10/08/2025 07:55:43.030 AM] Action   || Name: finance_skip_dup... || Trigger: kind=expense                         || Output: Wix $25.98 on 2025-04-26
[10/08/2025 07:55:43.030 AM] Action   || Name: finance_skip_dup... || Trigger: kind=expense                         || Output: Wix $25.98 on 2025-08-26
[10/08/2025 07:55:43.030 AM] Action   || Name: finance_skip_dup... || Trigger: kind=expense                         || Output: Derek Fuentes $25.98 on 2025-08-26
[10/08/2025 07:55:43.030 AM] Action   || Name: finance_skip_dup... || Trigger: kind=expense                         || Output: Py Store Here Pantego $54.00 on 2025-08-20
[10/08/2025 07:55:43.030 AM] Action   || Name: finance_skip_dup... || Trigger: kind=expense                         || Output: Megan Digiovanni $47.62 on 2025-08-26
[10/08/2025 07:55:43.030 AM] Action   || Name: finance_skip_dup... || Trigger: kind=expense                         || Output: NNT PETSMART # $32.46 on 2025-08-06
[10/08/2025 07:55:43.030 AM] Action   || Name: finance_skip_dup... || Trigger: kind=expense                         || Output: Megan Digiovanni $74.92 on 2025-07-30
[10/08/2025 07:55:43.030 AM] Action   || Name: finance_skip_dup... || Trigger: kind=expense                         || Output: TOMAHAWK LIVE TRAP $581.62 on 2025-05-11
[10/08/2025 07:55:43.030 AM] Action   || Name: finance_skip_dup... || Trigger: kind=expense                         || Output: Py Store Here Pantego $54.00 on 2025-05-20
[10/08/2025 07:55:43.046 AM] Action   || Name: finance_skip_dup... || Trigger: kind=expense                         || Output: Derek Fuentes $72.45 on 2025-05-23
[10/08/2025 07:55:43.046 AM] Action   || Name: finance_skip_dup... || Trigger: kind=expense                         || Output: Wix $25.98 on 2025-05-26
[10/08/2025 07:55:43.046 AM] Action   || Name: finance_skip_dup... || Trigger: kind=expense                         || Output: Megan Digiovanni $89.91 on 2025-10-05
[10/08/2025 07:55:43.046 AM] Action   || Name: finance_skip_dup... || Trigger: kind=expense                         || Output: DOMINO'S $60.57 on 2025-09-09
[10/08/2025 07:55:43.046 AM] Action   || Name: finance_skip_dup... || Trigger: kind=expense                         || Output: Derek Fuentes $20.00 on 2025-09-10
[10/08/2025 07:57:01.360 AM] Message  || User: austinbaustinb      || Channel: #purrley-pawsitive-pussy-pals        || Content: Probably happy they didn’t get a 0 lowkey
[10/08/2025 07:57:03.984 AM] Message  || User: austinbaustinb      || Channel: #purrley-pawsitive-pussy-pals        || Content: I’ve been there
[10/08/2025 08:11:38.549 AM] React+   || User: slayc127            || Channel: #purrley-pawsitive-pussy-pals        || emoji=‼️; msg="Probably happy they didn’t get a 0 lowke..." by austinbaustinb
[10/08/2025 08:17:21.408 AM] React+   || User: moineau_l.oiseau    || Channel: #executive-board                     || emoji=<:nothingburger:1412527689155350538>; msg=1425221259427315814
[10/08/2025 08:17:22.020 AM] React+   || User: moineau_l.oiseau    || Channel: #executive-board                     || emoji=😭; msg=1425221259427315814
[10/08/2025 08:17:30.733 AM] React+   || User: moineau_l.oiseau    || Channel: #executive-board                     || emoji=😭; msg="oh my god my head phones were on, HOLLON..." by celeryiscelery
[10/08/2025 08:17:38.006 AM] React+   || User: moineau_l.oiseau    || Channel: #executive-board                     || emoji=❤️; msg=1425222517072597013
[10/08/2025 08:18:48.108 AM] React+   || User: moineau_l.oiseau    || Channel: #executive-board                     || emoji=👍; msg="also officer form is almost ready for yo..." by celeryiscelery
[10/08/2025 08:19:04.651 AM] React+   || User: moineau_l.oiseau    || Channel: #executive-board                     || emoji=🎉; msg="here’s the room layout for the tables<:g..." by celeryiscelery
[10/08/2025 08:22:39.258 AM] React+   || User: moineau_l.oiseau    || Channel: #purrley-pawsitive-pussy-pals        || emoji=😭; msg="hoping whoever scored the 16 is doing ok..." by the.lemonade.stand
[10/08/2025 08:23:53.378 AM] Message  || User: slayc127            || Channel: #pictures-of-the-cats                || Content: GUESS WHO GOT TO SEE MS DIVA
[10/08/2025 08:23:54.531 AM] Action   || Name: image_intake        || Trigger: channel=551084964318543904           || Output: rows=5
[10/08/2025 08:24:05.641 AM] Message  || User: slayc127            || Channel: #pictures-of-the-cats                || Content: I AM SO HAPPY RN
[10/08/2025 08:24:10.767 AM] Message  || User: slayc127            || Channel: #pictures-of-the-cats                || Content: TODAY IS GONNA BE SUCHHHH A GOOD DAY
[10/08/2025 08:24:38.898 AM] Message  || User: slayc127            || Channel: #pictures-of-the-cats                || Content: SHE DOESNT EVEN KNOW HER PICTURE IS IN THE BACK OF MY PHONE CASE 😭😭😭😭😭😭
[10/08/2025 08:25:00.760 AM] Message  || User: slayc127            || Channel: #purrley-pawsitive-pussy-pals        || Content: HAPPY DAY FOR KAZIUS
[10/08/2025 08:27:20.665 AM] React+   || User: moineau_l.oiseau    || Channel: #feeding-team                        || emoji=❤️; msg="forgot to send earlier but business cats..." by peacetothemoon
[10/08/2025 08:28:47.134 AM] React+   || User: moineau_l.oiseau    || Channel: #cat-name-ideas                      || emoji=🔥; msg="Chat have I said Scarfelius yet? Pronoun..." by reyesthighs
[10/08/2025 08:29:00.081 AM] React+   || User: moineau_l.oiseau    || Channel: #pictures-of-the-cats                || emoji=❤️; msg="maya is slow blinking at us" by simplyshadow171295
[10/08/2025 08:29:06.854 AM] React+   || User: moineau_l.oiseau    || Channel: #pictures-of-the-cats                || emoji=🤣; msg="bewildered" by simplyshadow171295
[10/08/2025 08:29:07.629 AM] React+   || User: moineau_l.oiseau    || Channel: #pictures-of-the-cats                || emoji=❤️; msg="bewildered" by simplyshadow171295
[10/08/2025 08:29:12.549 AM] React+   || User: moineau_l.oiseau    || Channel: #pictures-of-the-cats                || emoji=🎉; msg=1425281187806445568
[10/08/2025 08:29:38.350 AM] React+   || User: moineau_l.oiseau    || Channel: #pictures-of-the-cats                || emoji=😭; msg="eggs no eraser" by racerdg
[10/08/2025 08:29:42.632 AM] React+   || User: moineau_l.oiseau    || Channel: #pictures-of-the-cats                || emoji=🤣; msg="Hes sleeping on the couch" by .bettercalljack
[10/08/2025 08:29:47.785 AM] Message  || User: yaeji               || Channel: #pet-pictures                        || Content: randy orton is in acacia's garage
[10/08/2025 08:29:50.781 AM] Message  || User: yaeji               || Channel: #pet-pictures                        || Content: say hi
[10/08/2025 08:29:51.789 AM] React+   || User: moineau_l.oiseau    || Channel: #pictures-of-the-cats                || emoji=🎉; msg="we saw him earlier" by simplyshadow171295
[10/08/2025 08:29:59.542 AM] React+   || User: moineau_l.oiseau    || Channel: #pictures-of-the-cats                || emoji=‼️; msg="So dramatic" by adeyumii
[10/08/2025 08:30:07.038 AM] React+   || User: moineau_l.oiseau    || Channel: #pictures-of-the-cats                || emoji=<:happycat:834819172546510868>; msg="GUESS WHO GOT TO SEE MS DIVA" by s...
[10/08/2025 08:30:09.182 AM] React+   || User: moineau_l.oiseau    || Channel: #pictures-of-the-cats                || emoji=🎉; msg="GUESS WHO GOT TO SEE MS DIVA" by slayc127
[10/08/2025 08:30:19.546 AM] React+   || User: moineau_l.oiseau    || Channel: #pictures-of-the-cats                || emoji=🤣; msg="SHE DOESNT EVEN KNOW HER PICTURE IS IN T..." by slayc127
[10/08/2025 08:30:58.272 AM] React+   || User: moineau_l.oiseau    || Channel: #memes                               || emoji=❤️; msg="https://www.tiktok.com/t/ZP8Ahne7F/" by spitonme
[10/08/2025 08:31:22.626 AM] React+   || User: moineau_l.oiseau    || Channel: #memes                               || emoji=🤣; msg="https://youtube.com/shorts/VgRreCXplbM?s..." by racerdg
[10/08/2025 08:31:23.779 AM] React-   || User: unknown             || Channel: #memes                               || emoji=🤣; msg="https://youtube.com/shorts/VgRreCXplbM?s..." by racerdg
[10/08/2025 08:31:27.375 AM] React+   || User: moineau_l.oiseau    || Channel: #memes                               || emoji=<:stare:949790850039304233>; msg="https://youtube.com/shorts/VgRreCXplb...
[10/08/2025 08:31:34.796 AM] React+   || User: moineau_l.oiseau    || Channel: #memes                               || emoji=🤣; msg="https://youtube.com/shorts/VgRreCXplbM?s..." by racerdg
[10/08/2025 08:31:38.866 AM] React+   || User: moineau_l.oiseau    || Channel: #memes                               || emoji=✨; msg="https://youtube.com/shorts/VgRreCXplbM?s..." by racerdg
[10/08/2025 08:33:19.350 AM] React+   || User: moineau_l.oiseau    || Channel: #itty-bitty-kitty-commitee           || emoji=🤣; msg="He is not happy I woke him up" by austinbaustinb
[10/08/2025 08:33:49.245 AM] React+   || User: moineau_l.oiseau    || Channel: #itty-bitty-kitty-commitee           || emoji=🅱️; msg="Bruh canvas is mocking me <:JScat:891493..." by lilypie2904
[10/08/2025 08:33:49.578 AM] React+   || User: moineau_l.oiseau    || Channel: #itty-bitty-kitty-commitee           || emoji=🅰️; msg="Bruh canvas is mocking me <:JScat:891493..." by lilypie2904
[10/08/2025 08:33:49.889 AM] React+   || User: moineau_l.oiseau    || Channel: #itty-bitty-kitty-commitee           || emoji=🇩; msg="Bruh canvas is mocking me <:JScat:891493..." by lilypie2904
[10/08/2025 08:33:53.372 AM] React+   || User: moineau_l.oiseau    || Channel: #itty-bitty-kitty-commitee           || emoji=😔; msg="Bruh canvas is mocking me <:JScat:891493..." by lilypie2904
[10/08/2025 08:35:34.710 AM] React+   || User: kitadan             || Channel: #pictures-of-the-cats                || emoji=🎉; msg="GUESS WHO GOT TO SEE MS DIVA" by slayc127
[10/08/2025 08:35:59.386 AM] React+   || User: kitadan             || Channel: #pictures-of-the-cats                || emoji=🤣; msg="SHE DOESNT EVEN KNOW HER PICTURE IS IN T..." by slayc127
[10/08/2025 08:41:32.961 AM] React+   || User: simplyshadow171295  || Channel: #pictures-of-the-cats                || emoji=<:happycat:834819172546510868>; msg="GUESS WHO GOT TO SEE MS DIVA" by s...
[10/08/2025 08:41:33.140 AM] React+   || User: simplyshadow171295  || Channel: #pictures-of-the-cats                || emoji=🎉; msg="GUESS WHO GOT TO SEE MS DIVA" by slayc127
[10/08/2025 08:42:22.762 AM] Message  || User: simplyshadow171295  || Channel: #pictures-of-the-cats                || Content: bobbie on the horizon. chilton was back at the church proper (??)
[10/08/2025 08:42:24.041 AM] Action   || Name: image_intake        || Trigger: channel=551084964318543904           || Output: rows=2
[10/08/2025 08:46:13.748 AM] React+   || User: slayc127            || Channel: #pictures-of-the-cats                || emoji=❤️; msg="bobbie on the horizon. chilton was back ..." by simplyshadow17...
[10/08/2025 08:52:52.303 AM] Message  || User: orphean_            || Channel: #feeding-team                        || Content: west hall fed!
[10/08/2025 08:52:52.310 AM] Intent   || feed_update               ||                                               || station=West Hall; dates=['2025-10-08']
[10/08/2025 08:52:54.214 AM] Action   || Name: sheet_mark          || Trigger: station=West Hall date=2025-10-08    || Output: ok
[10/08/2025 08:52:54.214 AM] Action   || Name: feed_update         || Trigger: station=West Hall; dates=2025-10-08  || Output: ok
[10/08/2025 08:55:06.070 AM] React+   || User: spitonme            || Channel: #yapper-committee                    || emoji=🐙; msg="microwave mentioned on the UTA admission..." by simplyshadow171295
[10/08/2025 08:55:14.323 AM] Message  || User: spitonme            || Channel: #pet-pictures                        || Content: hai
[10/08/2025 08:55:55.241 AM] React+   || User: spitonme            || Channel: #pictures-of-the-cats                || emoji=🐙; msg="SHE DOESNT EVEN KNOW HER PICTURE IS IN T..." by slayc127
[10/08/2025 08:56:11.002 AM] Message  || User: spitonme            || Channel: #bot-spam                            || Content: the smartest cookie
[10/08/2025 08:56:15.125 AM] Message  || User: austinbaustinb      || Channel: #purrley-pawsitive-pussy-pals        || Content: I love her and her lil raccoon tail
[10/08/2025 08:56:40.120 AM] Message  || User: slayc127            || Channel: #announcements                       || Content: @​here was brought to my attention i forgot to post the bake sale si...
[10/08/2025 08:56:46.104 AM] Edit     || User: slayc127            || Channel: #announcements                       || @​here was brought to my attention i forgot to post the bake sale sign up she...
[10/08/2025 08:56:50.496 AM] React+   || User: spitonme            || Channel: #announcements                       || emoji=🐙; msg="@​here was brought to my attention i for..." by slayc127
[10/08/2025 08:56:55.695 AM] React+   || User: slayc127            || Channel: #purrley-pawsitive-pussy-pals        || emoji=‼️; msg="I love her and her lil raccoon tail" by austinbaustinb
[10/08/2025 08:56:57.887 AM] Message  || User: slayc127            || Channel: #purrley-pawsitive-pussy-pals        || Content: RIGHTTTTTTTTTTTT
[10/08/2025 08:56:59.839 AM] Message  || User: slayc127            || Channel: #purrley-pawsitive-pussy-pals        || Content: shes so stunning
[10/08/2025 08:59:35.354 AM] React+   || User: nostalgicsapphic    || Channel: #purrley-pawsitive-pussy-pals        || emoji=‼️; msg="I love her and her lil raccoon tail" by austinbaustinb
[10/08/2025 09:05:29.628 AM] Message  || User: not_d3fault_1420    || Channel: #pictures-of-the-cats                || Content: he didn't like me calling him a rotisserie chicken
[10/08/2025 09:05:30.749 AM] Action   || Name: image_intake        || Trigger: channel=551084964318543904           || Output: rows=2
[10/08/2025 09:05:42.789 AM] React+   || User: slayc127            || Channel: #pictures-of-the-cats                || emoji=😆; msg="he didn't like me calling him a rotisser..." by not_d3fault_1420
[10/08/2025 09:05:47.354 AM] Message  || User: slayc127            || Channel: #pictures-of-the-cats                || Content: aurrrr thats where he was
[10/08/2025 09:06:11.571 AM] Message  || User: not_d3fault_1420    || Channel: #pictures-of-the-cats                || Content: yess
[10/08/2025 09:06:31.677 AM] Message  || User: not_d3fault_1420    || Channel: #pictures-of-the-cats                || Content: he went back to the patio area by his house after
[10/08/2025 09:06:55.128 AM] React+   || User: not_d3fault_1420    || Channel: #yapper-committee                    || emoji=🐙; msg="microwave mentioned on the UTA admission..." by simplyshadow171295
[10/08/2025 09:15:35.856 AM] Message  || User: slayc127            || Channel: #pictures-of-the-cats                || Content: heard
[10/08/2025 09:46:07.745 AM] Message  || User: slayc127            || Channel: #pictures-of-the-cats                || Content: (no text; attachments=2)
[10/08/2025 09:46:09.070 AM] Action   || Name: image_intake        || Trigger: channel=551084964318543904           || Output: rows=2
[10/08/2025 09:54:34.301 AM] React+   || User: pancakemixteamdj    || Channel: #yapper-committee                    || emoji=🐙; msg="microwave mentioned on the UTA admission..." by simplyshadow171295
[10/08/2025 10:02:02.277 AM] Message  || User: pancakemixteamdj    || Channel: #pictures-of-the-cats                || Content: (no text; attachments=1)
[10/08/2025 10:02:03.602 AM] Action   || Name: image_intake        || Trigger: channel=551084964318543904           || Output: rows=1
[10/08/2025 10:04:47.151 AM] Message  || User: mochenoch           || Channel: #yapper-committee                    || Content: I have opened my eyes to the world of morning showers
[10/08/2025 10:04:53.023 AM] Message  || User: mochenoch           || Channel: #yapper-committee                    || Content: It’s wonderful
[10/08/2025 10:05:01.704 AM] Message  || User: izzyballz           || Channel: #yapper-committee                    || Content: yo someone walked out literally 2 feet in front my car just now
[10/08/2025 10:05:17.939 AM] Message  || User: mochenoch           || Channel: #yapper-committee                    || Content: Bout to get that settlement money
[10/08/2025 10:05:34.571 AM] Message  || User: izzyballz           || Channel: #yapper-committee                    || Content: and he saw me too like we made eye contact before he walked into the...
[10/08/2025 10:05:50.017 AM] Message  || User: mochenoch           || Channel: #yapper-committee                    || Content: Exams are coming up Izzy
[10/08/2025 10:05:54.326 AM] Message  || User: mochenoch           || Channel: #yapper-committee                    || Content: You know how it is
[10/08/2025 10:06:54.810 AM] React+   || User: m_digio             || Channel: #announcements                       || emoji=<:MMMM:834820001499447296>; msg="@​here was brought to my attention i f...
[10/08/2025 10:06:55.577 AM] React+   || User: m_digio             || Channel: #announcements                       || emoji=<:wuuh:1331331057076932750>; msg="@​here was brought to my attention i ...
[10/08/2025 10:06:58.016 AM] React-   || User: unknown             || Channel: #announcements                       || emoji=<:wuuh:1331331057076932750>; msg="@​here was brought to my attention i ...
[10/08/2025 10:06:59.944 AM] React+   || User: m_digio             || Channel: #announcements                       || emoji=<:gaga:1413361490634870969>; msg="@​here was brought to my attention i ...
[10/08/2025 10:07:03.918 AM] React+   || User: m_digio             || Channel: #announcements                       || emoji=<:gitir2:1146680302878605332>; msg="@​here was brought to my attention ...
[10/08/2025 10:07:06.609 AM] React+   || User: m_digio             || Channel: #announcements                       || emoji=<:powaahhhhhhh:1284949152685490216>; msg="@​here was brought to my atte...
[10/08/2025 10:13:14.649 AM] React+   || User: kitadan             || Channel: #pictures-of-the-cats                || emoji=❤️; msg="bobbie on the horizon. chilton was back ..." by simplyshadow17...
[10/08/2025 10:20:03.355 AM] Message  || User: kitadan             || Channel: #yapper-committee                    || Content: When you lose an argument on Twitter because they used the broadest ...
[10/08/2025 10:27:04.048 AM] Message  || User: spitonme            || Channel: #memes                               || Content: https://www.tiktok.com/t/ZP8ABjFUR/
[10/08/2025 10:27:05.149 AM] Edit     || User: spitonme            || Channel: #memes                               || https://www.tiktok.com/t/ZP8ABjFUR/ -> https://www.tiktok.com/t/ZP8ABjFUR/
[10/08/2025 10:27:15.773 AM] React+   || User: spitonme            || Channel: #yapper-committee                    || emoji=🐙; msg="and he saw me too like we made eye conta..." by izzyballz
[10/08/2025 10:27:18.913 AM] React+   || User: spitonme            || Channel: #yapper-committee                    || emoji=🐙; msg="You know how it is" by mochenoch
[10/08/2025 10:27:24.305 AM] Message  || User: spitonme            || Channel: #yapper-committee                    || Content: bc honestly same
[10/08/2025 10:27:53.853 AM] Message  || User: spitonme            || Channel: #yapper-committee                    || Content: i have learned to simply,, not get rage baited on twitter or threads...
[10/08/2025 10:28:00.909 AM] Message  || User: spitonme            || Channel: #yapper-committee                    || Content: it has done wonders for my mental health
[10/08/2025 10:28:16.072 AM] Edit     || User: spitonme            || Channel: #yapper-committee                    || i have learned to simply,, not get rage baited on twitter or threads or ig co...
[10/08/2025 10:32:22.255 AM] Message  || User: m_digio             || Channel: #executive-board                     || Content: So jordan wants to pay for pizzas for the halloween party
[10/08/2025 10:32:54.913 AM] Message  || User: m_digio             || Channel: #executive-board                     || Content: which i think is great and fine, bc like my understanding is we js n...
[10/08/2025 10:33:18.553 AM] Message  || User: m_digio             || Channel: #executive-board                     || Content: and ive been to parties before in the same place that have served food
[10/08/2025 10:39:46.379 AM] React+   || User: simplyshadow171295  || Channel: #yapper-committee                    || emoji=😔; msg="When you lose an argument on Twitter bec..." by kitadan
[10/08/2025 10:40:28.723 AM] Message  || User: austinbaustinb      || Channel: #executive-board                     || Content: Yeah I’m not sure. I’m definitely for pizza but idk how to make it s...
[10/08/2025 10:41:26.130 AM] Message  || User: m_digio             || Channel: #executive-board                     || Content: I think we js need to not advertise it
[10/08/2025 10:41:57.585 AM] Message  || User: m_digio             || Channel: #executive-board                     || Content: like with the movies thing, the person told cel to js not mention it...
[10/08/2025 10:43:46.554 AM] React+   || User: .bettercalljack     || Channel: #yapper-committee                    || emoji=😔; msg="When you lose an argument on Twitter bec..." by kitadan
[10/08/2025 10:43:59.455 AM] Message  || User: .bettercalljack     || Channel: #yapper-committee                    || Content: Anyone know if you can get bonus stars from starbucks using dining d...
[10/08/2025 10:44:09.217 AM] Message  || User: .bettercalljack     || Channel: #yapper-committee                    || Content: I tried using an offer like that one time they gave me nothing
[10/08/2025 10:44:29.475 AM] Message  || User: .bettercalljack     || Channel: #yapper-committee                    || Content: I think this is an actual fallacy i forgot what its called though
[10/08/2025 10:44:37.459 AM] React+   || User: austinbaustinb      || Channel: #executive-board                     || emoji=❤️; msg="like with the movies thing, the person t..." by m_digio
[10/08/2025 10:44:39.067 AM] React+   || User: archavian_empire    || Channel: #yapper-committee                    || emoji=❤️; msg="I think this is an actual fallacy i forg..." by .bettercalljack
[10/08/2025 10:44:41.021 AM] React-   || User: unknown             || Channel: #yapper-committee                    || emoji=❤️; msg="I think this is an actual fallacy i forg..." by .bettercalljack
[10/08/2025 10:44:49.688 AM] Message  || User: archavian_empire    || Channel: #yapper-committee                    || Content: Bro i hate this new double tap feature
[10/08/2025 10:44:51.769 AM] Message  || User: celeryiscelery      || Channel: #executive-board                     || Content: yes
[10/08/2025 10:44:58.590 AM] React+   || User: celeryiscelery      || Channel: #executive-board                     || emoji=‼️; msg="like with the movies thing, the person t..." by m_digio
[10/08/2025 10:45:02.333 AM] Message  || User: austinbaustinb      || Channel: #yapper-committee                    || Content: Twitter is just horrible now with bots. So much rage bait
[10/08/2025 10:45:12.499 AM] Message  || User: austinbaustinb      || Channel: #yapper-committee                    || Content: I don’t think so, from what I remember
[10/08/2025 10:45:19.690 AM] Message  || User: austinbaustinb      || Channel: #yapper-committee                    || Content: The UC Starbucks specifically is very picky
[10/08/2025 10:46:52.365 AM] Message  || User: .bettercalljack     || Channel: #yapper-committee                    || Content: ☹️ but my hypothetical 60 bonus stars
[10/08/2025 10:47:05.281 AM] Message  || User: .bettercalljack     || Channel: #yapper-committee                    || Content: Makes sense though i tried and got no bonus
[10/08/2025 10:47:45.866 AM] React+   || User: the.lemonade.stand  || Channel: #executive-board                     || emoji=❤️; msg="like with the movies thing, the person t..." by m_digio
[10/08/2025 10:47:46.093 AM] React+   || User: the.lemonade.stand  || Channel: #executive-board                     || emoji=‼️; msg="like with the movies thing, the person t..." by m_digio
[10/08/2025 10:47:50.432 AM] React+   || User: the.lemonade.stand  || Channel: #executive-board                     || emoji=‼️; msg="So jordan wants to pay for pizzas for th..." by m_digio
[10/08/2025 10:48:11.734 AM] React+   || User: the.lemonade.stand  || Channel: #purrley-pawsitive-pussy-pals        || emoji=‼️; msg="I love her and her lil raccoon tail" by austinbaustinb
[10/08/2025 10:48:18.805 AM] Message  || User: m_digio             || Channel: #executive-board                     || Content: So i can tell him yes?
[10/08/2025 10:48:46.789 AM] Message  || User: .bettercalljack     || Channel: #yapper-committee                    || Content: (no text; attachments=1)
[10/08/2025 10:48:50.848 AM] Message  || User: celeryiscelery      || Channel: #executive-board                     || Content: yes just make sure no one sees you bringing it up
[10/08/2025 10:49:04.635 AM] Message  || User: adeyumii            || Channel: #yapper-committee                    || Content: grok recently went haywire and started praising Hitler btw
[10/08/2025 10:49:23.335 AM] Message  || User: m_digio             || Channel: #executive-board                     || Content: yeah hes dming me
[10/08/2025 10:49:23.804 AM] Message  || User: celeryiscelery      || Channel: #executive-board                     || Content: bc since it starts at 7 you have to call to call to get the door opened
[10/08/2025 10:49:33.618 AM] Edit     || User: celeryiscelery      || Channel: #executive-board                     || bc since it starts at 7 you have to call to call to get the door opened -> bc...
[10/08/2025 10:49:50.314 AM] Message  || User: m_digio             || Channel: #executive-board                     || Content: i think we can get someone to pick it up
[10/08/2025 10:50:11.935 AM] React+   || User: celeryiscelery      || Channel: #executive-board                     || emoji=<:gaga:1413361490634870969>; msg="i think we can get someone to pick it...
[10/08/2025 10:53:11.326 AM] React+   || User: slayc127            || Channel: #executive-board                     || emoji=❤️; msg="like with the movies thing, the person t..." by m_digio
[10/08/2025 10:53:11.334 AM] React+   || User: slayc127            || Channel: #executive-board                     || emoji=‼️; msg="like with the movies thing, the person t..." by m_digio
[10/08/2025 10:54:42.647 AM] React+   || User: slayc127            || Channel: #yapper-committee                    || emoji=😔; msg="When you lose an argument on Twitter bec..." by kitadan
[10/08/2025 10:54:52.578 AM] Message  || User: slayc127            || Channel: #pictures-of-the-cats                || Content: me too mike
[10/08/2025 10:55:04.887 AM] Message  || User: slayc127            || Channel: #pictures-of-the-cats                || Content: i love seeing the incremental shifts in his posture
[10/08/2025 11:00:39.292 AM] React+   || User: _rambone_           || Channel: #executive-board                     || emoji=❤️; msg="like with the movies thing, the person t..." by m_digio
[10/08/2025 11:05:28.728 AM] Message  || User: m_digio             || Channel: #external-promotions                 || Content: Tacos outside preston
[10/08/2025 11:06:44.305 AM] Message  || User: .bettercalljack     || Channel: #yapper-committee                    || Content: Fork found in kitchen
[10/08/2025 11:07:09.310 AM] Message  || User: .bettercalljack     || Channel: #pictures-of-the-cats                || Content: (no text; attachments=1)
[10/08/2025 11:07:10.874 AM] Action   || Name: image_intake        || Trigger: channel=551084964318543904           || Output: rows=1
[10/08/2025 11:13:14.999 AM] Message  || User: mochenoch           || Channel: #yapper-committee                    || Content: the sky's blue
[10/08/2025 11:15:39.431 AM] Message  || User: not_d3fault_1420    || Channel: #pictures-of-the-cats                || Content: (no text; attachments=1)
[10/08/2025 11:15:40.454 AM] Action   || Name: image_intake        || Trigger: channel=551084964318543904           || Output: rows=1
[10/08/2025 11:17:32.868 AM] Message  || User: m_digio             || Channel: #external-promotions                 || Content: (no text; attachments=1)
[10/08/2025 11:24:34.248 AM] React+   || User: slayc127            || Channel: #pictures-of-the-cats                || emoji=‼️; msg=1425517008849731594
[10/08/2025 11:29:21.630 AM] Message  || User: austinbaustinb      || Channel: #purrley-pawsitive-pussy-pals        || Content: (no text; attachments=4)
[10/08/2025 11:29:51.530 AM] React+   || User: .bettercalljack     || Channel: #pictures-of-the-cats                || emoji=‼️; msg=1425517008849731594
[10/08/2025 11:31:08.750 AM] Message  || User: .bettercalljack     || Channel: #external-promotions                 || Content: How much?
[10/08/2025 11:34:29.879 AM] React+   || User: slayc127            || Channel: #purrley-pawsitive-pussy-pals        || emoji=‼️; msg=1425520457117077679
[10/08/2025 11:42:39.948 AM] React+   || User: pancakemixteamdj    || Channel: #pet-pictures                        || emoji=‼️; msg="*squish*" by .s3j
[10/08/2025 11:43:40.994 AM] Message  || User: yaeji               || Channel: #yapper-committee                    || Content: my twitter feed is just a cesspool of TW and political arguments now
[10/08/2025 11:43:49.270 AM] Message  || User: yaeji               || Channel: #yapper-committee                    || Content: i did not ask for this
[10/08/2025 11:47:40.291 AM] Message  || User: simplyshadow171295  || Channel: #pictures-of-the-cats                || Content: expanding as it heats up
[10/08/2025 11:48:16.380 AM] React+   || User: spitonme            || Channel: #external-promotions                 || emoji=🐙; msg=1425517484194267288
[10/08/2025 11:48:48.819 AM] Message  || User: slayc127            || Channel: #pictures-of-the-cats                || Content: (no text; attachments=1)
[10/08/2025 11:48:50.671 AM] Action   || Name: image_intake        || Trigger: channel=551084964318543904           || Output: rows=1
[10/08/2025 11:51:13.313 AM] Message  || User: m_digio             || Channel: #feeding-team                        || Content: @feeding team dm me for the lock code, gotta wiggle it a bit bc its ...
[10/08/2025 11:51:13.329 AM] Intent   || feed_update               ||                                               || station=Microwave; dates=['2025-10-08']
[10/08/2025 11:51:19.512 AM] Action   || Name: sheet_mark          || Trigger: station=Microwave date=2025-10-08    || Output: ok
[10/08/2025 11:51:19.528 AM] Action   || Name: feed_update         || Trigger: station=Microwave; dates=2025-10-08  || Output: ok
[10/08/2025 11:51:21.672 AM] React+   || User: m_digio             || Channel: #purrley-pawsitive-pussy-pals        || emoji=‼️; msg=1425520457117077679
[10/08/2025 11:51:21.719 AM] React+   || User: spitonme            || Channel: #feeding-team                        || emoji=🐙; msg="@feeding team dm me for the lock code, g..." by m_digio
[10/08/2025 11:51:23.655 AM] React+   || User: lemonelon_          || Channel: #feeding-team                        || emoji=🐙; msg="@feeding team dm me for the lock code, g..." by m_digio
[10/08/2025 11:51:28.036 AM] React+   || User: lifeye              || Channel: #feeding-team                        || emoji=🐙; msg="@feeding team dm me for the lock code, g..." by m_digio
[10/08/2025 11:51:37.235 AM] React+   || User: .bettercalljack     || Channel: #feeding-team                        || emoji=🐙; msg="@feeding team dm me for the lock code, g..." by m_digio
[10/08/2025 11:51:50.245 AM] Message  || User: spitonme            || Channel: #pictures-of-the-cats                || Content: perv
[10/08/2025 11:51:51.389 AM] Message  || User: lance030315         || Channel: #feeding-team                        || Content: Were people taking food, or is this just a precaution?
[10/08/2025 11:52:26.266 AM] Message  || User: .bettercalljack     || Channel: #feeding-team                        || Content: Probably both
[10/08/2025 11:53:21.739 AM] Message  || User: .bettercalljack     || Channel: #memes                               || Content: (no text; attachments=1)
[10/08/2025 11:53:35.156 AM] Message  || User: bubblebee5866       || Channel: #feeding-team                        || Content: Should we dm you now or when we're getting food for the kitties?
[10/08/2025 11:54:40.643 AM] React+   || User: zoe.cronin          || Channel: #feeding-team                        || emoji=❗; msg="Should we dm you now or when we're getti..." by bubblebee5866
[10/08/2025 11:55:35.184 AM] Message  || User: slayc127            || Channel: #feeding-team                        || Content: just whenever yall plan on needing the code
[10/08/2025 11:55:35.188 AM] Action   || Name: feed_pending_set    || Trigger: ch=643586809166561310; user=35686... || Output: Microwave
[10/08/2025 11:55:49.574 AM] React+   || User: slayc127            || Channel: #pictures-of-the-cats                || emoji=😆; msg="perv" by spitonme
[10/08/2025 11:56:22.173 AM] Message  || User: void_now            || Channel: #feeding-team                        || Content: we need a remote detonation switch so that if someone tries to break...
[10/08/2025 11:57:12.148 AM] React+   || User: slayc127            || Channel: #feeding-team                        || emoji=😆; msg="we need a remote detonation switch so th..." by void_now
[10/08/2025 11:57:47.550 AM] Message  || User: slayc127            || Channel: #feeding-team                        || Content: also to be clear: dont share the code here and dont dm it to anyone ...
[10/08/2025 11:58:14.191 AM] Edit     || User: slayc127            || Channel: #feeding-team                        || also to be clear: dont share the code here and dont dm it to anyone else *inc...
[10/08/2025 11:58:14.236 AM] Message  || User: m_digio             || Channel: #feeding-team                        || Content: (no text; attachments=0)
[10/08/2025 11:59:28.413 AM] Message  || User: archavian_empire    || Channel: #yapper-committee                    || Content: this is why I avoid Twitter now 😭
[10/08/2025 11:59:42.337 AM] React+   || User: reyesthighs         || Channel: #feeding-team                        || emoji=👍; msg="Also can you lot 50 feeders tell me if y..." by adeyumii
[10/08/2025 12:00:08.871 PM] React+   || User: reyesthighs         || Channel: #feeding-team                        || emoji=😆; msg="we need a remote detonation switch so th..." by void_now
[10/08/2025 12:01:56.696 PM] React+   || User: orphean_            || Channel: #feeding-team                        || emoji=🫁; msg="@feeding team dm me for the lock code, g..." by m_digio
[10/08/2025 12:02:45.856 PM] React+   || User: moineau_l.oiseau    || Channel: #memes                               || emoji=‼️; msg=1425526497862488197
[10/08/2025 12:02:48.106 PM] React+   || User: celeryiscelery      || Channel: #purrley-pawsitive-pussy-pals        || emoji=<:cute:933104767348134018>; msg=1425520457117077679
[10/08/2025 12:02:48.427 PM] React+   || User: moineau_l.oiseau    || Channel: #memes                               || emoji=🤣; msg=1425526497862488197
[10/08/2025 12:02:56.177 PM] Message  || User: simplyshadow171295  || Channel: #yapper-committee                    || Content: they have dogs at the fresh check day
[10/08/2025 12:03:02.046 PM] React+   || User: moineau_l.oiseau    || Channel: #pictures-of-the-cats                || emoji=😆; msg="he didn't like me calling him a rotisser..." by not_d3fault_1420
[10/08/2025 12:03:04.225 PM] React+   || User: moineau_l.oiseau    || Channel: #pictures-of-the-cats                || emoji=😭; msg="he didn't like me calling him a rotisser..." by not_d3fault_1420
[10/08/2025 12:03:04.966 PM] React+   || User: kitadan             || Channel: #feeding-team                        || emoji=🫁; msg="@feeding team dm me for the lock code, g..." by m_digio
[10/08/2025 12:03:05.095 PM] React+   || User: moineau_l.oiseau    || Channel: #pictures-of-the-cats                || emoji=❤️; msg="bobbie on the horizon. chilton was back ..." by simplyshadow17...
[10/08/2025 12:03:18.808 PM] React+   || User: kitadan             || Channel: #feeding-team                        || emoji=😆; msg="we need a remote detonation switch so th..." by void_now
[10/08/2025 12:03:48.463 PM] React+   || User: moineau_l.oiseau    || Channel: #pictures-of-the-cats                || emoji=‼️; msg=1425517008849731594
[10/08/2025 12:03:56.359 PM] Message  || User: m_digio             || Channel: #feeding-team                        || Content: @feeding team yall can also ask kaz if i dont respond
[10/08/2025 12:04:14.699 PM] React+   || User: simplyshadow171295  || Channel: #external-promotions                 || emoji=‼️; msg=1425517484194267288
[10/08/2025 12:04:26.447 PM] Message  || User: simplyshadow171295  || Channel: #yapper-committee                    || Content: tucker indy and frankie
[10/08/2025 12:04:31.260 PM] React+   || User: moineau_l.oiseau    || Channel: #executive-board                     || emoji=‼️; msg="like with the movies thing, the person t..." by m_digio
[10/08/2025 12:04:34.380 PM] React+   || User: moineau_l.oiseau    || Channel: #executive-board                     || emoji=❤️; msg="like with the movies thing, the person t..." by m_digio
[10/08/2025 12:04:37.214 PM] Message  || User: kitadan             || Channel: #yapper-committee                    || Content: Interact with KPOP Demon Hunters if you want different stuff.
[10/08/2025 12:15:09.495 PM] React+   || User: abstractly_         || Channel: #feeding-team                        || emoji=😆; msg="we need a remote detonation switch so th..." by void_now
[10/08/2025 12:15:24.922 PM] React+   || User: the.lemonade.stand  || Channel: #purrley-pawsitive-pussy-pals        || emoji=‼️; msg=1425520457117077679
[10/08/2025 12:15:51.237 PM] React+   || User: simplyshadow171295  || Channel: #feeding-team                        || emoji=😆; msg="we need a remote detonation switch so th..." by void_now
[10/08/2025 12:19:31.401 PM] React+   || User: vasyline            || Channel: #pictures-of-the-cats                || emoji=🎉; msg="GUESS WHO GOT TO SEE MS DIVA" by slayc127
[10/08/2025 12:19:47.644 PM] React+   || User: vasyline            || Channel: #pictures-of-the-cats                || emoji=‼️; msg=1425517008849731594
[10/08/2025 12:21:23.842 PM] React+   || User: baseketballin       || Channel: #feeding-team                        || emoji=😆; msg="we need a remote detonation switch so th..." by void_now
[10/08/2025 12:23:17.744 PM] Message  || User: kukieari            || Channel: #yapper-committee                    || Content: 3 meatballs
[10/08/2025 12:24:29.181 PM] React+   || User: slayc127            || Channel: #yapper-committee                    || emoji=😆; msg="*Sniff sniff*" by Carl-bot
[10/08/2025 12:24:33.205 PM] Message  || User: slayc127            || Channel: #yapper-committee                    || Content: give the turtle some
[10/08/2025 12:24:33.211 PM] Message  || User: pancakemixteamdj    || Channel: #yapper-committee                    || Content: Why do the meat balls look sad
[10/08/2025 12:26:37.261 PM] Message  || User: adeyumii            || Channel: #external-promotions                 || Content: The food trucks or is this a community
[10/08/2025 12:27:03.514 PM] React+   || User: reyesthighs         || Channel: #yapper-committee                    || emoji=😔; msg="When you lose an argument on Twitter bec..." by kitadan
[10/08/2025 12:27:09.483 PM] Message  || User: adeyumii            || Channel: #external-promotions                 || Content: It's food truck wednesday
[10/08/2025 12:29:07.301 PM] Message  || User: adeyumii            || Channel: #yapper-committee                    || Content: the sauce looks um
[10/08/2025 12:29:10.051 PM] Message  || User: adeyumii            || Channel: #yapper-committee                    || Content: questionable
[10/08/2025 12:29:55.695 PM] React+   || User: lilypie2904         || Channel: #itty-bitty-kitty-commitee           || emoji=<a:SCpianohorse:834279673759662120>; msg="Bruh canvas is mocking me <:J...
[10/08/2025 12:31:47.420 PM] React+   || User: simplyshadow171295  || Channel: #external-promotions                 || emoji=‼️; msg="It's food truck wednesday" by adeyumii
[10/08/2025 12:32:21.127 PM] Message  || User: hatshura            || Channel: #yapper-committee                    || Content: https://tenor.com/view/phatearl-gif-1118018617497295536
[10/08/2025 12:32:21.498 PM] Edit     || User: hatshura            || Channel: #yapper-committee                    || https://tenor.com/view/phatearl-gif-1118018617497295536 -> https://tenor.com/...
[10/08/2025 12:32:42.958 PM] React+   || User: simplyshadow171295  || Channel: #yapper-committee                    || emoji=<:wuuh:1331331057076932750>; msg="3 meatballs" by kukieari
[10/08/2025 12:32:50.051 PM] Message  || User: simplyshadow171295  || Channel: #yapper-committee                    || Content: <:wuuh:1331331057076932750>
[10/08/2025 12:33:09.086 PM] Message  || User: hatshura            || Channel: #yapper-committee                    || Content: <:catthumbsup:931115163317329920>
[10/08/2025 12:34:37.926 PM] Message  || User: kukieari            || Channel: #yapper-committee                    || Content: balls
[10/08/2025 12:34:42.947 PM] Message  || User: kukieari            || Channel: #yapper-committee                    || Content: IDK
[10/08/2025 12:34:49.619 PM] Message  || User: kukieari            || Channel: #yapper-committee                    || Content: its alfredo sauce
[10/08/2025 12:34:51.862 PM] Message  || User: kukieari            || Channel: #yapper-committee                    || Content: yum yum
[10/08/2025 12:34:53.123 PM] React+   || User: nostalgicsapphic    || Channel: #purrley-pawsitive-pussy-pals        || emoji=<:cute:933104767348134018>; msg=1425520457117077679
[10/08/2025 12:34:53.521 PM] React+   || User: nostalgicsapphic    || Channel: #purrley-pawsitive-pussy-pals        || emoji=‼️; msg=1425520457117077679
[10/08/2025 12:45:40.856 PM] Message  || User: m_digio             || Channel: #external-promotions                 || Content: Community
[10/08/2025 12:45:55.367 PM] Message  || User: m_digio             || Channel: #external-promotions                 || Content: My plate for two tacos and a drink was $8
[10/08/2025 12:53:36.240 PM] Message  || User: izzyballz           || Channel: #external-promotions                 || Content: shaking my fist while i eat two granola bars for lunch rn
[10/08/2025 12:56:13.380 PM] Message  || User: simplyshadow171295  || Channel: #external-promotions                 || Content: it’s a frat
[10/08/2025 12:56:16.858 PM] Message  || User: simplyshadow171295  || Channel: #external-promotions                 || Content: they’re leaving at 2
[10/08/2025 12:56:19.156 PM] Message  || User: simplyshadow171295  || Channel: #external-promotions                 || Content: sigh
[10/08/2025 01:01:07.615 PM] Message  || User: adeyumii            || Channel: #external-promotions                 || Content: sigh
[10/08/2025 01:07:40.857 PM] Message  || User: mica.aaa            || Channel: #feeding-team                        || Content: greens have been fed and watered
[10/08/2025 01:07:40.857 PM] Intent   || feed_update               ||                                               || station=Greens; dates=['2025-10-08']
[10/08/2025 01:07:45.761 PM] Action   || Name: sheet_mark          || Trigger: station=Greens date=2025-10-08       || Output: ok
[10/08/2025 01:07:45.761 PM] Action   || Name: feed_update         || Trigger: station=Greens; dates=2025-10-08     || Output: ok
[10/08/2025 01:12:07.102 PM] Message  || User: a1darek             || Channel: #purrley-pawsitive-pussy-pals        || Content: bruh
[10/08/2025 01:12:17.031 PM] Message  || User: a1darek             || Channel: #purrley-pawsitive-pussy-pals        || Content: Hit my ear accidentally and that ho started bleeding
[10/08/2025 01:12:19.892 PM] Message  || User: a1darek             || Channel: #purrley-pawsitive-pussy-pals        || Content: Walmart run time
[10/08/2025 01:14:06.170 PM] Message  || User: lance030315         || Channel: #feeding-team                        || Content: Kittycat claymore (patent pending)
[10/08/2025 01:16:29.226 PM] React+   || User: slayc127            || Channel: #purrley-pawsitive-pussy-pals        || emoji=😭; msg="Hit my ear accidentally and that ho star..." by a1darek
[10/08/2025 01:17:25.961 PM] React+   || User: .bettercalljack     || Channel: #yapper-committee                    || emoji=<:wuuh:1331331057076932750>; msg="3 meatballs" by kukieari
[10/08/2025 01:18:02.421 PM] Message  || User: slayc127            || Channel: #executive-board                     || Content: kitadan is wondering if hed be able to borrow our button maker
[10/08/2025 01:20:27.083 PM] Message  || User: celeryiscelery      || Channel: #executive-board                     || Content: errr for what?
[10/08/2025 01:20:35.065 PM] Message  || User: celeryiscelery      || Channel: #executive-board                     || Content: obviously buttons but what kind?
[10/08/2025 01:21:58.624 PM] Message  || User: slayc127            || Channel: #executive-board                     || Content: unsure
[10/08/2025 01:22:31.778 PM] Message  || User: slayc127            || Channel: #executive-board                     || Content: asking additional questions just waiting on him
[10/08/2025 01:22:39.563 PM] React+   || User: celeryiscelery      || Channel: #executive-board                     || emoji=<:gaga:1413361490634870969>; msg="asking additional questions just wait...
[10/08/2025 01:22:55.325 PM] Message  || User: celeryiscelery      || Channel: #purrley-pawsitive-pussy-pals        || Content: happy first week of piercings :D
[10/08/2025 01:23:44.093 PM] Message  || User: celeryiscelery      || Channel: #purrley-pawsitive-pussy-pals        || Content: when i got my lips repierced the left one bruised so bad it look lik...
[10/08/2025 01:24:24.692 PM] React+   || User: gupguppy            || Channel: #yapper-committee                    || emoji=😆; msg=1425510245395861595
[10/08/2025 01:24:34.484 PM] React+   || User: m_digio             || Channel: #purrley-pawsitive-pussy-pals        || emoji=<:cute:933104767348134018>; msg=1425520457117077679
[10/08/2025 01:24:56.022 PM] Message  || User: a1darek             || Channel: #purrley-pawsitive-pussy-pals        || Content: gahh
[10/08/2025 01:24:58.164 PM] React+   || User: gupguppy            || Channel: #yapper-committee                    || emoji=<:wuuh:1331331057076932750>; msg="3 meatballs" by kukieari
[10/08/2025 01:25:09.014 PM] Message  || User: a1darek             || Channel: #purrley-pawsitive-pussy-pals        || Content: sleeping has definitely changed
[10/08/2025 01:25:18.854 PM] Message  || User: celeryiscelery      || Channel: #purrley-pawsitive-pussy-pals        || Content: but trust the first week is always the worst, after that it’s smooth...
[10/08/2025 01:25:22.411 PM] Message  || User: a1darek             || Channel: #purrley-pawsitive-pussy-pals        || Content: I'm heading to the walm to get that saline spray
[10/08/2025 01:25:26.207 PM] React+   || User: a1darek             || Channel: #purrley-pawsitive-pussy-pals        || emoji=❤️; msg="but trust the first week is always the w..." by celeryiscelery
[10/08/2025 01:25:36.212 PM] Message  || User: a1darek             || Channel: #purrley-pawsitive-pussy-pals        || Content: Parents have yet to catch on
[10/08/2025 01:25:37.837 PM] Message  || User: celeryiscelery      || Channel: #purrley-pawsitive-pussy-pals        || Content: airplane neck pillow if you’re a side sleeper
[10/08/2025 01:25:43.637 PM] Message  || User: celeryiscelery      || Channel: #purrley-pawsitive-pussy-pals        || Content: muehehehe
[10/08/2025 01:25:54.227 PM] React+   || User: slayc127            || Channel: #purrley-pawsitive-pussy-pals        || emoji=🎉; msg="Parents have yet to catch on" by a1darek
[10/08/2025 01:26:27.164 PM] Message  || User: gupguppy            || Channel: #yapper-committee                    || Content: <:squintt:1146665775520829480>
[10/08/2025 01:27:38.416 PM] Message  || User: a1darek             || Channel: #purrley-pawsitive-pussy-pals        || Content: Having long hair really helps
[10/08/2025 01:27:44.188 PM] Message  || User: a1darek             || Channel: #purrley-pawsitive-pussy-pals        || Content: Just giant hair curtains
[10/08/2025 01:28:16.481 PM] Message  || User: celeryiscelery      || Channel: #purrley-pawsitive-pussy-pals        || Content: you will forget your piercings exist sometimes
[10/08/2025 01:28:21.922 PM] React+   || User: slayc127            || Channel: #purrley-pawsitive-pussy-pals        || emoji=‼️; msg="you will forget your piercings exist som..." by celeryiscelery
[10/08/2025 01:29:04.558 PM] Message  || User: not_d3fault_1420    || Channel: #pictures-of-the-cats                || Content: thermal expansion <:macrowave:857753712591634442>
[10/08/2025 01:30:42.000 PM] React+   || User: simplyshadow171295  || Channel: #pictures-of-the-cats                || emoji=😆; msg="perv" by spitonme
[10/08/2025 01:34:50.096 PM] Message  || User: austinbaustinb      || Channel: #thomas-cat-sandbox                  || Content: Meow
[10/08/2025 01:34:50.241 PM] Action   || Name: handle_misc         || Trigger: trigger=Meow                         || Output: MEOW MEOW!
[10/08/2025 01:35:16.229 PM] Message  || User: a1darek             || Channel: #purrley-pawsitive-pussy-pals        || Content: I already have
[10/08/2025 01:35:20.927 PM] Message  || User: a1darek             || Channel: #purrley-pawsitive-pussy-pals        || Content: That's how I hit my ear
[10/08/2025 01:38:22.852 PM] Message  || User: slayc127            || Channel: #executive-board                     || Content: he just said personal buttons, picked up $200 cash from him tho for ...
[10/08/2025 01:39:00.726 PM] Message  || User: celeryiscelery      || Channel: #executive-board                     || Content: that works, just have him let us know when to get it back <:gaga:141...
[10/08/2025 01:39:42.486 PM] React+   || User: slayc127            || Channel: #executive-board                     || emoji=❤️; msg="that works, just have him let us know wh..." by celeryiscelery
[10/08/2025 01:39:45.351 PM] Message  || User: slayc127            || Channel: #executive-board                     || Content: okie!
[10/08/2025 01:41:05.708 PM] Message  || User: a1darek             || Channel: #purrley-pawsitive-pussy-pals        || Content: Guys I'm so fucking jealous of Josh right now
[10/08/2025 01:41:16.539 PM] Message  || User: a1darek             || Channel: #purrley-pawsitive-pussy-pals        || Content: He's working with fucking cookie monster and grover and I'm not even...
[10/08/2025 01:41:53.580 PM] React+   || User: slayc127            || Channel: #purrley-pawsitive-pussy-pals        || emoji=😆; msg="He's working with fucking cookie monster..." by a1darek
[10/08/2025 01:51:42.329 PM] Message  || User: m_digio             || Channel: #purrley-pawsitive-pussy-pals        || Content: (no text; attachments=1)
[10/08/2025 01:55:23.717 PM] Message  || User: a1darek             || Channel: #purrley-pawsitive-pussy-pals        || Content: Just caught an unnecessary stray from this random man at walmart
[10/08/2025 01:56:08.018 PM] Message  || User: a1darek             || Channel: #purrley-pawsitive-pussy-pals        || Content: I stopped at the heart medication because I was trying to find the a...
[10/08/2025 01:56:08.832 PM] Message  || User: a1darek             || Channel: #purrley-pawsitive-pussy-pals        || Content: Bro
[10/08/2025 01:56:11.714 PM] Message  || User: a1darek             || Channel: #purrley-pawsitive-pussy-pals        || Content: I will choke slam you
[10/08/2025 01:56:54.834 PM] Message  || User: nostalgicsapphic    || Channel: #purrley-pawsitive-pussy-pals        || Content: u should’ve stabbed him then said he wouldnt bleed so bad if he just...
[10/08/2025 01:58:47.609 PM] React+   || User: adeyumii            || Channel: #pictures-of-the-cats                || emoji=🎉; msg="GUESS WHO GOT TO SEE MS DIVA" by slayc127
[10/08/2025 01:59:24.491 PM] Message  || User: adeyumii            || Channel: #yapper-committee                    || Content: that pic of twix makes her look like she belongs in like Skyrim or s...
[10/08/2025 02:01:03.868 PM] React+   || User: slayc127            || Channel: #purrley-pawsitive-pussy-pals        || emoji=‼️; msg="u should’ve stabbed him then said he wou..." by nostalgicsapphic
[10/08/2025 02:01:10.081 PM] Message  || User: slayc127            || Channel: #purrley-pawsitive-pussy-pals        || Content: jesus fucking christ
[10/08/2025 02:01:24.293 PM] Message  || User: spitonme            || Channel: #pictures-of-the-cats                || Content: (no text; attachments=2)
[10/08/2025 02:01:25.073 PM] Action   || Name: image_intake        || Trigger: channel=551084964318543904           || Output: rows=2
[10/08/2025 02:02:50.908 PM] Message  || User: kitadan             || Channel: #feeding-team                        || Content: Zen and Mary Kay fed.
[10/08/2025 02:02:50.908 PM] Intent   || feed_update               ||                                               || station=Mary Kay and Zen; dates=['2025-10-08']
[10/08/2025 02:02:55.374 PM] Action   || Name: sheet_mark          || Trigger: station=Mary Kay and Zen date=202... || Output: ok
[10/08/2025 02:02:55.374 PM] Action   || Name: feed_update         || Trigger: station=Mary Kay and Zen; dates=2... || Output: ok
[10/08/2025 02:04:48.836 PM] React+   || User: slayc127            || Channel: #pictures-of-the-cats                || emoji=‼️; msg=1425558720397574144
[10/08/2025 02:06:39.893 PM] React+   || User: a1darek             || Channel: #purrley-pawsitive-pussy-pals        || emoji=‼️; msg="u should’ve stabbed him then said he wou..." by nostalgicsapphic
[10/08/2025 02:12:11.351 PM] Message  || User: izzyballz           || Channel: #feeding-team                        || Content: maintenance fed and watered
[10/08/2025 02:12:11.351 PM] Intent   || feed_update               ||                                               || station=Maintenance; dates=['2025-10-08']
[10/08/2025 02:12:13.070 PM] Action   || Name: sheet_mark          || Trigger: station=Maintenance date=2025-10-08  || Output: ok
[10/08/2025 02:12:13.071 PM] Action   || Name: feed_update         || Trigger: station=Maintenance; dates=2025-1... || Output: ok
[10/08/2025 02:12:32.973 PM] Message  || User: izzyballz           || Channel: #feeding-team                        || Content: they’re spoiled today i gave them my ice water from my owala
[10/08/2025 02:13:31.587 PM] Message  || User: emiximez            || Channel: #pictures-of-the-cats                || Content: (no text; attachments=6)
[10/08/2025 02:13:32.427 PM] Action   || Name: image_intake        || Trigger: channel=551084964318543904           || Output: rows=6
[10/08/2025 02:17:42.790 PM] React+   || User: spitonme            || Channel: #external-promotions                 || emoji=🐙; msg="shaking my fist while i eat two granola ..." by izzyballz
[10/08/2025 02:22:21.019 PM] Message  || User: spitonme            || Channel: #external-promotions                 || Content: im unwillingly participating in omad
[10/08/2025 02:22:24.830 PM] Message  || User: spitonme            || Channel: #external-promotions                 || Content: trust when i get home i have a fillet of salmon i an going to fuck u...
[10/08/2025 02:22:29.826 PM] Delete   || User: spitonme            || Channel: #external-promotions                 || Content: im unwillingly participating in omad
[10/08/2025 02:22:35.390 PM] Delete   || User: spitonme            || Channel: #external-promotions                 || Content: trust when i get home i have a fillet of salmon i an going to fuck u...
[10/08/2025 02:22:37.890 PM] Message  || User: spitonme            || Channel: #external-promotions                 || Content: omg
[10/08/2025 02:22:55.081 PM] Message  || User: spitonme            || Channel: #external-promotions                 || Content: discord made it look like i sent my messages twice so i deleted one ...
[10/08/2025 02:23:02.012 PM] Message  || User: spitonme            || Channel: #external-promotions                 || Content: but it just ended up deleting everything
[10/08/2025 02:23:06.328 PM] Message  || User: spitonme            || Channel: #external-promotions                 || Content: it must be fate
[10/08/2025 02:23:39.318 PM] Message  || User: spitonme            || Channel: #pictures-of-the-cats                || Content: @Kitadan were u on campus earlier
[10/08/2025 02:24:12.438 PM] React+   || User: spitonme            || Channel: #feeding-team                        || emoji=🐙; msg="they’re spoiled today i gave them my ice..." by izzyballz
[10/08/2025 02:24:20.388 PM] Message  || User: spitonme            || Channel: #feeding-team                        || Content: ms diva
[10/08/2025 02:26:21.558 PM] Message  || User: reyesthighs         || Channel: #feeding-team                        || Content: Uhhhh @Megan [Feeding Head & PR] I'm at Michaels feeder and someone ...
[10/08/2025 02:26:21.574 PM] Intent   || feed_update               ||                                               || station=Microwave; dates=['2025-10-08']
[10/08/2025 02:26:23.370 PM] Action   || Name: sheet_mark          || Trigger: station=Microwave date=2025-10-08    || Output: ok
[10/08/2025 02:26:23.371 PM] Action   || Name: feed_update         || Trigger: station=Microwave; dates=2025-10-08  || Output: ok
[10/08/2025 02:26:29.240 PM] Message  || User: a1darek             || Channel: #purrley-pawsitive-pussy-pals        || Content: Bruh
[10/08/2025 02:26:36.403 PM] Message  || User: a1darek             || Channel: #purrley-pawsitive-pussy-pals        || Content: Why is this saline spray a fucking jet
[10/08/2025 02:26:39.886 PM] Message  || User: a1darek             || Channel: #purrley-pawsitive-pussy-pals        || Content: Where the mist setting at
[10/08/2025 02:26:46.159 PM] Message  || User: reyesthighs         || Channel: #feeding-team                        || Content: I guess I won't feed him today?
[10/08/2025 02:27:16.287 PM] React+   || User: _costco_wholesale_  || Channel: #feeding-team                        || emoji=🐙; msg="@feeding team dm me for the lock code, g..." by m_digio
[10/08/2025 02:27:30.096 PM] Message  || User: simplyshadow171295  || Channel: #feeding-team                        || Content: he needs a body guard
[10/08/2025 02:28:11.773 PM] Message  || User: reyesthighs         || Channel: #feeding-team                        || Content: It is his food from our stock, this is what is left after he finishe...
[10/08/2025 02:28:19.724 PM] Message  || User: m_digio             || Channel: #purrley-pawsitive-pussy-pals        || Content: There is none
[10/08/2025 02:28:35.722 PM] Message  || User: m_digio             || Channel: #purrley-pawsitive-pussy-pals        || Content: Gotta use a towel as a shield
[10/08/2025 02:28:48.733 PM] Message  || User: slayc127            || Channel: #purrley-pawsitive-pussy-pals        || Content: u dont want it
[10/08/2025 02:28:55.254 PM] Message  || User: m_digio             || Channel: #feeding-team                        || Content: Huh
[10/08/2025 02:28:55.421 PM] React+   || User: slayc127            || Channel: #feeding-team                        || emoji=🐙; msg="they’re spoiled today i gave them my ice..." by izzyballz
[10/08/2025 02:29:06.896 PM] Message  || User: slayc127            || Channel: #feeding-team                        || Content: ???????
[10/08/2025 02:29:15.689 PM] Message  || User: slayc127            || Channel: #feeding-team                        || Content: do we fr need to be setting up cameras
[10/08/2025 02:29:25.743 PM] Message  || User: m_digio             || Channel: #feeding-team                        || Content: But my lock?
[10/08/2025 02:29:26.321 PM] Message  || User: slayc127            || Channel: #pictures-of-the-cats                || Content: he was
[10/08/2025 02:29:49.027 PM] Message  || User: slayc127            || Channel: #feeding-team                        || Content: was the lock on when you came by ?
[10/08/2025 02:31:31.976 PM] Message  || User: reyesthighs         || Channel: #feeding-team                        || Content: I did not check unforch
[10/08/2025 02:31:34.661 PM] Message  || User: a1darek             || Channel: #purrley-pawsitive-pussy-pals        || Content: I feel like this is gonna cause an injury than stop one
[10/08/2025 02:31:55.505 PM] Message  || User: reyesthighs         || Channel: #feeding-team                        || Content: I walked up and he was eating and there was a girl there. I did not ...
[10/08/2025 02:31:55.505 PM] Intent   || feed_update               ||                                               || station=Business; dates=['2025-10-08']
[10/08/2025 02:31:56.838 PM] Action   || Name: sheet_mark          || Trigger: station=Business date=2025-10-08     || Output: ok
[10/08/2025 02:31:56.838 PM] Action   || Name: feed_update         || Trigger: station=Business; dates=2025-10-08   || Output: ok
[10/08/2025 02:31:58.599 PM] Action   || Name: sheet_mark          || Trigger: station=Microwave date=2025-10-08    || Output: ok
[10/08/2025 02:31:58.599 PM] Action   || Name: feed_update         || Trigger: station=Microwave; dates=2025-10-08  || Output: ok
[10/08/2025 02:32:06.124 PM] Message  || User: reyesthighs         || Channel: #feeding-team                        || Content: Not sure if she fed him or what
[10/08/2025 02:32:06.124 PM] Intent   || feed_update               ||                                               || station=Microwave; dates=['2025-10-08']
[10/08/2025 02:32:06.849 PM] Action   || Name: sheet_mark          || Trigger: station=Microwave date=2025-10-08    || Output: ok
[10/08/2025 02:32:06.849 PM] Action   || Name: feed_update         || Trigger: station=Microwave; dates=2025-10-08  || Output: ok
[10/08/2025 02:33:50.715 PM] Message  || User: slayc127            || Channel: #purrley-pawsitive-pussy-pals        || Content: eh
[10/08/2025 02:37:40.828 PM] Message  || User: izzyballz           || Channel: #feeding-team                        || Content: why are we trying to make michael foie gras omg
[10/08/2025 02:37:40.828 PM] Action   || Name: feed_pending_set    || Trigger: ch=643586809166561310; user=89187... || Output: Microwave
[10/08/2025 02:37:59.138 PM] Message  || User: m_digio             || Channel: #feeding-team                        || Content: Maybe we should start hiding his bowl lmao
[10/08/2025 02:39:06.859 PM] React+   || User: slayc127            || Channel: #feeding-team                        || emoji=‼️; msg="Maybe we should start hiding his bowl lm..." by m_digio
[10/08/2025 02:41:00.045 PM] Message  || User: slayc127            || Channel: #feeding-team                        || Content: can we check if the lock is on bls
[10/08/2025 02:41:45.010 PM] Message  || User: slayc127            || Channel: #purrley-pawsitive-pussy-pals        || Content: i despise how much the english department has embraced ai
[10/08/2025 02:42:47.701 PM] Message  || User: nostalgicsapphic    || Channel: #purrley-pawsitive-pussy-pals        || Content: yeah :/
[10/08/2025 02:43:26.358 PM] Message  || User: spitonme            || Channel: #yapper-committee                    || Content: crying
[10/08/2025 02:44:59.645 PM] Message  || User: m_digio             || Channel: #feeding-team                        || Content: @feeding team when you feed you must lock the box back, dont just pu...
[10/08/2025 02:45:19.643 PM] Message  || User: spitonme            || Channel: #yapper-committee                    || Content: dude this guy next to me is air breathing his rockstar energy breath
[10/08/2025 02:45:28.828 PM] Message  || User: spitonme            || Channel: #feeding-team                        || Content: snickers fed
[10/08/2025 02:45:28.828 PM] Intent   || feed_update               ||                                               || station=Snickers; dates=['2025-10-08']
[10/08/2025 02:45:30.356 PM] Action   || Name: sheet_mark          || Trigger: station=Snickers date=2025-10-08     || Output: ok
[10/08/2025 02:45:30.357 PM] Action   || Name: feed_update         || Trigger: station=Snickers; dates=2025-10-08   || Output: ok
[10/08/2025 02:45:31.271 PM] React+   || User: .bettercalljack     || Channel: #feeding-team                        || emoji=🫡; msg="@feeding team when you feed you must loc..." by m_digio
[10/08/2025 02:45:34.577 PM] React+   || User: spitonme            || Channel: #feeding-team                        || emoji=🐙; msg="@feeding team when you feed you must loc..." by m_digio
[10/08/2025 02:45:40.292 PM] Message  || User: spitonme            || Channel: #feeding-team                        || Content: that lock was actually giving me hell
[10/08/2025 02:45:50.821 PM] Message  || User: spitonme            || Channel: #feeding-team                        || Content: but i locked back on chat it wasnt me
[10/08/2025 02:45:57.350 PM] Edit     || User: spitonme            || Channel: #feeding-team                        || but i locked back on chat it wasnt me -> but i locked it back on chat it wasn...
[10/08/2025 02:46:04.237 PM] Message  || User: m_digio             || Channel: #executive-board                     || Content: We need a different lock
[10/08/2025 02:46:23.092 PM] Message  || User: m_digio             || Channel: #executive-board                     || Content: The feeding team is incompetent and cant use it correctly
[10/08/2025 02:48:05.098 PM] Message  || User: celeryiscelery      || Channel: #executive-board                     || Content: what kind of lock do you think will work?
[10/08/2025 02:48:23.161 PM] Message  || User: m_digio             || Channel: #executive-board                     || Content: We might not need a new one, we js need a different way to put it on
[10/08/2025 02:48:33.875 PM] React+   || User: .bettercalljack     || Channel: #pictures-of-the-cats                || emoji=‼️; msg=1425558720397574144
[10/08/2025 02:48:35.522 PM] Message  || User: m_digio             || Channel: #executive-board                     || Content: Idk how to explain but give me some time i can figure it out
[10/08/2025 02:48:50.256 PM] Message  || User: celeryiscelery      || Channel: #purrley-pawsitive-pussy-pals        || Content: wishing male pattern baldness on him. bro needs to mind his damn bus...
[10/08/2025 02:49:30.671 PM] Message  || User: m_digio             || Channel: #executive-board                     || Content: This
[10/08/2025 02:49:41.037 PM] Message  || User: m_digio             || Channel: #executive-board                     || Content: I may have one at home alr
[10/08/2025 02:49:59.621 PM] React+   || User: emiximez            || Channel: #feeding-team                        || emoji=🐙; msg="they’re spoiled today i gave them my ice..." by izzyballz
[10/08/2025 02:50:26.639 PM] React+   || User: cici4f3             || Channel: #feeding-team                        || emoji=‼️; msg="Maybe we should start hiding his bowl lm..." by m_digio
[10/08/2025 02:50:44.513 PM] Edit     || User: spitonme            || Channel: #yapper-committee                    || dude this guy next to me is air breathing his rockstar energy breath -> dude ...
[10/08/2025 02:51:39.192 PM] React+   || User: simplyshadow171295  || Channel: #feeding-team                        || emoji=‼️; msg="Maybe we should start hiding his bowl lm..." by m_digio
[10/08/2025 02:52:09.615 PM] Message  || User: m_digio             || Channel: #feeding-team                        || Content: Okay guys last ping for today @feeding team leave the box unlocked f...
[10/08/2025 02:52:09.625 PM] Action   || Name: feed_pending_set    || Trigger: ch=643586809166561310; user=49903... || Output: Mary Kay and Zen
[10/08/2025 02:53:03.358 PM] Message  || User: frostfire312        || Channel: #feeding-team                        || Content: (no text; attachments=1)
[10/08/2025 02:53:05.298 PM] Message  || User: frostfire312        || Channel: #feeding-team                        || Content: Lot 50 fed
[10/08/2025 02:53:05.306 PM] Intent   || feed_update               ||                                               || station=Lot 50; dates=['2025-10-08']
[10/08/2025 02:53:06.476 PM] Action   || Name: sheet_mark          || Trigger: station=Lot 50 date=2025-10-08       || Output: ok
[10/08/2025 02:53:06.476 PM] Action   || Name: feed_update         || Trigger: station=Lot 50; dates=2025-10-08     || Output: ok
[10/08/2025 02:53:07.101 PM] React+   || User: slayc127            || Channel: #feeding-team                        || emoji=🫡; msg="@feeding team when you feed you must loc..." by m_digio
[10/08/2025 02:53:07.685 PM] React+   || User: slayc127            || Channel: #feeding-team                        || emoji=🐙; msg="@feeding team when you feed you must loc..." by m_digio
[10/08/2025 02:53:14.012 PM] React+   || User: not_d3fault_1420    || Channel: #pictures-of-the-cats                || emoji=‼️; msg=1425558720397574144
[10/08/2025 02:53:17.342 PM] Message  || User: celeryiscelery      || Channel: #executive-board                     || Content: alrighty just get it
[10/08/2025 02:53:19.950 PM] Message  || User: slayc127            || Channel: #feeding-team                        || Content: suspicious....mods....smite them
[10/08/2025 02:54:36.617 PM] Message  || User: slayc127            || Channel: #purrley-pawsitive-pussy-pals        || Content: like i dont really care anymore about the whole "this is going to de...
[10/08/2025 02:54:37.889 PM] Message  || User: slayc127            || Channel: #purrley-pawsitive-pussy-pals        || Content: gr
[10/08/2025 02:54:47.325 PM] Message  || User: not_d3fault_1420    || Channel: #bot-spam                            || Content: tomcat show mw twix
[10/08/2025 02:54:47.325 PM] Intent   || show_photo                ||                                               || cat=Twix
[10/08/2025 02:54:49.757 PM] Message  || User: slayc127            || Channel: #purrley-pawsitive-pussy-pals        || Content: ITS MY CLASSMATES TOO!!!!!!!!!!!!!! i feel like im going insane
[10/08/2025 02:54:50.758 PM] Action   || Name: show_cache_downl... || Trigger: https://drive.google.com/uc?expor... || Output: sn=6264 attempt=1 size=475712
[10/08/2025 02:54:57.986 PM] Action   || Name: show_cache_downl... || Trigger: https://drive.google.com/uc?expor... || Output: sn=5930 attempt=1 size=612359
[10/08/2025 02:55:00.415 PM] Action   || Name: show_cache_downl... || Trigger: https://drive.google.com/uc?expor... || Output: sn=6192 attempt=1 size=564241
[10/08/2025 02:55:04.232 PM] Action   || Name: show_cache_downl... || Trigger: https://drive.google.com/uc?expor... || Output: sn=5627 attempt=1 size=858843
[10/08/2025 02:55:07.259 PM] Action   || Name: show_cache_downl... || Trigger: https://drive.google.com/uc?expor... || Output: sn=5931 attempt=1 size=463351
[10/08/2025 02:55:11.002 PM] Action   || Name: show_cache_downl... || Trigger: https://drive.google.com/uc?expor... || Output: sn=6189 attempt=1 size=597418
[10/08/2025 02:55:14.455 PM] Action   || Name: show_cache_downl... || Trigger: https://drive.google.com/uc?expor... || Output: sn=5877 attempt=1 size=505931
[10/08/2025 02:55:20.041 PM] Message  || User: cici4f3             || Channel: #feeding-team                        || Content: lowkey we need to station someone to watch ngl
[10/08/2025 02:55:40.088 PM] Message  || User: cici4f3             || Channel: #yapper-committee                    || Content: jealous
[10/08/2025 02:56:15.785 PM] Message  || User: izzyballz           || Channel: #feeding-team                        || Content: the don’t feed him notice is still on top of his station isn’t it..
[10/08/2025 02:56:23.884 PM] Message  || User: adeyumii            || Channel: #feeding-team                        || Content: Cassie isn't hesitating to eat today. What an interesting creature
[10/08/2025 02:56:33.905 PM] Message  || User: adeyumii            || Channel: #feeding-team                        || Content: He's the black and white on the far left with the white tail tip
[10/08/2025 02:57:46.505 PM] Message  || User: slayc127            || Channel: #feeding-team                        || Content: its likely someone who feels entitled in some way
[10/08/2025 02:57:56.893 PM] Message  || User: slayc127            || Channel: #feeding-team                        || Content: not in a mean way but just someone who thinks theyre not hurting any...
[10/08/2025 02:58:01.439 PM] Message  || User: slayc127            || Channel: #feeding-team                        || Content: still pmo.
[10/08/2025 02:58:12.525 PM] React+   || User: spitonme            || Channel: #feeding-team                        || emoji=🐙; msg="suspicious....mods....smite them" by slayc127
[10/08/2025 02:58:20.125 PM] Message  || User: slayc127            || Channel: #executive-board                     || Content: ill get started on the wishlist when i get home tonight, do we have ...
[10/08/2025 02:58:54.917 PM] React+   || User: spitonme            || Channel: #feeding-team                        || emoji=🐙; msg="its likely someone who feels entitled in..." by slayc127
[10/08/2025 02:59:00.123 PM] Message  || User: spitonme            || Channel: #feeding-team                        || Content: im saying it in a mean way
[10/08/2025 02:59:04.353 PM] Message  || User: slayc127            || Channel: #executive-board                     || Content: im gonna try and put it together so we can put up fliers in the diff...
[10/08/2025 02:59:14.848 PM] Message  || User: slayc127            || Channel: #feeding-team                        || Content: hehe
[10/08/2025 03:00:25.512 PM] Message  || User: izzyballz           || Channel: #feeding-team                        || Content: mind you they could literally join the ccc
[10/08/2025 03:00:46.609 PM] React+   || User: izzyballz           || Channel: #feeding-team                        || emoji=<:evilook:933102011124187166>; msg="its likely someone who feels entitl...
[10/08/2025 03:01:39.000 PM] Message  || User: izzyballz           || Channel: #feeding-team                        || Content: and feeding him with our food too lowkey crazy i wanna hear the thou...
[10/08/2025 03:03:54.312 PM] Message  || User: izzyballz           || Channel: #feeding-team                        || Content: so basically they're robbing us and also deliberately ignoring basic...
[10/08/2025 03:04:02.833 PM] React+   || User: slayc127            || Channel: #feeding-team                        || emoji=‼️; msg="mind you they could literally join the c..." by izzyballz
[10/08/2025 03:04:03.716 PM] React+   || User: slayc127            || Channel: #feeding-team                        || emoji=‼️; msg="and feeding him with our food too lowkey..." by izzyballz
[10/08/2025 03:04:04.929 PM] React+   || User: slayc127            || Channel: #feeding-team                        || emoji=‼️; msg="so basically they're robbing us and also..." by izzyballz
[10/08/2025 03:04:05.816 PM] React+   || User: .bettercalljack     || Channel: #feeding-team                        || emoji=‼️; msg="mind you they could literally join the c..." by izzyballz
[10/08/2025 03:04:06.804 PM] React+   || User: .bettercalljack     || Channel: #feeding-team                        || emoji=‼️; msg="and feeding him with our food too lowkey..." by izzyballz
[10/08/2025 03:04:07.196 PM] React+   || User: .bettercalljack     || Channel: #feeding-team                        || emoji=‼️; msg="so basically they're robbing us and also..." by izzyballz
[10/08/2025 03:04:08.380 PM] Message  || User: slayc127            || Channel: #feeding-team                        || Content: :3
[10/08/2025 03:04:16.720 PM] Message  || User: slayc127            || Channel: #feeding-team                        || Content: yeah trust they will be dealt with
[10/08/2025 03:04:21.187 PM] Message  || User: slayc127            || Channel: #feeding-team                        || Content: JKKKKk for legal reasons
[10/08/2025 03:04:22.076 PM] Message  || User: .bettercalljack     || Channel: #feeding-team                        || Content: Look at all those tuxedos are they having a business meeting
[10/08/2025 03:04:22.091 PM] Action   || Name: feed_pending_set    || Trigger: ch=643586809166561310; user=10377... || Output: Business
[10/08/2025 03:04:23.236 PM] Message  || User: .bettercalljack     || Channel: #feeding-team                        || Content: Haha
[10/08/2025 03:04:23.922 PM] Message  || User: .bettercalljack     || Channel: #feeding-team                        || Content: Hah
[10/08/2025 03:04:24.879 PM] Message  || User: .bettercalljack     || Channel: #feeding-team                        || Content: Ha
[10/08/2025 03:04:26.946 PM] React+   || User: slayc127            || Channel: #feeding-team                        || emoji=😆; msg="Look at all those tuxedos are they havin..." by .bettercalljack
[10/08/2025 03:04:29.376 PM] React+   || User: izzyballz           || Channel: #feeding-team                        || emoji=😆; msg="Look at all those tuxedos are they havin..." by .bettercalljack
[10/08/2025 03:06:33.046 PM] Message  || User: le_nuit_sans_fin    || Channel: #feeding-team                        || Content: I just remembered I have something going on this weekend
[10/08/2025 03:06:46.619 PM] Message  || User: le_nuit_sans_fin    || Channel: #feeding-team                        || Content: Is anyone available to feed heights on pecan for me Saturday??
[10/08/2025 03:06:46.619 PM] Action   || Name: feed_pending_set    || Trigger: ch=643586809166561310; user=69072... || Output: HOP
[10/08/2025 03:07:03.426 PM] Message  || User: izzyballz           || Channel: #feeding-team                        || Content: @feeding team
[10/08/2025 03:07:22.428 PM] React+   || User: not_d3fault_1420    || Channel: #feeding-team                        || emoji=😆; msg="Look at all those tuxedos are they havin..." by .bettercalljack
[10/08/2025 03:07:30.227 PM] React+   || User: not_d3fault_1420    || Channel: #feeding-team                        || emoji=‼️; msg="so basically they're robbing us and also..." by izzyballz
[10/08/2025 03:07:30.651 PM] React+   || User: not_d3fault_1420    || Channel: #feeding-team                        || emoji=‼️; msg="and feeding him with our food too lowkey..." by izzyballz
[10/08/2025 03:07:32.949 PM] React+   || User: not_d3fault_1420    || Channel: #feeding-team                        || emoji=‼️; msg="mind you they could literally join the c..." by izzyballz
[10/08/2025 03:07:36.433 PM] Message  || User: layotu              || Channel: #feeding-team                        || Content: while we’re at it could someone cover microwave saturday?
[10/08/2025 03:07:36.433 PM] Intent   || sub_request               ||                                               || station=Microwave; dates=['2025-10-11']
[10/08/2025 03:07:36.465 PM] Action   || Name: sub_request         || Trigger: station=Microwave; dates=2025-10-11  || Output: logged
[10/08/2025 03:07:36.481 PM] Message  || User: izzyballz           || Channel: #feeding-team                        || Content: whats the legality regarding hidden cameras on public property fr
[10/08/2025 03:07:48.112 PM] Message  || User: not_d3fault_1420    || Channel: #feeding-team                        || Content: yeah (join the cult :3)
[10/08/2025 03:08:10.305 PM] Message  || User: slayc127            || Channel: #feeding-team                        || Content: bad probably
[10/08/2025 03:08:11.624 PM] Message  || User: not_d3fault_1420    || Channel: #feeding-team                        || Content: legal as long as you dont get caught lol
[10/08/2025 03:08:14.728 PM] Message  || User: slayc127            || Channel: #feeding-team                        || Content: weve looked into it before
[10/08/2025 03:08:17.477 PM] Message  || User: izzyballz           || Channel: #feeding-team                        || Content: damn.
[10/08/2025 03:08:22.209 PM] React+   || User: simplyshadow171295  || Channel: #feeding-team                        || emoji=‼️; msg="mind you they could literally join the c..." by izzyballz
[10/08/2025 03:08:22.340 PM] React+   || User: simplyshadow171295  || Channel: #feeding-team                        || emoji=‼️; msg="and feeding him with our food too lowkey..." by izzyballz
[10/08/2025 03:08:22.906 PM] React+   || User: simplyshadow171295  || Channel: #feeding-team                        || emoji=‼️; msg="so basically they're robbing us and also..." by izzyballz
[10/08/2025 03:08:28.234 PM] React+   || User: simplyshadow171295  || Channel: #feeding-team                        || emoji=😆; msg="Look at all those tuxedos are they havin..." by .bettercalljack
[10/08/2025 03:08:38.745 PM] Message  || User: simplyshadow171295  || Channel: #feeding-team                        || Content: sigh
[10/08/2025 03:09:14.234 PM] React+   || User: not_d3fault_1420    || Channel: #memes                               || emoji=‼️; msg="https://www.tiktok.com/t/ZP8Ahne7F/" by spitonme
[10/08/2025 03:09:34.738 PM] Message  || User: izzyballz           || Channel: #feeding-team                        || Content: since its outside and a public place isnt it fair game though
[10/08/2025 03:09:49.816 PM] Message  || User: izzyballz           || Channel: #feeding-team                        || Content: reasonable expectations of privacy or whatever
[10/08/2025 03:12:36.253 PM] Message  || User: .s3j                || Channel: #feeding-team                        || Content: What if they just stole some prior to the lock and didn't mess with ...
[10/08/2025 03:12:40.028 PM] Message  || User: frostfire312        || Channel: #feeding-team                        || Content: (no text; attachments=1)
[10/08/2025 03:12:45.169 PM] Message  || User: frostfire312        || Channel: #feeding-team                        || Content: Hop fed
[10/08/2025 03:12:45.169 PM] Intent   || feed_update               ||                                               || station=HOP; dates=['2025-10-08']
[10/08/2025 03:12:46.782 PM] Action   || Name: sheet_mark          || Trigger: station=HOP date=2025-10-08          || Output: ok
[10/08/2025 03:12:46.782 PM] Action   || Name: feed_update         || Trigger: station=HOP; dates=2025-10-08        || Output: ok
[10/08/2025 03:17:19.950 PM] React+   || User: cici4f3             || Channel: #feeding-team                        || emoji=‼️; msg="so basically they're robbing us and also..." by izzyballz
[10/08/2025 03:17:40.002 PM] React+   || User: spitonme            || Channel: #feeding-team                        || emoji=‼️; msg="mind you they could literally join the c..." by izzyballz
[10/08/2025 03:17:40.925 PM] React+   || User: spitonme            || Channel: #feeding-team                        || emoji=‼️; msg="and feeding him with our food too lowkey..." by izzyballz
[10/08/2025 03:17:41.911 PM] React+   || User: spitonme            || Channel: #feeding-team                        || emoji=‼️; msg="so basically they're robbing us and also..." by izzyballz
[10/08/2025 03:17:49.385 PM] React+   || User: cici4f3             || Channel: #announcements                       || emoji=<:MMMM:834820001499447296>; msg="@​here was brought to my attention i f...
[10/08/2025 03:21:14.982 PM] Message  || User: emiximez            || Channel: #feeding-team                        || Content: i can
[10/08/2025 03:21:14.998 PM] Intent   || sub_accept                ||                                              
[10/08/2025 03:21:15.013 PM] Action   || Name: sub_accept          || Trigger: user=338109126808829953              || Output: ok
[10/08/2025 03:21:22.735 PM] Message  || User: le_nuit_sans_fin    || Channel: #feeding-team                        || Content: Thank you
[10/08/2025 03:21:24.999 PM] Message  || User: le_nuit_sans_fin    || Channel: #feeding-team                        || Content: <3333
[10/08/2025 03:21:36.392 PM] Message  || User: emiximez            || Channel: #feeding-team                        || Content: was planning to go over there anyway for geocaching lol
[10/08/2025 03:21:39.111 PM] Message  || User: emiximez            || Channel: #feeding-team                        || Content: ofc
[10/08/2025 03:21:52.036 PM] Message  || User: moineau_l.oiseau    || Channel: #executive-board                     || Content: I’m so sorry guys for the delay with this, but what do we think for ...
[10/08/2025 03:22:10.757 PM] Message  || User: moineau_l.oiseau    || Channel: #executive-board                     || Content: Reposting this down here because my message is a little long
[10/08/2025 03:24:10.326 PM] React+   || User: moineau_l.oiseau    || Channel: #purrley-pawsitive-pussy-pals        || emoji=‼️; msg="I will choke slam you" by a1darek
[10/08/2025 03:24:27.621 PM] React+   || User: moineau_l.oiseau    || Channel: #purrley-pawsitive-pussy-pals        || emoji=‼️; msg="u should’ve stabbed him then said he wou..." by nostalgicsapphic
[10/08/2025 03:24:30.535 PM] React+   || User: moineau_l.oiseau    || Channel: #purrley-pawsitive-pussy-pals        || emoji=🤣; msg="u should’ve stabbed him then said he wou..." by nostalgicsapphic
[10/08/2025 03:24:33.222 PM] React+   || User: moineau_l.oiseau    || Channel: #purrley-pawsitive-pussy-pals        || emoji=😭; msg="u should’ve stabbed him then said he wou..." by nostalgicsapphic
[10/08/2025 03:25:10.374 PM] React+   || User: moineau_l.oiseau    || Channel: #purrley-pawsitive-pussy-pals        || emoji=‼️; msg="wishing male pattern baldness on him. br..." by celeryiscelery
[10/08/2025 03:25:52.467 PM] Message  || User: spitonme            || Channel: #feeding-team                        || Content: woaw
[10/08/2025 03:26:11.641 PM] Message  || User: spitonme            || Channel: #feeding-team                        || Content: what can we do about people taking ccc resources,, does that count a...
[10/08/2025 03:26:50.893 PM] React+   || User: moineau_l.oiseau    || Channel: #pictures-of-the-cats                || emoji=‼️; msg=1425558720397574144
[10/08/2025 03:26:55.145 PM] React+   || User: moineau_l.oiseau    || Channel: #pictures-of-the-cats                || emoji=❤️; msg=1425561771283841154
[10/08/2025 03:27:16.163 PM] React+   || User: moineau_l.oiseau    || Channel: #pictures-of-the-cats                || emoji=🔥; msg=1425561771283841154
[10/08/2025 03:28:37.345 PM] Message  || User: kitadan             || Channel: #pictures-of-the-cats                || Content: I was
[10/08/2025 03:28:43.224 PM] React+   || User: kitadan             || Channel: #pictures-of-the-cats                || emoji=❤️; msg=1425561771283841154
[10/08/2025 03:29:16.939 PM] Message  || User: spitonme            || Channel: #pictures-of-the-cats                || Content: thank you chat
[10/08/2025 03:31:28.401 PM] Message  || User: izzyballz           || Channel: #feeding-team                        || Content: i feel like it must
[10/08/2025 03:31:57.838 PM] Message  || User: not_d3fault_1420    || Channel: #pictures-of-the-cats                || Content: (no text; attachments=4)
[10/08/2025 03:31:58.867 PM] Action   || Name: image_intake        || Trigger: channel=551084964318543904           || Output: rows=4
[10/08/2025 03:37:22.498 PM] React+   || User: vasyline            || Channel: #feeding-team                        || emoji=‼️; msg="and feeding him with our food too lowkey..." by izzyballz
[10/08/2025 03:38:53.030 PM] Message  || User: m_digio             || Channel: #executive-board                     || Content: Love this, we can do the party
[10/08/2025 03:38:55.180 PM] Message  || User: bubblebee5866       || Channel: #feeding-team                        || Content: We out of water rn? :V
[10/08/2025 03:41:46.899 PM] Message  || User: celeryiscelery      || Channel: #executive-board                     || Content: i love this!
[10/08/2025 03:44:24.055 PM] Message  || User: a1darek             || Channel: #purrley-pawsitive-pussy-pals        || Content: being a scare actor seems like such a fun job
[10/08/2025 03:52:34.074 PM] Message  || User: bubblebee5866       || Channel: #feeding-team                        || Content: Can I refill the gallon in the uc or somewhere?
[10/08/2025 03:53:51.557 PM] Message  || User: slayc127            || Channel: #feeding-team                        || Content: yes please do
[10/08/2025 03:55:57.212 PM] Message  || User: bubblebee5866       || Channel: #feeding-team                        || Content: Gotcha gotcha, as soon as I can get this lock to relocked, I am on it
[10/08/2025 03:55:57.225 PM] Intent   || sub_accept                ||                                              
[10/08/2025 03:55:57.241 PM] Action   || Name: sub_accept          || Trigger: user=609945813128445974              || Output: ok
[10/08/2025 03:56:02.147 PM] Message  || User: slayc127            || Channel: #purrley-pawsitive-pussy-pals        || Content: true
[10/08/2025 03:56:55.225 PM] Message  || User: bubblebee5866       || Channel: #feeding-team                        || Content: Oooooh I figured it out let's gooooo
[10/08/2025 04:02:10.023 PM] Message  || User: m_digio             || Channel: #executive-board                     || Content: Have one
[10/08/2025 04:03:07.002 PM] Message  || User: adeyumii            || Channel: #pictures-of-the-cats                || Content: shlumped
[10/08/2025 04:04:42.874 PM] React+   || User: slayc127            || Channel: #executive-board                     || emoji=🎉; msg="Have one" by m_digio
[10/08/2025 04:06:38.860 PM] Message  || User: slayc127            || Channel: #purrley-pawsitive-pussy-pals        || Content: will i ever outgrow being awkward 😔
[10/08/2025 04:08:37.059 PM] Message  || User: m_digio             || Channel: #feeding-team                        || Content: I will be making the lock manageable tmrw i promise
[10/08/2025 04:12:10.257 PM] React+   || User: moineau_l.oiseau    || Channel: #executive-board                     || emoji=<:catthumbsup:931115163317329920>; msg="Love this, we can do the party"...
[10/08/2025 04:12:15.171 PM] React+   || User: moineau_l.oiseau    || Channel: #executive-board                     || emoji=<:happycat:834819172546510868>; msg="i love this!" by celeryiscelery
[10/08/2025 04:12:18.446 PM] React+   || User: moineau_l.oiseau    || Channel: #executive-board                     || emoji=🎉; msg="Have one" by m_digio
[10/08/2025 04:16:27.391 PM] Message  || User: layotu              || Channel: #feeding-team                        || Content: ?
[10/08/2025 04:17:03.435 PM] Message  || User: bubblebee5866       || Channel: #feeding-team                        || Content: Buisness fed n watered
[10/08/2025 04:17:03.435 PM] Intent   || feed_update               ||                                               || station=Business; dates=['2025-10-08']
[10/08/2025 04:17:05.893 PM] Action   || Name: sheet_mark          || Trigger: station=Business date=2025-10-08     || Output: ok
[10/08/2025 04:17:05.893 PM] Action   || Name: feed_update         || Trigger: station=Business; dates=2025-10-08   || Output: ok
[10/08/2025 04:17:32.166 PM] Message  || User: bubblebee5866       || Channel: #feeding-team                        || Content: Plz ignore the slight water spillage
[10/08/2025 04:17:35.281 PM] Message  || User: austinbaustinb      || Channel: #thomas-cat-sandbox                  || Content: Tomcat who’s been fed
[10/08/2025 04:17:35.281 PM] Intent   || feeding_status            ||                                              
[10/08/2025 04:18:04.211 PM] Message  || User: a1darek             || Channel: #purrley-pawsitive-pussy-pals        || Content: no
[10/08/2025 04:18:56.978 PM] Message  || User: slayc127            || Channel: #purrley-pawsitive-pussy-pals        || Content: derek im crying now
[10/08/2025 04:19:00.284 PM] Message  || User: slayc127            || Channel: #purrley-pawsitive-pussy-pals        || Content: im crying do you even care
[10/08/2025 04:21:24.552 PM] Message  || User: a1darek             || Channel: #purrley-pawsitive-pussy-pals        || Content: i thought to be cringe was to be free
[10/08/2025 04:24:53.734 PM] Message  || User: slayc127            || Channel: #purrley-pawsitive-pussy-pals        || Content: sigh
[10/08/2025 04:24:56.318 PM] Message  || User: slayc127            || Channel: #purrley-pawsitive-pussy-pals        || Content: i suppose thays roght
[10/08/2025 04:25:14.435 PM] Message  || User: slayc127            || Channel: #purrley-pawsitive-pussy-pals        || Content: had such an awkward convo w one of my profs but i think its because ...
[10/08/2025 04:25:28.535 PM] Message  || User: slayc127            || Channel: #purrley-pawsitive-pussy-pals        || Content: this is why talking to them is scary
[10/08/2025 04:25:31.153 PM] Message  || User: slayc127            || Channel: #purrley-pawsitive-pussy-pals        || Content: #embarassing
[10/08/2025 04:25:43.037 PM] React+   || User: moineau_l.oiseau    || Channel: #purrley-pawsitive-pussy-pals        || emoji=🤣; msg="im crying do you even care" by slayc127
[10/08/2025 04:25:54.586 PM] React+   || User: moineau_l.oiseau    || Channel: #purrley-pawsitive-pussy-pals        || emoji=‼️; msg="this is why talking to them is scary" by slayc127
[10/08/2025 04:25:59.296 PM] React+   || User: moineau_l.oiseau    || Channel: #purrley-pawsitive-pussy-pals        || emoji=‼️; msg="#embarassing" by slayc127
[10/08/2025 04:26:00.372 PM] React-   || User: unknown             || Channel: #purrley-pawsitive-pussy-pals        || emoji=‼️; msg="this is why talking to them is scary" by slayc127
[10/08/2025 04:31:06.584 PM] Message  || User: bubblebee5866       || Channel: #feeding-team                        || Content: For locking, figured out, easier to put the lock on when it's going ...
[10/08/2025 04:31:07.484 PM] Action   || Name: feed_pending_set    || Trigger: ch=643586809166561310; user=60994... || Output: Bookstore
[10/08/2025 04:31:28.160 PM] Message  || User: bubblebee5866       || Channel: #feeding-team                        || Content: I may be stupid and that's how all locks work plz don't tell me
[10/08/2025 04:31:52.191 PM] Edit     || User: bubblebee5866       || Channel: #feeding-team                        || For locking, figured out, easier to put the lock on when it's going through t...
[10/08/2025 04:35:52.307 PM] Message  || User: m_digio             || Channel: #feeding-team                        || Content: I have a wire that will make using the lock easier
[10/08/2025 04:36:06.546 PM] Message  || User: m_digio             || Channel: #feeding-team                        || Content: @feeding team
[10/08/2025 04:36:30.375 PM] Message  || User: cici4f3             || Channel: #feeding-team                        || Content: i could
[10/08/2025 04:36:32.233 PM] React+   || User: ludavis             || Channel: #feeding-team                        || emoji=<:ping_turtle:1084491930357993534>; msg="@feeding team" by m_digio
[10/08/2025 04:36:36.365 PM] Message  || User: cici4f3             || Channel: #feeding-team                        || Content: this saturday yes?
[10/08/2025 04:36:50.559 PM] Message  || User: layotu              || Channel: #feeding-team                        || Content: as in 3 days time correct
[10/08/2025 04:38:40.579 PM] Message  || User: m_digio             || Channel: #purrley-pawsitive-pussy-pals        || Content: Cuddlebug
[10/08/2025 04:41:56.600 PM] Message  || User: bubblebee5866       || Channel: #feeding-team                        || Content: Oh frick I forgot to ask, microwaves water is empty does the person ...
[10/08/2025 04:41:56.616 PM] Action   || Name: feed_pending_set    || Trigger: ch=643586809166561310; user=60994... || Output: Microwave
[10/08/2025 04:45:35.417 PM] Message  || User: racerdg             || Channel: #feeding-team                        || Content: he was already fed today so thats fine yeah
[10/08/2025 04:46:45.538 PM] React+   || User: celeryiscelery      || Channel: #executive-board                     || emoji=🎉; msg="Have one" by m_digio
[10/08/2025 04:46:53.835 PM] React+   || User: bubblebee5866       || Channel: #feeding-team                        || emoji=👍; msg="he was already fed today so thats fine y..." by racerdg
[10/08/2025 04:47:21.115 PM] Message  || User: celeryiscelery      || Channel: #purrley-pawsitive-pussy-pals        || Content: exposure therapy
[10/08/2025 04:47:34.131 PM] React+   || User: slayc127            || Channel: #purrley-pawsitive-pussy-pals        || emoji=😔; msg="exposure therapy" by celeryiscelery
[10/08/2025 04:47:44.356 PM] Message  || User: celeryiscelery      || Channel: #purrley-pawsitive-pussy-pals        || Content: i used to be the same way until i would literally force myself to ta...
[10/08/2025 04:47:53.407 PM] Message  || User: slayc127            || Channel: #purrley-pawsitive-pussy-pals        || Content: i knowwww
[10/08/2025 04:48:01.467 PM] Message  || User: slayc127            || Channel: #purrley-pawsitive-pussy-pals        || Content: im trying this sem i just get very intimidated 😔
[10/08/2025 04:48:08.651 PM] Message  || User: slayc127            || Channel: #purrley-pawsitive-pussy-pals        || Content: people that r smarter than me shouldnt exist /j
[10/08/2025 04:48:55.219 PM] Message  || User: celeryiscelery      || Channel: #purrley-pawsitive-pussy-pals        || Content: be glad that they do! most of the time they’re willing to share thei...
[10/08/2025 04:49:49.228 PM] Message  || User: celeryiscelery      || Channel: #purrley-pawsitive-pussy-pals        || Content: being around people that are smarter/a different kind of smart is lo...
[10/08/2025 04:50:12.508 PM] Message  || User: celeryiscelery      || Channel: #purrley-pawsitive-pussy-pals        || Content: makes me feel like a plant being watered for the first time after a ...
[10/08/2025 04:55:13.782 PM] Message  || User: yaeji               || Channel: #yapper-committee                    || Content: i mrrped at my cat and he seemed to understand
[10/08/2025 04:55:27.570 PM] Message  || User: yaeji               || Channel: #yapper-committee                    || Content: is this a thing
[10/08/2025 05:00:41.955 PM] React+   || User: slayc127            || Channel: #purrley-pawsitive-pussy-pals        || emoji=❤️; msg="be glad that they do! most of the time t..." by celeryiscelery
[10/08/2025 05:00:48.060 PM] React+   || User: slayc127            || Channel: #purrley-pawsitive-pussy-pals        || emoji=‼️; msg="makes me feel like a plant being watered..." by celeryiscelery
[10/08/2025 05:06:50.573 PM] Message  || User: kahuui              || Channel: #yapper-committee                    || Content: does anyone want to adopt 3 cats?
[10/08/2025 05:07:14.200 PM] Message  || User: kahuui              || Channel: #yapper-committee                    || Content: (no text; attachments=1)
[10/08/2025 05:07:48.833 PM] Message  || User: slayc127            || Channel: #yapper-committee                    || Content: please send this over to #external-adoption-ads !
[10/08/2025 05:07:53.808 PM] React+   || User: kahuui              || Channel: #yapper-committee                    || emoji=♥️; msg="please send this over to #external-adopt..." by slayc127
[10/08/2025 05:08:02.845 PM] Message  || User: kahuui              || Channel: #external-adoption-ads               || Content: did anyone want to adopt three stray cats
[10/08/2025 05:08:05.674 PM] Message  || User: kahuui              || Channel: #external-adoption-ads               || Content: (no text; attachments=1)
[10/08/2025 05:08:38.315 PM] React+   || User: plink5277           || Channel: #itty-bitty-kitty-commitee           || emoji=Ⓜ️; msg="Bruh canvas is mocking me <:JScat:891493..." by lilypie2904
[10/08/2025 05:08:43.762 PM] React+   || User: plink5277           || Channel: #itty-bitty-kitty-commitee           || emoji=🇪; msg="Bruh canvas is mocking me <:JScat:891493..." by lilypie2904
[10/08/2025 05:08:53.067 PM] React+   || User: plink5277           || Channel: #itty-bitty-kitty-commitee           || emoji=🇫; msg="Bruh canvas is mocking me <:JScat:891493..." by lilypie2904
[10/08/2025 05:08:56.954 PM] React+   || User: plink5277           || Channel: #itty-bitty-kitty-commitee           || emoji=🇷; msg="Bruh canvas is mocking me <:JScat:891493..." by lilypie2904
[10/08/2025 05:10:26.773 PM] Message  || User: kahuui              || Channel: #external-adoption-ads               || Content: they are 5-7 weeks old and their mom died
[10/08/2025 05:12:02.231 PM] React+   || User: cici4f3             || Channel: #external-adoption-ads               || emoji=☹️; msg="they are 5-7 weeks old and their mom die..." by kahuui
[10/08/2025 05:14:38.498 PM] Message  || User: plink5277           || Channel: #yapper-committee                    || Content: They’re so cuteee
[10/08/2025 05:45:50.011 PM] React+   || User: kitadan             || Channel: #yapper-committee                    || emoji=♥️; msg="please send this over to #external-adopt..." by slayc127
[10/08/2025 05:57:38.957 PM] React+   || User: kitadan             || Channel: #external-adoption-ads               || emoji=😭; msg=1425605703623512224
[10/08/2025 06:01:27.800 PM] React+   || User: simplyshadow171295  || Channel: #external-adoption-ads               || emoji=😭; msg=1425605703623512224
[10/08/2025 06:01:29.225 PM] React+   || User: simplyshadow171295  || Channel: #external-adoption-ads               || emoji=☹️; msg="they are 5-7 weeks old and their mom die..." by kahuui
[10/08/2025 06:12:36.037 PM] Message  || User: lifeye              || Channel: #feeding-team                        || Content: I can cover microwave!
[10/08/2025 06:12:36.037 PM] Intent   || sub_request               ||                                               || station=Microwave
[10/08/2025 06:12:36.069 PM] Action   || Name: sub_request         || Trigger: station=Microwave; dates=2025-10-08  || Output: logged
[10/08/2025 06:13:00.326 PM] Message  || User: lifeye              || Channel: #feeding-team                        || Content: okay i might be slow
[10/08/2025 06:13:00.326 PM] Action   || Name: feed_pending_set    || Trigger: ch=643586809166561310; user=80239... || Output: Mary Kay and Zen
[10/08/2025 06:14:32.294 PM] Message  || User: slayc127            || Channel: #feeding-team                        || Content: eh reasonable expectation of privacy and all, even on public propert...
[10/08/2025 06:18:01.090 PM] Message  || User: slayc127            || Channel: #yapper-committee                    || Content: i hope we all know i get very sad when i get home at a nice 4pm and ...
[10/08/2025 06:18:18.795 PM] Message  || User: slayc127            || Channel: #yapper-committee                    || Content: wdym i have to go home from being outside all day and STAY AWAKE to ...
[10/08/2025 06:18:24.826 PM] Message  || User: slayc127            || Channel: #yapper-committee                    || Content: evil cursed lives we live
[10/08/2025 06:19:35.183 PM] Message  || User: slayc127            || Channel: #purrley-pawsitive-pussy-pals        || Content: korean lit midterm tomorrow
[10/08/2025 06:23:13.429 PM] Message  || User: slayc127            || Channel: #purrley-pawsitive-pussy-pals        || Content: jesus bug has gotten chunky 😭😭😭 Look at Her
[10/08/2025 06:35:15.647 PM] Message  || User: cici4f3             || Channel: #yapper-committee                    || Content: if any of y'all are free and live in Arlington hall you should total...
[10/08/2025 06:35:22.823 PM] Message  || User: cici4f3             || Channel: #yapper-committee                    || Content: we have chips
[10/08/2025 06:36:05.091 PM] Message  || User: slayc127            || Channel: #yapper-committee                    || Content: u shoudlve told me before i left main campus :(
[10/08/2025 06:36:59.797 PM] Message  || User: slayc127            || Channel: #executive-board                     || Content: ill be holding avocado for the next two days or so while roach and m...
[10/08/2025 06:37:18.657 PM] Message  || User: celeryiscelery      || Channel: #executive-board                     || Content: thank you for the heads up!
[10/08/2025 06:37:32.511 PM] React+   || User: slayc127            || Channel: #executive-board                     || emoji=❤️; msg="thank you for the heads up!" by celeryiscelery
[10/08/2025 06:37:35.746 PM] Message  || User: slayc127            || Channel: #executive-board                     || Content: for surezie!
[10/08/2025 06:43:31.747 PM] React+   || User: m_digio             || Channel: #purrley-pawsitive-pussy-pals        || emoji=❤️; msg="jesus bug has gotten chunky 😭😭😭 Look at ..." by slayc127
[10/08/2025 06:44:40.627 PM] React+   || User: cici4f3             || Channel: #yapper-committee                    || emoji=💔; msg="u shoudlve told me before i left main ca..." by slayc127
[10/08/2025 06:55:34.750 PM] Message  || User: kitadan             || Channel: #yapper-committee                    || Content: If any of y'all are stargazers, there is a meteor shower tonight.
[10/08/2025 07:12:35.427 PM] Message  || User: kcreepertux04       || Channel: #pet-pictures                        || Content: she could barely sit still for the photo
[10/08/2025 07:14:34.757 PM] React+   || User: simplyshadow171295  || Channel: #yapper-committee                    || emoji=‼️; msg="If any of y'all are stargazers, there is..." by kitadan
[10/08/2025 07:15:17.143 PM] Message  || User: pancakemixteamdj    || Channel: #yapper-committee                    || Content: Well my 3 hour class ended 2 hours early
[10/08/2025 07:17:48.640 PM] Message  || User: pancakemixteamdj    || Channel: #pictures-of-the-cats                || Content: (no text; attachments=2)
[10/08/2025 07:17:50.191 PM] Action   || Name: image_intake        || Trigger: channel=551084964318543904           || Output: rows=2
[10/08/2025 07:17:57.097 PM] Message  || User: pancakemixteamdj    || Channel: #pictures-of-the-cats                || Content: Don’t see Twix
[10/08/2025 07:23:40.473 PM] Message  || User: simplyshadow171295  || Channel: #pictures-of-the-cats                || Content: ate her mb
[10/08/2025 07:31:27.562 PM] Message  || User: m_digio             || Channel: #executive-board                     || Content: Okay so obv we can't put cameras around the feeding bin
[10/08/2025 07:31:34.537 PM] Message  || User: pancakemixteamdj    || Channel: #pictures-of-the-cats                || Content: (no text; attachments=1)
[10/08/2025 07:31:35.252 PM] Action   || Name: image_intake        || Trigger: channel=551084964318543904           || Output: rows=1
[10/08/2025 07:31:47.247 PM] Message  || User: m_digio             || Channel: #executive-board                     || Content: Butttttttt we can post really ominous posters to deter ppl
[10/08/2025 07:31:49.081 PM] Message  || User: m_digio             || Channel: #executive-board                     || Content: (no text; attachments=1)
[10/08/2025 07:31:57.678 PM] Message  || User: m_digio             || Channel: #executive-board                     || Content: something like this lmao
[10/08/2025 07:32:07.205 PM] Message  || User: celeryiscelery      || Channel: #executive-board                     || Content: for who?
[10/08/2025 07:32:13.438 PM] Message  || User: m_digio             || Channel: #executive-board                     || Content: feeding bins
[10/08/2025 07:32:18.972 PM] React+   || User: slayc127            || Channel: #executive-board                     || emoji=😆; msg=1425641872860119101
[10/08/2025 07:32:20.620 PM] React+   || User: slayc127            || Channel: #executive-board                     || emoji=‼️; msg=1425641872860119101
[10/08/2025 07:32:27.039 PM] Message  || User: slayc127            || Channel: #executive-board                     || Content: IM ALLLLLLLLLLLLL FOR THIS PLEASE
[10/08/2025 07:32:32.461 PM] Message  || User: m_digio             || Channel: #executive-board                     || Content: there is someone alegedly using our food
[10/08/2025 07:32:37.523 PM] Message  || User: celeryiscelery      || Channel: #executive-board                     || Content: yes but for who?😭
[10/08/2025 07:32:38.560 PM] Message  || User: m_digio             || Channel: #executive-board                     || Content: without permission
[10/08/2025 07:32:41.008 PM] Message  || User: celeryiscelery      || Channel: #executive-board                     || Content: oh what the fuck
[10/08/2025 07:32:41.141 PM] React+   || User: slayc127            || Channel: #pictures-of-the-cats                || emoji=‼️; msg=1425641811803635742
[10/08/2025 07:34:06.220 PM] Message  || User: celeryiscelery      || Channel: #executive-board                     || Content: who gave you these allegations and do they have proof or is it just ...
[10/08/2025 07:34:42.103 PM] Message  || User: m_digio             || Channel: #executive-board                     || Content: mikey has been getting fed by not our feeders and theyre using eithe...
[10/08/2025 07:34:42.103 PM] Intent   || feed_update               ||                                               || station=Microwave; dates=['2025-10-08']
[10/08/2025 07:34:42.119 PM] Action   || Name: feed_update_ignored || Trigger: station=Microwave                    || Output: channel_blocked:629370899753205781
[10/08/2025 07:34:58.769 PM] Message  || User: m_digio             || Channel: #executive-board                     || Content: been happening for the last few weeks
[10/08/2025 07:35:23.240 PM] Message  || User: celeryiscelery      || Channel: #executive-board                     || Content: in those bowls by ransom?
[10/08/2025 07:35:33.455 PM] Message  || User: m_digio             || Channel: #executive-board                     || Content: in his feeding bowls
[10/08/2025 07:35:36.812 PM] Message  || User: m_digio             || Channel: #executive-board                     || Content: like our bowls
[10/08/2025 07:36:02.060 PM] Message  || User: pancakemixteamdj    || Channel: #pictures-of-the-cats                || Content: (no text; attachments=1)
[10/08/2025 07:36:02.971 PM] Action   || Name: image_intake        || Trigger: channel=551084964318543904           || Output: rows=1
[10/08/2025 07:36:02.971 PM] Message  || User: m_digio             || Channel: #executive-board                     || Content: unsure about the others
[10/08/2025 07:37:02.111 PM] Message  || User: pancakemixteamdj    || Channel: #pictures-of-the-cats                || Content: He did not  like me touching his murder mittens
[10/08/2025 07:38:15.215 PM] Message  || User: celeryiscelery      || Channel: #executive-board                     || Content: is there a possibility someone who was feeding mike previously may h...
[10/08/2025 07:40:33.419 PM] Message  || User: m_digio             || Channel: #executive-board                     || Content: perhaps but i normally only schedule reliable feeders for his spot a...
[10/08/2025 07:41:00.546 PM] Message  || User: celeryiscelery      || Channel: #executive-board                     || Content: how long has this been going on?
[10/08/2025 07:41:23.246 PM] Message  || User: m_digio             || Channel: #executive-board                     || Content: two-three weeks
[10/08/2025 07:42:01.291 PM] Message  || User: celeryiscelery      || Channel: #executive-board                     || Content: whoever has been telling you this, has it stopped since you put that...
[10/08/2025 07:42:26.406 PM] Message  || User: m_digio             || Channel: #executive-board                     || Content: it happened today and thats kinda when the whole we need a different...
[10/08/2025 07:42:51.127 PM] Message  || User: celeryiscelery      || Channel: #executive-board                     || Content: okay then it’s someone definitely on the current feeding schedule
[10/08/2025 07:43:25.811 PM] Message  || User: celeryiscelery      || Channel: #executive-board                     || Content: do you want me to put something in the feeding chat to see if it wil...
[10/08/2025 07:43:34.052 PM] Message  || User: m_digio             || Channel: #executive-board                     || Content: so it happened right when roach went to feed and when they got there...
[10/08/2025 07:43:34.068 PM] Intent   || feed_update               ||                                               || station=Mary Kay and Zen; dates=['2025-10-08']
[10/08/2025 07:43:34.068 PM] Action   || Name: feed_update_ignored || Trigger: station=Mary Kay and Zen             || Output: channel_blocked:629370899753205781
[10/08/2025 07:44:11.493 PM] Message  || User: m_digio             || Channel: #executive-board                     || Content: and i had only given the code out to ~10 ppl by that point
[10/08/2025 07:45:54.737 PM] Message  || User: celeryiscelery      || Channel: #executive-board                     || Content: hmm okay i’ll send out an announcement to the feeding team
[10/08/2025 07:46:20.737 PM] Message  || User: m_digio             || Channel: #executive-board                     || Content: okie, theres probs a 50/50 chance that its one of ours or not
[10/08/2025 07:46:21.144 PM] Edit     || User: celeryiscelery      || Channel: #executive-board                     || hmm okay i’ll send out an announcement to the feeding team -> hmm okay i’ll s...
[10/08/2025 07:47:58.269 PM] React+   || User: austinbaustinb      || Channel: #yapper-committee                    || emoji=‼️; msg="If any of y'all are stargazers, there is..." by kitadan
[10/08/2025 07:48:22.449 PM] React+   || User: celeryiscelery      || Channel: #yapper-committee                    || emoji=‼️; msg="If any of y'all are stargazers, there is..." by kitadan
[10/08/2025 07:49:16.105 PM] React+   || User: adeyumii            || Channel: #yapper-committee                    || emoji=‼️; msg="If any of y'all are stargazers, there is..." by kitadan
[10/08/2025 07:50:03.863 PM] React+   || User: m_digio             || Channel: #pet-pictures                        || emoji=❤️; msg="she could barely sit still for the photo" by kcreepertux04
[10/08/2025 07:52:21.560 PM] Message  || User: adeyumii            || Channel: #pictures-of-the-cats                || Content: chunker
[10/08/2025 07:52:27.294 PM] React+   || User: the.lemonade.stand  || Channel: #pet-pictures                        || emoji=❤️; msg="she could barely sit still for the photo" by kcreepertux04
[10/08/2025 08:00:03.411 PM] Action   || Name: feeding_8pm         || Trigger: unfed=0                              || Output: celebrated
[10/08/2025 08:00:55.049 PM] Message  || User: celeryiscelery      || Channel: #feeding-team                        || Content: @active feeders Unless you are asked to cover a station that a sched...
[10/08/2025 08:00:55.073 PM] Action   || Name: intent_router_error || Trigger: type=AttributeError                  || Output: 'IntentRouter' object has no attribute '_stations_from_schedule'
[10/08/2025 08:01:20.306 PM] React+   || User: not_d3fault_1420    || Channel: #feeding-team                        || emoji=👍; msg="@active feeders Unless you are asked to ..." by celeryiscelery
[10/08/2025 08:01:23.890 PM] React-   || User: unknown             || Channel: #feeding-team                        || emoji=👍; msg="@active feeders Unless you are asked to ..." by celeryiscelery
[10/08/2025 08:01:38.279 PM] React+   || User: not_d3fault_1420    || Channel: #feeding-team                        || emoji=<:catthumbsup:931115163317329920>; msg="@active feeders Unless you are ...
[10/08/2025 08:01:45.709 PM] React+   || User: not_d3fault_1420    || Channel: #pictures-of-the-cats                || emoji=‼️; msg=1425641811803635742
[10/08/2025 08:01:46.602 PM] Edit     || User: celeryiscelery      || Channel: #feeding-team                        || @active feeders Unless you are asked to cover a station that a scheduled feed...
[10/08/2025 08:01:59.810 PM] React+   || User: adeyumii            || Channel: #feeding-team                        || emoji=<:catthumbsup:931115163317329920>; msg="@active feeders Unless you are ...
[10/08/2025 08:02:05.734 PM] Message  || User: adeyumii            || Channel: #feeding-team                        || Content: YES HEAD CHEF
[10/08/2025 08:02:08.430 PM] React+   || User: celeryiscelery      || Channel: #executive-board                     || emoji=👍; msg="okie, theres probs a 50/50 chance that i..." by m_digio
[10/08/2025 08:02:10.642 PM] React+   || User: slayc127            || Channel: #feeding-team                        || emoji=<:catthumbsup:931115163317329920>; msg="@active feeders Unless you are ...
[10/08/2025 08:02:15.431 PM] React+   || User: simplyshadow171295  || Channel: #feeding-team                        || emoji=<:catthumbsup:931115163317329920>; msg="@active feeders Unless you are ...
[10/08/2025 08:02:22.798 PM] Message  || User: simplyshadow171295  || Channel: #feeding-team                        || Content: YES HEAD CHEF
[10/08/2025 08:02:46.887 PM] React+   || User: abstractly_         || Channel: #feeding-team                        || emoji=<:catthumbsup:931115163317329920>; msg="@active feeders Unless you are ...
[10/08/2025 08:02:48.723 PM] Edit     || User: celeryiscelery      || Channel: #feeding-team                        || @active feeders Unless you are asked to cover a station that a scheduled feed...
[10/08/2025 08:03:01.552 PM] Message  || User: celeryiscelery      || Channel: #logging                             || Content: im tired of english
[10/08/2025 08:03:14.932 PM] React+   || User: redfoxflying        || Channel: #feeding-team                        || emoji=<:catthumbsup:931115163317329920>; msg="@active feeders Unless you are ...
[10/08/2025 08:03:28.629 PM] React+   || User: m_digio             || Channel: #feeding-team                        || emoji=💪; msg="@active feeders Unless you are asked to ..." by celeryiscelery
[10/08/2025 08:03:45.601 PM] Message  || User: le_nuit_sans_fin    || Channel: #feeding-team                        || Content: 🫡
[10/08/2025 08:05:09.081 PM] React+   || User: orphean_            || Channel: #feeding-team                        || emoji=<:catthumbsup:931115163317329920>; msg="@active feeders Unless you are ...
[10/08/2025 08:06:14.250 PM] React+   || User: _costco_wholesale_  || Channel: #feeding-team                        || emoji=<:catthumbsup:931115163317329920>; msg="@active feeders Unless you are ...
[10/08/2025 08:06:25.554 PM] Message  || User: _costco_wholesale_  || Channel: #feeding-team                        || Content: YES CHEF
[10/08/2025 08:06:35.387 PM] Edit     || User: _costco_wholesale_  || Channel: #feeding-team                        || YES CHEF -> YES HEAD CHEF
[10/08/2025 08:07:09.490 PM] Message  || User: reyesthighs         || Channel: #feeding-team                        || Content: YES HEAD CHEF
[10/08/2025 08:10:08.432 PM] React+   || User: .bettercalljack     || Channel: #feeding-team                        || emoji=💪; msg="@active feeders Unless you are asked to ..." by celeryiscelery
[10/08/2025 08:10:08.670 PM] React+   || User: .bettercalljack     || Channel: #feeding-team                        || emoji=<:catthumbsup:931115163317329920>; msg="@active feeders Unless you are ...
[10/08/2025 08:12:01.207 PM] React+   || User: izzyballz           || Channel: #feeding-team                        || emoji=<:catthumbsup:931115163317329920>; msg="@active feeders Unless you are ...
[10/08/2025 08:12:01.664 PM] React+   || User: izzyballz           || Channel: #feeding-team                        || emoji=💪; msg="@active feeders Unless you are asked to ..." by celeryiscelery
[10/08/2025 08:14:22.941 PM] React+   || User: reyesthighs         || Channel: #feeding-team                        || emoji=<:catthumbsup:931115163317329920>; msg="@active feeders Unless you are ...
[10/08/2025 08:14:25.550 PM] React+   || User: reyesthighs         || Channel: #feeding-team                        || emoji=💪; msg="@active feeders Unless you are asked to ..." by celeryiscelery
[10/08/2025 08:16:38.817 PM] Roles    || User: buzabeezu           || Guild: Campus Cat Coalition                   || added=['acknowledged rules']; removed=[]
[10/08/2025 08:16:38.857 PM] React+   || User: buzabeezu           || Channel: #rules                               || emoji=<:catthumbsup:931115163317329920>; msg="• No racist or homophobic langu...
[10/08/2025 08:16:56.980 PM] Message  || User: a1darek             || Channel: #purrley-pawsitive-pussy-pals        || Content: I can never get used to kefir man
[10/08/2025 08:17:42.746 PM] Message  || User: a1darek             || Channel: #purrley-pawsitive-pussy-pals        || Content: Like the aftertaste is sweet but the smell and initial taste just fi...
[10/08/2025 08:17:58.336 PM] Message  || User: a1darek             || Channel: #purrley-pawsitive-pussy-pals        || Content: Like "you should NOT put this in your body"
[10/08/2025 08:19:37.982 PM] React+   || User: racerdg             || Channel: #feeding-team                        || emoji=<:catthumbsup:931115163317329920>; msg="@active feeders Unless you are ...
[10/08/2025 08:19:38.227 PM] React+   || User: racerdg             || Channel: #feeding-team                        || emoji=💪; msg="@active feeders Unless you are asked to ..." by celeryiscelery
[10/08/2025 08:22:33.359 PM] React+   || User: bubblebee5866       || Channel: #yapper-committee                    || emoji=‼️; msg="If any of y'all are stargazers, there is..." by kitadan
[10/08/2025 08:23:01.678 PM] Message  || User: not_d3fault_1420    || Channel: #feeding-team                        || Content: YES HEAD CHEF
[10/08/2025 08:24:13.971 PM] React+   || User: not_d3fault_1420    || Channel: #pictures-of-the-cats                || emoji=<:macrowave:857753712591634442>; msg=1425642933784154287
[10/08/2025 08:26:35.336 PM] React+   || User: hatshura            || Channel: #feeding-team                        || emoji=<:catthumbsup:931115163317329920>; msg="@active feeders Unless you are ...
[10/08/2025 08:30:14.515 PM] React+   || User: vasyline            || Channel: #feeding-team                        || emoji=<:catthumbsup:931115163317329920>; msg="@active feeders Unless you are ...
[10/08/2025 08:30:47.281 PM] React+   || User: vasyline            || Channel: #pictures-of-the-cats                || emoji=‼️; msg=1425641811803635742
[10/08/2025 08:31:03.847 PM] React+   || User: vasyline            || Channel: #yapper-committee                    || emoji=‼️; msg="If any of y'all are stargazers, there is..." by kitadan
[10/08/2025 08:35:23.269 PM] React+   || User: cici4f3             || Channel: #feeding-team                        || emoji=<:catthumbsup:931115163317329920>; msg="@active feeders Unless you are ...
[10/08/2025 08:35:23.405 PM] React+   || User: cici4f3             || Channel: #feeding-team                        || emoji=💪; msg="@active feeders Unless you are asked to ..." by celeryiscelery
[10/08/2025 08:40:16.262 PM] React+   || User: bubblebee5866       || Channel: #pet-pictures                        || emoji=❤️; msg="she could barely sit still for the photo" by kcreepertux04
[10/08/2025 08:40:33.141 PM] Message  || User: a1darek             || Channel: #purrley-pawsitive-pussy-pals        || Content: @Megan [Feeding Head & PR]
[10/08/2025 08:42:28.534 PM] Message  || User: m_digio             || Channel: #purrley-pawsitive-pussy-pals        || Content: gah shes so fake
[10/08/2025 08:44:44.496 PM] Message  || User: .bettercalljack     || Channel: #feeding-team                        || Content: YES HEAD CHEF
[10/08/2025 08:45:29.728 PM] React+   || User: petrichor           || Channel: #feeding-team                        || emoji=<:catthumbsup:931115163317329920>; msg="@active feeders Unless you are ...
[10/08/2025 08:46:34.820 PM] Message  || User: cici4f3             || Channel: #feeding-team                        || Content: YES HEAD CHEF
[10/08/2025 08:47:30.574 PM] React+   || User: cici4f3             || Channel: #yapper-committee                    || emoji=‼️; msg="If any of y'all are stargazers, there is..." by kitadan
[10/08/2025 08:47:42.540 PM] Message  || User: cici4f3             || Channel: #yapper-committee                    || Content: this seems to happen often
[10/08/2025 08:48:41.380 PM] Message  || User: phat_cat_207        || Channel: #feeding-team                        || Content: YES HEAD CHEF
[10/08/2025 08:49:32.264 PM] React+   || User: bubblebee5866       || Channel: #feeding-team                        || emoji=<:catthumbsup:931115163317329920>; msg="@active feeders Unless you are ...
[10/08/2025 08:54:17.251 PM] Message  || User: a1darek             || Channel: #purrley-pawsitive-pussy-pals        || Content: (no text; attachments=1)
[10/08/2025 08:56:44.767 PM] React+   || User: m_digio             || Channel: #purrley-pawsitive-pussy-pals        || emoji=❤️; msg=1425662627169697833
[10/08/2025 08:56:54.315 PM] Message  || User: m_digio             || Channel: #purrley-pawsitive-pussy-pals        || Content: she looks like a potato
[10/08/2025 09:01:52.479 PM] React+   || User: kitadan             || Channel: #feeding-team                        || emoji=<:catthumbsup:931115163317329920>; msg="@active feeders Unless you are ...
[10/08/2025 09:02:04.039 PM] React+   || User: kitadan             || Channel: #feeding-team                        || emoji=🎉; msg="All stations have been fed! Yippee!!!" by Tom Cat
[10/08/2025 09:02:18.773 PM] Message  || User: kitadan             || Channel: #feeding-team                        || Content: Yes Head Chef
[10/08/2025 09:03:09.344 PM] React+   || User: emlenisgremlin      || Channel: #feeding-team                        || emoji=<:catthumbsup:931115163317329920>; msg="@active feeders Unless you are ...
[10/08/2025 09:07:16.280 PM] React+   || User: baseketballin       || Channel: #feeding-team                        || emoji=<:catthumbsup:931115163317329920>; msg="@active feeders Unless you are ...
[10/08/2025 09:07:17.585 PM] React+   || User: baseketballin       || Channel: #feeding-team                        || emoji=💪; msg="@active feeders Unless you are asked to ..." by celeryiscelery
[10/08/2025 09:07:19.152 PM] React+   || User: baseketballin       || Channel: #feeding-team                        || emoji=🎉; msg="All stations have been fed! Yippee!!!" by Tom Cat
[10/08/2025 09:21:18.760 PM] Message  || User: celeryiscelery      || Channel: #purrley-pawsitive-pussy-pals        || Content: i’m gonna cry she’s literally smaller than the fucking sock
[10/08/2025 09:21:31.990 PM] React+   || User: nostalgicsapphic    || Channel: #purrley-pawsitive-pussy-pals        || emoji=❤️; msg=1425662627169697833
[10/08/2025 09:21:34.307 PM] React+   || User: nostalgicsapphic    || Channel: #purrley-pawsitive-pussy-pals        || emoji=‼️; msg="she looks like a potato" by m_digio
[10/08/2025 09:21:35.826 PM] React+   || User: nostalgicsapphic    || Channel: #purrley-pawsitive-pussy-pals        || emoji=‼️; msg="i’m gonna cry she’s literally smaller th..." by celeryiscelery
[10/08/2025 09:21:50.955 PM] React+   || User: nostalgicsapphic    || Channel: #purrley-pawsitive-pussy-pals        || emoji=❤️; msg="jesus bug has gotten chunky 😭😭😭 Look at ..." by slayc127
[10/08/2025 09:22:02.160 PM] React+   || User: nostalgicsapphic    || Channel: #purrley-pawsitive-pussy-pals        || emoji=😭; msg="@Megan [Feeding Head & PR]" by a1darek
[10/08/2025 09:27:15.367 PM] React+   || User: emiximez            || Channel: #feeding-team                        || emoji=<:catthumbsup:931115163317329920>; msg="@active feeders Unless you are ...
[10/08/2025 09:44:14.229 PM] React+   || User: lilypie2904         || Channel: #itty-bitty-kitty-commitee           || emoji=Ⓜ️; msg="Bruh canvas is mocking me <:JScat:891493..." by lilypie2904
[10/08/2025 09:44:14.457 PM] React+   || User: lilypie2904         || Channel: #itty-bitty-kitty-commitee           || emoji=🇪; msg="Bruh canvas is mocking me <:JScat:891493..." by lilypie2904
[10/08/2025 09:44:16.055 PM] React+   || User: lilypie2904         || Channel: #itty-bitty-kitty-commitee           || emoji=🇫; msg="Bruh canvas is mocking me <:JScat:891493..." by lilypie2904
[10/08/2025 09:44:16.119 PM] React+   || User: lilypie2904         || Channel: #itty-bitty-kitty-commitee           || emoji=🇷; msg="Bruh canvas is mocking me <:JScat:891493..." by lilypie2904
[10/08/2025 09:56:44.954 PM] React+   || User: a1darek             || Channel: #purrley-pawsitive-pussy-pals        || emoji=❤️; msg="jesus bug has gotten chunky 😭😭😭 Look at ..." by slayc127
[10/08/2025 10:14:23.510 PM] Message  || User: kitadan             || Channel: #yapper-committee                    || Content: And now the absolute joy of replacing a computer tower.
[10/08/2025 10:15:48.488 PM] React+   || User: _rambone_           || Channel: #executive-board                     || emoji=👍; msg="okie, theres probs a 50/50 chance that i..." by m_digio
[10/08/2025 10:32:58.962 PM] Message  || User: austinbaustinb      || Channel: #thomas-cat-sandbox                  || Content: TomCat, UItest
[10/08/2025 10:32:58.978 PM] Intent   || ui_launch                 ||                                              
[10/08/2025 10:32:59.568 PM] Action   || Name: ui_activity_prompt  || Trigger: user=624440365595754496; channel=... || Output: message_id=1425687467620700281; app_id=1341667150066225192; invite=Bt...
[10/08/2025 10:39:50.538 PM] React+   || User: nostalgicsapphic    || Channel: #logging                             || emoji=😆; msg="im tired of english" by celeryiscelery
[10/08/2025 11:17:07.744 PM] Message  || User: austinbaustinb      || Channel: #purrley-pawsitive-pussy-pals        || Content: He does not like attire
[10/08/2025 11:17:23.802 PM] React+   || User: nostalgicsapphic    || Channel: #purrley-pawsitive-pussy-pals        || emoji=❤️; msg="He does not like attire" by austinbaustinb
[10/08/2025 11:18:16.525 PM] Message  || User: racerdg             || Channel: #yapper-committee                    || Content: who put a whole fucking couch into the arlington hall recycling bin
[10/08/2025 11:20:06.406 PM] Message  || User: racerdg             || Channel: #yapper-committee                    || Content: i just took out the trash without my id oh my god fml
[10/08/2025 11:20:17.523 PM] React+   || User: celeryiscelery      || Channel: #purrley-pawsitive-pussy-pals        || emoji=❤️; msg="He does not like attire" by austinbaustinb
[10/08/2025 11:21:55.287 PM] Message  || User: racerdg             || Channel: #yapper-committee                    || Content: bless my roommate for letting me in bro
[10/08/2025 11:30:30.655 PM] Message  || User: pancakemixteamdj    || Channel: #yapper-committee                    || Content: My fault
[10/08/2025 11:33:05.838 PM] Message  || User: kitadan             || Channel: #yapper-committee                    || Content: If you're ever wondering why homeless have things near UTA.
[10/08/2025 11:33:49.692 PM] React+   || User: a1darek             || Channel: #purrley-pawsitive-pussy-pals        || emoji=❤️; msg="He does not like attire" by austinbaustinb
[10/08/2025 11:57:21.605 PM] Message  || User: cici4f3             || Channel: #yapper-committee                    || Content: heres what i made
