[10/15/2025 12:03:26.662 AM] React+   || User: kitadan             || Channel: #feeding-team                        || emoji=❤️; msg="Ok so funky update on this.
This morning..." by austinbaustinb
[10/15/2025 12:03:29.133 AM] React+   || User: kitadan             || Channel: #feeding-team                        || emoji=❤️; msg="sorry for botspam in the wrong channel b..." by austinbaustinb
[10/15/2025 12:07:28.363 AM] Message  || User: layotu              || Channel: #pictures-of-the-cats                || Content: eg
[10/15/2025 12:07:29.706 AM] Action   || Name: image_intake        || Trigger: channel=551084964318543904           || Output: rows=1
[10/15/2025 12:10:18.811 AM] Message  || User: yaeji               || Channel: #yapper-committee                    || Content: the thing motivating me through my freshman year is tomodachi life 2
[10/15/2025 12:10:47.468 AM] Edit     || User: yaeji               || Channel: #yapper-committee                    || the thing motivating me through my freshman year is tomodachi life 2 -> the o...
[10/15/2025 12:13:15.620 AM] React+   || User: s2pidtroll          || Channel: #external-adoption-ads               || emoji=❤️; msg="We got it handled! No worries on this re..." by pixxidxst
[10/15/2025 12:34:11.421 AM] Message  || User: cici4f3             || Channel: #pictures-of-the-cats                || Content: one twig and no more
[10/15/2025 12:34:12.279 AM] Action   || Name: image_intake        || Trigger: channel=551084964318543904           || Output: rows=1
[10/15/2025 12:37:06.001 AM] Message  || User: a1darek             || Channel: #purrley-pawsitive-pussy-pals        || Content: (no text; attachments=1)
[10/15/2025 01:05:02.521 AM] Message  || User: archavian_empire    || Channel: #yapper-committee                    || Content: SAME
[10/15/2025 01:05:40.734 AM] Leave    || User: andrew4043 (2960... || Guild: Campus Cat Coalition                  
[10/15/2025 01:17:45.909 AM] Message  || User: kitadan             || Channel: #external-promotions                 || Content: On Saturday October 18, a No Kings protest will occur.
[10/15/2025 02:09:08.947 AM] Message  || User: izzyballz           || Channel: #yapper-committee                    || Content: every single day i go to sleep tomorrow 💔
[10/15/2025 02:10:02.937 AM] Action   || Name: profile_update_e... || Trigger: id=1                                 || Output: 404 Not Found (error code: 10008): Unknown Message
[10/15/2025 02:10:03.827 AM] Action   || Name: profile_update_e... || Trigger: id=2                                 || Output: 404 Not Found (error code: 10008): Unknown Message
[10/15/2025 02:10:04.714 AM] Action   || Name: profile_update_e... || Trigger: id=4                                 || Output: 404 Not Found (error code: 10008): Unknown Message
[10/15/2025 02:10:05.627 AM] Action   || Name: profile_update_e... || Trigger: id=5                                 || Output: 404 Not Found (error code: 10008): Unknown Message
[10/15/2025 02:10:06.523 AM] Action   || Name: profile_update_e... || Trigger: id=6                                 || Output: 404 Not Found (error code: 10008): Unknown Message
[10/15/2025 02:10:07.475 AM] Action   || Name: profile_update_e... || Trigger: id=7                                 || Output: 404 Not Found (error code: 10008): Unknown Message
[10/15/2025 02:10:08.231 AM] Action   || Name: profile_update_e... || Trigger: id=9                                 || Output: 404 Not Found (error code: 10008): Unknown Message
[10/15/2025 02:10:09.278 AM] Action   || Name: profile_update_e... || Trigger: id=17                                || Output: 404 Not Found (error code: 10008): Unknown Message
[10/15/2025 02:10:10.115 AM] Action   || Name: profile_update_e... || Trigger: id=67                                || Output: 404 Not Found (error code: 10008): Unknown Message
[10/15/2025 02:10:10.115 AM] Action   || Name: profile_update_f... || Trigger: count=9                              || Output: 1,2,4,5,6,7,9,17,67
[10/15/2025 02:10:10.115 AM] Action   || Name: profiles_scheduler  || Trigger: update_all                           || Output: ran
[10/15/2025 02:13:37.960 AM] Message  || User: racerdg             || Channel: #yapper-committee                    || Content: https://tenor.com/view/fire-writing-gif-24533171
[10/15/2025 02:15:49.897 AM] Message  || User: racerdg             || Channel: #yapper-committee                    || Content: what compels someone to blast loud as fuck music in the courtyard ne...
[10/15/2025 03:00:00.155 AM] Action   || Name: dues_membership_... || Trigger: sheet=1PBvCd6gTwc1_aqlCtn93xPW7XJ... || Output: ws=Membership Application List
[10/15/2025 03:00:03.175 AM] Action   || Name: dues_membership_... || Trigger: row=2                                || Output: Date|Mavorgs Invite|Semester|Email|Full Name|Discord Username|Payment...
[10/15/2025 03:00:03.175 AM] Action   || Name: dues_membership_... || Trigger: total=1002                           || Output: usable=858
[10/15/2025 03:00:03.175 AM] Action   || Name: dues_scheduler      || Trigger: count=0                              || Output: done
[10/15/2025 05:44:31.867 AM] React+   || User: adeyumii            || Channel: #pictures-of-the-cats                || emoji=<:macrowave:857753712591634442>; msg="eg" by layotu
[10/15/2025 05:47:19.324 AM] Message  || User: a1darek             || Channel: #purrley-pawsitive-pussy-pals        || Content: I think the Facebook moms have been off they're game
[10/15/2025 05:47:33.077 AM] Message  || User: a1darek             || Channel: #purrley-pawsitive-pussy-pals        || Content: Got here a few minutes ago and am somehow the first person here
[10/15/2025 06:02:45.500 AM] React+   || User: moineau_l.oiseau    || Channel: #external-adoption-ads               || emoji=❤️; msg="We got it handled! No worries on this re..." by pixxidxst
[10/15/2025 06:02:56.638 AM] React+   || User: moineau_l.oiseau    || Channel: #report-new-cats                     || emoji=‼️; msg="That's barbie!!!" by adeyumii
[10/15/2025 06:04:51.127 AM] React+   || User: moineau_l.oiseau    || Channel: #pictures-of-the-cats                || emoji=<:macrowave:857753712591634442>; msg="eg" by layotu
[10/15/2025 06:04:57.396 AM] React+   || User: moineau_l.oiseau    || Channel: #pictures-of-the-cats                || emoji=❤️; msg="one twig and no more" by cici4f3
[10/15/2025 06:05:22.918 AM] React+   || User: moineau_l.oiseau    || Channel: #pet-pictures                        || emoji=‼️; msg="Your cat now" by m_digio
[10/15/2025 06:06:39.361 AM] React+   || User: moineau_l.oiseau    || Channel: #yapper-committee                    || emoji=‼️; msg="every single day i go to sleep tomorrow ..." by izzyballz
[10/15/2025 06:07:43.453 AM] React+   || User: moineau_l.oiseau    || Channel: #itty-bitty-kitty-commitee           || emoji=‼️; msg="omg i totally wanna study abroad now tha..." by yaeji
[10/15/2025 06:07:55.212 AM] React+   || User: moineau_l.oiseau    || Channel: #itty-bitty-kitty-commitee           || emoji=❤️; msg="omg i totally wanna study abroad now tha..." by yaeji
[10/15/2025 07:09:35.414 AM] React+   || User: austinbaustinb      || Channel: #purrley-pawsitive-pussy-pals        || emoji=‼️; msg="I think the Facebook moms have been off ..." by a1darek
[10/15/2025 07:16:49.535 AM] Action   || Name: gmail_auth_url      || Trigger:                                      || Output: https://accounts.google.com/o/oauth2/auth?response_type=code&client_i...
[10/15/2025 07:16:49.535 AM] Action   || Name: gmail_log_scheduler || Trigger: auth                                 || Output: pending
[10/15/2025 07:20:21.803 AM] Join     || User: jasminewills0224... || Guild: Campus Cat Coalition                   || age_days=0; invite=rAEFDeT
[10/15/2025 07:39:17.348 AM] Edit     || User: a1darek             || Channel: #purrley-pawsitive-pussy-pals        || I think the Facebook moms have been off they're game -> I think the Facebook ...
[10/15/2025 07:45:03.373 AM] Message  || User: izzyballz           || Channel: #feeding-team                        || Content: heyyy can anyone feed maintenance tonight im highkey trying to squee...
[10/15/2025 07:45:03.389 AM] Intent   || sub_request               ||                                               || station=Maintenance
[10/15/2025 07:45:03.405 AM] Action   || Name: sub_request         || Trigger: station=Maintenance; dates=2025-1... || Output: status=logged; trigger=can anyone; text=heyyy can anyone feed mainten...
[10/15/2025 07:45:14.734 AM] Message  || User: izzyballz           || Channel: #feeding-team                        || Content: if no one can get it it’s fine though i’ll still head out
[10/15/2025 07:45:46.232 AM] React+   || User: izzyballz           || Channel: #feeding-team                        || emoji=❤️; msg="sorry for botspam in the wrong channel b..." by austinbaustinb
[10/15/2025 07:45:46.605 AM] React+   || User: izzyballz           || Channel: #feeding-team                        || emoji=❤️; msg="Ok so funky update on this.
This morning..." by austinbaustinb
[10/15/2025 07:53:28.531 AM] Message  || User: littletechyyy       || Channel: #yapper-committee                    || Content: not intelligence thats for sure
[10/15/2025 07:56:15.944 AM] Message  || User: orphean_            || Channel: #feeding-team                        || Content: does it have to be tonight?
[10/15/2025 07:56:26.155 AM] Message  || User: orphean_            || Channel: #feeding-team                        || Content: can i go at like 9am?
[10/15/2025 08:01:48.082 AM] React+   || User: orphean_            || Channel: #feeding-team                        || emoji=❤️; msg="Ok so funky update on this.
This morning..." by austinbaustinb
[10/15/2025 08:01:50.045 AM] React+   || User: orphean_            || Channel: #feeding-team                        || emoji=❤️; msg="sorry for botspam in the wrong channel b..." by austinbaustinb
[10/15/2025 08:03:09.307 AM] Message  || User: slayc127            || Channel: #feeding-team                        || Content: ya for maintenance thatz fine
[10/15/2025 08:03:09.307 AM] Action   || Name: feed_pending_set    || Trigger: ch=643586809166561310; user=35686... || Output: stations=Maintenance; text=ya for maintenance thatz fine
[10/15/2025 08:03:18.217 AM] Message  || User: orphean_            || Channel: #feeding-team                        || Content: 😄
[10/15/2025 08:03:24.788 AM] Message  || User: orphean_            || Channel: #feeding-team                        || Content: okay i will
[10/15/2025 08:03:24.788 AM] Action   || Name: feed_pending_set    || Trigger: ch=643586809166561310; user=42691... || Output: stations=Mary Kay and Zen; text=okay i will
[10/15/2025 08:07:43.053 AM] Message  || User: a1darek             || Channel: #purrley-pawsitive-pussy-pals        || Content: (no text; attachments=1)
[10/15/2025 08:08:17.845 AM] Message  || User: slayc127            || Channel: #purrley-pawsitive-pussy-pals        || Content: bruh
[10/15/2025 08:08:59.615 AM] React+   || User: nostalgicsapphic    || Channel: #purrley-pawsitive-pussy-pals        || emoji=😭; msg=1427893021931737239
[10/15/2025 08:09:53.664 AM] Message  || User: austinbaustinb      || Channel: #purrley-pawsitive-pussy-pals        || Content: One nap couldn’t hurt!
[10/15/2025 08:17:21.065 AM] Message  || User: austinbaustinb      || Channel: #thomas-cat-sandbox                  || Content: Tomcat, auth url http://localhost:8765/?state=FM5fBGKnJ210XE7JZ2ThDL...
[10/15/2025 08:17:21.065 AM] Intent   || gmail_auth_code           ||                                              
[10/15/2025 08:17:21.348 AM] Action   || Name: gmail_auth_complete || Trigger: by=624440365595754496                || Output: ok
[10/15/2025 08:17:31.875 AM] Message  || User: austinbaustinb      || Channel: #thomas-cat-sandbox                  || Content: Tomcat who feeds today
[10/15/2025 08:17:31.875 AM] Intent   || feeding_today             ||                                              
[10/15/2025 08:17:33.605 AM] Action   || Name: feeding_today       || Trigger: by=624440365595754496                || Output: sent
[10/15/2025 08:19:48.680 AM] Message  || User: a1darek             || Channel: #purrley-pawsitive-pussy-pals        || Content: Ill go to class
[10/15/2025 08:19:57.138 AM] Message  || User: a1darek             || Channel: #purrley-pawsitive-pussy-pals        || Content: Taking a nap when I get to the lounge though
[10/15/2025 08:26:34.744 AM] Message  || User: a1darek             || Channel: #purrley-pawsitive-pussy-pals        || Content: She fucking does this on purpose
[10/15/2025 08:32:58.006 AM] Message  || User: slayc127            || Channel: #pictures-of-the-cats                || Content: GOOD MORNING UTA ‼️‼️‼️‼️
[10/15/2025 08:32:58.672 AM] Action   || Name: image_intake        || Trigger: channel=551084964318543904           || Output: rows=2
[10/15/2025 08:33:16.766 AM] React+   || User: slayc127            || Channel: #purrley-pawsitive-pussy-pals        || emoji=😭; msg="She fucking does this on purpose" by a1darek
[10/15/2025 08:33:24.634 AM] React+   || User: simplyshadow171295  || Channel: #pictures-of-the-cats                || emoji=‼️; msg="GOOD MORNING UTA ‼️‼️‼️‼️" by slayc127
[10/15/2025 08:34:24.164 AM] Message  || User: a1darek             || Channel: #pictures-of-the-cats                || Content: I've got a feeling that it's gonna be a wonderful day
[10/15/2025 08:34:26.748 AM] React+   || User: a1darek             || Channel: #pictures-of-the-cats                || emoji=‼️; msg="GOOD MORNING UTA ‼️‼️‼️‼️" by slayc127
[10/15/2025 08:34:42.247 AM] Message  || User: a1darek             || Channel: #pictures-of-the-cats                || Content: The sun and the sky has a smile on its face
[10/15/2025 08:35:04.982 AM] Edit     || User: a1darek             || Channel: #pictures-of-the-cats                || The sun and the sky has a smile on its face -> The sun and the sky has a smil...
[10/15/2025 08:35:17.025 AM] Message  || User: a1darek             || Channel: #pictures-of-the-cats                || Content: and he's shining a salute to the American race
[10/15/2025 08:40:02.662 AM] Message  || User: simplyshadow171295  || Channel: #pictures-of-the-cats                || Content: it IS going to be a great day BECAUSE WE’RE SPAYING A CAT
[10/15/2025 08:43:19.892 AM] Message  || User: layotu              || Channel: #feeding-team                        || Content: I need to see the internals of tomcat at some point
[10/15/2025 08:44:05.408 AM] React+   || User: layotu              || Channel: #feeding-team                        || emoji=❤️; msg="Ok so funky update on this.
This morning..." by austinbaustinb
[10/15/2025 08:44:07.177 AM] React+   || User: layotu              || Channel: #feeding-team                        || emoji=❤️; msg="sorry for botspam in the wrong channel b..." by austinbaustinb
[10/15/2025 08:44:39.993 AM] Message  || User: pancakemixteamdj    || Channel: #yapper-committee                    || Content: I swear Apple alarms do not be going off
[10/15/2025 08:48:15.016 AM] React+   || User: slayc127            || Channel: #pictures-of-the-cats                || emoji=‼️; msg="I've got a feeling that it's gonna be a ..." by a1darek
[10/15/2025 08:48:19.268 AM] React+   || User: slayc127            || Channel: #pictures-of-the-cats                || emoji=‼️; msg="it IS going to be a great day BECAUSE WE..." by simplyshadow17...
[10/15/2025 08:51:04.569 AM] Message  || User: slayc127            || Channel: #purrley-pawsitive-pussy-pals        || Content: this is so fucking funny
[10/15/2025 08:51:18.694 AM] React+   || User: nostalgicsapphic    || Channel: #purrley-pawsitive-pussy-pals        || emoji=😭; msg="She fucking does this on purpose" by a1darek
[10/15/2025 08:52:09.334 AM] Message  || User: a1darek             || Channel: #purrley-pawsitive-pussy-pals        || Content: I hate her
[10/15/2025 08:52:12.212 AM] Message  || User: a1darek             || Channel: #purrley-pawsitive-pussy-pals        || Content: grrr
[10/15/2025 08:52:17.726 AM] Message  || User: slayc127            || Channel: #purrley-pawsitive-pussy-pals        || Content: #1 op
[10/15/2025 08:53:55.454 AM] React+   || User: emiximez            || Channel: #feeding-team                        || emoji=❤️; msg="Ok so funky update on this.
This morning..." by austinbaustinb
[10/15/2025 08:54:00.431 AM] React+   || User: emiximez            || Channel: #feeding-team                        || emoji=❤️; msg="sorry for botspam in the wrong channel b..." by austinbaustinb
[10/15/2025 08:57:17.797 AM] Message  || User: yaeji               || Channel: #yapper-committee                    || Content: when you blind asf and you accidentally set it for 8:30 pm instead o...
[10/15/2025 08:57:32.790 AM] Message  || User: yaeji               || Channel: #yapper-committee                    || Content: like damnnnnn i wish but 😭
[10/15/2025 09:05:15.803 AM] Message  || User: not_d3fault_1420    || Channel: #pictures-of-the-cats                || Content: (no text; attachments=3)
[10/15/2025 09:05:16.580 AM] Action   || Name: image_intake        || Trigger: channel=551084964318543904           || Output: rows=3
[10/15/2025 09:05:22.700 AM] React+   || User: slayc127            || Channel: #pictures-of-the-cats                || emoji=‼️; msg=1428020905904177242
[10/15/2025 09:07:08.821 AM] Message  || User: not_d3fault_1420    || Channel: #pictures-of-the-cats                || Content: someone left a can of wet food
[10/15/2025 09:07:09.991 AM] Action   || Name: image_intake        || Trigger: channel=551084964318543904           || Output: rows=1
[10/15/2025 09:08:09.502 AM] Message  || User: a1darek             || Channel: #pictures-of-the-cats                || Content: destroy it
[10/15/2025 09:12:29.896 AM] Message  || User: simplyshadow171295  || Channel: #pictures-of-the-cats                || Content: destroy them
[10/15/2025 09:12:44.002 AM] React+   || User: kitadan             || Channel: #pictures-of-the-cats                || emoji=‼️; msg="GOOD MORNING UTA ‼️‼️‼️‼️" by slayc127
[10/15/2025 09:12:57.174 AM] React+   || User: kitadan             || Channel: #pictures-of-the-cats                || emoji=‼️; msg="it IS going to be a great day BECAUSE WE..." by simplyshadow17...
[10/15/2025 09:14:30.897 AM] React+   || User: .bettercalljack     || Channel: #pictures-of-the-cats                || emoji=‼️; msg=1428020905904177242
[10/15/2025 09:24:16.940 AM] Message  || User: pancakemixteamdj    || Channel: #yapper-committee                    || Content: I have done that before  but this time , I swear it did not go off
[10/15/2025 09:24:44.782 AM] Message  || User: pancakemixteamdj    || Channel: #yapper-committee                    || Content: Arg
[10/15/2025 09:27:46.104 AM] Message  || User: orphean_            || Channel: #feeding-team                        || Content: west hall fed!
[10/15/2025 09:27:46.104 AM] Action   || Name: feed_pending_exp... || Trigger: ch=643586809166561310; user=42691... || Output: 
[10/15/2025 09:27:46.104 AM] Intent   || feed_update               ||                                               || station=West Hall; dates=['2025-10-15']
[10/15/2025 09:27:48.219 AM] Action   || Name: sheet_mark          || Trigger: station=West Hall date=2025-10-15    || Output: ok
[10/15/2025 09:27:48.220 AM] Action   || Name: feed_update         || Trigger: station=West Hall; dates=2025-10-15  || Output: ok
[10/15/2025 09:28:14.329 AM] React+   || User: austinbaustinb      || Channel: #feeding-team                        || emoji=❤️; msg="I need to see the internals of tomcat at..." by layotu
[10/15/2025 09:31:09.196 AM] Message  || User: austinbaustinb      || Channel: #feeding-team                        || Content: About 13k lines of code iirc. I write little essays occasionally in ...
[10/15/2025 09:31:51.722 AM] React+   || User: po1ntzero           || Channel: #pictures-of-the-cats                || emoji=‼️; msg=1428020905904177242
[10/15/2025 09:33:36.069 AM] Message  || User: izzyballz           || Channel: #yapper-committee                    || Content: no actually what’s happening w the traffic today
[10/15/2025 09:33:43.620 AM] Message  || User: izzyballz           || Channel: #yapper-committee                    || Content: i had to take a whole different route to avoid it
[10/15/2025 09:33:54.171 AM] Message  || User: simplyshadow171295  || Channel: #yapper-committee                    || Content: i fear it’s dfw
[10/15/2025 09:39:30.732 AM] React+   || User: moineau_l.oiseau    || Channel: #pictures-of-the-cats                || emoji=‼️; msg="GOOD MORNING UTA ‼️‼️‼️‼️" by slayc127
[10/15/2025 09:39:56.033 AM] React+   || User: moineau_l.oiseau    || Channel: #pictures-of-the-cats                || emoji=🍅; msg="someone left a can of wet food" by not_d3fault_1420
[10/15/2025 09:40:36.551 AM] React+   || User: moineau_l.oiseau    || Channel: #purrley-pawsitive-pussy-pals        || emoji=😭; msg="She fucking does this on purpose" by a1darek
[10/15/2025 09:41:52.336 AM] Message  || User: moineau_l.oiseau    || Channel: #executive-board                     || Content: Hey guys, are we aware of any babies that Barbie has? My friend mess...
[10/15/2025 09:42:45.362 AM] React+   || User: moineau_l.oiseau    || Channel: #feeding-team                        || emoji=🔥; msg="About 13k lines of code iirc. I write li..." by austinbaustinb
[10/15/2025 09:43:31.271 AM] React+   || User: moineau_l.oiseau    || Channel: #memes                               || emoji=😭; msg=1427121990015127682
[10/15/2025 09:44:10.890 AM] React+   || User: moineau_l.oiseau    || Channel: #memes                               || emoji=😭; msg="https://www.tiktok.com/t/ZP8AuYEBc/" by .bettercalljack
[10/15/2025 09:44:58.799 AM] React+   || User: moineau_l.oiseau    || Channel: #memes                               || emoji=😭; msg=1427493656042147941
[10/15/2025 09:45:37.032 AM] Message  || User: moineau_l.oiseau    || Channel: #memes                               || Content: (no text; attachments=1)
[10/15/2025 09:45:46.680 AM] Message  || User: ludavis             || Channel: #yapper-committee                    || Content: Venus in trafficgrade
[10/15/2025 09:48:09.783 AM] React+   || User: moineau_l.oiseau    || Channel: #announcements                       || emoji=<:macrowave:857753712591634442>; msg="@​everyone sorry for the ping! we...
[10/15/2025 09:50:35.532 AM] Message  || User: pancakemixteamdj    || Channel: #yapper-committee                    || Content: What it seemed like someone ram off someone off the highway
[10/15/2025 09:51:38.769 AM] Message  || User: pancakemixteamdj    || Channel: #pictures-of-the-cats                || Content: (no text; attachments=1)
[10/15/2025 09:51:39.387 AM] Action   || Name: image_intake        || Trigger: channel=551084964318543904           || Output: rows=1
[10/15/2025 09:55:53.342 AM] Message  || User: m_digio             || Channel: #executive-board                     || Content: Hmm those look like sienna, man i wonder whos siennas mother is /silly
[10/15/2025 09:55:59.678 AM] React+   || User: lemonelon_          || Channel: #feeding-team                        || emoji=🔥; msg="About 13k lines of code iirc. I write li..." by austinbaustinb
[10/15/2025 09:56:13.584 AM] React+   || User: m_digio             || Channel: #feeding-team                        || emoji=🔥; msg="About 13k lines of code iirc. I write li..." by austinbaustinb
[10/15/2025 09:56:40.809 AM] React+   || User: nostalgicsapphic    || Channel: #executive-board                     || emoji=😆; msg="Hmm those look like sienna, man i wonder..." by m_digio
[10/15/2025 09:56:41.807 AM] Message  || User: simplyshadow171295  || Channel: #pictures-of-the-cats                || Content: who what where
[10/15/2025 09:57:04.366 AM] Message  || User: simplyshadow171295  || Channel: #yapper-committee                    || Content: megan continues to be recommended to me on my instagram as someone i...
[10/15/2025 10:00:18.366 AM] Message  || User: not_d3fault_1420    || Channel: #pictures-of-the-cats                || Content: meowing at a cat and it meowing back is top 3 life experiences
[10/15/2025 10:01:28.514 AM] React+   || User: .bettercalljack     || Channel: #pictures-of-the-cats                || emoji=‼️; msg="GOOD MORNING UTA ‼️‼️‼️‼️" by slayc127
[10/15/2025 10:05:04.779 AM] Message  || User: pancakemixteamdj    || Channel: #pictures-of-the-cats                || Content: Lot 50
[10/15/2025 10:05:22.342 AM] Message  || User: simplyshadow171295  || Channel: #pictures-of-the-cats                || Content: sobs
[10/15/2025 10:05:27.527 AM] Message  || User: simplyshadow171295  || Channel: #pictures-of-the-cats                || Content: @𓃠 miranda 𓃠 who dis
[10/15/2025 10:07:59.424 AM] Message  || User: a1darek             || Channel: #executive-board                     || Content: I was going to say
[10/15/2025 10:08:04.267 AM] Message  || User: a1darek             || Channel: #executive-board                     || Content: That kitten is exactly sienna sized
[10/15/2025 10:09:21.550 AM] Message  || User: adeyumii            || Channel: #pictures-of-the-cats                || Content: WHO THE FUCK IS THAT HUH
[10/15/2025 10:09:49.690 AM] Message  || User: adeyumii            || Channel: #pictures-of-the-cats                || Content: I've never seen her before
[10/15/2025 10:10:18.332 AM] Message  || User: simplyshadow171295  || Channel: #pictures-of-the-cats                || Content: in my head atzi is still this big
[10/15/2025 10:10:19.035 AM] Action   || Name: image_intake        || Trigger: channel=551084964318543904           || Output: rows=4
[10/15/2025 10:10:26.036 AM] Message  || User: simplyshadow171295  || Channel: #pictures-of-the-cats                || Content: great news you get to name her
[10/15/2025 10:10:34.952 AM] React+   || User: simplyshadow171295  || Channel: #pictures-of-the-cats                || emoji=‼️; msg="WHO THE FUCK IS THAT HUH" by adeyumii
[10/15/2025 10:11:10.962 AM] Message  || User: pancakemixteamdj    || Channel: #pictures-of-the-cats                || Content: Funny enough I got a name already , cause me and Miranda were alread...
[10/15/2025 10:11:20.447 AM] Message  || User: pancakemixteamdj    || Channel: #pictures-of-the-cats                || Content: So it gonna be Roosevelt
[10/15/2025 10:11:20.574 AM] Message  || User: adeyumii            || Channel: #pictures-of-the-cats                || Content: This one is a girl
[10/15/2025 10:11:55.151 AM] React+   || User: simplyshadow171295  || Channel: #pictures-of-the-cats                || emoji=‼️; msg="This one is a girl" by adeyumii
[10/15/2025 10:13:17.381 AM] Message  || User: pancakemixteamdj    || Channel: #pictures-of-the-cats                || Content: Let me think of another  historical name
[10/15/2025 10:13:40.253 AM] Message  || User: simplyshadow171295  || Channel: #pictures-of-the-cats                || Content: eleanor was roosevelt’s wife
[10/15/2025 10:14:03.320 AM] Message  || User: pancakemixteamdj    || Channel: #pictures-of-the-cats                || Content: Yeah that what I was thinking
[10/15/2025 10:14:13.215 AM] Message  || User: simplyshadow171295  || Channel: #pictures-of-the-cats                || Content: noted
[10/15/2025 10:14:20.709 AM] Message  || User: pancakemixteamdj    || Channel: #pictures-of-the-cats                || Content: So that  works
[10/15/2025 10:30:59.613 AM] Message  || User: simplyshadow171295  || Channel: #pictures-of-the-cats                || Content: ate been added
[10/15/2025 10:31:05.990 AM] Edit     || User: simplyshadow171295  || Channel: #pictures-of-the-cats                || ate been added -> she’s been added
[10/15/2025 10:33:47.217 AM] Message  || User: m_digio             || Channel: #pictures-of-the-cats                || Content: Ate
[10/15/2025 10:33:50.484 AM] Message  || User: m_digio             || Channel: #pictures-of-the-cats                || Content: :)
[10/15/2025 10:42:56.480 AM] Message  || User: simplyshadow171295  || Channel: #pictures-of-the-cats                || Content: i ate her actually
[10/15/2025 10:45:23.972 AM] Message  || User: adeyumii            || Channel: #pictures-of-the-cats                || Content: The next boy cat we can name roosevelt
[10/15/2025 10:45:37.610 AM] Message  || User: adeyumii            || Channel: #pictures-of-the-cats                || Content: Alternate idea her name is Roosevelt but we call her Rosie
[10/15/2025 10:52:54.325 AM] React+   || User: kitadan             || Channel: #pictures-of-the-cats                || emoji=❤️; msg="Alternate idea her name is Roosevelt but..." by adeyumii
[10/15/2025 10:53:13.053 AM] React+   || User: slayc127            || Channel: #pictures-of-the-cats                || emoji=❤️; msg="meowing at a cat and it meowing back is ..." by not_d3fault_1420
[10/15/2025 10:53:58.604 AM] React+   || User: slayc127            || Channel: #yapper-committee                    || emoji=😭; msg="megan continues to be recommended to me ..." by simplyshadow171295
[10/15/2025 11:04:46.361 AM] Message  || User: not_d3fault_1420    || Channel: #pictures-of-the-cats                || Content: threw out the can of wet food lol
[10/15/2025 11:04:51.584 AM] Edit     || User: not_d3fault_1420    || Channel: #pictures-of-the-cats                || threw out the can of wet food lol -> threw out the can of wet food
[10/15/2025 11:06:09.035 AM] React+   || User: m_digio             || Channel: #pictures-of-the-cats                || emoji=🔥; msg="threw out the can of wet food" by not_d3fault_1420
[10/15/2025 11:07:07.853 AM] Message  || User: adeyumii            || Channel: #pictures-of-the-cats                || Content: yay
[10/15/2025 11:08:14.231 AM] React+   || User: a1darek             || Channel: #pictures-of-the-cats                || emoji=🔥; msg="threw out the can of wet food" by not_d3fault_1420
[10/15/2025 11:09:54.462 AM] React+   || User: kitadan             || Channel: #pictures-of-the-cats                || emoji=🔥; msg="threw out the can of wet food" by not_d3fault_1420
[10/15/2025 11:16:01.486 AM] React+   || User: emlenisgremlin      || Channel: #pet-pictures                        || emoji=‼️; msg="Your cat now" by m_digio
[10/15/2025 11:16:50.376 AM] Action   || Name: gmail_log_scheduler || Trigger: found=1                              || Output: logged=1
[10/15/2025 11:16:50.685 AM] Action   || Name: finance_skip_dup... || Trigger: buffer                               || Output: Sophia Herrera $6.00 on 2025-08-26
[10/15/2025 11:16:50.685 AM] Action   || Name: finance_skip_dup... || Trigger: buffer                               || Output: Jordin Baylee $5.00 on 2025-08-26
[10/15/2025 11:16:50.685 AM] Action   || Name: finance_skip_dup... || Trigger: buffer                               || Output: Axel Torres $24.25 on 2025-08-22
[10/15/2025 11:16:50.685 AM] Action   || Name: finance_skip_dup... || Trigger: buffer                               || Output: Megan Digiovanni $47.62 on 2025-08-26
[10/15/2025 11:16:50.685 AM] Action   || Name: finance_skip_dup... || Trigger: buffer                               || Output: M. Padron $20.00 on 2025-08-26
[10/15/2025 11:16:50.685 AM] Action   || Name: finance_skip_dup... || Trigger: buffer                               || Output: Sophia Herrera $6.00 on 2025-08-26
[10/15/2025 11:16:50.685 AM] Action   || Name: finance_skip_dup... || Trigger: buffer                               || Output: Addison Loera $8.00 on 2025-08-26
[10/15/2025 11:16:50.685 AM] Action   || Name: finance_skip_dup... || Trigger: buffer                               || Output: Amber Thomas $5.00 on 2025-08-26
[10/15/2025 11:16:50.685 AM] Action   || Name: finance_skip_dup... || Trigger: buffer                               || Output: Jordin Baylee $5.00 on 2025-08-26
[10/15/2025 11:16:50.685 AM] Action   || Name: finance_skip_dup... || Trigger: buffer                               || Output: Kathleen Cantu $1.00 on 2025-08-26
[10/15/2025 11:16:50.685 AM] Action   || Name: finance_skip_dup... || Trigger: buffer                               || Output: Amber Thomas $3.00 on 2025-08-26
[10/15/2025 11:16:50.701 AM] Action   || Name: finance_skip_dup... || Trigger: buffer                               || Output: Rob Jimenez $3.00 on 2025-08-26
[10/15/2025 11:16:50.701 AM] Action   || Name: finance_skip_dup... || Trigger: buffer                               || Output: Daniel Brantley $3.00 on 2025-08-26
[10/15/2025 11:16:50.701 AM] Action   || Name: finance_skip_dup... || Trigger: buffer                               || Output: Isabella Klein $9.70 on 2025-08-26
[10/15/2025 11:16:50.701 AM] Action   || Name: finance_skip_dup... || Trigger: buffer                               || Output: Wix $25.98 on 2025-08-26
[10/15/2025 11:16:50.701 AM] Action   || Name: finance_skip_dup... || Trigger: buffer                               || Output: Nelda Hernandez $2.00 on 2025-08-26
[10/15/2025 11:16:50.701 AM] Action   || Name: finance_skip_dup... || Trigger: buffer                               || Output: Troy Broome $1.00 on 2025-08-26
[10/15/2025 11:16:50.701 AM] Action   || Name: finance_skip_dup... || Trigger: buffer                               || Output: Div Bits $2.00 on 2025-08-26
[10/15/2025 11:16:50.701 AM] Action   || Name: finance_skip_dup... || Trigger: buffer                               || Output: Jacob Sandoval $1.00 on 2025-08-26
[10/15/2025 11:16:50.701 AM] Action   || Name: finance_skip_dup... || Trigger: buffer                               || Output: Aubrey Cunningham $10.00 on 2025-08-26
[10/15/2025 11:16:50.701 AM] Action   || Name: finance_skip_dup... || Trigger: buffer                               || Output: Maxwell Preston $5.00 on 2025-08-26
[10/15/2025 11:16:50.701 AM] Action   || Name: finance_skip_dup... || Trigger: buffer                               || Output: Sophia Herrera $6.00 on 2025-08-26
[10/15/2025 11:16:50.701 AM] Action   || Name: finance_skip_dup... || Trigger: buffer                               || Output: Derek Fuentes $25.98 on 2025-08-26
[10/15/2025 11:16:50.701 AM] Action   || Name: finance_skip_dup... || Trigger: buffer                               || Output: Miguel V $5.00 on 2025-08-26
[10/15/2025 11:16:50.701 AM] Action   || Name: finance_skip_dup... || Trigger: buffer                               || Output: Nelda Hernandez $3.00 on 2025-08-26
[10/15/2025 11:16:50.701 AM] Action   || Name: finance_skip_dup... || Trigger: buffer                               || Output: Megan Digiovanni $130.00 on 2025-08-26
[10/15/2025 11:16:50.701 AM] Action   || Name: finance_skip_dup... || Trigger: buffer                               || Output: Pedro Savala $5.00 on 2025-08-27
[10/15/2025 11:16:50.701 AM] Action   || Name: finance_skip_dup... || Trigger: buffer                               || Output: Jonathan Mcgeever $5.00 on 2025-08-27
[10/15/2025 11:16:50.701 AM] Action   || Name: finance_skip_dup... || Trigger: buffer                               || Output: NNT PETSMART # $32.46 on 2025-08-06
[10/15/2025 11:16:50.717 AM] Action   || Name: finance_skip_dup... || Trigger: buffer                               || Output: Py Store Here Pantego $54.00 on 2025-08-20
[10/15/2025 11:16:50.717 AM] Action   || Name: finance_skip_dup... || Trigger: buffer                               || Output: Megan Digiovanni $74.92 on 2025-07-30
[10/15/2025 11:16:50.717 AM] Action   || Name: finance_skip_dup... || Trigger: buffer                               || Output: TOMAHAWK LIVE TRAP $581.62 on 2025-05-12
[10/15/2025 11:16:50.717 AM] Action   || Name: finance_skip_dup... || Trigger: buffer                               || Output: TOMAHAWK LIVE TRAP $581.62 on 2025-05-12
[10/15/2025 11:16:52.695 AM] Action   || Name: finance_skip_dup... || Trigger: kind=income                          || Output: Cynthia griffith $10.00 on 2025-04-16
[10/15/2025 11:16:52.695 AM] Action   || Name: finance_skip_dup... || Trigger: kind=income                          || Output: Caleb Moran $4.00 on 2025-04-16
[10/15/2025 11:16:52.695 AM] Action   || Name: finance_skip_dup... || Trigger: kind=income                          || Output: Alberto $6.00 on 2025-04-16
[10/15/2025 11:16:52.695 AM] Action   || Name: finance_skip_dup... || Trigger: kind=income                          || Output: Jacob Sandoval $2.91 on 2025-04-16
[10/15/2025 11:16:52.695 AM] Action   || Name: finance_skip_dup... || Trigger: kind=income                          || Output: tay $5.00 on 2025-04-16
[10/15/2025 11:16:52.695 AM] Action   || Name: finance_skip_dup... || Trigger: kind=income                          || Output: Nelda Hernandez $2.00 on 2025-04-16
[10/15/2025 11:16:52.695 AM] Action   || Name: finance_skip_dup... || Trigger: kind=income                          || Output: Maria Olds $10.00 on 2025-04-16
[10/15/2025 11:16:52.695 AM] Action   || Name: finance_skip_dup... || Trigger: kind=income                          || Output: Mario Rodriguez $3.00 on 2025-04-16
[10/15/2025 11:16:52.695 AM] Action   || Name: finance_skip_dup... || Trigger: kind=income                          || Output: Elisha Taylor $5.00 on 2025-04-16
[10/15/2025 11:16:52.695 AM] Action   || Name: finance_skip_dup... || Trigger: kind=income                          || Output: Jacob Sandoval $3.00 on 2025-04-16
[10/15/2025 11:16:52.695 AM] Action   || Name: finance_skip_dup... || Trigger: kind=income                          || Output: Isabella Klein $9.70 on 2025-08-26
[10/15/2025 11:16:52.695 AM] Action   || Name: finance_skip_dup... || Trigger: kind=income                          || Output: Nelda Hernandez $2.00 on 2025-08-26
[10/15/2025 11:16:52.695 AM] Action   || Name: finance_skip_dup... || Trigger: kind=income                          || Output: Troy Broome $1.00 on 2025-08-26
[10/15/2025 11:16:52.695 AM] Action   || Name: finance_skip_dup... || Trigger: kind=income                          || Output: Div Bits $2.00 on 2025-08-26
[10/15/2025 11:16:52.695 AM] Action   || Name: finance_skip_dup... || Trigger: kind=income                          || Output: Jacob Sandoval $1.00 on 2025-08-26
[10/15/2025 11:16:52.711 AM] Action   || Name: finance_skip_dup... || Trigger: kind=income                          || Output: Aubrey Cunningham $10.00 on 2025-08-26
[10/15/2025 11:16:52.711 AM] Action   || Name: finance_skip_dup... || Trigger: kind=income                          || Output: Maxwell Preston $5.00 on 2025-08-26
[10/15/2025 11:16:52.711 AM] Action   || Name: finance_skip_dup... || Trigger: kind=income                          || Output: Sophia Herrera $6.00 on 2025-08-26
[10/15/2025 11:16:52.711 AM] Action   || Name: finance_skip_dup... || Trigger: kind=income                          || Output: Miguel V $5.00 on 2025-08-26
[10/15/2025 11:16:52.711 AM] Action   || Name: finance_skip_dup... || Trigger: kind=income                          || Output: Nelda Hernandez $3.00 on 2025-08-26
[10/15/2025 11:16:52.711 AM] Action   || Name: finance_skip_dup... || Trigger: kind=income                          || Output: Megan Digiovanni $130.00 on 2025-08-26
[10/15/2025 11:16:52.711 AM] Action   || Name: finance_skip_dup... || Trigger: kind=income                          || Output: Pedro Savala $5.00 on 2025-08-27
[10/15/2025 11:16:52.711 AM] Action   || Name: finance_skip_dup... || Trigger: kind=income                          || Output: Jonathan Mcgeever $5.00 on 2025-08-27
[10/15/2025 11:16:52.711 AM] Action   || Name: finance_skip_dup... || Trigger: kind=income                          || Output: Axel Torres $24.25 on 2025-08-22
[10/15/2025 11:16:52.711 AM] Action   || Name: finance_skip_dup... || Trigger: kind=income                          || Output: M. Padron $20.00 on 2025-08-26
[10/15/2025 11:16:52.711 AM] Action   || Name: finance_skip_dup... || Trigger: kind=income                          || Output: Addison Loera $8.00 on 2025-08-26
[10/15/2025 11:16:52.711 AM] Action   || Name: finance_skip_dup... || Trigger: kind=income                          || Output: Amber Thomas $5.00 on 2025-08-26
[10/15/2025 11:16:52.711 AM] Action   || Name: finance_skip_dup... || Trigger: kind=income                          || Output: Kathleen Cantu $1.00 on 2025-08-26
[10/15/2025 11:16:52.711 AM] Action   || Name: finance_skip_dup... || Trigger: kind=income                          || Output: Amber Thomas $3.00 on 2025-08-26
[10/15/2025 11:16:52.711 AM] Action   || Name: finance_skip_dup... || Trigger: kind=income                          || Output: Rob Jimenez $3.00 on 2025-08-26
[10/15/2025 11:16:52.711 AM] Action   || Name: finance_skip_dup... || Trigger: kind=income                          || Output: Daniel Brantley $3.00 on 2025-08-26
[10/15/2025 11:16:52.726 AM] Action   || Name: finance_skip_dup... || Trigger: kind=income                          || Output: Kylie Crook $5.00 on 2025-09-16
[10/15/2025 11:16:52.726 AM] Action   || Name: finance_skip_dup... || Trigger: kind=income                          || Output: Jenny Nguyen $9.70 on 2025-09-03
[10/15/2025 11:16:54.150 AM] Action   || Name: finance_skip_dup... || Trigger: kind=expense                         || Output: Py Store Here Pantego $54.00 on 2025-04-20
[10/15/2025 11:16:54.150 AM] Action   || Name: finance_skip_dup... || Trigger: kind=expense                         || Output: j s $11.68 on 2025-04-22
[10/15/2025 11:16:54.150 AM] Action   || Name: finance_skip_dup... || Trigger: kind=expense                         || Output: Wix $25.98 on 2025-04-26
[10/15/2025 11:16:54.150 AM] Action   || Name: finance_skip_dup... || Trigger: kind=expense                         || Output: Wix $25.98 on 2025-08-26
[10/15/2025 11:16:54.150 AM] Action   || Name: finance_skip_dup... || Trigger: kind=expense                         || Output: Derek Fuentes $25.98 on 2025-08-26
[10/15/2025 11:16:54.150 AM] Action   || Name: finance_skip_dup... || Trigger: kind=expense                         || Output: Py Store Here Pantego $54.00 on 2025-08-20
[10/15/2025 11:16:54.150 AM] Action   || Name: finance_skip_dup... || Trigger: kind=expense                         || Output: Megan Digiovanni $47.62 on 2025-08-26
[10/15/2025 11:16:54.150 AM] Action   || Name: finance_skip_dup... || Trigger: kind=expense                         || Output: NNT PETSMART # $32.46 on 2025-08-06
[10/15/2025 11:16:54.161 AM] Action   || Name: finance_skip_dup... || Trigger: kind=expense                         || Output: Megan Digiovanni $74.92 on 2025-07-30
[10/15/2025 11:16:54.161 AM] Action   || Name: finance_skip_dup... || Trigger: kind=expense                         || Output: TOMAHAWK LIVE TRAP $581.62 on 2025-05-11
[10/15/2025 11:16:54.161 AM] Action   || Name: finance_skip_dup... || Trigger: kind=expense                         || Output: Py Store Here Pantego $54.00 on 2025-05-20
[10/15/2025 11:16:54.161 AM] Action   || Name: finance_skip_dup... || Trigger: kind=expense                         || Output: Derek Fuentes $72.45 on 2025-05-23
[10/15/2025 11:16:54.161 AM] Action   || Name: finance_skip_dup... || Trigger: kind=expense                         || Output: Wix $25.98 on 2025-05-26
[10/15/2025 11:16:54.161 AM] Action   || Name: finance_skip_dup... || Trigger: kind=expense                         || Output: Megan Digiovanni $89.91 on 2025-10-05
[10/15/2025 11:16:54.161 AM] Action   || Name: finance_skip_dup... || Trigger: kind=expense                         || Output: DOMINO'S $60.57 on 2025-09-09
[10/15/2025 11:16:54.161 AM] Action   || Name: finance_skip_dup... || Trigger: kind=expense                         || Output: Derek Fuentes $20.00 on 2025-09-10
[10/15/2025 11:20:01.662 AM] React+   || User: morganic._.         || Channel: #feeding-team                        || emoji=🧠; msg="Ok so funky update on this.
This morning..." by austinbaustinb
[10/15/2025 11:22:12.560 AM] Message  || User: kcreepertux04       || Channel: #yapper-committee                    || Content: that’s not concerning at all
[10/15/2025 11:24:54.732 AM] Message  || User: pancakemixteamdj    || Channel: #yapper-committee                    || Content: https://tenor.com/view/rage-angry-mad-cat-meme-cat-meme-angry-gif-86...
[10/15/2025 11:29:36.760 AM] Message  || User: kcreepertux04       || Channel: #yapper-committee                    || Content: apparently that’s a thing now??
[10/15/2025 11:29:55.496 AM] Message  || User: mochenoch           || Channel: #yapper-committee                    || Content: damb
[10/15/2025 11:29:57.859 AM] Edit     || User: mochenoch           || Channel: #yapper-committee                    || damb -> damn
[10/15/2025 11:30:14.680 AM] Message  || User: mochenoch           || Channel: #yapper-committee                    || Content: 😭 i mean it helps
[10/15/2025 11:44:04.811 AM] Message  || User: kcreepertux04       || Channel: #yapper-committee                    || Content: WHY IS ICE CALLING ME
[10/15/2025 11:44:07.232 AM] Message  || User: kcreepertux04       || Channel: #yapper-committee                    || Content: (no text; attachments=1)
[10/15/2025 11:46:36.135 AM] Message  || User: slayc127            || Channel: #yapper-committee                    || Content: ?????????????
[10/15/2025 11:46:51.211 AM] Message  || User: adeyumii            || Channel: #yapper-committee                    || Content: https://tenor.com/view/tiktok-dog-awkward-dog-confused-awkward-confu...
[10/15/2025 11:47:23.962 AM] Message  || User: m_digio             || Channel: #purrley-pawsitive-pussy-pals        || Content: why am i anxious i say as i drink an energy drink
[10/15/2025 11:48:31.167 AM] Message  || User: austinbaustinb      || Channel: #yapper-committee                    || Content: Call spoofing
[10/15/2025 11:48:38.189 AM] React+   || User: slayc127            || Channel: #yapper-committee                    || emoji=❤️; msg="Call spoofing" by austinbaustinb
[10/15/2025 11:49:09.673 AM] Message  || User: ludavis             || Channel: #memes                               || Content: https://vxtwitter.com/HumansNoContext/status/1978238163467268547?t=j...
[10/15/2025 11:49:09.940 AM] React+   || User: austinbaustinb      || Channel: #purrley-pawsitive-pussy-pals        || emoji=‼️; msg="why am i anxious i say as i drink an ene..." by m_digio
[10/15/2025 11:49:11.410 AM] Message  || User: austinbaustinb      || Channel: #purrley-pawsitive-pussy-pals        || Content: Fr
[10/15/2025 11:49:11.726 AM] Edit     || User: ludavis             || Channel: #memes                               || https://vxtwitter.com/HumansNoContext/status/1978238163467268547?t=j7kXUEckBm...
[10/15/2025 11:49:13.581 AM] Message  || User: kcreepertux04       || Channel: #yapper-committee                    || Content: i HOPE
[10/15/2025 11:49:26.864 AM] Message  || User: austinbaustinb      || Channel: #purrley-pawsitive-pussy-pals        || Content: Maybe the 3 hrs of sleep wasn’t all it seemed like it’d be
[10/15/2025 11:52:59.278 AM] Message  || User: pancakemixteamdj    || Channel: #yapper-committee                    || Content: https://tenor.com/view/aww-hell-nahh-aww-hell-aww-hell-nahh-gif-9659...
[10/15/2025 11:53:50.821 AM] Message  || User: kcreepertux04       || Channel: #yapper-committee                    || Content: i was just tryna go home with my mcdonalds
[10/15/2025 12:00:47.129 PM] React+   || User: nostalgicsapphic    || Channel: #purrley-pawsitive-pussy-pals        || emoji=‼️; msg="why am i anxious i say as i drink an ene..." by m_digio
[10/15/2025 12:00:56.788 PM] Message  || User: cici4f3             || Channel: #feeding-team                        || Content: oooo which one are you getting
[10/15/2025 12:03:53.850 PM] Message  || User: spitonme            || Channel: #external-promotions                 || Content: does anyone have a referral link for wealthfront hysa ? i dont want ...
[10/15/2025 12:04:19.784 PM] React+   || User: simplyshadow171295  || Channel: #yapper-committee                    || emoji=❤️; msg="Call spoofing" by austinbaustinb
[10/15/2025 12:07:08.352 PM] Message  || User: izzyballz           || Channel: #feeding-team                        || Content: septum ✌️
[10/15/2025 12:07:36.432 PM] React+   || User: izzyballz           || Channel: #yapper-committee                    || emoji=❤️; msg="that’s not concerning at all" by kcreepertux04
[10/15/2025 12:19:55.489 PM] Message  || User: yaeji               || Channel: #yapper-committee                    || Content: https://tenor.com/view/breaking-bad-hank-schrader-salamanca-twins-ki...
[10/15/2025 12:19:56.431 PM] Edit     || User: yaeji               || Channel: #yapper-committee                    || https://tenor.com/view/breaking-bad-hank-schrader-salamanca-twins-kitty-bobo-...
[10/15/2025 12:21:19.313 PM] Message  || User: spitonme            || Channel: #bot-spam                            || Content: im scared
[10/15/2025 12:25:23.183 PM] React+   || User: spitonme            || Channel: #external-promotions                 || emoji=🐙; msg="On Saturday October 18, a No Kings prote..." by kitadan
[10/15/2025 12:25:52.089 PM] Message  || User: a1darek             || Channel: #purrley-pawsitive-pussy-pals        || Content: hey my dad did what he does best and gaslit sienna into eating solid...
[10/15/2025 12:26:44.884 PM] React+   || User: slayc127            || Channel: #purrley-pawsitive-pussy-pals        || emoji=😭; msg="hey my dad did what he does best and gas..." by a1darek
[10/15/2025 12:28:43.848 PM] React+   || User: nostalgicsapphic    || Channel: #purrley-pawsitive-pussy-pals        || emoji=😭; msg="hey my dad did what he does best and gas..." by a1darek
[10/15/2025 12:29:20.030 PM] React+   || User: kitadan             || Channel: #feeding-team                        || emoji=❤️; msg="septum ✌️" by izzyballz
[10/15/2025 12:29:53.433 PM] Message  || User: .bettercalljack     || Channel: #yapper-committee                    || Content: https://tenor.com/view/face-change-reaction-gif-26159977
[10/15/2025 12:32:53.221 PM] Message  || User: austinbaustinb      || Channel: #purrley-pawsitive-pussy-pals        || Content: Cat burrito so he can take his meds
[10/15/2025 12:33:10.760 PM] Message  || User: austinbaustinb      || Channel: #purrley-pawsitive-pussy-pals        || Content: He is not happy
[10/15/2025 12:33:36.828 PM] Message  || User: austinbaustinb      || Channel: #purrley-pawsitive-pussy-pals        || Content: The harness makes him forget how to walk so he’s just kinda dealin
[10/15/2025 12:35:17.296 PM] Message  || User: a1darek             || Channel: #purrley-pawsitive-pussy-pals        || Content: Why does he look like that 😭
[10/15/2025 12:36:23.626 PM] React+   || User: nostalgicsapphic    || Channel: #purrley-pawsitive-pussy-pals        || emoji=😆; msg="He is not happy" by austinbaustinb
[10/15/2025 12:36:26.388 PM] React+   || User: nostalgicsapphic    || Channel: #purrley-pawsitive-pussy-pals        || emoji=😭; msg="Cat burrito so he can take his meds" by austinbaustinb
[10/15/2025 12:36:31.880 PM] Message  || User: nostalgicsapphic    || Channel: #purrley-pawsitive-pussy-pals        || Content: HES SOOOO DHSHWHSHSH
[10/15/2025 12:38:09.983 PM] React+   || User: _rambone_           || Channel: #purrley-pawsitive-pussy-pals        || emoji=😆; msg="He is not happy" by austinbaustinb
[10/15/2025 12:38:12.312 PM] React+   || User: _rambone_           || Channel: #purrley-pawsitive-pussy-pals        || emoji=😭; msg="Cat burrito so he can take his meds" by austinbaustinb
[10/15/2025 12:39:09.605 PM] React+   || User: _rambone_           || Channel: #executive-board                     || emoji=😆; msg="Hmm those look like sienna, man i wonder..." by m_digio
[10/15/2025 12:40:35.388 PM] React+   || User: slayc127            || Channel: #purrley-pawsitive-pussy-pals        || emoji=😆; msg="He is not happy" by austinbaustinb
[10/15/2025 12:40:40.289 PM] Message  || User: slayc127            || Channel: #purrley-pawsitive-pussy-pals        || Content: he is so pissed
[10/15/2025 12:40:46.210 PM] Edit     || User: austinbaustinb      || Channel: #purrley-pawsitive-pussy-pals        || He is not happy -> He is not happy
[10/15/2025 12:40:46.257 PM] Message  || User: slayc127            || Channel: #purrley-pawsitive-pussy-pals        || Content: (no text; attachments=0)
[10/15/2025 12:40:50.275 PM] React+   || User: nostalgicsapphic    || Channel: #purrley-pawsitive-pussy-pals        || emoji=🔥; msg=1428075141505614024
[10/15/2025 12:44:31.901 PM] Message  || User: slayc127            || Channel: #pictures-of-the-cats                || Content: rightttt i looked insane tho i didnt realize there were 4 ppl in a g...
[10/15/2025 12:45:47.626 PM] React+   || User: moineau_l.oiseau    || Channel: #pictures-of-the-cats                || emoji=❤️; msg="meowing at a cat and it meowing back is ..." by not_d3fault_1420
[10/15/2025 12:47:06.724 PM] React+   || User: moineau_l.oiseau    || Channel: #pictures-of-the-cats                || emoji=❤️; msg="Alternate idea her name is Roosevelt but..." by adeyumii
[10/15/2025 12:47:19.707 PM] React+   || User: moineau_l.oiseau    || Channel: #pictures-of-the-cats                || emoji=🔥; msg="threw out the can of wet food" by not_d3fault_1420
[10/15/2025 12:47:42.556 PM] React+   || User: slayc127            || Channel: #purrley-pawsitive-pussy-pals        || emoji=😭; msg="Cat burrito so he can take his meds" by austinbaustinb
[10/15/2025 12:48:08.808 PM] React+   || User: moineau_l.oiseau    || Channel: #executive-board                     || emoji=😆; msg="Hmm those look like sienna, man i wonder..." by m_digio
[10/15/2025 12:48:52.651 PM] Message  || User: moineau_l.oiseau    || Channel: #executive-board                     || Content: She sent me those pictures this morning, could Sienna have a sibling?
[10/15/2025 12:49:18.494 PM] React+   || User: moineau_l.oiseau    || Channel: #purrley-pawsitive-pussy-pals        || emoji=‼️; msg="why am i anxious i say as i drink an ene..." by m_digio
[10/15/2025 12:49:30.295 PM] React+   || User: moineau_l.oiseau    || Channel: #purrley-pawsitive-pussy-pals        || emoji=😭; msg="hey my dad did what he does best and gas..." by a1darek
[10/15/2025 12:49:37.530 PM] React+   || User: moineau_l.oiseau    || Channel: #purrley-pawsitive-pussy-pals        || emoji=😭; msg="Cat burrito so he can take his meds" by austinbaustinb
[10/15/2025 12:49:41.833 PM] React+   || User: moineau_l.oiseau    || Channel: #purrley-pawsitive-pussy-pals        || emoji=😆; msg="He is not happy" by austinbaustinb
[10/15/2025 12:49:59.676 PM] React+   || User: moineau_l.oiseau    || Channel: #purrley-pawsitive-pussy-pals        || emoji=✈️; msg="He is not happy" by austinbaustinb
[10/15/2025 12:50:10.035 PM] React+   || User: moineau_l.oiseau    || Channel: #purrley-pawsitive-pussy-pals        || emoji=🔥; msg=1428075141505614024
[10/15/2025 12:52:02.667 PM] Message  || User: slayc127            || Channel: #purrley-pawsitive-pussy-pals        || Content: lets bring this one back
[10/15/2025 12:53:31.215 PM] Message  || User: slayc127            || Channel: #purrley-pawsitive-pussy-pals        || Content: austin can i make this pic an emote
[10/15/2025 12:54:02.514 PM] Message  || User: austinbaustinb      || Channel: #purrley-pawsitive-pussy-pals        || Content: Of course
[10/15/2025 12:55:03.381 PM] Message  || User: slayc127            || Channel: #new-arrivals                        || Content: <:emoji_84:1428078734954729589>
[10/15/2025 12:55:34.172 PM] Message  || User: slayc127            || Channel: #yapper-committee                    || Content: <:notalkme:1428078734954729589>
[10/15/2025 12:56:07.632 PM] Message  || User: m_digio             || Channel: #purrley-pawsitive-pussy-pals        || Content: <:notalkme:1428078734954729589>
[10/15/2025 12:58:24.797 PM] Message  || User: austinbaustinb      || Channel: #yapper-committee                    || Content: (no text; attachments=1)
[10/15/2025 12:58:59.228 PM] React+   || User: austinbaustinb      || Channel: #new-arrivals                        || emoji=<:notalkme:1428078734954729589>; msg="<:emoji_84:1428078734954729589>" ...
[10/15/2025 12:59:34.890 PM] Message  || User: slayc127            || Channel: #announcements                       || Content: @​everyone we will be closing the donation form for halloween party ...
[10/15/2025 12:59:46.432 PM] Message  || User: m_digio             || Channel: #purrley-pawsitive-pussy-pals        || Content: Puppy i get to meet this weekend
[10/15/2025 01:00:59.551 PM] Message  || User: kukieari            || Channel: #yapper-committee                    || Content: meow
[10/15/2025 01:00:59.896 PM] Action   || Name: handle_misc         || Trigger: trigger=meow                         || Output: meeeoowww
[10/15/2025 01:01:47.564 PM] Message  || User: a1darek             || Channel: #executive-board                     || Content: Definitely
[10/15/2025 01:02:00.863 PM] Message  || User: a1darek             || Channel: #executive-board                     || Content: Barbie usually has big litters
[10/15/2025 01:02:17.264 PM] React+   || User: a1darek             || Channel: #purrley-pawsitive-pussy-pals        || emoji=❤️; msg="Puppy i get to meet this weekend" by m_digio
[10/15/2025 01:03:49.444 PM] Message  || User: nostalgicsapphic    || Channel: #purrley-pawsitive-pussy-pals        || Content: GAH
[10/15/2025 01:04:00.001 PM] Message  || User: nostalgicsapphic    || Channel: #purrley-pawsitive-pussy-pals        || Content: ur gonna steal that thing right.
[10/15/2025 01:04:05.035 PM] Message  || User: slayc127            || Channel: #purrley-pawsitive-pussy-pals        || Content: i want to steal that thing
[10/15/2025 01:04:09.764 PM] Message  || User: slayc127            || Channel: #purrley-pawsitive-pussy-pals        || Content: we can have a ccc dog
[10/15/2025 01:04:14.395 PM] React+   || User: nostalgicsapphic    || Channel: #purrley-pawsitive-pussy-pals        || emoji=‼️; msg="we can have a ccc dog" by slayc127
[10/15/2025 01:05:48.880 PM] Message  || User: m_digio             || Channel: #purrley-pawsitive-pussy-pals        || Content: im bringing brownies so im gonna do the distract trick and then run ...
[10/15/2025 01:08:24.126 PM] React+   || User: nostalgicsapphic    || Channel: #purrley-pawsitive-pussy-pals        || emoji=😆; msg="im bringing brownies so im gonna do the ..." by m_digio
[10/15/2025 01:08:29.764 PM] React+   || User: slayc127            || Channel: #purrley-pawsitive-pussy-pals        || emoji=😆; msg="im bringing brownies so im gonna do the ..." by m_digio
[10/15/2025 01:08:47.873 PM] Message  || User: pancakemixteamdj    || Channel: #itty-bitty-kitty-commitee           || Content: @kazius [membership+fundraising] which one , the 96 or 192
[10/15/2025 01:10:44.810 PM] Leave    || User: lunlun_bon (3343... || Guild: Campus Cat Coalition                  
[10/15/2025 01:11:36.253 PM] Message  || User: kitadan             || Channel: #pictures-of-the-cats                || Content: Noir is back at Zen which means she has had her litter.
[10/15/2025 01:11:36.882 PM] Action   || Name: image_intake        || Trigger: channel=551084964318543904           || Output: rows=1
[10/15/2025 01:11:45.494 PM] Message  || User: slayc127            || Channel: #itty-bitty-kitty-commitee           || Content: 192
[10/15/2025 01:11:52.783 PM] Message  || User: kitadan             || Channel: #feeding-team                        || Content: Zen fed.
[10/15/2025 01:11:52.783 PM] Intent   || feed_update               ||                                               || station=Mary Kay and Zen; dates=['2025-10-15']
[10/15/2025 01:11:54.824 PM] Action   || Name: sheet_mark          || Trigger: station=Mary Kay and Zen date=202... || Output: ok
[10/15/2025 01:11:54.827 PM] Action   || Name: feed_update         || Trigger: station=Mary Kay and Zen; dates=2... || Output: ok
[10/15/2025 01:11:57.090 PM] Message  || User: slayc127            || Channel: #itty-bitty-kitty-commitee           || Content: whatever we dont end up using we can reserve for bake sales or wtv i...
[10/15/2025 01:12:04.664 PM] React+   || User: slayc127            || Channel: #pictures-of-the-cats                || emoji=❤️; msg="Noir is back at Zen which means she has ..." by kitadan
[10/15/2025 01:12:08.927 PM] Message  || User: pancakemixteamdj    || Channel: #itty-bitty-kitty-commitee           || Content: Also for the scotch tape , are they small little roles
[10/15/2025 01:12:22.316 PM] Message  || User: slayc127            || Channel: #itty-bitty-kitty-commitee           || Content: ya
[10/15/2025 01:12:23.195 PM] Edit     || User: pancakemixteamdj    || Channel: #itty-bitty-kitty-commitee           || Also for the scotch tape , are they small little roles -> Also for the scotch...
[10/15/2025 01:12:30.732 PM] Message  || User: void_now            || Channel: #yapper-committee                    || Content: I’m sobbing why does he look that way 😭
[10/15/2025 01:12:31.780 PM] Message  || User: pancakemixteamdj    || Channel: #itty-bitty-kitty-commitee           || Content: (no text; attachments=1)
[10/15/2025 01:12:47.474 PM] Message  || User: slayc127            || Channel: #itty-bitty-kitty-commitee           || Content: works!
[10/15/2025 01:15:20.019 PM] React+   || User: simplyshadow171295  || Channel: #new-arrivals                        || emoji=<:notalkme:1428078734954729589>; msg="<:emoji_84:1428078734954729589>" ...
[10/15/2025 01:15:37.603 PM] React+   || User: simplyshadow171295  || Channel: #pictures-of-the-cats                || emoji=❤️; msg="Noir is back at Zen which means she has ..." by kitadan
[10/15/2025 01:16:09.635 PM] Message  || User: slayc127            || Channel: #executive-board                     || Content: will send this over in spending log just to track, im keeping the $2...
[10/15/2025 01:17:05.532 PM] Message  || User: slayc127            || Channel: #executive-board                     || Content: will send over the receipts to spending log*
[10/15/2025 01:19:37.282 PM] Message  || User: pancakemixteamdj    || Channel: #itty-bitty-kitty-commitee           || Content: Okay the price tag lied , shit was not a 1 but 5
[10/15/2025 01:19:58.028 PM] React+   || User: slayc127            || Channel: #itty-bitty-kitty-commitee           || emoji=😭; msg="Okay the price tag lied , shit was not a..." by pancakemixteamdj
[10/15/2025 01:21:48.632 PM] Message  || User: .bettercalljack     || Channel: #itty-bitty-kitty-commitee           || Content: Wth
[10/15/2025 01:21:49.852 PM] React+   || User: .bettercalljack     || Channel: #itty-bitty-kitty-commitee           || emoji=😭; msg="Okay the price tag lied , shit was not a..." by pancakemixteamdj
[10/15/2025 01:22:03.043 PM] React+   || User: .bettercalljack     || Channel: #pictures-of-the-cats                || emoji=❤️; msg="Noir is back at Zen which means she has ..." by kitadan
[10/15/2025 01:25:10.187 PM] Message  || User: ludavis             || Channel: #itty-bitty-kitty-commitee           || Content: Aint no way anything is a dollar anymore
[10/15/2025 01:48:46.802 PM] React+   || User: ludavis             || Channel: #new-arrivals                        || emoji=<:notalkme:1428078734954729589>; msg="<:emoji_84:1428078734954729589>" ...
[10/15/2025 01:50:05.909 PM] Message  || User: shynebwoy           || Channel: #pet-pictures                        || Content: (no text; attachments=1)
[10/15/2025 01:50:06.216 PM] Message  || User: austinbaustinb      || Channel: #yapper-committee                    || Content: He had to take his ear medicine
[10/15/2025 01:52:42.168 PM] React+   || User: slayc127            || Channel: #pet-pictures                        || emoji=😭; msg=1428092587599728750
[10/15/2025 01:52:47.980 PM] Message  || User: slayc127            || Channel: #pet-pictures                        || Content: lethal side eye
[10/15/2025 01:57:58.864 PM] React+   || User: jasminewills0224    || Channel: #rules                               || emoji=<:catthumbsup:931115163317329920>; msg="• No racist or homophobic langu...
[10/15/2025 01:57:58.985 PM] Roles    || User: jasminewills0224    || Guild: Campus Cat Coalition                   || added=['acknowledged rules']; removed=[]
[10/15/2025 01:59:12.607 PM] Message  || User: jasminewills0224    || Channel: #external-promotions                 || Content: I’m giving out my MacBook Air 2020 &** for free, it's in perfect hea...
[10/15/2025 01:59:14.129 PM] Action   || Name: spam_detect_debug   || Trigger: user=1427953746264195163; ch=7233... || Output: score=6; contact=phone; regex=first\s*come\s*first\s*serve; fuzzy=2
[10/15/2025 01:59:14.321 PM] Delete   || User: jasminewills0224    || Channel: #external-promotions                 || Content: I’m giving out my MacBook Air 2020 &** for free, it's in perfect hea...
[10/15/2025 01:59:14.326 PM] Spam     || User: jasminewills0224    || Channel: #external-promotions                 || decision=deleted; reason=rules
[10/15/2025 01:59:43.290 PM] Message  || User: jasminewills0224    || Channel: #external-promotions                 || Content: I’m giving out my MacBook Air 2020 &** for free, it's in perfect hea...
[10/15/2025 01:59:43.336 PM] Action   || Name: spam_detect_debug   || Trigger: user=1427953746264195163; ch=7233... || Output: score=6; contact=phone; regex=first\s*come\s*first\s*serve; fuzzy=2
[10/15/2025 01:59:43.528 PM] Spam     || User: jasminewills0224    || Channel: #external-promotions                 || decision=deleted; reason=rules
[10/15/2025 01:59:43.528 PM] Delete   || User: jasminewills0224    || Channel: #external-promotions                 || Content: I’m giving out my MacBook Air 2020 &** for free, it's in perfect hea...
[10/15/2025 02:03:27.212 PM] Message  || User: petrichor           || Channel: #pet-pictures                        || Content: (no text; attachments=1)
[10/15/2025 02:07:15.994 PM] React+   || User: .bettercalljack     || Channel: #external-promotions                 || emoji=🐙; msg="On Saturday October 18, a No Kings prote..." by kitadan
[10/15/2025 02:07:54.812 PM] Message  || User: .s3j                || Channel: #yapper-committee                    || Content: He was so angry
[10/15/2025 02:10:27.368 PM] Message  || User: archavian_empire    || Channel: #yapper-committee                    || Content: Airplane ears
[10/15/2025 02:10:53.667 PM] Message  || User: yaeji               || Channel: #yapper-committee                    || Content: aerodynamics
[10/15/2025 02:12:01.773 PM] React+   || User: m_digio             || Channel: #pet-pictures                        || emoji=❤️; msg=1428095948369952941
[10/15/2025 02:12:04.252 PM] React+   || User: m_digio             || Channel: #pet-pictures                        || emoji=😭; msg=1428092587599728750
[10/15/2025 02:16:36.013 PM] Message  || User: adeyumii            || Channel: #pictures-of-the-cats                || Content: fuckass hoe
[10/15/2025 02:17:53.594 PM] Leave    || User: lexie195 (128281... || Guild: Campus Cat Coalition                  
[10/15/2025 02:18:01.284 PM] React+   || User: void_now            || Channel: #yapper-committee                    || emoji=‼️; msg="He had to take his ear medicine" by austinbaustinb
[10/15/2025 02:18:51.950 PM] Message  || User: celeryiscelery      || Channel: #purrley-pawsitive-pussy-pals        || Content: football team is slowly invading the lounge one person at a time
[10/15/2025 02:19:02.311 PM] Message  || User: m_digio             || Channel: #purrley-pawsitive-pussy-pals        || Content: Run
[10/15/2025 02:19:11.225 PM] Message  || User: celeryiscelery      || Channel: #purrley-pawsitive-pussy-pals        || Content: there is no sacred place on this fucking campus
[10/15/2025 02:19:30.148 PM] React+   || User: void_now            || Channel: #pictures-of-the-cats                || emoji=😭; msg="fuckass hoe" by adeyumii
[10/15/2025 02:19:32.880 PM] React+   || User: slayc127            || Channel: #purrley-pawsitive-pussy-pals        || emoji=😭; msg="football team is slowly invading the lou..." by celeryiscelery
[10/15/2025 02:19:35.818 PM] Message  || User: slayc127            || Channel: #purrley-pawsitive-pussy-pals        || Content: kulling them.
[10/15/2025 02:19:58.494 PM] React+   || User: simplyshadow171295  || Channel: #pictures-of-the-cats                || emoji=😭; msg="fuckass hoe" by adeyumii
[10/15/2025 02:20:09.383 PM] React+   || User: simplyshadow171295  || Channel: #itty-bitty-kitty-commitee           || emoji=😭; msg="Okay the price tag lied , shit was not a..." by pancakemixteamdj
[10/15/2025 02:20:19.367 PM] React+   || User: austinbaustinb      || Channel: #logging                             || emoji=❌; msg="Spam Message Detected
User: @jasminewill..." by Tom Cat
[10/15/2025 02:20:35.032 PM] Message  || User: celeryiscelery      || Channel: #purrley-pawsitive-pussy-pals        || Content: whoever is dropping the location is gonna get ran over (pretty sure ...
[10/15/2025 02:20:46.298 PM] React+   || User: celeryiscelery      || Channel: #executive-board                     || emoji=<:gaga:1413361490634870969>; msg="will send this over in spending log j...
[10/15/2025 02:20:49.480 PM] React+   || User: celeryiscelery      || Channel: #executive-board                     || emoji=<:gaga:1413361490634870969>; msg="will send over the receipts to spendi...
[10/15/2025 02:20:58.213 PM] Message  || User: slayc127            || Channel: #purrley-pawsitive-pussy-pals        || Content: Killing him.
[10/15/2025 02:21:00.176 PM] Message  || User: slayc127            || Channel: #purrley-pawsitive-pussy-pals        || Content: jesus christ
[10/15/2025 02:21:06.071 PM] React+   || User: bixzu               || Channel: #new-arrivals                        || emoji=<:notalkme:1428078734954729589>; msg="<:emoji_84:1428078734954729589>" ...
[10/15/2025 02:21:39.882 PM] Message  || User: celeryiscelery      || Channel: #purrley-pawsitive-pussy-pals        || Content: (sorry for deleting the gif in spending log, trying to keep that cha...
[10/15/2025 02:22:30.275 PM] React+   || User: adeyumii            || Channel: #new-arrivals                        || emoji=<:notalkme:1428078734954729589>; msg="<:emoji_84:1428078734954729589>" ...
[10/15/2025 02:23:40.701 PM] React+   || User: slayc127            || Channel: #purrley-pawsitive-pussy-pals        || emoji=❤️; msg="(sorry for deleting the gif in spending ..." by celeryiscelery
[10/15/2025 02:25:48.795 PM] Message  || User: celeryiscelery      || Channel: #executive-board                     || Content: @Jacob [Fundraising Officer] when you get a chance could you please ...
[10/15/2025 02:25:59.997 PM] Message  || User: _rambone_           || Channel: #executive-board                     || Content: got it
[10/15/2025 02:28:17.508 PM] Message  || User: jasminewills0224    || Channel: #pet-pictures                        || Content: I’m giving out my MacBook Air 2020 &** for free, it's in perfect hea...
[10/15/2025 02:28:17.555 PM] Action   || Name: spam_detect_debug   || Trigger: user=1427953746264195163; ch=5584... || Output: score=6; contact=phone; regex=first\s*come\s*first\s*serve; fuzzy=2
[10/15/2025 02:28:17.732 PM] Spam     || User: jasminewills0224    || Channel: #pet-pictures                        || decision=kept; reason=rules
[10/15/2025 02:28:47.564 PM] Message  || User: not_d3fault_1420    || Channel: #pet-pictures                        || Content: lmao least obvious scam
[10/15/2025 02:29:08.835 PM] Message  || User: mochenoch           || Channel: #pet-pictures                        || Content: OH OFFICERSSSS
[10/15/2025 02:29:14.938 PM] Message  || User: mochenoch           || Channel: #pet-pictures                        || Content: https://tenor.com/view/angai313-lebron-james-hit-in-face-basketball-...
[10/15/2025 02:29:17.116 PM] Leave    || User: jasminewills0224... || Guild: Campus Cat Coalition                  
[10/15/2025 02:29:18.161 PM] Delete   || User: jasminewills0224    || Channel: #pet-pictures                        || Content: I’m giving out my MacBook Air 2020 &** for free, it's in perfect hea...
[10/15/2025 02:29:19.956 PM] Message  || User: izzyballz           || Channel: #yapper-committee                    || Content: got my septum 😛
[10/15/2025 02:29:23.832 PM] Message  || User: slayc127            || Channel: #pet-pictures                        || Content: hehe
[10/15/2025 02:29:28.588 PM] React+   || User: slayc127            || Channel: #yapper-committee                    || emoji=❤️; msg="got my septum 😛" by izzyballz
[10/15/2025 02:30:23.616 PM] Message  || User: izzyballz           || Channel: #feeding-team                        || Content: if didn’t get a chance to get them yet i can go i have time
[10/15/2025 02:30:44.408 PM] React+   || User: celeryiscelery      || Channel: #executive-board                     || emoji=<:gaga:1413361490634870969>; msg="got it" by _rambone_
[10/15/2025 02:33:20.784 PM] Message  || User: celeryiscelery      || Channel: #executive-board                     || Content: regarding fosters, i have yet to text any but i've just begun review...
[10/15/2025 02:33:53.456 PM] Message  || User: izzyballz           || Channel: #feeding-team                        || Content: actually no i don’t i just lied i have to stop by walmart sorry 💔
[10/15/2025 02:33:56.453 PM] React+   || User: .bettercalljack     || Channel: #yapper-committee                    || emoji=❤️; msg="got my septum 😛" by izzyballz
[10/15/2025 02:39:22.496 PM] React+   || User: .s3j                || Channel: #yapper-committee                    || emoji=❤️; msg="got my septum 😛" by izzyballz
[10/15/2025 02:39:40.135 PM] Message  || User: .s3j                || Channel: #yapper-committee                    || Content: An angel has gained their wings
[10/15/2025 02:40:56.216 PM] Message  || User: _rambone_           || Channel: #executive-board                     || Content: email has been responded to
[10/15/2025 02:43:32.889 PM] React+   || User: austinbaustinb      || Channel: #logging                             || emoji=❌; msg="Spam Message Detected
User: @jasminewill..." by Tom Cat
[10/15/2025 02:43:37.635 PM] React+   || User: celeryiscelery      || Channel: #executive-board                     || emoji=<:gaga:1413361490634870969>; msg="email has been responded to" by _ramb...
[10/15/2025 02:44:06.445 PM] Message  || User: austinbaustinb      || Channel: #logging                             || Content: Can someone ban them
[10/15/2025 02:44:52.986 PM] React-   || User: unknown             || Channel: #logging                             || emoji=❌; msg="Spam Message Detected
User: @jasminewill..." by Tom Cat
[10/15/2025 02:45:32.170 PM] React+   || User: austinbaustinb      || Channel: #logging                             || emoji=❌; msg="Spam Message Detected
User: @jasminewill..." by Tom Cat
[10/15/2025 02:45:35.403 PM] React-   || User: unknown             || Channel: #logging                             || emoji=❌; msg="Spam Message Detected
User: @jasminewill..." by Tom Cat
[10/15/2025 02:45:37.927 PM] React-   || User: unknown             || Channel: #logging                             || emoji=❌; msg="Spam Message Detected
User: @jasminewill..." by Tom Cat
[10/15/2025 02:45:38.651 PM] React+   || User: austinbaustinb      || Channel: #logging                             || emoji=❌; msg="Spam Message Detected
User: @jasminewill..." by Tom Cat
[10/15/2025 02:45:39.730 PM] React+   || User: austinbaustinb      || Channel: #logging                             || emoji=❌; msg="Spam Message Detected
User: @jasminewill..." by Tom Cat
[10/15/2025 02:53:00.000 PM] React+   || User: kitadan             || Channel: #pictures-of-the-cats                || emoji=😭; msg="fuckass hoe" by adeyumii
[10/15/2025 02:53:08.328 PM] React+   || User: kitadan             || Channel: #yapper-committee                    || emoji=❤️; msg="got my septum 😛" by izzyballz
[10/15/2025 02:53:22.381 PM] React+   || User: kitadan             || Channel: #pet-pictures                        || emoji=❤️; msg=1428095948369952941
[10/15/2025 02:54:41.279 PM] Message  || User: _rambone_           || Channel: #purrley-pawsitive-pussy-pals        || Content: do y'all fw my thumbnail
[10/15/2025 02:55:11.861 PM] Message  || User: nostalgicsapphic    || Channel: #purrley-pawsitive-pussy-pals        || Content: yes !
[10/15/2025 03:04:16.197 PM] Message  || User: kukieari            || Channel: #yapper-committee                    || Content: yall my bus deiver is ZOOMING
[10/15/2025 03:16:19.235 PM] React+   || User: vasyline            || Channel: #itty-bitty-kitty-commitee           || emoji=😭; msg="Okay the price tag lied , shit was not a..." by pancakemixteamdj
[10/15/2025 03:16:59.278 PM] React+   || User: vasyline            || Channel: #pictures-of-the-cats                || emoji=❤️; msg="Noir is back at Zen which means she has ..." by kitadan
[10/15/2025 03:17:02.300 PM] React+   || User: vasyline            || Channel: #pictures-of-the-cats                || emoji=😭; msg="fuckass hoe" by adeyumii
[10/15/2025 03:17:16.506 PM] React+   || User: slayc127            || Channel: #purrley-pawsitive-pussy-pals        || emoji=😆; msg="do y'all fw my thumbnail" by _rambone_
[10/15/2025 03:30:26.032 PM] Online   || User: Tom Cat#8337        || Guilds: 2                                    
[10/15/2025 03:30:27.547 PM] Health   || Component: image_tab      || Status: ok                                    || channel_id=551084964318543904 tab=TCBPicsInput
[10/15/2025 03:30:27.922 PM] Health   || Component: image_tab      || Status: ok                                    || channel_id=639882573199441930 tab=TCBPicsInput
[10/15/2025 03:30:28.283 PM] Health   || Component: image_tab      || Status: ok                                    || channel_id=1341696618688286720 tab=TCBPicsInput
[10/15/2025 03:30:28.675 PM] Health   || Component: image_tab      || Status: ok                                    || channel_id=1344745306620694558 tab=TCBVetBillInput
[10/15/2025 03:30:28.851 PM] Health   || Component: feeding_tab    || Status: ok                                   
[10/15/2025 03:32:17.861 PM] Message  || User: reyesthighs         || Channel: #feeding-team                        || Content: I believe so.
[10/15/2025 03:32:37.221 PM] Message  || User: reyesthighs         || Channel: #feeding-team                        || Content: It matches what was in his container. Box was locked when I arrived,...
[10/15/2025 03:37:33.451 PM] Message  || User: celeryiscelery      || Channel: #feeding-team                        || Content: someone is getting banned lol
[10/15/2025 03:41:26.203 PM] Message  || User: a1darek             || Channel: #purrley-pawsitive-pussy-pals        || Content: 🤮
[10/15/2025 03:41:52.112 PM] Message  || User: celeryiscelery      || Channel: #purrley-pawsitive-pussy-pals        || Content: all the guys are carbon copies of each other 😭
[10/15/2025 03:42:36.857 PM] Message  || User: celeryiscelery      || Channel: #purrley-pawsitive-pussy-pals        || Content: like if you don’t get your amazon alt clothes tf out of here
[10/15/2025 03:42:43.532 PM] Message  || User: .s3j                || Channel: #feeding-team                        || Content: What if they buy the same kind and feed him using their stash ? It v...
[10/15/2025 03:43:11.930 PM] Message  || User: .s3j                || Channel: #feeding-team                        || Content: If someone feeds Mike two days in a row they could check
[10/15/2025 03:43:11.946 PM] Action   || Name: feed_pending_set    || Trigger: ch=643586809166561310; user=72438... || Output: stations=Microwave; text=If someone feeds Mike two days in a row they...
[10/15/2025 03:44:00.912 PM] Message  || User: celeryiscelery      || Channel: #purrley-pawsitive-pussy-pals        || Content: (no text; attachments=0)
[10/15/2025 03:44:01.293 PM] Message  || User: celeryiscelery      || Channel: #purrley-pawsitive-pussy-pals        || Content: texted all of them earlier, no responses 🙂
[10/15/2025 03:44:44.882 PM] Message  || User: _costco_wholesale_  || Channel: #feeding-team                        || Content: could it be leftover from yesterday??
[10/15/2025 03:44:46.443 PM] Message  || User: m_digio             || Channel: #feeding-team                        || Content: (no text; attachments=0)
[10/15/2025 03:44:46.784 PM] Message  || User: m_digio             || Channel: #feeding-team                        || Content: this was last weeks
[10/15/2025 03:45:24.862 PM] Message  || User: m_digio             || Channel: #feeding-team                        || Content: last weeks food matched what we had in our stock, this week is a dif...
[10/15/2025 03:48:55.289 PM] Message  || User: void_now            || Channel: #yapper-committee                    || Content: Guys I think I need to start buying better shampoo cuz the $2 shit I...
[10/15/2025 03:49:05.777 PM] Message  || User: void_now            || Channel: #yapper-committee                    || Content: Does anyone know like, good mens shampoo?
[10/15/2025 03:51:36.494 PM] Message  || User: kitadan             || Channel: #yapper-committee                    || Content: Dove or Head and Shoulders are what I've used for years.
[10/15/2025 03:53:09.805 PM] React+   || User: void_now            || Channel: #yapper-committee                    || emoji=👍; msg="Dove or Head and Shoulders are what I've..." by kitadan
[10/15/2025 03:53:13.027 PM] Message  || User: void_now            || Channel: #yapper-committee                    || Content: Ty
[10/15/2025 03:53:32.656 PM] Message  || User: void_now            || Channel: #yapper-committee                    || Content: Any in particular? Like a 2 in 1 with conditioner as well or..?
[10/15/2025 03:55:09.001 PM] React+   || User: izzyballz           || Channel: #feeding-team                        || emoji=😭; msg="someone is getting banned lol" by celeryiscelery
[10/15/2025 03:55:19.677 PM] Message  || User: izzyballz           || Channel: #feeding-team                        || Content: that’s actually so irritating
[10/15/2025 03:57:05.588 PM] Message  || User: a1darek             || Channel: #purrley-pawsitive-pussy-pals        || Content: hmm
[10/15/2025 04:00:14.423 PM] Message  || User: celeryiscelery      || Channel: #purrley-pawsitive-pussy-pals        || Content: i would’ve offered to take her in but i’m dog sitting again and i’m ...
[10/15/2025 04:00:49.996 PM] Message  || User: a1darek             || Channel: #purrley-pawsitive-pussy-pals        || Content: gurp
[10/15/2025 04:01:07.783 PM] Message  || User: a1darek             || Channel: #purrley-pawsitive-pussy-pals        || Content: I guess she'll live in my bathroom for a bit
[10/15/2025 04:01:30.782 PM] Message  || User: izzyballz           || Channel: #yapper-committee                    || Content: if anyone was thinking about getting one it literally barely hurt at...
[10/15/2025 04:01:54.519 PM] Message  || User: izzyballz           || Channel: #yapper-committee                    || Content: i’ve had headaches worse
[10/15/2025 04:03:05.202 PM] Message  || User: orphean_            || Channel: #feeding-team                        || Content: i did i didn’t get a picture though😭
[10/15/2025 04:05:14.670 PM] Message  || User: m_digio             || Channel: #feeding-team                        || Content: @feeding team I expect a certain level of responsibility from you. W...
[10/15/2025 04:05:15.418 PM] Action   || Name: intent_router_error || Trigger: type=AttributeError                  || Output: 'IntentRouter' object has no attribute '_stations_from_schedule'
[10/15/2025 04:05:19.497 PM] Message  || User: bubblebee5866       || Channel: #feeding-team                        || Content: Buisness fed and watered
[10/15/2025 04:05:19.512 PM] Intent   || feed_update               ||                                               || station=Business; dates=['2025-10-15']
[10/15/2025 04:05:21.095 PM] Action   || Name: sheet_mark          || Trigger: station=Business date=2025-10-15     || Output: ok
[10/15/2025 04:05:21.095 PM] Action   || Name: feed_update         || Trigger: station=Business; dates=2025-10-15   || Output: ok
[10/15/2025 04:05:43.563 PM] React+   || User: cici4f3             || Channel: #feeding-team                        || emoji=❤️; msg="septum ✌️" by izzyballz
[10/15/2025 04:05:49.448 PM] Message  || User: cici4f3             || Channel: #feeding-team                        || Content: FIRE lmk how it goes
[10/15/2025 04:05:54.835 PM] Message  || User: kitadan             || Channel: #yapper-committee                    || Content: I get the Two in One just for convenience.
[10/15/2025 04:06:41.134 PM] Message  || User: m_digio             || Channel: #purrley-pawsitive-pussy-pals        || Content: people piss me off
[10/15/2025 04:07:02.753 PM] React+   || User: celeryiscelery      || Channel: #feeding-team                        || emoji=‼️; msg="@feeding team I expect a certain level o..." by m_digio
[10/15/2025 04:07:02.895 PM] Edit     || User: m_digio             || Channel: #feeding-team                        || @feeding team I expect a certain level of responsibility from you. We have a ...
[10/15/2025 04:07:02.918 PM] Message  || User: m_digio             || Channel: #feeding-team                        || Content: (no text; attachments=0)
[10/15/2025 04:07:03.031 PM] React+   || User: kitadan             || Channel: #feeding-team                        || emoji=❤️; msg="@feeding team I expect a certain level o..." by m_digio
[10/15/2025 04:07:24.867 PM] React+   || User: petrichor           || Channel: #feeding-team                        || emoji=‼️; msg="@feeding team I expect a certain level o..." by m_digio
[10/15/2025 04:07:25.192 PM] React+   || User: petrichor           || Channel: #feeding-team                        || emoji=❤️; msg="@feeding team I expect a certain level o..." by m_digio
[10/15/2025 04:07:34.049 PM] React+   || User: simplyshadow171295  || Channel: #feeding-team                        || emoji=‼️; msg="@feeding team I expect a certain level o..." by m_digio
[10/15/2025 04:07:34.447 PM] React+   || User: simplyshadow171295  || Channel: #feeding-team                        || emoji=❤️; msg="@feeding team I expect a certain level o..." by m_digio
[10/15/2025 04:07:45.873 PM] Message  || User: mica.aaa            || Channel: #feeding-team                        || Content: hello, is anyone available to feed the greens today? i won’t be on c...
[10/15/2025 04:07:45.884 PM] Action   || Name: feed_pending_set    || Trigger: ch=643586809166561310; user=74187... || Output: stations=Greens,West Campus; text=hello, is anyone available to feed ...
[10/15/2025 04:07:55.410 PM] React+   || User: austinbaustinb      || Channel: #feeding-team                        || emoji=❤️; msg="@feeding team I expect a certain level o..." by m_digio
[10/15/2025 04:07:55.582 PM] React+   || User: austinbaustinb      || Channel: #feeding-team                        || emoji=‼️; msg="@feeding team I expect a certain level o..." by m_digio
[10/15/2025 04:08:02.923 PM] Message  || User: celeryiscelery      || Channel: #purrley-pawsitive-pussy-pals        || Content: (no text; attachments=0)
[10/15/2025 04:08:03.435 PM] Message  || User: celeryiscelery      || Channel: #purrley-pawsitive-pussy-pals        || Content: there’s most likely a better method but if it’s getting to the point...
[10/15/2025 04:09:23.042 PM] React+   || User: abstractly_         || Channel: #feeding-team                        || emoji=❤️; msg="@feeding team I expect a certain level o..." by m_digio
[10/15/2025 04:09:39.593 PM] Message  || User: a1darek             || Channel: #executive-board                     || Content: Just tossing this in here, the last Wednesday at TCAP is their feral...
[10/15/2025 04:09:56.878 PM] React+   || User: celeryiscelery      || Channel: #executive-board                     || emoji=‼️; msg="Just tossing this in here, the last Wedn..." by a1darek
[10/15/2025 04:09:57.914 PM] Message  || User: a1darek             || Channel: #executive-board                     || Content: Of course we'll talk about logistics n such, but i just wanted to to...
[10/15/2025 04:10:11.899 PM] React+   || User: m_digio             || Channel: #executive-board                     || emoji=🔥; msg="Just tossing this in here, the last Wedn..." by a1darek
[10/15/2025 04:10:14.522 PM] Edit     || User: a1darek             || Channel: #executive-board                     || Just tossing this in here, the last Wednesday at TCAP is their feral day and ...
[10/15/2025 04:10:16.807 PM] Message  || User: simplyshadow171295  || Channel: #feeding-team                        || Content: yes chef 🫡
[10/15/2025 04:11:28.076 PM] React+   || User: reyesthighs         || Channel: #feeding-team                        || emoji=‼️; msg="@feeding team I expect a certain level o..." by m_digio
[10/15/2025 04:11:31.890 PM] React+   || User: reyesthighs         || Channel: #feeding-team                        || emoji=🫡; msg="@feeding team I expect a certain level o..." by m_digio
[10/15/2025 04:11:34.552 PM] React+   || User: vasyline            || Channel: #feeding-team                        || emoji=‼️; msg="@feeding team I expect a certain level o..." by m_digio
[10/15/2025 04:11:35.217 PM] React+   || User: vasyline            || Channel: #feeding-team                        || emoji=❤️; msg="@feeding team I expect a certain level o..." by m_digio
[10/15/2025 04:13:25.904 PM] React+   || User: austinbaustinb      || Channel: #executive-board                     || emoji=👍; msg="Just tossing this in here, the last Wedn..." by a1darek
[10/15/2025 04:15:45.193 PM] React+   || User: ludavis             || Channel: #feeding-team                        || emoji=❤️; msg="@feeding team I expect a certain level o..." by m_digio
[10/15/2025 04:15:45.577 PM] React+   || User: ludavis             || Channel: #feeding-team                        || emoji=‼️; msg="@feeding team I expect a certain level o..." by m_digio
[10/15/2025 04:15:46.147 PM] React+   || User: ludavis             || Channel: #feeding-team                        || emoji=🫡; msg="@feeding team I expect a certain level o..." by m_digio
[10/15/2025 04:16:06.109 PM] Message  || User: a1darek             || Channel: #cat-document-dump                   || Content: Atzi & Avocado
[10/15/2025 04:16:07.132 PM] Action   || Name: image_intake        || Trigger: channel=1344745306620694558          || Output: rows=1
[10/15/2025 04:16:27.004 PM] React+   || User: bubblebee5866       || Channel: #feeding-team                        || emoji=🫡; msg="@feeding team I expect a certain level o..." by m_digio
[10/15/2025 04:16:47.132 PM] React+   || User: izzyballz           || Channel: #feeding-team                        || emoji=‼️; msg="@feeding team I expect a certain level o..." by m_digio
[10/15/2025 04:16:47.633 PM] React+   || User: izzyballz           || Channel: #feeding-team                        || emoji=❤️; msg="@feeding team I expect a certain level o..." by m_digio
[10/15/2025 04:16:48.049 PM] React+   || User: izzyballz           || Channel: #feeding-team                        || emoji=🫡; msg="@feeding team I expect a certain level o..." by m_digio
[10/15/2025 04:17:18.387 PM] Message  || User: m_digio             || Channel: #purrley-pawsitive-pussy-pals        || Content: @Derek [TNR] what day are we releasing atiz
[10/15/2025 04:20:13.120 PM] Message  || User: a1darek             || Channel: #purrley-pawsitive-pussy-pals        || Content: 48 hours from now
[10/15/2025 04:20:54.664 PM] Message  || User: a1darek             || Channel: #purrley-pawsitive-pussy-pals        || Content: Friday
[10/15/2025 04:21:34.320 PM] Message  || User: m_digio             || Channel: #purrley-pawsitive-pussy-pals        || Content: okay then whoever you take with you get them to get a video pls
[10/15/2025 04:23:17.905 PM] Message  || User: a1darek             || Channel: #purrley-pawsitive-pussy-pals        || Content: no megan for release?
[10/15/2025 04:24:39.502 PM] React+   || User: coziidruid          || Channel: #feeding-team                        || emoji=‼️; msg="@feeding team I expect a certain level o..." by m_digio
[10/15/2025 04:24:40.490 PM] React+   || User: coziidruid          || Channel: #feeding-team                        || emoji=🫡; msg="@feeding team I expect a certain level o..." by m_digio
[10/15/2025 04:25:14.203 PM] React+   || User: lemonelon_          || Channel: #feeding-team                        || emoji=‼️; msg="@feeding team I expect a certain level o..." by m_digio
[10/15/2025 04:25:15.766 PM] Message  || User: coziidruid          || Channel: #purrley-pawsitive-pussy-pals        || Content: get their ass megan‼️ ‼️ ‼️
[10/15/2025 04:25:22.923 PM] Message  || User: m_digio             || Channel: #purrley-pawsitive-pussy-pals        || Content: megan going out of town at noon
[10/15/2025 04:25:28.328 PM] React+   || User: m_digio             || Channel: #purrley-pawsitive-pussy-pals        || emoji=💪; msg="get their ass megan‼️ ‼️ ‼️" by coziidruid
[10/15/2025 04:25:31.473 PM] Message  || User: austinbaustinb      || Channel: #purrley-pawsitive-pussy-pals        || Content: Yea if we were to move to the individual proportioned baggy things, ...
[10/15/2025 04:25:42.159 PM] Message  || User: austinbaustinb      || Channel: #purrley-pawsitive-pussy-pals        || Content: Which is crazy like how do u fr just ignore the directions
[10/15/2025 04:25:59.005 PM] React+   || User: celeryiscelery      || Channel: #purrley-pawsitive-pussy-pals        || emoji=‼️; msg="Which is crazy like how do u fr just ign..." by austinbaustinb
[10/15/2025 04:26:02.789 PM] Message  || User: austinbaustinb      || Channel: #purrley-pawsitive-pussy-pals        || Content: There’s like 20 people and they all have the special permission to f...
[10/15/2025 04:26:19.258 PM] Message  || User: m_digio             || Channel: #purrley-pawsitive-pussy-pals        || Content: roach is doing some cross-examination shit for me bc there is a chan...
[10/15/2025 04:26:36.546 PM] React+   || User: coziidruid          || Channel: #purrley-pawsitive-pussy-pals        || emoji=‼️; msg="roach is doing some cross-examination sh..." by m_digio
[10/15/2025 04:26:42.602 PM] Message  || User: celeryiscelery      || Channel: #purrley-pawsitive-pussy-pals        || Content: it’ll also help narrow down who’s doing it. bc if it continues after...
[10/15/2025 04:26:44.575 PM] Message  || User: austinbaustinb      || Channel: #purrley-pawsitive-pussy-pals        || Content: Ooo keep us updated
[10/15/2025 04:26:58.867 PM] Message  || User: celeryiscelery      || Channel: #purrley-pawsitive-pussy-pals        || Content: how could it not be one of ours when this has continued after gettin...
[10/15/2025 04:27:10.948 PM] Message  || User: austinbaustinb      || Channel: #purrley-pawsitive-pussy-pals        || Content: We could also ask individual feeders if the station is fed when they...
[10/15/2025 04:27:10.959 PM] Intent   || feed_update               ||                                               || station=Greens; dates=['2025-10-15']
[10/15/2025 04:27:10.961 PM] Action   || Name: feed_update_ignored || Trigger: station=Greens                       || Output: channel_blocked:830643125784412181
[10/15/2025 04:27:26.220 PM] React+   || User: coziidruid          || Channel: #executive-board                     || emoji=<:cute:933104767348134018>; msg="Toothless has perfect health" by austi...
[10/15/2025 04:27:26.328 PM] React+   || User: coziidruid          || Channel: #executive-board                     || emoji=<:happycat:834819172546510868>; msg="Toothless has perfect health" by a...
[10/15/2025 04:27:26.880 PM] React+   || User: coziidruid          || Channel: #executive-board                     || emoji=<:gitir2:1146680302878605332>; msg="Toothless has perfect health" by au...
[10/15/2025 04:27:27.265 PM] React+   || User: coziidruid          || Channel: #executive-board                     || emoji=🎉; msg="Toothless has perfect health" by austinbaustinb
[10/15/2025 04:27:27.812 PM] React+   || User: coziidruid          || Channel: #executive-board                     || emoji=✨; msg="Toothless has perfect health" by austinbaustinb
[10/15/2025 04:27:32.348 PM] Message  || User: m_digio             || Channel: #purrley-pawsitive-pussy-pals        || Content: the pictures of the food from tuesday match the same food and water ...
[10/15/2025 04:27:45.764 PM] Message  || User: m_digio             || Channel: #purrley-pawsitive-pussy-pals        || Content: im going back and look at last weeks to see if its the same
[10/15/2025 04:28:30.287 PM] Message  || User: austinbaustinb      || Channel: #purrley-pawsitive-pussy-pals        || Content: Oh so old pic?
[10/15/2025 04:28:30.581 PM] Message  || User: celeryiscelery      || Channel: #purrley-pawsitive-pussy-pals        || Content: yes but it’s definitely one of ours if this happened after you got t...
[10/15/2025 04:28:39.551 PM] Message  || User: celeryiscelery      || Channel: #purrley-pawsitive-pussy-pals        || Content: ohhhh
[10/15/2025 04:28:41.835 PM] Message  || User: celeryiscelery      || Channel: #purrley-pawsitive-pussy-pals        || Content: how odd
[10/15/2025 04:28:46.428 PM] Message  || User: celeryiscelery      || Channel: #purrley-pawsitive-pussy-pals        || Content: so who tf is lying
[10/15/2025 04:28:52.030 PM] Message  || User: coziidruid          || Channel: #purrley-pawsitive-pussy-pals        || Content: were getting to “fill out a google form every time u feed” territory...
[10/15/2025 04:29:09.386 PM] Message  || User: coziidruid          || Channel: #purrley-pawsitive-pussy-pals        || Content: (i feel like that would be hypothetically smart but a nightmare to i...
[10/15/2025 04:29:12.081 PM] Message  || User: m_digio             || Channel: #purrley-pawsitive-pussy-pals        || Content: no fr, like a qr code on the box to scan or something
[10/15/2025 04:29:37.403 PM] React+   || User: austinbaustinb      || Channel: #purrley-pawsitive-pussy-pals        || emoji=‼️; msg="no fr, like a qr code on the box to scan..." by m_digio
[10/15/2025 04:29:53.789 PM] Message  || User: austinbaustinb      || Channel: #purrley-pawsitive-pussy-pals        || Content: If it’s a QR code or Google form they can just save the link or a pi...
[10/15/2025 04:29:58.804 PM] Message  || User: celeryiscelery      || Channel: #purrley-pawsitive-pussy-pals        || Content: we had something like that before all of our times here but apparent...
[10/15/2025 04:30:05.421 PM] Message  || User: celeryiscelery      || Channel: #purrley-pawsitive-pussy-pals        || Content: think we still have the old google form for it
[10/15/2025 04:30:09.816 PM] Message  || User: austinbaustinb      || Channel: #purrley-pawsitive-pussy-pals        || Content: The “send a photo each day” is good cuz u can check the weather and ...
[10/15/2025 04:30:11.834 PM] React+   || User: slayc127            || Channel: #purrley-pawsitive-pussy-pals        || emoji=‼️; msg="Which is crazy like how do u fr just ign..." by austinbaustinb
[10/15/2025 04:31:10.381 PM] Message  || User: m_digio             || Channel: #purrley-pawsitive-pussy-pals        || Content: yeah i like my photos
[10/15/2025 04:31:35.065 PM] Message  || User: m_digio             || Channel: #purrley-pawsitive-pussy-pals        || Content: not really old pick but like mikey didnt eat
[10/15/2025 04:31:56.918 PM] Edit     || User: m_digio             || Channel: #purrley-pawsitive-pussy-pals        || not really old pick but like mikey didnt eat -> not really old pic but like m...
[10/15/2025 04:33:23.885 PM] Message  || User: m_digio             || Channel: #purrley-pawsitive-pussy-pals        || Content: we could js be dealing with a case of mikey being a senior and eatin...
[10/15/2025 04:34:22.830 PM] Message  || User: m_digio             || Channel: #purrley-pawsitive-pussy-pals        || Content: oh @Austin B [Records Director] could I potentially get tomcat to se...
[10/15/2025 04:35:00.541 PM] Message  || User: m_digio             || Channel: #purrley-pawsitive-pussy-pals        || Content: our hops feeder has a broken foot and i dont want to send out a mess...
[10/15/2025 04:35:00.564 PM] Intent   || feed_update               ||                                               || station=HOP; dates=['2025-10-15']
[10/15/2025 04:35:00.564 PM] Action   || Name: feed_update_ignored || Trigger: station=HOP                          || Output: channel_blocked:830643125784412181
[10/15/2025 04:36:10.778 PM] React+   || User: celeryiscelery      || Channel: #purrley-pawsitive-pussy-pals        || emoji=😭; msg="our hops feeder has a broken foot and i ..." by m_digio
[10/15/2025 04:40:57.147 PM] Message  || User: izzyballz           || Channel: #yapper-committee                    || Content: me personally i would go with two individual products
[10/15/2025 04:41:33.188 PM] React+   || User: baseketballin       || Channel: #feeding-team                        || emoji=‼️; msg="@feeding team I expect a certain level o..." by m_digio
[10/15/2025 04:41:33.628 PM] React+   || User: baseketballin       || Channel: #feeding-team                        || emoji=❤️; msg="@feeding team I expect a certain level o..." by m_digio
[10/15/2025 04:41:34.395 PM] React+   || User: baseketballin       || Channel: #feeding-team                        || emoji=🫡; msg="@feeding team I expect a certain level o..." by m_digio
[10/15/2025 04:45:53.415 PM] Message  || User: lemonelon_          || Channel: #feeding-team                        || Content: tbh i would do a stake out
[10/15/2025 04:46:15.164 PM] Message  || User: lemonelon_          || Channel: #feeding-team                        || Content: I would sit at the microwave station and wait and see who is doing it
[10/15/2025 04:46:15.164 PM] Action   || Name: feed_pending_set    || Trigger: ch=643586809166561310; user=96362... || Output: stations=Microwave; text=I would sit at the microwave station and wai...
[10/15/2025 04:47:57.249 PM] Message  || User: spitonme            || Channel: #feeding-team                        || Content: so i just passed out in a stairwell for a good few minutes ,,, dont ...
[10/15/2025 04:47:57.261 PM] Action   || Name: feed_pending_set    || Trigger: ch=643586809166561310; user=54396... || Output: stations=Snickers; text=so i just passed out in a stairwell for a goo...
[10/15/2025 04:48:00.376 PM] Message  || User: spitonme            || Channel: #feeding-team                        || Content: stay hydrated
[10/15/2025 04:48:27.532 PM] Message  || User: le_nuit_sans_fin    || Channel: #feeding-team                        || Content: Oh gosh
[10/15/2025 04:48:31.183 PM] Message  || User: le_nuit_sans_fin    || Channel: #feeding-team                        || Content: Are you okay??
[10/15/2025 04:48:31.193 PM] Action   || Name: feed_pending_set    || Trigger: ch=643586809166561310; user=69072... || Output: stations=Mary Kay and Zen; text=Are you okay??
[10/15/2025 04:48:38.734 PM] Message  || User: simplyshadow171295  || Channel: #feeding-team                        || Content: gunjan and i will
[10/15/2025 04:48:54.773 PM] Message  || User: simplyshadow171295  || Channel: #feeding-team                        || Content: can’t do greens though 😔
[10/15/2025 04:48:54.773 PM] Action   || Name: feed_pending_set    || Trigger: ch=643586809166561310; user=52842... || Output: stations=Greens; text=can’t do greens though 😔
[10/15/2025 04:48:57.748 PM] React+   || User: spitonme            || Channel: #feeding-team                        || emoji=🐙; msg="gunjan and i will" by simplyshadow171295
[10/15/2025 04:49:06.577 PM] React+   || User: lemonelon_          || Channel: #feeding-team                        || emoji=😧; msg="so i just passed out in a stairwell for ..." by spitonme
[10/15/2025 04:49:07.710 PM] Message  || User: spitonme            || Channel: #feeding-team                        || Content: im ok just confused ??
[10/15/2025 04:49:22.037 PM] Message  || User: lemonelon_          || Channel: #feeding-team                        || Content: I can do greens if you need
[10/15/2025 04:49:22.037 PM] Action   || Name: feed_pending_set    || Trigger: ch=643586809166561310; user=96362... || Output: stations=Greens; text=I can do greens if you need
[10/15/2025 04:49:26.215 PM] Message  || User: le_nuit_sans_fin    || Channel: #feeding-team                        || Content: I’m glad there’s no injuries
[10/15/2025 04:49:33.548 PM] Message  || User: le_nuit_sans_fin    || Channel: #feeding-team                        || Content: Stairs can be rough
[10/15/2025 04:49:49.920 PM] Message  || User: lemonelon_          || Channel: #feeding-team                        || Content: Iron supplements bro
[10/15/2025 04:51:18.473 PM] React+   || User: orphean_            || Channel: #feeding-team                        || emoji=‼️; msg="stay hydrated" by spitonme
[10/15/2025 04:51:58.648 PM] Message  || User: bubblebee5866       || Channel: #feeding-team                        || Content: Are you over heated maybe? :<
[10/15/2025 04:55:23.444 PM] Message  || User: adeyumii            || Channel: #feeding-team                        || Content: It should be Austin doing lot50 on Friday but YES CHEF
[10/15/2025 04:55:23.460 PM] Action   || Name: feed_pending_set    || Trigger: ch=643586809166561310; user=47432... || Output: stations=Lot 50; text=It should be Austin doing lot50 on Friday but Y...
[10/15/2025 04:56:20.972 PM] React+   || User: m_digio             || Channel: #feeding-team                        || emoji=💪; msg="It should be Austin doing lot50 on Frida..." by adeyumii
[10/15/2025 04:56:26.687 PM] Message  || User: adeyumii            || Channel: #yapper-committee                    || Content: It's pretty neutral scented but I live and die by Dove's hydration s...
[10/15/2025 04:56:54.795 PM] React+   || User: kitadan             || Channel: #feeding-team                        || emoji=😧; msg="so i just passed out in a stairwell for ..." by spitonme
[10/15/2025 04:56:55.632 PM] React+   || User: kitadan             || Channel: #feeding-team                        || emoji=‼️; msg="stay hydrated" by spitonme
[10/15/2025 04:58:01.167 PM] React+   || User: vasyline            || Channel: #new-arrivals                        || emoji=<:notalkme:1428078734954729589>; msg="<:emoji_84:1428078734954729589>" ...
[10/15/2025 04:58:07.104 PM] React+   || User: vasyline            || Channel: #new-arrivals                        || emoji=<:happycat:834819172546510868>; msg=1423691619630055546
[10/15/2025 04:58:27.159 PM] React+   || User: vasyline            || Channel: #new-arrivals                        || emoji=💙; msg=1427854620197392435
[10/15/2025 04:58:47.628 PM] React+   || User: void_now            || Channel: #yapper-committee                    || emoji=👍; msg="It's pretty neutral scented but I live a..." by adeyumii
[10/15/2025 04:58:52.580 PM] React+   || User: _rambone_           || Channel: #executive-board                     || emoji=‼️; msg="Just tossing this in here, the last Wedn..." by a1darek
[10/15/2025 04:58:54.365 PM] React+   || User: _rambone_           || Channel: #executive-board                     || emoji=🔥; msg="Just tossing this in here, the last Wedn..." by a1darek
[10/15/2025 04:58:55.406 PM] React+   || User: _rambone_           || Channel: #executive-board                     || emoji=👍; msg="Just tossing this in here, the last Wedn..." by a1darek
[10/15/2025 04:58:55.794 PM] Message  || User: void_now            || Channel: #yapper-committee                    || Content: Ty!!
[10/15/2025 05:04:41.993 PM] Message  || User: lemonelon_          || Channel: #feeding-team                        || Content: @feeding team @Atlas ᓚᘏᗢ do u want me to grab the greens right now b...
[10/15/2025 05:04:42.035 PM] Action   || Name: feed_pending_set    || Trigger: ch=643586809166561310; user=96362... || Output: stations=Greens; text=<@&643587274797481988> <@528421517592363008> do...
[10/15/2025 05:05:12.319 PM] React+   || User: layotu              || Channel: #feeding-team                        || emoji=‼️; msg="@feeding team I expect a certain level o..." by m_digio
[10/15/2025 05:05:12.811 PM] React+   || User: layotu              || Channel: #feeding-team                        || emoji=🫡; msg="@feeding team I expect a certain level o..." by m_digio
[10/15/2025 05:05:16.599 PM] Message  || User: layotu              || Channel: #feeding-team                        || Content: yes chef
[10/15/2025 05:05:19.415 PM] React+   || User: bubblebee5866       || Channel: #pictures-of-the-cats                || emoji=❤️; msg="Noir is back at Zen which means she has ..." by kitadan
[10/15/2025 05:06:40.980 PM] Message  || User: bubblebee5866       || Channel: #pictures-of-the-cats                || Content: (no text; attachments=1)
[10/15/2025 05:06:41.916 PM] Action   || Name: image_intake        || Trigger: channel=551084964318543904           || Output: rows=1
[10/15/2025 05:09:18.626 PM] Message  || User: simplyshadow171295  || Channel: #feeding-team                        || Content: yes someone else asked for someone to cover the greens! i cannot cov...
[10/15/2025 05:09:18.632 PM] Intent   || sub_request               ||                                               || station=Greens
[10/15/2025 05:09:18.679 PM] Action   || Name: sub_request_denied  || Trigger: station=Greens; dates=2025-10-15     || Output: user=528421517592363008; allowed=741877766030491678; text=yes someone...
[10/15/2025 05:09:18.679 PM] Action   || Name: sub_request_denied  || Trigger: station=Snickers; dates=2025-10-15   || Output: user=528421517592363008; allowed=543969877619245068; text=yes someone...
[10/15/2025 05:10:02.607 PM] Message  || User: lemonelon_          || Channel: #feeding-team                        || Content: Okay fire u gotchu!!!!
[10/15/2025 05:10:02.607 PM] Action   || Name: feed_pending_set    || Trigger: ch=643586809166561310; user=96362... || Output: stations=Mary Kay and Zen; text=Okay fire u gotchu!!!!
[10/15/2025 05:10:14.047 PM] Message  || User: lemonelon_          || Channel: #feeding-team                        || Content: I can do that i live there
[10/15/2025 05:10:20.482 PM] Message  || User: lemonelon_          || Channel: #feeding-team                        || Content: I love the green
[10/15/2025 05:10:20.482 PM] Action   || Name: feed_pending_set    || Trigger: ch=643586809166561310; user=96362... || Output: stations=Greens; text=I love the green
[10/15/2025 05:14:27.531 PM] Message  || User: _rambone_           || Channel: #purrley-pawsitive-pussy-pals        || Content: Second thumbnail has hit pppp
[10/15/2025 05:14:33.812 PM] Edit     || User: _rambone_           || Channel: #purrley-pawsitive-pussy-pals        || Second thumbnail has hit pppp -> A second thumbnail has hit pppp
[10/15/2025 05:16:36.534 PM] React+   || User: m_digio             || Channel: #purrley-pawsitive-pussy-pals        || emoji=😭; msg="A second thumbnail has hit pppp" by _rambone_
[10/15/2025 05:16:36.662 PM] React+   || User: m_digio             || Channel: #pictures-of-the-cats                || emoji=❤️; msg=1428142060057399376
[10/15/2025 05:23:34.135 PM] Message  || User: simplyshadow171295  || Channel: #feeding-team                        || Content: snickers fed
[10/15/2025 05:23:34.135 PM] Action   || Name: feed_pending_exp... || Trigger: ch=643586809166561310; user=52842... || Output: 
[10/15/2025 05:23:34.135 PM] Intent   || feed_update               ||                                               || station=Snickers; dates=['2025-10-15']
[10/15/2025 05:23:35.747 PM] Action   || Name: sheet_mark          || Trigger: station=Snickers date=2025-10-15     || Output: ok
[10/15/2025 05:23:35.747 PM] Action   || Name: feed_update         || Trigger: station=Snickers; dates=2025-10-15   || Output: ok
[10/15/2025 05:23:54.534 PM] React+   || User: hatshura            || Channel: #feeding-team                        || emoji=🫡; msg="@feeding team I expect a certain level o..." by m_digio
[10/15/2025 05:28:24.882 PM] React+   || User: .bettercalljack     || Channel: #feeding-team                        || emoji=‼️; msg="@feeding team I expect a certain level o..." by m_digio
[10/15/2025 05:28:25.034 PM] React+   || User: .bettercalljack     || Channel: #feeding-team                        || emoji=❤️; msg="@feeding team I expect a certain level o..." by m_digio
[10/15/2025 05:28:25.383 PM] React+   || User: .bettercalljack     || Channel: #feeding-team                        || emoji=🫡; msg="@feeding team I expect a certain level o..." by m_digio
[10/15/2025 05:28:33.344 PM] React+   || User: .bettercalljack     || Channel: #feeding-team                        || emoji=😧; msg="so i just passed out in a stairwell for ..." by spitonme
[10/15/2025 05:28:54.107 PM] Message  || User: .bettercalljack     || Channel: #feeding-team                        || Content: YES CHEF
[10/15/2025 05:29:00.132 PM] React+   || User: .bettercalljack     || Channel: #pictures-of-the-cats                || emoji=❤️; msg=1428142060057399376
[10/15/2025 05:29:11.640 PM] React+   || User: .bettercalljack     || Channel: #yapper-committee                    || emoji=👍; msg="Dove or Head and Shoulders are what I've..." by kitadan
[10/15/2025 05:29:25.746 PM] Message  || User: .bettercalljack     || Channel: #yapper-committee                    || Content: I might get a tongue piercing after my exams
[10/15/2025 05:30:42.764 PM] Message  || User: kitadan             || Channel: #feeding-team                        || Content: Yes Chef
[10/15/2025 05:31:09.370 PM] React+   || User: kitadan             || Channel: #pictures-of-the-cats                || emoji=❤️; msg=1428142060057399376
[10/15/2025 05:31:59.417 PM] Message  || User: .bettercalljack     || Channel: #feeding-team                        || Content: Taking this as a sign when i feed my stations
[10/15/2025 05:51:34.200 PM] Message  || User: cici4f3             || Channel: #yapper-committee                    || Content: dude I've been thinking about getting one ngl
[10/15/2025 05:51:39.209 PM] Message  || User: cici4f3             || Channel: #yapper-committee                    || Content: you'll have to tell me how it goes
[10/15/2025 05:53:27.649 PM] React+   || User: orphean_            || Channel: #pictures-of-the-cats                || emoji=⁉️; msg="it's a squirrel! it's a cat! it's.. a bu..." by emiximez
[10/15/2025 05:59:54.120 PM] React+   || User: austinbaustinb      || Channel: #pictures-of-the-cats                || emoji=❤️; msg="Noir is back at Zen which means she has ..." by kitadan
[10/15/2025 06:19:00.708 PM] Message  || User: celeryiscelery      || Channel: #yapper-committee                    || Content: the clamps hurt more than the actual needle 😭
[10/15/2025 06:19:14.921 PM] Message  || User: celeryiscelery      || Channel: #yapper-committee                    || Content: my septum piercing turned 10 this year <:balloonboi:933099871257382983>
[10/15/2025 06:19:55.795 PM] Message  || User: m_digio             || Channel: #yapper-committee                    || Content: OLD
[10/15/2025 06:20:53.398 PM] Message  || User: .bettercalljack     || Channel: #yapper-committee                    || Content: I will 🙏
[10/15/2025 06:22:39.934 PM] Message  || User: celeryiscelery      || Channel: #yapper-committee                    || Content: YO MOMMA
[10/15/2025 06:22:44.110 PM] Message  || User: celeryiscelery      || Channel: #yapper-committee                    || Content: AND YO DADDY
[10/15/2025 06:22:57.397 PM] Message  || User: m_digio             || Channel: #yapper-committee                    || Content: my daddy es old
[10/15/2025 06:23:02.057 PM] Message  || User: m_digio             || Channel: #yapper-committee                    || Content: 69 dis year
[10/15/2025 06:24:06.019 PM] Message  || User: simplyshadow171295  || Channel: #yapper-committee                    || Content: that’s crazy mine’s 62
[10/15/2025 06:31:19.313 PM] Message  || User: lemonelon_          || Channel: #feeding-team                        || Content: greens fed and watered!! tried to reattach the poster bc she was fly...
[10/15/2025 06:31:19.313 PM] Action   || Name: feed_pending_exp... || Trigger: ch=643586809166561310; user=96362... || Output: 
[10/15/2025 06:31:19.313 PM] Intent   || feed_update               ||                                               || station=Greens; dates=['2025-10-15']
[10/15/2025 06:31:22.399 PM] Action   || Name: sheet_mark          || Trigger: station=Greens date=2025-10-15       || Output: ok
[10/15/2025 06:31:22.399 PM] Action   || Name: feed_update         || Trigger: station=Greens; dates=2025-10-15     || Output: ok
[10/15/2025 06:34:42.761 PM] React+   || User: snowcone_314        || Channel: #pictures-of-the-cats                || emoji=❤️; msg="meowing at a cat and it meowing back is ..." by not_d3fault_1420
[10/15/2025 06:34:51.731 PM] React+   || User: snowcone_314        || Channel: #pictures-of-the-cats                || emoji=❤️; msg=1428142060057399376
[10/15/2025 06:36:23.376 PM] Message  || User: kitadan             || Channel: #feeding-team                        || Content: Did you see a gray or a gray and orange cat near the station?
[10/15/2025 06:39:18.472 PM] Message  || User: lemonelon_          || Channel: #feeding-team                        || Content: I did not! The area around it was very busy with people (but I was a...
[10/15/2025 06:41:20.100 PM] Message  || User: .bettercalljack     || Channel: #pictures-of-the-cats                || Content: Thats a good cat right there takes a pet like no problem
[10/15/2025 06:41:20.620 PM] Action   || Name: image_intake        || Trigger: channel=551084964318543904           || Output: rows=2
[10/15/2025 06:43:47.974 PM] Message  || User: .bettercalljack     || Channel: #pictures-of-the-cats                || Content: (no text; attachments=1)
[10/15/2025 06:43:48.467 PM] Action   || Name: image_intake        || Trigger: channel=551084964318543904           || Output: rows=1
[10/15/2025 06:45:18.874 PM] Message  || User: .bettercalljack     || Channel: #pictures-of-the-cats                || Content: (no text; attachments=1)
[10/15/2025 06:45:19.224 PM] Action   || Name: image_intake        || Trigger: channel=551084964318543904           || Output: rows=1
[10/15/2025 06:48:29.207 PM] Message  || User: kitadan             || Channel: #feeding-team                        || Content: Thanks
[10/15/2025 06:49:25.950 PM] React+   || User: slayc127            || Channel: #purrley-pawsitive-pussy-pals        || emoji=😭; msg="our hops feeder has a broken foot and i ..." by m_digio
[10/15/2025 06:52:36.050 PM] React+   || User: slayc127            || Channel: #executive-board                     || emoji=👍; msg="Just tossing this in here, the last Wedn..." by a1darek
[10/15/2025 06:52:36.329 PM] React+   || User: slayc127            || Channel: #executive-board                     || emoji=🔥; msg="Just tossing this in here, the last Wedn..." by a1darek
[10/15/2025 06:52:37.194 PM] React+   || User: slayc127            || Channel: #executive-board                     || emoji=‼️; msg="Just tossing this in here, the last Wedn..." by a1darek
[10/15/2025 06:57:55.098 PM] Message  || User: a1darek             || Channel: #purrley-pawsitive-pussy-pals        || Content: Fiora is being such a brat
[10/15/2025 06:59:18.679 PM] Message  || User: bubblebee5866       || Channel: #pictures-of-the-cats                || Content: Uhg, Twix was such a good girl todaaaay ❤️
[10/15/2025 06:59:24.345 PM] React+   || User: bubblebee5866       || Channel: #pictures-of-the-cats                || emoji=❤️; msg=1428166881298223185
[10/15/2025 06:59:41.712 PM] Message  || User: spitonme            || Channel: #itty-bitty-kitty-commitee           || Content: @kazius [membership+fundraising] im at work rn at 1% but plsplspls l...
[10/15/2025 07:01:18.940 PM] Message  || User: adeyumii            || Channel: #pictures-of-the-cats                || Content: I want her
[10/15/2025 07:02:29.721 PM] React+   || User: moineau_l.oiseau    || Channel: #new-arrivals                        || emoji=<:notalkme:1428078734954729589>; msg="<:emoji_84:1428078734954729589>" ...
[10/15/2025 07:02:38.466 PM] React+   || User: moineau_l.oiseau    || Channel: #new-arrivals                        || emoji=<:happycat:834819172546510868>; msg=1427854620197392435
[10/15/2025 07:02:42.607 PM] React+   || User: moineau_l.oiseau    || Channel: #new-arrivals                        || emoji=✨; msg=1427854620197392435
[10/15/2025 07:02:45.590 PM] React+   || User: moineau_l.oiseau    || Channel: #new-arrivals                        || emoji=🎉; msg=1427854620197392435
[10/15/2025 07:02:48.360 PM] React+   || User: moineau_l.oiseau    || Channel: #new-arrivals                        || emoji=❤️; msg=1427854620197392435
[10/15/2025 07:02:53.007 PM] React+   || User: moineau_l.oiseau    || Channel: #new-arrivals                        || emoji=<:powaahhhhhhh:1284949152685490216>; msg=1427854620197392435
[10/15/2025 07:02:56.432 PM] React+   || User: moineau_l.oiseau    || Channel: #new-arrivals                        || emoji=👆; msg=1427854620197392435
[10/15/2025 07:03:00.383 PM] React+   || User: moineau_l.oiseau    || Channel: #new-arrivals                        || emoji=<:gitir2:1146680302878605332>; msg=1427854620197392435
[10/15/2025 07:03:05.334 PM] React+   || User: moineau_l.oiseau    || Channel: #new-arrivals                        || emoji=<:cute:933104767348134018>; msg=1427854620197392435
[10/15/2025 07:03:11.753 PM] React+   || User: moineau_l.oiseau    || Channel: #new-arrivals                        || emoji=<:bonk:938137574193643601>; msg=1427854620197392435
[10/15/2025 07:03:18.833 PM] React+   || User: moineau_l.oiseau    || Channel: #new-arrivals                        || emoji=🔥; msg=1427854620197392435
[10/15/2025 07:03:23.018 PM] React+   || User: moineau_l.oiseau    || Channel: #new-arrivals                        || emoji=<:ree:813284570161086465>; msg=1427854620197392435
[10/15/2025 07:03:29.672 PM] React+   || User: moineau_l.oiseau    || Channel: #new-arrivals                        || emoji=<:smilecat:836868602220380160>; msg=1427854620197392435
[10/15/2025 07:03:33.485 PM] React+   || User: moineau_l.oiseau    || Channel: #new-arrivals                        || emoji=<:MMMM:834820001499447296>; msg=1427854620197392435
[10/15/2025 07:03:48.524 PM] Message  || User: a1darek             || Channel: #purrley-pawsitive-pussy-pals        || Content: put her outside cause she tries to eat sienna's wet food and now she...
[10/15/2025 07:05:15.472 PM] Message  || User: slayc127            || Channel: #itty-bitty-kitty-commitee           || Content: wishlist should have everything we r needing and want to ask yall to...
[10/15/2025 07:05:20.448 PM] Message  || User: frostfire312        || Channel: #pictures-of-the-cats                || Content: (no text; attachments=1)
[10/15/2025 07:05:21.070 PM] Action   || Name: image_intake        || Trigger: channel=551084964318543904           || Output: rows=1
[10/15/2025 07:05:26.807 PM] Message  || User: frostfire312        || Channel: #pictures-of-the-cats                || Content: Spotted by feeding station
[10/15/2025 07:05:30.078 PM] React+   || User: slayc127            || Channel: #purrley-pawsitive-pussy-pals        || emoji=😭; msg="put her outside cause she tries to eat s..." by a1darek
[10/15/2025 07:05:34.670 PM] Message  || User: slayc127            || Channel: #purrley-pawsitive-pussy-pals        || Content: let me train her
[10/15/2025 07:06:42.172 PM] React+   || User: moineau_l.oiseau    || Channel: #yapper-committee                    || emoji=❤️; msg=1428079580518027304
[10/15/2025 07:07:46.692 PM] React+   || User: moineau_l.oiseau    || Channel: #yapper-committee                    || emoji=‼️; msg="He had to take his ear medicine" by austinbaustinb
[10/15/2025 07:14:35.032 PM] Message  || User: lemonelon_          || Channel: #memes                               || Content: https://www.instagram.com/reel/DPyx9-0jl7i/?igsh=NG12cG50bHdkaTYz
[10/15/2025 07:14:36.369 PM] Edit     || User: lemonelon_          || Channel: #memes                               || https://www.instagram.com/reel/DPyx9-0jl7i/?igsh=NG12cG50bHdkaTYz -> https://...
[10/15/2025 07:17:05.758 PM] Action   || Name: gmail_log_scheduler || Trigger: found=2                              || Output: logged=2
[10/15/2025 07:17:05.870 PM] Action   || Name: finance_skip_dup... || Trigger: buffer                               || Output: Sophia Herrera $6.00 on 2025-08-26
[10/15/2025 07:17:05.870 PM] Action   || Name: finance_skip_dup... || Trigger: buffer                               || Output: Jordin Baylee $5.00 on 2025-08-26
[10/15/2025 07:17:05.870 PM] Action   || Name: finance_skip_dup... || Trigger: buffer                               || Output: Axel Torres $24.25 on 2025-08-22
[10/15/2025 07:17:05.870 PM] Action   || Name: finance_skip_dup... || Trigger: buffer                               || Output: Megan Digiovanni $47.62 on 2025-08-26
[10/15/2025 07:17:05.870 PM] Action   || Name: finance_skip_dup... || Trigger: buffer                               || Output: M. Padron $20.00 on 2025-08-26
[10/15/2025 07:17:05.870 PM] Action   || Name: finance_skip_dup... || Trigger: buffer                               || Output: Sophia Herrera $6.00 on 2025-08-26
[10/15/2025 07:17:05.870 PM] Action   || Name: finance_skip_dup... || Trigger: buffer                               || Output: Addison Loera $8.00 on 2025-08-26
[10/15/2025 07:17:05.870 PM] Action   || Name: finance_skip_dup... || Trigger: buffer                               || Output: Amber Thomas $5.00 on 2025-08-26
[10/15/2025 07:17:05.870 PM] Action   || Name: finance_skip_dup... || Trigger: buffer                               || Output: Jordin Baylee $5.00 on 2025-08-26
[10/15/2025 07:17:05.870 PM] Action   || Name: finance_skip_dup... || Trigger: buffer                               || Output: Kathleen Cantu $1.00 on 2025-08-26
[10/15/2025 07:17:05.870 PM] Action   || Name: finance_skip_dup... || Trigger: buffer                               || Output: Amber Thomas $3.00 on 2025-08-26
[10/15/2025 07:17:05.870 PM] Action   || Name: finance_skip_dup... || Trigger: buffer                               || Output: Rob Jimenez $3.00 on 2025-08-26
[10/15/2025 07:17:05.870 PM] Action   || Name: finance_skip_dup... || Trigger: buffer                               || Output: Daniel Brantley $3.00 on 2025-08-26
[10/15/2025 07:17:05.870 PM] Action   || Name: finance_skip_dup... || Trigger: buffer                               || Output: Isabella Klein $9.70 on 2025-08-26
[10/15/2025 07:17:05.870 PM] Action   || Name: finance_skip_dup... || Trigger: buffer                               || Output: Wix $25.98 on 2025-08-26
[10/15/2025 07:17:05.870 PM] Action   || Name: finance_skip_dup... || Trigger: buffer                               || Output: Nelda Hernandez $2.00 on 2025-08-26
[10/15/2025 07:17:05.885 PM] Action   || Name: finance_skip_dup... || Trigger: buffer                               || Output: Troy Broome $1.00 on 2025-08-26
[10/15/2025 07:17:05.885 PM] Action   || Name: finance_skip_dup... || Trigger: buffer                               || Output: Div Bits $2.00 on 2025-08-26
[10/15/2025 07:17:05.885 PM] Action   || Name: finance_skip_dup... || Trigger: buffer                               || Output: Jacob Sandoval $1.00 on 2025-08-26
[10/15/2025 07:17:05.885 PM] Action   || Name: finance_skip_dup... || Trigger: buffer                               || Output: Aubrey Cunningham $10.00 on 2025-08-26
[10/15/2025 07:17:05.885 PM] Action   || Name: finance_skip_dup... || Trigger: buffer                               || Output: Maxwell Preston $5.00 on 2025-08-26
[10/15/2025 07:17:05.885 PM] Action   || Name: finance_skip_dup... || Trigger: buffer                               || Output: Sophia Herrera $6.00 on 2025-08-26
[10/15/2025 07:17:05.885 PM] Action   || Name: finance_skip_dup... || Trigger: buffer                               || Output: Derek Fuentes $25.98 on 2025-08-26
[10/15/2025 07:17:05.885 PM] Action   || Name: finance_skip_dup... || Trigger: buffer                               || Output: Miguel V $5.00 on 2025-08-26
[10/15/2025 07:17:05.885 PM] Action   || Name: finance_skip_dup... || Trigger: buffer                               || Output: Nelda Hernandez $3.00 on 2025-08-26
[10/15/2025 07:17:05.885 PM] Action   || Name: finance_skip_dup... || Trigger: buffer                               || Output: Megan Digiovanni $130.00 on 2025-08-26
[10/15/2025 07:17:05.885 PM] Action   || Name: finance_skip_dup... || Trigger: buffer                               || Output: Pedro Savala $5.00 on 2025-08-27
[10/15/2025 07:17:05.885 PM] Action   || Name: finance_skip_dup... || Trigger: buffer                               || Output: Jonathan Mcgeever $5.00 on 2025-08-27
[10/15/2025 07:17:05.885 PM] Action   || Name: finance_skip_dup... || Trigger: buffer                               || Output: NNT PETSMART # $32.46 on 2025-08-06
[10/15/2025 07:17:05.885 PM] Action   || Name: finance_skip_dup... || Trigger: buffer                               || Output: Py Store Here Pantego $54.00 on 2025-08-20
[10/15/2025 07:17:05.885 PM] Action   || Name: finance_skip_dup... || Trigger: buffer                               || Output: Megan Digiovanni $74.92 on 2025-07-30
[10/15/2025 07:17:05.885 PM] Action   || Name: finance_skip_dup... || Trigger: buffer                               || Output: TOMAHAWK LIVE TRAP $581.62 on 2025-05-12
[10/15/2025 07:17:05.885 PM] Action   || Name: finance_skip_dup... || Trigger: buffer                               || Output: TOMAHAWK LIVE TRAP $581.62 on 2025-05-12
[10/15/2025 07:17:09.115 PM] Action   || Name: finance_skip_dup... || Trigger: kind=income                          || Output: Cynthia griffith $10.00 on 2025-04-16
[10/15/2025 07:17:09.115 PM] Action   || Name: finance_skip_dup... || Trigger: kind=income                          || Output: Caleb Moran $4.00 on 2025-04-16
[10/15/2025 07:17:09.115 PM] Action   || Name: finance_skip_dup... || Trigger: kind=income                          || Output: Alberto $6.00 on 2025-04-16
[10/15/2025 07:17:09.115 PM] Action   || Name: finance_skip_dup... || Trigger: kind=income                          || Output: Jacob Sandoval $2.91 on 2025-04-16
[10/15/2025 07:17:09.115 PM] Action   || Name: finance_skip_dup... || Trigger: kind=income                          || Output: tay $5.00 on 2025-04-16
[10/15/2025 07:17:09.115 PM] Action   || Name: finance_skip_dup... || Trigger: kind=income                          || Output: Nelda Hernandez $2.00 on 2025-04-16
[10/15/2025 07:17:09.115 PM] Action   || Name: finance_skip_dup... || Trigger: kind=income                          || Output: Maria Olds $10.00 on 2025-04-16
[10/15/2025 07:17:09.115 PM] Action   || Name: finance_skip_dup... || Trigger: kind=income                          || Output: Mario Rodriguez $3.00 on 2025-04-16
[10/15/2025 07:17:09.115 PM] Action   || Name: finance_skip_dup... || Trigger: kind=income                          || Output: Elisha Taylor $5.00 on 2025-04-16
[10/15/2025 07:17:09.115 PM] Action   || Name: finance_skip_dup... || Trigger: kind=income                          || Output: Jacob Sandoval $3.00 on 2025-04-16
[10/15/2025 07:17:09.115 PM] Action   || Name: finance_skip_dup... || Trigger: kind=income                          || Output: Isabella Klein $9.70 on 2025-08-26
[10/15/2025 07:17:09.115 PM] Action   || Name: finance_skip_dup... || Trigger: kind=income                          || Output: Nelda Hernandez $2.00 on 2025-08-26
[10/15/2025 07:17:09.115 PM] Action   || Name: finance_skip_dup... || Trigger: kind=income                          || Output: Troy Broome $1.00 on 2025-08-26
[10/15/2025 07:17:09.115 PM] Action   || Name: finance_skip_dup... || Trigger: kind=income                          || Output: Div Bits $2.00 on 2025-08-26
[10/15/2025 07:17:09.131 PM] Action   || Name: finance_skip_dup... || Trigger: kind=income                          || Output: Jacob Sandoval $1.00 on 2025-08-26
[10/15/2025 07:17:09.131 PM] Action   || Name: finance_skip_dup... || Trigger: kind=income                          || Output: Aubrey Cunningham $10.00 on 2025-08-26
[10/15/2025 07:17:09.131 PM] Action   || Name: finance_skip_dup... || Trigger: kind=income                          || Output: Maxwell Preston $5.00 on 2025-08-26
[10/15/2025 07:17:09.131 PM] Action   || Name: finance_skip_dup... || Trigger: kind=income                          || Output: Sophia Herrera $6.00 on 2025-08-26
[10/15/2025 07:17:09.131 PM] Action   || Name: finance_skip_dup... || Trigger: kind=income                          || Output: Miguel V $5.00 on 2025-08-26
[10/15/2025 07:17:09.131 PM] Action   || Name: finance_skip_dup... || Trigger: kind=income                          || Output: Nelda Hernandez $3.00 on 2025-08-26
[10/15/2025 07:17:09.131 PM] Action   || Name: finance_skip_dup... || Trigger: kind=income                          || Output: Megan Digiovanni $130.00 on 2025-08-26
[10/15/2025 07:17:09.131 PM] Action   || Name: finance_skip_dup... || Trigger: kind=income                          || Output: Pedro Savala $5.00 on 2025-08-27
[10/15/2025 07:17:09.131 PM] Action   || Name: finance_skip_dup... || Trigger: kind=income                          || Output: Jonathan Mcgeever $5.00 on 2025-08-27
[10/15/2025 07:17:09.131 PM] Action   || Name: finance_skip_dup... || Trigger: kind=income                          || Output: Axel Torres $24.25 on 2025-08-22
[10/15/2025 07:17:09.131 PM] Action   || Name: finance_skip_dup... || Trigger: kind=income                          || Output: M. Padron $20.00 on 2025-08-26
[10/15/2025 07:17:09.131 PM] Action   || Name: finance_skip_dup... || Trigger: kind=income                          || Output: Addison Loera $8.00 on 2025-08-26
[10/15/2025 07:17:09.131 PM] Action   || Name: finance_skip_dup... || Trigger: kind=income                          || Output: Amber Thomas $5.00 on 2025-08-26
[10/15/2025 07:17:09.131 PM] Action   || Name: finance_skip_dup... || Trigger: kind=income                          || Output: Kathleen Cantu $1.00 on 2025-08-26
[10/15/2025 07:17:09.131 PM] Action   || Name: finance_skip_dup... || Trigger: kind=income                          || Output: Amber Thomas $3.00 on 2025-08-26
[10/15/2025 07:17:09.131 PM] Action   || Name: finance_skip_dup... || Trigger: kind=income                          || Output: Rob Jimenez $3.00 on 2025-08-26
[10/15/2025 07:17:09.147 PM] Action   || Name: finance_skip_dup... || Trigger: kind=income                          || Output: Daniel Brantley $3.00 on 2025-08-26
[10/15/2025 07:17:09.147 PM] Action   || Name: finance_skip_dup... || Trigger: kind=income                          || Output: Kylie Crook $5.00 on 2025-09-16
[10/15/2025 07:17:09.147 PM] Action   || Name: finance_skip_dup... || Trigger: kind=income                          || Output: Jenny Nguyen $9.70 on 2025-09-03
[10/15/2025 07:17:14.948 PM] Action   || Name: finance_skip_dup... || Trigger: kind=expense                         || Output: Py Store Here Pantego $54.00 on 2025-04-20
[10/15/2025 07:17:14.948 PM] Action   || Name: finance_skip_dup... || Trigger: kind=expense                         || Output: j s $11.68 on 2025-04-22
[10/15/2025 07:17:14.948 PM] Action   || Name: finance_skip_dup... || Trigger: kind=expense                         || Output: Wix $25.98 on 2025-04-26
[10/15/2025 07:17:14.948 PM] Action   || Name: finance_skip_dup... || Trigger: kind=expense                         || Output: Wix $25.98 on 2025-08-26
[10/15/2025 07:17:14.948 PM] Action   || Name: finance_skip_dup... || Trigger: kind=expense                         || Output: Derek Fuentes $25.98 on 2025-08-26
[10/15/2025 07:17:14.948 PM] Action   || Name: finance_skip_dup... || Trigger: kind=expense                         || Output: Py Store Here Pantego $54.00 on 2025-08-20
[10/15/2025 07:17:14.948 PM] Action   || Name: finance_skip_dup... || Trigger: kind=expense                         || Output: Megan Digiovanni $47.62 on 2025-08-26
[10/15/2025 07:17:14.948 PM] Action   || Name: finance_skip_dup... || Trigger: kind=expense                         || Output: NNT PETSMART # $32.46 on 2025-08-06
[10/15/2025 07:17:14.948 PM] Action   || Name: finance_skip_dup... || Trigger: kind=expense                         || Output: Megan Digiovanni $74.92 on 2025-07-30
[10/15/2025 07:17:14.960 PM] Action   || Name: finance_skip_dup... || Trigger: kind=expense                         || Output: TOMAHAWK LIVE TRAP $581.62 on 2025-05-11
[10/15/2025 07:17:14.960 PM] Action   || Name: finance_skip_dup... || Trigger: kind=expense                         || Output: Py Store Here Pantego $54.00 on 2025-05-20
[10/15/2025 07:17:14.960 PM] Action   || Name: finance_skip_dup... || Trigger: kind=expense                         || Output: Derek Fuentes $72.45 on 2025-05-23
[10/15/2025 07:17:14.960 PM] Action   || Name: finance_skip_dup... || Trigger: kind=expense                         || Output: Wix $25.98 on 2025-05-26
[10/15/2025 07:17:14.960 PM] Action   || Name: finance_skip_dup... || Trigger: kind=expense                         || Output: Megan Digiovanni $89.91 on 2025-10-05
[10/15/2025 07:17:14.960 PM] Action   || Name: finance_skip_dup... || Trigger: kind=expense                         || Output: DOMINO'S $60.57 on 2025-09-09
[10/15/2025 07:17:14.960 PM] Action   || Name: finance_skip_dup... || Trigger: kind=expense                         || Output: Derek Fuentes $20.00 on 2025-09-10
[10/15/2025 07:22:55.944 PM] Message  || User: izzyballz           || Channel: #yapper-committee                    || Content: mine is 43
[10/15/2025 07:24:30.248 PM] Message  || User: racerdg             || Channel: #yapper-committee                    || Content: uhhhhh
[10/15/2025 07:24:33.551 PM] Message  || User: racerdg             || Channel: #yapper-committee                    || Content: 53?
[10/15/2025 07:24:35.864 PM] Message  || User: racerdg             || Channel: #yapper-committee                    || Content: 54?
[10/15/2025 07:26:00.847 PM] Message  || User: slayc127            || Channel: #yapper-committee                    || Content: mine is 53 me thinks
[10/15/2025 07:27:25.239 PM] Message  || User: kitadan             || Channel: #yapper-committee                    || Content: Mine is 80
[10/15/2025 07:27:36.296 PM] React+   || User: kitadan             || Channel: #pictures-of-the-cats                || emoji=❤️; msg=1428166881298223185
[10/15/2025 07:28:51.945 PM] Message  || User: bixzu               || Channel: #pictures-of-the-cats                || Content: (no text; attachments=1)
[10/15/2025 07:28:53.088 PM] Action   || Name: image_intake        || Trigger: channel=551084964318543904           || Output: rows=1
[10/15/2025 07:29:15.893 PM] Message  || User: bixzu               || Channel: #pictures-of-the-cats                || Content: She's feeling suspicious. . .
[10/15/2025 07:30:17.708 PM] Message  || User: a1darek             || Channel: #purrley-pawsitive-pussy-pals        || Content: Poor avocado gave the saddest meows ever
[10/15/2025 07:30:26.355 PM] Message  || User: a1darek             || Channel: #purrley-pawsitive-pussy-pals        || Content: It almost broke me i won't lie
[10/15/2025 07:30:30.647 PM] Action   || Name: gmail_log_scheduler || Trigger: found=2                              || Output: logged=0
[10/15/2025 07:30:30.680 PM] Action   || Name: finance_skip_dup... || Trigger: buffer                               || Output: Sophia Herrera $6.00 on 2025-08-26
[10/15/2025 07:30:30.680 PM] Action   || Name: finance_skip_dup... || Trigger: buffer                               || Output: Jordin Baylee $5.00 on 2025-08-26
[10/15/2025 07:30:30.680 PM] Action   || Name: finance_skip_dup... || Trigger: buffer                               || Output: Axel Torres $24.25 on 2025-08-22
[10/15/2025 07:30:30.680 PM] Action   || Name: finance_skip_dup... || Trigger: buffer                               || Output: Megan Digiovanni $47.62 on 2025-08-26
[10/15/2025 07:30:30.696 PM] Action   || Name: finance_skip_dup... || Trigger: buffer                               || Output: M. Padron $20.00 on 2025-08-26
[10/15/2025 07:30:30.696 PM] Action   || Name: finance_skip_dup... || Trigger: buffer                               || Output: Sophia Herrera $6.00 on 2025-08-26
[10/15/2025 07:30:30.696 PM] Action   || Name: finance_skip_dup... || Trigger: buffer                               || Output: Addison Loera $8.00 on 2025-08-26
[10/15/2025 07:30:30.696 PM] Action   || Name: finance_skip_dup... || Trigger: buffer                               || Output: Amber Thomas $5.00 on 2025-08-26
[10/15/2025 07:30:30.696 PM] Action   || Name: finance_skip_dup... || Trigger: buffer                               || Output: Jordin Baylee $5.00 on 2025-08-26
[10/15/2025 07:30:30.696 PM] Action   || Name: finance_skip_dup... || Trigger: buffer                               || Output: Kathleen Cantu $1.00 on 2025-08-26
[10/15/2025 07:30:30.696 PM] Action   || Name: finance_skip_dup... || Trigger: buffer                               || Output: Amber Thomas $3.00 on 2025-08-26
[10/15/2025 07:30:30.696 PM] Action   || Name: finance_skip_dup... || Trigger: buffer                               || Output: Rob Jimenez $3.00 on 2025-08-26
[10/15/2025 07:30:30.696 PM] Action   || Name: finance_skip_dup... || Trigger: buffer                               || Output: Daniel Brantley $3.00 on 2025-08-26
[10/15/2025 07:30:30.696 PM] Action   || Name: finance_skip_dup... || Trigger: buffer                               || Output: Isabella Klein $9.70 on 2025-08-26
[10/15/2025 07:30:30.696 PM] Action   || Name: finance_skip_dup... || Trigger: buffer                               || Output: Wix $25.98 on 2025-08-26
[10/15/2025 07:30:30.696 PM] Action   || Name: finance_skip_dup... || Trigger: buffer                               || Output: Nelda Hernandez $2.00 on 2025-08-26
[10/15/2025 07:30:30.696 PM] Action   || Name: finance_skip_dup... || Trigger: buffer                               || Output: Troy Broome $1.00 on 2025-08-26
[10/15/2025 07:30:30.696 PM] Action   || Name: finance_skip_dup... || Trigger: buffer                               || Output: Div Bits $2.00 on 2025-08-26
[10/15/2025 07:30:30.696 PM] Action   || Name: finance_skip_dup... || Trigger: buffer                               || Output: Jacob Sandoval $1.00 on 2025-08-26
[10/15/2025 07:30:30.696 PM] Action   || Name: finance_skip_dup... || Trigger: buffer                               || Output: Aubrey Cunningham $10.00 on 2025-08-26
[10/15/2025 07:30:30.696 PM] Action   || Name: finance_skip_dup... || Trigger: buffer                               || Output: Maxwell Preston $5.00 on 2025-08-26
[10/15/2025 07:30:30.711 PM] Action   || Name: finance_skip_dup... || Trigger: buffer                               || Output: Sophia Herrera $6.00 on 2025-08-26
[10/15/2025 07:30:30.711 PM] Action   || Name: finance_skip_dup... || Trigger: buffer                               || Output: Derek Fuentes $25.98 on 2025-08-26
[10/15/2025 07:30:30.711 PM] Action   || Name: finance_skip_dup... || Trigger: buffer                               || Output: Miguel V $5.00 on 2025-08-26
[10/15/2025 07:30:30.711 PM] Action   || Name: finance_skip_dup... || Trigger: buffer                               || Output: Nelda Hernandez $3.00 on 2025-08-26
[10/15/2025 07:30:30.711 PM] Action   || Name: finance_skip_dup... || Trigger: buffer                               || Output: Megan Digiovanni $130.00 on 2025-08-26
[10/15/2025 07:30:30.711 PM] Action   || Name: finance_skip_dup... || Trigger: buffer                               || Output: Pedro Savala $5.00 on 2025-08-27
[10/15/2025 07:30:30.711 PM] Action   || Name: finance_skip_dup... || Trigger: buffer                               || Output: Jonathan Mcgeever $5.00 on 2025-08-27
[10/15/2025 07:30:30.711 PM] Action   || Name: finance_skip_dup... || Trigger: buffer                               || Output: NNT PETSMART # $32.46 on 2025-08-06
[10/15/2025 07:30:30.711 PM] Action   || Name: finance_skip_dup... || Trigger: buffer                               || Output: Py Store Here Pantego $54.00 on 2025-08-20
[10/15/2025 07:30:30.711 PM] Action   || Name: finance_skip_dup... || Trigger: buffer                               || Output: Megan Digiovanni $74.92 on 2025-07-30
[10/15/2025 07:30:30.711 PM] Action   || Name: finance_skip_dup... || Trigger: buffer                               || Output: TOMAHAWK LIVE TRAP $581.62 on 2025-05-12
[10/15/2025 07:30:30.711 PM] Action   || Name: finance_skip_dup... || Trigger: buffer                               || Output: TOMAHAWK LIVE TRAP $581.62 on 2025-05-12
[10/15/2025 07:30:31.975 PM] Action   || Name: finance_skip_dup... || Trigger: kind=income                          || Output: Cynthia griffith $10.00 on 2025-04-16
[10/15/2025 07:30:31.975 PM] Action   || Name: finance_skip_dup... || Trigger: kind=income                          || Output: Caleb Moran $4.00 on 2025-04-16
[10/15/2025 07:30:31.975 PM] Action   || Name: finance_skip_dup... || Trigger: kind=income                          || Output: Alberto $6.00 on 2025-04-16
[10/15/2025 07:30:31.975 PM] Action   || Name: finance_skip_dup... || Trigger: kind=income                          || Output: Jacob Sandoval $2.91 on 2025-04-16
[10/15/2025 07:30:31.975 PM] Action   || Name: finance_skip_dup... || Trigger: kind=income                          || Output: tay $5.00 on 2025-04-16
[10/15/2025 07:30:31.975 PM] Action   || Name: finance_skip_dup... || Trigger: kind=income                          || Output: Nelda Hernandez $2.00 on 2025-04-16
[10/15/2025 07:30:31.975 PM] Action   || Name: finance_skip_dup... || Trigger: kind=income                          || Output: Maria Olds $10.00 on 2025-04-16
[10/15/2025 07:30:31.975 PM] Action   || Name: finance_skip_dup... || Trigger: kind=income                          || Output: Mario Rodriguez $3.00 on 2025-04-16
[10/15/2025 07:30:31.986 PM] Action   || Name: finance_skip_dup... || Trigger: kind=income                          || Output: Elisha Taylor $5.00 on 2025-04-16
[10/15/2025 07:30:31.986 PM] Action   || Name: finance_skip_dup... || Trigger: kind=income                          || Output: Jacob Sandoval $3.00 on 2025-04-16
[10/15/2025 07:30:31.986 PM] Action   || Name: finance_skip_dup... || Trigger: kind=income                          || Output: Isabella Klein $9.70 on 2025-08-26
[10/15/2025 07:30:31.986 PM] Action   || Name: finance_skip_dup... || Trigger: kind=income                          || Output: Nelda Hernandez $2.00 on 2025-08-26
[10/15/2025 07:30:31.986 PM] Action   || Name: finance_skip_dup... || Trigger: kind=income                          || Output: Troy Broome $1.00 on 2025-08-26
[10/15/2025 07:30:31.986 PM] Action   || Name: finance_skip_dup... || Trigger: kind=income                          || Output: Div Bits $2.00 on 2025-08-26
[10/15/2025 07:30:31.986 PM] Action   || Name: finance_skip_dup... || Trigger: kind=income                          || Output: Jacob Sandoval $1.00 on 2025-08-26
[10/15/2025 07:30:31.986 PM] Action   || Name: finance_skip_dup... || Trigger: kind=income                          || Output: Aubrey Cunningham $10.00 on 2025-08-26
[10/15/2025 07:30:31.986 PM] Action   || Name: finance_skip_dup... || Trigger: kind=income                          || Output: Maxwell Preston $5.00 on 2025-08-26
[10/15/2025 07:30:31.986 PM] Action   || Name: finance_skip_dup... || Trigger: kind=income                          || Output: Sophia Herrera $6.00 on 2025-08-26
[10/15/2025 07:30:31.986 PM] Action   || Name: finance_skip_dup... || Trigger: kind=income                          || Output: Miguel V $5.00 on 2025-08-26
[10/15/2025 07:30:31.986 PM] Action   || Name: finance_skip_dup... || Trigger: kind=income                          || Output: Nelda Hernandez $3.00 on 2025-08-26
[10/15/2025 07:30:31.986 PM] Action   || Name: finance_skip_dup... || Trigger: kind=income                          || Output: Megan Digiovanni $130.00 on 2025-08-26
[10/15/2025 07:30:31.986 PM] Action   || Name: finance_skip_dup... || Trigger: kind=income                          || Output: Pedro Savala $5.00 on 2025-08-27
[10/15/2025 07:30:31.986 PM] Action   || Name: finance_skip_dup... || Trigger: kind=income                          || Output: Jonathan Mcgeever $5.00 on 2025-08-27
[10/15/2025 07:30:31.986 PM] Action   || Name: finance_skip_dup... || Trigger: kind=income                          || Output: Axel Torres $24.25 on 2025-08-22
[10/15/2025 07:30:32.002 PM] Action   || Name: finance_skip_dup... || Trigger: kind=income                          || Output: M. Padron $20.00 on 2025-08-26
[10/15/2025 07:30:32.002 PM] Action   || Name: finance_skip_dup... || Trigger: kind=income                          || Output: Addison Loera $8.00 on 2025-08-26
[10/15/2025 07:30:32.002 PM] Action   || Name: finance_skip_dup... || Trigger: kind=income                          || Output: Amber Thomas $5.00 on 2025-08-26
[10/15/2025 07:30:32.002 PM] Action   || Name: finance_skip_dup... || Trigger: kind=income                          || Output: Kathleen Cantu $1.00 on 2025-08-26
[10/15/2025 07:30:32.002 PM] Action   || Name: finance_skip_dup... || Trigger: kind=income                          || Output: Amber Thomas $3.00 on 2025-08-26
[10/15/2025 07:30:32.002 PM] Action   || Name: finance_skip_dup... || Trigger: kind=income                          || Output: Rob Jimenez $3.00 on 2025-08-26
[10/15/2025 07:30:32.002 PM] Action   || Name: finance_skip_dup... || Trigger: kind=income                          || Output: Daniel Brantley $3.00 on 2025-08-26
[10/15/2025 07:30:32.002 PM] Action   || Name: finance_skip_dup... || Trigger: kind=income                          || Output: Kylie Crook $5.00 on 2025-09-16
[10/15/2025 07:30:32.002 PM] Action   || Name: finance_skip_dup... || Trigger: kind=income                          || Output: Jenny Nguyen $9.70 on 2025-09-03
[10/15/2025 07:30:33.131 PM] Action   || Name: finance_skip_dup... || Trigger: kind=expense                         || Output: Py Store Here Pantego $54.00 on 2025-04-20
[10/15/2025 07:30:33.131 PM] Action   || Name: finance_skip_dup... || Trigger: kind=expense                         || Output: j s $11.68 on 2025-04-22
[10/15/2025 07:30:33.131 PM] Action   || Name: finance_skip_dup... || Trigger: kind=expense                         || Output: Wix $25.98 on 2025-04-26
[10/15/2025 07:30:33.131 PM] Action   || Name: finance_skip_dup... || Trigger: kind=expense                         || Output: Wix $25.98 on 2025-08-26
[10/15/2025 07:30:33.131 PM] Action   || Name: finance_skip_dup... || Trigger: kind=expense                         || Output: Derek Fuentes $25.98 on 2025-08-26
[10/15/2025 07:30:33.131 PM] Action   || Name: finance_skip_dup... || Trigger: kind=expense                         || Output: Py Store Here Pantego $54.00 on 2025-08-20
[10/15/2025 07:30:33.147 PM] Action   || Name: finance_skip_dup... || Trigger: kind=expense                         || Output: Megan Digiovanni $47.62 on 2025-08-26
[10/15/2025 07:30:33.147 PM] Action   || Name: finance_skip_dup... || Trigger: kind=expense                         || Output: NNT PETSMART # $32.46 on 2025-08-06
[10/15/2025 07:30:33.147 PM] Action   || Name: finance_skip_dup... || Trigger: kind=expense                         || Output: Megan Digiovanni $74.92 on 2025-07-30
[10/15/2025 07:30:33.147 PM] Action   || Name: finance_skip_dup... || Trigger: kind=expense                         || Output: TOMAHAWK LIVE TRAP $581.62 on 2025-05-11
[10/15/2025 07:30:33.147 PM] Action   || Name: finance_skip_dup... || Trigger: kind=expense                         || Output: Py Store Here Pantego $54.00 on 2025-05-20
[10/15/2025 07:30:33.147 PM] Action   || Name: finance_skip_dup... || Trigger: kind=expense                         || Output: Derek Fuentes $72.45 on 2025-05-23
[10/15/2025 07:30:33.147 PM] Action   || Name: finance_skip_dup... || Trigger: kind=expense                         || Output: Wix $25.98 on 2025-05-26
[10/15/2025 07:30:33.147 PM] Action   || Name: finance_skip_dup... || Trigger: kind=expense                         || Output: Megan Digiovanni $89.91 on 2025-10-05
[10/15/2025 07:30:33.147 PM] Action   || Name: finance_skip_dup... || Trigger: kind=expense                         || Output: DOMINO'S $60.57 on 2025-09-09
[10/15/2025 07:30:33.147 PM] Action   || Name: finance_skip_dup... || Trigger: kind=expense                         || Output: Derek Fuentes $20.00 on 2025-09-10
[10/15/2025 07:32:37.724 PM] Message  || User: a1darek             || Channel: #purrley-pawsitive-pussy-pals        || Content: anyways post op babies are in their enclosures
[10/15/2025 07:32:57.832 PM] Message  || User: a1darek             || Channel: #purrley-pawsitive-pussy-pals        || Content: Avocado has taken my bathroom and atzi is in the downstairs restroom
[10/15/2025 07:34:14.920 PM] Message  || User: bixzu               || Channel: #pictures-of-the-cats                || Content: Eraser is meowing at me
[10/15/2025 07:34:23.100 PM] Message  || User: bixzu               || Channel: #pictures-of-the-cats                || Content: He's being a lil fatty
[10/15/2025 07:35:19.597 PM] Message  || User: a1darek             || Channel: #yapper-committee                    || Content: mine are somewhere early 60s
[10/15/2025 07:35:36.735 PM] Message  || User: bixzu               || Channel: #pictures-of-the-cats                || Content: (no text; attachments=1)
[10/15/2025 07:35:37.334 PM] Action   || Name: image_intake        || Trigger: channel=551084964318543904           || Output: rows=1
[10/15/2025 07:39:56.232 PM] Message  || User: m_digio             || Channel: #yapper-committee                    || Content: My dad is gonna be 69 and my moms 54<:aliencat:1417698216996241511>
[10/15/2025 07:40:18.978 PM] React+   || User: m_digio             || Channel: #purrley-pawsitive-pussy-pals        || emoji=😔; msg="It almost broke me i won't lie" by a1darek
[10/15/2025 07:40:24.135 PM] Message  || User: adeyumii            || Channel: #yapper-committee                    || Content: My mom is 45 and my bio dad is 42? I think? Idk
[10/15/2025 07:40:26.165 PM] React+   || User: m_digio             || Channel: #purrley-pawsitive-pussy-pals        || emoji=✊; msg="It almost broke me i won't lie" by a1darek
[10/15/2025 07:40:42.496 PM] Message  || User: m_digio             || Channel: #pictures-of-the-cats                || Content: HES SO CUTEEE
[10/15/2025 07:40:58.721 PM] Message  || User: a1darek             || Channel: #purrley-pawsitive-pussy-pals        || Content: Literally just trying to monitor her and she climbs on me and almost...
[10/15/2025 07:41:02.266 PM] Message  || User: a1darek             || Channel: #purrley-pawsitive-pussy-pals        || Content: (no text; attachments=1)
[10/15/2025 07:41:32.832 PM] React+   || User: m_digio             || Channel: #purrley-pawsitive-pussy-pals        || emoji=❤️; msg=1428180905184333864
[10/15/2025 07:41:39.519 PM] React+   || User: bubblebee5866       || Channel: #pictures-of-the-cats                || emoji=<:balloonboi:933099871257382983>; msg=1428179539405836499
[10/15/2025 07:41:51.548 PM] Message  || User: m_digio             || Channel: #purrley-pawsitive-pussy-pals        || Content: SHE JUST WANTS LOVE DEREK
[10/15/2025 07:42:17.252 PM] React+   || User: slayc127            || Channel: #purrley-pawsitive-pussy-pals        || emoji=😔; msg="It almost broke me i won't lie" by a1darek
[10/15/2025 07:42:17.915 PM] React+   || User: slayc127            || Channel: #purrley-pawsitive-pussy-pals        || emoji=✊; msg="It almost broke me i won't lie" by a1darek
[10/15/2025 07:42:19.764 PM] React+   || User: slayc127            || Channel: #purrley-pawsitive-pussy-pals        || emoji=❤️; msg=1428180905184333864
[10/15/2025 07:42:30.228 PM] Message  || User: slayc127            || Channel: #purrley-pawsitive-pussy-pals        || Content: POOR AVO 😭😭😭😭😭😭😭😭😭😭😭😭😭😭😭😭😭
[10/15/2025 07:42:32.757 PM] Message  || User: a1darek             || Channel: #purrley-pawsitive-pussy-pals        || Content: This is the 1 tcap trip I've felt the worst about
[10/15/2025 07:42:33.632 PM] Message  || User: slayc127            || Channel: #purrley-pawsitive-pussy-pals        || Content: crying throwing up etc
[10/15/2025 07:42:35.269 PM] Message  || User: a1darek             || Channel: #purrley-pawsitive-pussy-pals        || Content: Oh my god
[10/15/2025 07:42:50.330 PM] Message  || User: a1darek             || Channel: #purrley-pawsitive-pussy-pals        || Content: She is like so weak (duh)
[10/15/2025 07:42:59.006 PM] Message  || User: slayc127            || Channel: #purrley-pawsitive-pussy-pals        || Content: gimme.
[10/15/2025 07:43:09.974 PM] Message  || User: a1darek             || Channel: #purrley-pawsitive-pussy-pals        || Content: hey if u wanna foster her
[10/15/2025 07:43:20.667 PM] Message  || User: a1darek             || Channel: #purrley-pawsitive-pussy-pals        || Content: ~~i trust you infinitely more~~
[10/15/2025 07:43:32.328 PM] Message  || User: slayc127            || Channel: #purrley-pawsitive-pussy-pals        || Content: i cant ♥️ i work 9 hr shifts fri-sun and last time it killed her
[10/15/2025 07:43:40.731 PM] Message  || User: slayc127            || Channel: #purrley-pawsitive-pussy-pals        || Content: she in fact was resurrected
[10/15/2025 07:46:22.454 PM] Message  || User: pancakemixteamdj    || Channel: #pictures-of-the-cats                || Content: (no text; attachments=1)
[10/15/2025 07:46:23.079 PM] Action   || Name: image_intake        || Trigger: channel=551084964318543904           || Output: rows=1
[10/15/2025 07:46:29.693 PM] Message  || User: pancakemixteamdj    || Channel: #pictures-of-the-cats                || Content: This is with photo exposure on
[10/15/2025 07:46:34.203 PM] Message  || User: pancakemixteamdj    || Channel: #pictures-of-the-cats                || Content: The entire area is dark
[10/15/2025 07:46:38.466 PM] Message  || User: a1darek             || Channel: #purrley-pawsitive-pussy-pals        || Content: I fr just don't knew what the plan is once Friday comes
[10/15/2025 07:46:58.538 PM] Message  || User: pancakemixteamdj    || Channel: #pictures-of-the-cats                || Content: So Mike half way in the dark , the lights out here are not turning on
[10/15/2025 07:49:29.615 PM] Message  || User: pancakemixteamdj    || Channel: #yapper-committee                    || Content: Finally remembered to fill out the RVSP form
[10/15/2025 07:49:29.615 PM] Intent   || feed_update               ||                                               || station=Greens; dates=['2025-10-15']
[10/15/2025 07:49:29.615 PM] Action   || Name: feed_update_ignored || Trigger: station=Greens                       || Output: channel_blocked:915790807720661042
[10/15/2025 07:50:18.816 PM] Message  || User: pancakemixteamdj    || Channel: #pictures-of-the-cats                || Content: (no text; attachments=1)
[10/15/2025 07:50:19.248 PM] Action   || Name: image_intake        || Trigger: channel=551084964318543904           || Output: rows=1
[10/15/2025 07:50:58.253 PM] Message  || User: slayc127            || Channel: #purrley-pawsitive-pussy-pals        || Content: neither do i
[10/15/2025 07:51:09.926 PM] Edit     || User: a1darek             || Channel: #purrley-pawsitive-pussy-pals        || I fr just don't knew what the plan is once Friday comes -> I fr just don't kn...
[10/15/2025 07:54:08.049 PM] React+   || User: austinbaustinb      || Channel: #purrley-pawsitive-pussy-pals        || emoji=👍; msg="not really old pic but like mikey didnt ..." by m_digio
[10/15/2025 07:54:57.735 PM] Message  || User: austinbaustinb      || Channel: #purrley-pawsitive-pussy-pals        || Content: Maybe
[10/15/2025 07:55:10.386 PM] Message  || User: austinbaustinb      || Channel: #purrley-pawsitive-pussy-pals        || Content: I could also just ask tomorrow or whatever shouldn’t be too bad
[10/15/2025 07:56:25.747 PM] Message  || User: pancakemixteamdj    || Channel: #pictures-of-the-cats                || Content: Twix does not like me
[10/15/2025 07:56:26.212 PM] Action   || Name: image_intake        || Trigger: channel=551084964318543904           || Output: rows=1
[10/15/2025 07:56:31.242 PM] Message  || User: austinbaustinb      || Channel: #purrley-pawsitive-pussy-pals        || Content: I’m currently having trouble figuring out the subs stuff
[10/15/2025 07:58:29.065 PM] Message  || User: m_digio             || Channel: #purrley-pawsitive-pussy-pals        || Content: Okie
[10/15/2025 07:58:31.635 PM] Message  || User: m_digio             || Channel: #purrley-pawsitive-pussy-pals        || Content: Thanm youu
[10/15/2025 08:00:02.566 PM] Action   || Name: feeding_8pm         || Trigger: unfed=4                              || Output: sent
[10/15/2025 08:00:03.647 PM] Action   || Name: feeding_8pm         || Trigger: unfed=4                              || Output: sent
[10/15/2025 08:00:22.358 PM] React+   || User: reyesthighs         || Channel: #feeding-team                        || emoji=❓; msg="**Currently unfed stations**
• **HOP** →..." by Tom Cat
[10/15/2025 08:00:52.202 PM] Message  || User: austinbaustinb      || Channel: #purrley-pawsitive-pussy-pals        || Content: I’d love to have a way for it to just automatically understand. My w...
[10/15/2025 08:01:38.630 PM] Message  || User: austinbaustinb      || Channel: #purrley-pawsitive-pussy-pals        || Content: And if someone says they can feed, it will still ping them a reminde...
[10/15/2025 08:01:38.646 PM] Intent   || feed_update               ||                                               || station=Mary Kay and Zen; dates=['2025-10-15']
[10/15/2025 08:01:38.646 PM] Action   || Name: feed_update_ignored || Trigger: station=Mary Kay and Zen             || Output: channel_blocked:830643125784412181
[10/15/2025 08:01:53.734 PM] Message  || User: austinbaustinb      || Channel: #purrley-pawsitive-pussy-pals        || Content: But would make the “getting a sub” process quicker
[10/15/2025 08:02:05.101 PM] Message  || User: austinbaustinb      || Channel: #purrley-pawsitive-pussy-pals        || Content: But yeah probably not up by tomorrow sorry
[10/15/2025 08:02:21.604 PM] Message  || User: austinbaustinb      || Channel: #purrley-pawsitive-pussy-pals        || Content: Haven’t had a break since work this morning at 7 and dirty as hell r...
[10/15/2025 08:02:26.725 PM] React+   || User: adeyumii            || Channel: #feeding-team                        || emoji=❓; msg="**Currently unfed stations**
• **HOP** →..." by Tom Cat
[10/15/2025 08:02:31.164 PM] Message  || User: austinbaustinb      || Channel: #purrley-pawsitive-pussy-pals        || Content: Gettin my ass whooped by interests
[10/15/2025 08:02:36.229 PM] Message  || User: adeyumii            || Channel: #feeding-team                        || Content: <:angy:1423115141872091298>
[10/15/2025 08:02:45.550 PM] Message  || User: a1darek             || Channel: #yapper-committee                    || Content: do yall binge watch those jade stone gambling videos or no
[10/15/2025 08:02:50.870 PM] Message  || User: adeyumii            || Channel: #feeding-team                        || Content: @Austin B [Records Director] your son is doing shit he shouldnt
[10/15/2025 08:03:21.132 PM] React+   || User: a1darek             || Channel: #executive-board                     || emoji=‼️; msg="Just tossing this in here, the last Wedn..." by a1darek
[10/15/2025 08:03:21.648 PM] React-   || User: unknown             || Channel: #executive-board                     || emoji=‼️; msg="Just tossing this in here, the last Wedn..." by a1darek
[10/15/2025 08:03:39.176 PM] Message  || User: austinbaustinb      || Channel: #feeding-team                        || Content: I’m so tired brah how does that even happened I literally changed su...
[10/15/2025 08:03:39.180 PM] Action   || Name: intent_router_error || Trigger: type=AttributeError                  || Output: 'IntentRouter' object has no attribute '_stations_from_schedule'
[10/15/2025 08:03:42.191 PM] Message  || User: austinbaustinb      || Channel: #feeding-team                        || Content: Not even the same file
[10/15/2025 08:03:44.828 PM] Message  || User: austinbaustinb      || Channel: #feeding-team                        || Content: Sorry guys
[10/15/2025 08:05:14.242 PM] Message  || User: pancakemixteamdj    || Channel: #yapper-committee                    || Content: Those Chinese ones?
[10/15/2025 08:05:32.886 PM] Message  || User: austinbaustinb      || Channel: #feeding-team                        || Content: Check marks mean fed
[10/15/2025 08:05:54.935 PM] Message  || User: austinbaustinb      || Channel: #feeding-team                        || Content: Unchecked means not. Not home rn to check things yet so sorry for th...
[10/15/2025 08:06:10.864 PM] Message  || User: a1darek             || Channel: #yapper-committee                    || Content: yeah
[10/15/2025 08:06:30.930 PM] Message  || User: a1darek             || Channel: #yapper-committee                    || Content: Where they slap the rocks with the cash for good luck
[10/15/2025 08:10:32.104 PM] Message  || User: celeryiscelery      || Channel: #purrley-pawsitive-pussy-pals        || Content: so why couldn’t toby take avo?
[10/15/2025 08:10:44.800 PM] Message  || User: celeryiscelery      || Channel: #purrley-pawsitive-pussy-pals        || Content: also derek would you say she’s flea free?
[10/15/2025 08:10:49.047 PM] React+   || User: vasyline            || Channel: #pictures-of-the-cats                || emoji=❤️; msg=1428166881298223185
[10/15/2025 08:10:54.003 PM] React+   || User: vasyline            || Channel: #pictures-of-the-cats                || emoji=<:balloonboi:933099871257382983>; msg=1428179539405836499
[10/15/2025 08:12:33.144 PM] Message  || User: pancakemixteamdj    || Channel: #yapper-committee                    || Content: Slapping it with cash no I have not
[10/15/2025 08:13:01.971 PM] Message  || User: pancakemixteamdj    || Channel: #yapper-committee                    || Content: Just them cracking it open and then chunking it into a lake of it no...
[10/15/2025 08:15:23.535 PM] React+   || User: po1ntzero           || Channel: #pictures-of-the-cats                || emoji=❤️; msg=1428142060057399376
[10/15/2025 08:17:36.493 PM] Message  || User: a1darek             || Channel: #purrley-pawsitive-pussy-pals        || Content: I didn't really take a good look on account of her being super weak
[10/15/2025 08:17:49.378 PM] Message  || User: a1darek             || Channel: #purrley-pawsitive-pussy-pals        || Content: But I didn't see any personally but I am still taking precautions
[10/15/2025 08:18:37.010 PM] Message  || User: pancakemixteamdj    || Channel: #pictures-of-the-cats                || Content: @𓃠 miranda 𓃠
[10/15/2025 08:18:37.330 PM] Action   || Name: image_intake        || Trigger: channel=551084964318543904           || Output: rows=1
[10/15/2025 08:18:50.735 PM] Message  || User: slayc127            || Channel: #purrley-pawsitive-pussy-pals        || Content: they need her adoption paperwork and to get it approved before she w...
[10/15/2025 08:19:41.797 PM] Message  || User: adeyumii            || Channel: #pictures-of-the-cats                || Content: Mmmm
[10/15/2025 08:20:02.594 PM] Message  || User: adeyumii            || Channel: #pictures-of-the-cats                || Content: Eden on the right faye I the midfle
[10/15/2025 08:20:10.595 PM] Message  || User: pancakemixteamdj    || Channel: #pictures-of-the-cats                || Content: (no text; attachments=1)
[10/15/2025 08:20:10.991 PM] Action   || Name: image_intake        || Trigger: channel=551084964318543904           || Output: rows=1
[10/15/2025 08:20:34.207 PM] Message  || User: pancakemixteamdj    || Channel: #pictures-of-the-cats                || Content: (no text; attachments=1)
[10/15/2025 08:20:34.525 PM] Action   || Name: image_intake        || Trigger: channel=551084964318543904           || Output: rows=1
[10/15/2025 08:20:40.402 PM] Message  || User: adeyumii            || Channel: #pictures-of-the-cats                || Content: Mr stinky
[10/15/2025 08:20:52.280 PM] Message  || User: adeyumii            || Channel: #pictures-of-the-cats                || Content: This might be cassie
[10/15/2025 08:21:12.915 PM] Message  || User: pancakemixteamdj    || Channel: #pictures-of-the-cats                || Content: At least another 4 more
[10/15/2025 08:21:18.466 PM] Message  || User: pancakemixteamdj    || Channel: #pictures-of-the-cats                || Content: Plus Roosevelt
[10/15/2025 08:21:50.628 PM] Message  || User: pancakemixteamdj    || Channel: #pictures-of-the-cats                || Content: Couldn’t take pics cause car coming up behind me
[10/15/2025 08:22:05.235 PM] Message  || User: pancakemixteamdj    || Channel: #pictures-of-the-cats                || Content: They were getting fed at that place again
[10/15/2025 08:24:07.430 PM] React+   || User: simplyshadow171295  || Channel: #feeding-team                        || emoji=❓; msg="**Currently unfed stations**
• **HOP** →..." by Tom Cat
[10/15/2025 08:34:21.456 PM] React+   || User: .bettercalljack     || Channel: #pictures-of-the-cats                || emoji=<:balloonboi:933099871257382983>; msg=1428179539405836499
[10/15/2025 08:39:00.348 PM] React+   || User: celeryiscelery      || Channel: #purrley-pawsitive-pussy-pals        || emoji=<:gaga:1413361490634870969>; msg="they need her adoption paperwork and ...
[10/15/2025 08:39:58.732 PM] Message  || User: frostfire312        || Channel: #feeding-team                        || Content: (no text; attachments=5)
[10/15/2025 08:40:12.269 PM] Message  || User: frostfire312        || Channel: #feeding-team                        || Content: Hop and lot 50 fed and weird red liquid
[10/15/2025 08:40:12.275 PM] Intent   || feed_update               ||                                               || station=HOP; dates=['2025-10-15']
[10/15/2025 08:40:13.773 PM] Action   || Name: sheet_mark          || Trigger: station=HOP date=2025-10-15          || Output: ok
[10/15/2025 08:40:13.773 PM] Action   || Name: feed_update         || Trigger: station=HOP; dates=2025-10-15        || Output: ok
[10/15/2025 08:40:15.543 PM] Action   || Name: sheet_mark          || Trigger: station=Lot 50 date=2025-10-15       || Output: ok
[10/15/2025 08:40:15.543 PM] Action   || Name: feed_update         || Trigger: station=Lot 50; dates=2025-10-15     || Output: ok
[10/15/2025 08:41:46.832 PM] Message  || User: m_digio             || Channel: #feeding-team                        || Content: erm
[10/15/2025 08:49:01.489 PM] Message  || User: austinbaustinb      || Channel: #purrley-pawsitive-pussy-pals        || Content: Card declined at Walmart
[10/15/2025 08:49:03.565 PM] Message  || User: austinbaustinb      || Channel: #purrley-pawsitive-pussy-pals        || Content: I’m cooked brah
[10/15/2025 08:49:30.767 PM] Message  || User: austinbaustinb      || Channel: #purrley-pawsitive-pussy-pals        || Content: I jk I just bought 2 many candies and didn’t transfer enough money
[10/15/2025 08:49:44.214 PM] Message  || User: m_digio             || Channel: #purrley-pawsitive-pussy-pals        || Content: god i love candles
[10/15/2025 08:49:56.613 PM] Message  || User: m_digio             || Channel: #purrley-pawsitive-pussy-pals        || Content: i like to light two at a time and make a new scent
[10/15/2025 08:49:57.429 PM] Message  || User: adeyumii            || Channel: #feeding-team                        || Content: someone on their period while commando /lh
[10/15/2025 08:53:13.913 PM] React+   || User: simplyshadow171295  || Channel: #feeding-team                        || emoji=😭; msg="someone on their period while commando /..." by adeyumii
[10/15/2025 08:53:31.630 PM] Message  || User: austinbaustinb      || Channel: #purrley-pawsitive-pussy-pals        || Content: We did also get candles too but my hearts in it for the sweets
[10/15/2025 08:53:46.642 PM] Message  || User: austinbaustinb      || Channel: #purrley-pawsitive-pussy-pals        || Content: I actually love candles when working from home it gives me something...
[10/15/2025 08:53:52.919 PM] Message  || User: austinbaustinb      || Channel: #purrley-pawsitive-pussy-pals        || Content: Primal urge to sit around a campfire
[10/15/2025 08:53:53.028 PM] Message  || User: m_digio             || Channel: #purrley-pawsitive-pussy-pals        || Content: omg i read that as candles
[10/15/2025 08:54:04.250 PM] Message  || User: m_digio             || Channel: #purrley-pawsitive-pussy-pals        || Content: literally thought you said candles not candies
[10/15/2025 08:54:05.904 PM] React+   || User: austinbaustinb      || Channel: #purrley-pawsitive-pussy-pals        || emoji=❤️; msg="omg i read that as candles" by m_digio
[10/15/2025 08:54:07.377 PM] Message  || User: austinbaustinb      || Channel: #purrley-pawsitive-pussy-pals        || Content: Figured :-)
[10/15/2025 08:56:09.564 PM] Message  || User: racerdg             || Channel: #pictures-of-the-cats                || Content: (no text; attachments=1)
[10/15/2025 09:00:30.108 PM] Message  || User: austinbaustinb      || Channel: #purrley-pawsitive-pussy-pals        || Content: Figured :-)
[10/15/2025 09:00:50.461 PM] Delete   || User: austinbaustinb      || Channel: #purrley-pawsitive-pussy-pals        || Content: Figured :-)
[10/15/2025 09:01:04.748 PM] React+   || User: nicoleguajardo      || Channel: #feeding-team                        || emoji=😭; msg="someone on their period while commando /..." by adeyumii
[10/15/2025 09:01:33.424 PM] Message  || User: austinbaustinb      || Channel: #purrley-pawsitive-pussy-pals        || Content: (no text; attachments=1)
[10/15/2025 09:01:47.116 PM] React+   || User: austinbaustinb      || Channel: #feeding-team                        || emoji=❓; msg="**Currently unfed stations**
• **HOP** →..." by Tom Cat
[10/15/2025 09:02:25.132 PM] Message  || User: austinbaustinb      || Channel: #thomas-cat-sandbox                  || Content: Meow
[10/15/2025 09:02:25.348 PM] Action   || Name: handle_misc         || Trigger: trigger=Meow                         || Output: meow? :3
[10/15/2025 09:03:01.755 PM] React+   || User: not_d3fault_1420    || Channel: #pictures-of-the-cats                || emoji=❤️; msg=1428142060057399376
[10/15/2025 09:03:26.065 PM] React+   || User: not_d3fault_1420    || Channel: #pictures-of-the-cats                || emoji=❤️; msg=1428166881298223185
[10/15/2025 09:03:39.393 PM] React+   || User: not_d3fault_1420    || Channel: #pictures-of-the-cats                || emoji=<:balloonboi:933099871257382983>; msg=1428179539405836499
[10/15/2025 09:04:46.296 PM] React+   || User: nostalgicsapphic    || Channel: #purrley-pawsitive-pussy-pals        || emoji=😭; msg="A second thumbnail has hit pppp" by _rambone_
[10/15/2025 09:04:46.735 PM] Message  || User: not_d3fault_1420    || Channel: #pictures-of-the-cats                || Content: he looks like a rotisserie chicken
[10/15/2025 09:06:54.536 PM] Message  || User: m_digio             || Channel: #purrley-pawsitive-pussy-pals        || Content: oh hell yeah
[10/15/2025 09:21:38.466 PM] Message  || User: bubblebee5866       || Channel: #feeding-team                        || Content: Maybe someone was eating a popsicle??
[10/15/2025 09:26:35.694 PM] React+   || User: austinbaustinb      || Channel: #purrley-pawsitive-pussy-pals        || emoji=❤️; msg="oh hell yeah" by m_digio
[10/15/2025 09:27:53.301 PM] React+   || User: lemonelon_          || Channel: #feeding-team                        || emoji=🙏; msg="Thanks" by kitadan
[10/15/2025 09:28:02.765 PM] React+   || User: orphean_            || Channel: #feeding-team                        || emoji=😭; msg="someone on their period while commando /..." by adeyumii
[10/15/2025 09:33:35.848 PM] React+   || User: bubblebee5866       || Channel: #pet-pictures                        || emoji=😭; msg=1428092587599728750
[10/15/2025 09:33:39.782 PM] React+   || User: bubblebee5866       || Channel: #pet-pictures                        || emoji=❤️; msg=1428095948369952941
[10/15/2025 09:36:36.615 PM] Message  || User: .bettercalljack     || Channel: #pictures-of-the-cats                || Content: I love cats who don't even get up to play fight
[10/15/2025 10:18:21.515 PM] Message  || User: racerdg             || Channel: #pictures-of-the-cats                || Content: (no text; attachments=1)
[10/15/2025 10:18:21.870 PM] Action   || Name: image_intake        || Trigger: channel=551084964318543904           || Output: rows=1
[10/15/2025 10:21:14.834 PM] React+   || User: bubblebee5866       || Channel: #pictures-of-the-cats                || emoji=🩷; msg=1428220496331276365
[10/15/2025 10:21:32.914 PM] Message  || User: bubblebee5866       || Channel: #pictures-of-the-cats                || Content: So smol 🥺
[10/15/2025 10:21:53.225 PM] Message  || User: bubblebee5866       || Channel: #pictures-of-the-cats                || Content: Like chickem nugget
[10/15/2025 10:22:48.235 PM] React+   || User: simplyshadow171295  || Channel: #pictures-of-the-cats                || emoji=🩷; msg=1428220496331276365
[10/15/2025 10:23:07.740 PM] Message  || User: simplyshadow171295  || Channel: #pictures-of-the-cats                || Content: she had lunch with her sister earlier today, did they drink water?
[10/15/2025 10:23:28.532 PM] Message  || User: racerdg             || Channel: #pictures-of-the-cats                || Content: the sprinklers where you put the wet food went off so the bowl was f...
[10/15/2025 10:23:28.548 PM] Intent   || feed_update               ||                                               || station=West Hall; dates=['2025-10-15']
[10/15/2025 10:23:28.548 PM] Action   || Name: feed_update_ignored || Trigger: station=West Hall                    || Output: channel_blocked:551084964318543904
[10/15/2025 10:23:36.689 PM] Message  || User: racerdg             || Channel: #pictures-of-the-cats                || Content: at least i think rhats what happened
[10/15/2025 10:23:50.115 PM] Message  || User: racerdg             || Channel: #pictures-of-the-cats                || Content: if you put the water in there idk i couldnt tell
[10/15/2025 10:24:00.210 PM] Message  || User: racerdg             || Channel: #pictures-of-the-cats                || Content: but i think so
[10/15/2025 10:25:23.076 PM] Message  || User: simplyshadow171295  || Channel: #pictures-of-the-cats                || Content: yes i’d put water in there at 4:30 or 5 ish. whenever they finished ...
[10/15/2025 10:25:39.685 PM] Message  || User: simplyshadow171295  || Channel: #pictures-of-the-cats                || Content: we will go by again tomorrow to feed them as we’d been doing before tnr
[10/15/2025 10:27:06.423 PM] Message  || User: racerdg             || Channel: #pictures-of-the-cats                || Content: ah cool
[10/15/2025 10:27:12.941 PM] Message  || User: racerdg             || Channel: #pictures-of-the-cats                || Content: the bush was wet so i wasnt sure lol
[10/15/2025 10:27:19.675 PM] React+   || User: m_digio             || Channel: #pictures-of-the-cats                || emoji=🩷; msg=1428220496331276365
[10/15/2025 10:28:00.383 PM] Message  || User: racerdg             || Channel: #pictures-of-the-cats                || Content: (no text; attachments=2)
[10/15/2025 10:28:00.984 PM] Action   || Name: image_intake        || Trigger: channel=551084964318543904           || Output: rows=2
[10/15/2025 10:30:16.473 PM] Message  || User: racerdg             || Channel: #pictures-of-the-cats                || Content: oh also when i was there i saw the church lady that feeds the cats i...
[10/15/2025 10:30:51.435 PM] Message  || User: simplyshadow171295  || Channel: #pictures-of-the-cats                || Content: yes we walked past her yesterday. we have no business at the student...
[10/15/2025 10:31:52.915 PM] React+   || User: .bettercalljack     || Channel: #pictures-of-the-cats                || emoji=🩷; msg=1428220496331276365
[10/15/2025 10:32:22.547 PM] Message  || User: racerdg             || Channel: #bot-spam                            || Content: tomcat show me temiquini
[10/15/2025 10:32:22.555 PM] Intent   || show_photo                ||                                               || cat=Temiquini
[10/15/2025 10:32:40.844 PM] Message  || User: racerdg             || Channel: #bot-spam                            || Content: understandable
[10/15/2025 10:33:01.421 PM] Message  || User: simplyshadow171295  || Channel: #bot-spam                            || Content: throwing hands
[10/15/2025 10:33:18.250 PM] Message  || User: simplyshadow171295  || Channel: #bot-spam                            || Content: temiquini’s the torbie. itzel’s the calico with the orange face
[10/15/2025 10:34:57.350 PM] React+   || User: racerdg             || Channel: #bot-spam                            || emoji=👍; msg="temiquini’s the torbie. itzel’s the cali..." by simplyshadow171295
[10/15/2025 10:36:10.495 PM] Message  || User: racerdg             || Channel: #pictures-of-the-cats                || Content: (no text; attachments=1)
[10/15/2025 10:36:11.007 PM] Action   || Name: image_intake        || Trigger: channel=551084964318543904           || Output: rows=1
[10/15/2025 10:37:18.864 PM] Message  || User: simplyshadow171295  || Channel: #pictures-of-the-cats                || Content: oh god not this hoe
[10/15/2025 10:39:59.555 PM] Message  || User: simplyshadow171295  || Channel: #pictures-of-the-cats                || Content: probably a tom looking for atzi. paquini had already been waiting fo...
[10/15/2025 10:40:14.265 PM] Message  || User: simplyshadow171295  || Channel: #pictures-of-the-cats                || Content: he’ll either get with itztli or move on
[10/15/2025 10:41:25.403 PM] Message  || User: adeyumii            || Channel: #pictures-of-the-cats                || Content: Do yk who that looks like that I know it isn't <:catgasp:93309380493...
[10/15/2025 10:43:33.011 PM] Message  || User: racerdg             || Channel: #pictures-of-the-cats                || Content: pencil?
[10/15/2025 10:44:03.748 PM] Message  || User: orphean_            || Channel: #feeding-team                        || Content: perchance
[10/15/2025 10:44:34.708 PM] Message  || User: simplyshadow171295  || Channel: #pictures-of-the-cats                || Content: could be pencil 2 but i thought he was a bit darker
[10/15/2025 10:45:23.860 PM] React+   || User: orphean_            || Channel: #external-adoption-ads               || emoji=❤️; msg="We got it handled! No worries on this re..." by pixxidxst
[10/15/2025 10:47:29.515 PM] Message  || User: simplyshadow171295  || Channel: #pictures-of-the-cats                || Content: guess i should send my expedition pics from earlier
[10/15/2025 10:47:30.355 PM] Action   || Name: image_intake        || Trigger: channel=551084964318543904           || Output: rows=7
[10/15/2025 10:49:21.885 PM] Message  || User: austinbaustinb      || Channel: #bot-spam                            || Content: Tomcat who is temiquini
[10/15/2025 10:49:21.885 PM] Intent   || who_is                    ||                                               || cat=Temiquini
[10/15/2025 10:49:31.628 PM] Message  || User: austinbaustinb      || Channel: #bot-spam                            || Content: Yeah no pics yet ig
[10/15/2025 10:51:24.626 PM] React+   || User: kitadan             || Channel: #bot-spam                            || emoji=👍; msg="temiquini’s the torbie. itzel’s the cali..." by simplyshadow171295
[10/15/2025 10:51:33.345 PM] React+   || User: kitadan             || Channel: #pictures-of-the-cats                || emoji=🩷; msg=1428220496331276365
[10/15/2025 10:52:43.798 PM] React+   || User: kitadan             || Channel: #pictures-of-the-cats                || emoji=❤️; msg="guess i should send my expedition pics f..." by simplyshadow17...
[10/15/2025 10:53:25.893 PM] Message  || User: kitadan             || Channel: #bot-spam                            || Content: Tomcat show me Lard
[10/15/2025 10:53:25.893 PM] Intent   || show_photo                ||                                               || cat=Lard
[10/15/2025 10:54:38.296 PM] Message  || User: simplyshadow171295  || Channel: #bot-spam                            || Content: she’s got plenty, tomcat’s just weird
[10/15/2025 10:54:52.407 PM] Message  || User: austinbaustinb      || Channel: #bot-spam                            || Content: It’s the “show me” function still
[10/15/2025 10:54:52.795 PM] Message  || User: kitadan             || Channel: #pictures-of-the-cats                || Content: Yep that could be Lard based upon  dark band on right front leg.
[10/15/2025 10:54:58.283 PM] Message  || User: simplyshadow171295  || Channel: #bot-spam                            || Content: thought so
[10/15/2025 10:55:14.047 PM] React+   || User: simplyshadow171295  || Channel: #pictures-of-the-cats                || emoji=‼️; msg="Yep that could be Lard based upon  dark ..." by kitadan
[10/15/2025 10:55:20.003 PM] Message  || User: adeyumii            || Channel: #pictures-of-the-cats                || Content: volunteering Ben to go scope it out
[10/15/2025 10:55:28.127 PM] Message  || User: simplyshadow171295  || Channel: #pictures-of-the-cats                || Content: that’s actually crazy
[10/15/2025 10:55:31.492 PM] Message  || User: austinbaustinb      || Channel: #bot-spam                            || Content: I have a separate sheet that I need to run to download all the new p...
[10/15/2025 10:55:51.235 PM] Message  || User: austinbaustinb      || Channel: #bot-spam                            || Content: Basically adding some really dumb metadata
[10/15/2025 10:56:01.713 PM] Message  || User: simplyshadow171295  || Channel: #pictures-of-the-cats                || Content: my only concern is the lack of tom cheeks
[10/15/2025 10:56:11.417 PM] Message  || User: simplyshadow171295  || Channel: #bot-spam                            || Content: raaah
[10/15/2025 10:56:11.786 PM] Message  || User: adeyumii            || Channel: #pictures-of-the-cats                || Content: Lowk this tom isn't scruffy enough to be lard
[10/15/2025 10:56:25.642 PM] Message  || User: simplyshadow171295  || Channel: #pictures-of-the-cats                || Content: yeah
[10/15/2025 10:56:36.235 PM] Message  || User: void_now            || Channel: #pictures-of-the-cats                || Content: oh wow
[10/15/2025 10:56:37.986 PM] Message  || User: simplyshadow171295  || Channel: #pictures-of-the-cats                || Content: i’m also lowk refusing to give it a name because it’ll be gone by ne...
[10/15/2025 10:56:39.585 PM] Message  || User: kitadan             || Channel: #pictures-of-the-cats                || Content: Yeah never mind
[10/15/2025 10:56:53.302 PM] Message  || User: adeyumii            || Channel: #pictures-of-the-cats                || Content: I thought you liked lard
[10/15/2025 10:57:05.748 PM] Message  || User: adeyumii            || Channel: #pictures-of-the-cats                || Content: I thought of you because you like Mr lard 😔
[10/15/2025 10:57:10.187 PM] Message  || User: simplyshadow171295  || Channel: #pictures-of-the-cats                || Content: you’re sending him like a lamb to slaughter
[10/15/2025 10:57:16.542 PM] Message  || User: void_now            || Channel: #pictures-of-the-cats                || Content: Atlas gets it
[10/15/2025 10:57:21.732 PM] Message  || User: void_now            || Channel: #pictures-of-the-cats                || Content: And it’s laaaate
[10/15/2025 10:57:29.223 PM] Message  || User: void_now            || Channel: #pictures-of-the-cats                || Content: I just showered 💔
[10/15/2025 10:57:31.213 PM] Message  || User: simplyshadow171295  || Channel: #pictures-of-the-cats                || Content: leave church cats alone at night .. they’re creepy kitties
[10/15/2025 10:57:45.224 PM] Message  || User: simplyshadow171295  || Channel: #pictures-of-the-cats                || Content: /silly
[10/15/2025 10:58:05.298 PM] Message  || User: adeyumii            || Channel: #pictures-of-the-cats                || Content: Atlas this is the same cat you said had too few pixels to ID when Fe...
[10/15/2025 10:58:24.786 PM] Message  || User: simplyshadow171295  || Channel: #pictures-of-the-cats                || Content: yes
[10/15/2025 10:58:47.264 PM] Message  || User: simplyshadow171295  || Channel: #pictures-of-the-cats                || Content: not one of our cats though
[10/15/2025 10:58:49.232 PM] Message  || User: adeyumii            || Channel: #pictures-of-the-cats                || Content: Also is that cloudy and Citlali in the last pic ????
[10/15/2025 10:59:18.922 PM] Message  || User: simplyshadow171295  || Channel: #pictures-of-the-cats                || Content: THAT’S WHAT I THOUGHT BUT THAT’S LIKE A LITERAL KITTEN I THINK
[10/15/2025 10:59:19.651 PM] Action   || Name: image_intake        || Trigger: channel=551084964318543904           || Output: rows=1
[10/15/2025 10:59:39.011 PM] Message  || User: adeyumii            || Channel: #pictures-of-the-cats                || Content: omfg
[10/15/2025 10:59:54.745 PM] Message  || User: adeyumii            || Channel: #pictures-of-the-cats                || Content: Whose random ass kid is that wtf
[10/15/2025 11:00:04.270 PM] Message  || User: simplyshadow171295  || Channel: #pictures-of-the-cats                || Content: it has to be that cat’s kitten too because it was rubbing against th...
[10/15/2025 11:00:18.399 PM] Message  || User: adeyumii            || Channel: #pictures-of-the-cats                || Content: Interesting
[10/15/2025 11:00:41.461 PM] Message  || User: adeyumii            || Channel: #pictures-of-the-cats                || Content: Yea none of the other colonies are affectionate with non family memb...
[10/15/2025 11:01:00.120 PM] Message  || User: simplyshadow171295  || Channel: #pictures-of-the-cats                || Content: actually @emiximez this could be the cats you saw that one time? the...
[10/15/2025 11:14:44.359 PM] React+   || User: moineau_l.oiseau    || Channel: #pet-pictures                        || emoji=😭; msg=1428092587599728750
[10/15/2025 11:15:07.581 PM] React+   || User: moineau_l.oiseau    || Channel: #pet-pictures                        || emoji=🤣; msg="https://tenor.com/view/angai313-lebron-j..." by mochenoch
[10/15/2025 11:15:10.469 PM] React+   || User: moineau_l.oiseau    || Channel: #pet-pictures                        || emoji=❤️; msg=1428095948369952941
[10/15/2025 11:15:40.005 PM] React+   || User: moineau_l.oiseau    || Channel: #executive-board                     || emoji=‼️; msg="Just tossing this in here, the last Wedn..." by a1darek
[10/15/2025 11:15:41.145 PM] React+   || User: moineau_l.oiseau    || Channel: #executive-board                     || emoji=🔥; msg="Just tossing this in here, the last Wedn..." by a1darek
[10/15/2025 11:16:06.061 PM] React+   || User: moineau_l.oiseau    || Channel: #executive-board                     || emoji=👍; msg="Just tossing this in here, the last Wedn..." by a1darek
[10/15/2025 11:19:02.232 PM] React+   || User: moineau_l.oiseau    || Channel: #feeding-team                        || emoji=😭; msg="someone on their period while commando /..." by adeyumii
[10/15/2025 11:23:19.349 PM] Message  || User: austinbaustinb      || Channel: #purrley-pawsitive-pussy-pals        || Content: Saturday plans
[10/15/2025 11:24:01.437 PM] Message  || User: m_digio             || Channel: #purrley-pawsitive-pussy-pals        || Content: Sounds like a good Saturday
[10/15/2025 11:31:03.059 PM] Message  || User: austinbaustinb      || Channel: #purrley-pawsitive-pussy-pals        || Content: Fr like blueberry syrup on some pancakes wayyy too early in the morning
[10/15/2025 11:31:21.096 PM] Message  || User: austinbaustinb      || Channel: #purrley-pawsitive-pussy-pals        || Content: Then she goes to work and I get to work on being petty
[10/15/2025 11:31:51.893 PM] Message  || User: a1darek             || Channel: #purrley-pawsitive-pussy-pals        || Content: Id mill for some ihop right now
[10/15/2025 11:31:57.424 PM] Edit     || User: a1darek             || Channel: #purrley-pawsitive-pussy-pals        || Id mill for some ihop right now -> Id kill for some ihop right now
[10/15/2025 11:35:03.739 PM] Message  || User: austinbaustinb      || Channel: #purrley-pawsitive-pussy-pals        || Content: 24/7 my brother
[10/15/2025 11:35:06.976 PM] Message  || User: austinbaustinb      || Channel: #purrley-pawsitive-pussy-pals        || Content: Be free
[10/15/2025 11:45:13.849 PM] Message  || User: spitonme            || Channel: #memes                               || Content: https://www.instagram.com/reel/DOZrKOQj29u/?igsh=MXh4cGdvcGpuNmRjZw==
[10/15/2025 11:45:15.563 PM] Edit     || User: spitonme            || Channel: #memes                               || https://www.instagram.com/reel/DOZrKOQj29u/?igsh=MXh4cGdvcGpuNmRjZw== -> http...
[10/15/2025 11:46:02.369 PM] Message  || User: spitonme            || Channel: #memes                               || Content: sora 2 my beloathed
[10/15/2025 11:46:22.645 PM] React+   || User: lemonelon_          || Channel: #memes                               || emoji=❤️; msg="sora 2 my beloathed" by spitonme
[10/15/2025 11:58:01.402 PM] Message  || User: kitadan             || Channel: #yapper-committee                    || Content: @Derek [TNR] @Megan [Feeding Head & PR]   Just showing something tha...
