[10/23/2025 12:03:47.527 AM] Message  || User: m_digio             || Channel: #bot-spam                            || Content: Stupid
[10/23/2025 12:04:46.689 AM] Action   || Name: gmail_log_scheduler || Trigger: found=1                              || Output: logged=0
[10/23/2025 12:04:46.727 AM] Action   || Name: finance_skip_dup... || Trigger: buffer                               || Output: Sophia Herrera $6.00 on 2025-08-26
[10/23/2025 12:04:46.727 AM] Action   || Name: finance_skip_dup... || Trigger: buffer                               || Output: Jordin Baylee $5.00 on 2025-08-26
[10/23/2025 12:04:46.729 AM] Action   || Name: finance_skip_dup... || Trigger: buffer                               || Output: Axel Torres $24.25 on 2025-08-22
[10/23/2025 12:04:46.765 AM] Action   || Name: finance_skip_dup... || Trigger: buffer                               || Output: Megan Digiovanni $47.62 on 2025-08-26
[10/23/2025 12:04:46.765 AM] Action   || Name: finance_skip_dup... || Trigger: buffer                               || Output: M. Padron $20.00 on 2025-08-26
[10/23/2025 12:04:46.765 AM] Action   || Name: finance_skip_dup... || Trigger: buffer                               || Output: Sophia Herrera $6.00 on 2025-08-26
[10/23/2025 12:04:46.765 AM] Action   || Name: finance_skip_dup... || Trigger: buffer                               || Output: Addison Loera $8.00 on 2025-08-26
[10/23/2025 12:04:46.781 AM] Action   || Name: finance_skip_dup... || Trigger: buffer                               || Output: Amber Thomas $5.00 on 2025-08-26
[10/23/2025 12:04:46.781 AM] Action   || Name: finance_skip_dup... || Trigger: buffer                               || Output: Jordin Baylee $5.00 on 2025-08-26
[10/23/2025 12:04:46.781 AM] Action   || Name: finance_skip_dup... || Trigger: buffer                               || Output: Kathleen Cantu $1.00 on 2025-08-26
[10/23/2025 12:04:46.781 AM] Action   || Name: finance_skip_dup... || Trigger: buffer                               || Output: Amber Thomas $3.00 on 2025-08-26
[10/23/2025 12:04:46.781 AM] Action   || Name: finance_skip_dup... || Trigger: buffer                               || Output: Rob Jimenez $3.00 on 2025-08-26
[10/23/2025 12:04:46.781 AM] Action   || Name: finance_skip_dup... || Trigger: buffer                               || Output: Daniel Brantley $3.00 on 2025-08-26
[10/23/2025 12:04:46.781 AM] Action   || Name: finance_skip_dup... || Trigger: buffer                               || Output: Isabella Klein $9.70 on 2025-08-26
[10/23/2025 12:04:46.781 AM] Action   || Name: finance_skip_dup... || Trigger: buffer                               || Output: Wix $25.98 on 2025-08-26
[10/23/2025 12:04:46.781 AM] Action   || Name: finance_skip_dup... || Trigger: buffer                               || Output: Nelda Hernandez $2.00 on 2025-08-26
[10/23/2025 12:04:46.781 AM] Action   || Name: finance_skip_dup... || Trigger: buffer                               || Output: Troy Broome $1.00 on 2025-08-26
[10/23/2025 12:04:46.781 AM] Action   || Name: finance_skip_dup... || Trigger: buffer                               || Output: Div Bits $2.00 on 2025-08-26
[10/23/2025 12:04:46.781 AM] Action   || Name: finance_skip_dup... || Trigger: buffer                               || Output: Jacob Sandoval $1.00 on 2025-08-26
[10/23/2025 12:04:46.781 AM] Action   || Name: finance_skip_dup... || Trigger: buffer                               || Output: Aubrey Cunningham $10.00 on 2025-08-26
[10/23/2025 12:04:46.781 AM] Action   || Name: finance_skip_dup... || Trigger: buffer                               || Output: Maxwell Preston $5.00 on 2025-08-26
[10/23/2025 12:04:46.781 AM] Action   || Name: finance_skip_dup... || Trigger: buffer                               || Output: Sophia Herrera $6.00 on 2025-08-26
[10/23/2025 12:04:46.781 AM] Action   || Name: finance_skip_dup... || Trigger: buffer                               || Output: Derek Fuentes $25.98 on 2025-08-26
[10/23/2025 12:04:46.781 AM] Action   || Name: finance_skip_dup... || Trigger: buffer                               || Output: Miguel V $5.00 on 2025-08-26
[10/23/2025 12:04:46.797 AM] Action   || Name: finance_skip_dup... || Trigger: buffer                               || Output: Nelda Hernandez $3.00 on 2025-08-26
[10/23/2025 12:04:46.797 AM] Action   || Name: finance_skip_dup... || Trigger: buffer                               || Output: Megan Digiovanni $130.00 on 2025-08-26
[10/23/2025 12:04:46.797 AM] Action   || Name: finance_skip_dup... || Trigger: buffer                               || Output: Pedro Savala $5.00 on 2025-08-27
[10/23/2025 12:04:46.797 AM] Action   || Name: finance_skip_dup... || Trigger: buffer                               || Output: Jonathan Mcgeever $5.00 on 2025-08-27
[10/23/2025 12:04:46.797 AM] Action   || Name: finance_skip_dup... || Trigger: buffer                               || Output: NNT PETSMART # $32.46 on 2025-08-06
[10/23/2025 12:04:46.797 AM] Action   || Name: finance_skip_dup... || Trigger: buffer                               || Output: Py Store Here Pantego $54.00 on 2025-08-20
[10/23/2025 12:04:46.797 AM] Action   || Name: finance_skip_dup... || Trigger: buffer                               || Output: Megan Digiovanni $74.92 on 2025-07-30
[10/23/2025 12:04:46.797 AM] Action   || Name: finance_skip_dup... || Trigger: buffer                               || Output: TOMAHAWK LIVE TRAP $581.62 on 2025-05-12
[10/23/2025 12:04:46.797 AM] Action   || Name: finance_skip_dup... || Trigger: buffer                               || Output: TOMAHAWK LIVE TRAP $581.62 on 2025-05-12
[10/23/2025 12:04:46.797 AM] Action   || Name: finance_skip_dup... || Trigger: buffer                               || Output: Richa  Desai $6.00 on 2025-10-22
[10/23/2025 12:04:46.797 AM] Action   || Name: finance_skip_dup... || Trigger: buffer                               || Output: Sophia Herrera $5.00 on 2025-10-22
[10/23/2025 12:04:46.797 AM] Action   || Name: finance_skip_dup... || Trigger: buffer                               || Output: Muhammed  Abdalrahman $10.00 on 2025-10-22
[10/23/2025 12:04:49.346 AM] Action   || Name: finance_skip_dup... || Trigger: kind=income                          || Output: Cynthia griffith $10.00 on 2025-04-16
[10/23/2025 12:04:49.346 AM] Action   || Name: finance_skip_dup... || Trigger: kind=income                          || Output: Caleb Moran $4.00 on 2025-04-16
[10/23/2025 12:04:49.346 AM] Action   || Name: finance_skip_dup... || Trigger: kind=income                          || Output: Alberto $6.00 on 2025-04-16
[10/23/2025 12:04:49.346 AM] Action   || Name: finance_skip_dup... || Trigger: kind=income                          || Output: Jacob Sandoval $2.91 on 2025-04-16
[10/23/2025 12:04:49.346 AM] Action   || Name: finance_skip_dup... || Trigger: kind=income                          || Output: tay $5.00 on 2025-04-16
[10/23/2025 12:04:49.346 AM] Action   || Name: finance_skip_dup... || Trigger: kind=income                          || Output: Nelda Hernandez $2.00 on 2025-04-16
[10/23/2025 12:04:49.346 AM] Action   || Name: finance_skip_dup... || Trigger: kind=income                          || Output: Maria Olds $10.00 on 2025-04-16
[10/23/2025 12:04:49.346 AM] Action   || Name: finance_skip_dup... || Trigger: kind=income                          || Output: Mario Rodriguez $3.00 on 2025-04-16
[10/23/2025 12:04:49.346 AM] Action   || Name: finance_skip_dup... || Trigger: kind=income                          || Output: Elisha Taylor $5.00 on 2025-04-16
[10/23/2025 12:04:49.346 AM] Action   || Name: finance_skip_dup... || Trigger: kind=income                          || Output: Jacob Sandoval $3.00 on 2025-04-16
[10/23/2025 12:04:49.346 AM] Action   || Name: finance_skip_dup... || Trigger: kind=income                          || Output: Isabella Klein $9.70 on 2025-08-26
[10/23/2025 12:04:49.362 AM] Action   || Name: finance_skip_dup... || Trigger: kind=income                          || Output: Nelda Hernandez $2.00 on 2025-08-26
[10/23/2025 12:04:49.362 AM] Action   || Name: finance_skip_dup... || Trigger: kind=income                          || Output: Troy Broome $1.00 on 2025-08-26
[10/23/2025 12:04:49.362 AM] Action   || Name: finance_skip_dup... || Trigger: kind=income                          || Output: Div Bits $2.00 on 2025-08-26
[10/23/2025 12:04:49.362 AM] Action   || Name: finance_skip_dup... || Trigger: kind=income                          || Output: Jacob Sandoval $1.00 on 2025-08-26
[10/23/2025 12:04:49.362 AM] Action   || Name: finance_skip_dup... || Trigger: kind=income                          || Output: Aubrey Cunningham $10.00 on 2025-08-26
[10/23/2025 12:04:49.362 AM] Action   || Name: finance_skip_dup... || Trigger: kind=income                          || Output: Maxwell Preston $5.00 on 2025-08-26
[10/23/2025 12:04:49.362 AM] Action   || Name: finance_skip_dup... || Trigger: kind=income                          || Output: Sophia Herrera $6.00 on 2025-08-26
[10/23/2025 12:04:49.362 AM] Action   || Name: finance_skip_dup... || Trigger: kind=income                          || Output: Miguel V $5.00 on 2025-08-26
[10/23/2025 12:04:49.362 AM] Action   || Name: finance_skip_dup... || Trigger: kind=income                          || Output: Nelda Hernandez $3.00 on 2025-08-26
[10/23/2025 12:04:49.362 AM] Action   || Name: finance_skip_dup... || Trigger: kind=income                          || Output: Megan Digiovanni $130.00 on 2025-08-26
[10/23/2025 12:04:49.362 AM] Action   || Name: finance_skip_dup... || Trigger: kind=income                          || Output: Pedro Savala $5.00 on 2025-08-27
[10/23/2025 12:04:49.362 AM] Action   || Name: finance_skip_dup... || Trigger: kind=income                          || Output: Jonathan Mcgeever $5.00 on 2025-08-27
[10/23/2025 12:04:49.362 AM] Action   || Name: finance_skip_dup... || Trigger: kind=income                          || Output: Axel Torres $24.25 on 2025-08-22
[10/23/2025 12:04:49.362 AM] Action   || Name: finance_skip_dup... || Trigger: kind=income                          || Output: M. Padron $20.00 on 2025-08-26
[10/23/2025 12:04:49.362 AM] Action   || Name: finance_skip_dup... || Trigger: kind=income                          || Output: Addison Loera $8.00 on 2025-08-26
[10/23/2025 12:04:49.362 AM] Action   || Name: finance_skip_dup... || Trigger: kind=income                          || Output: Amber Thomas $5.00 on 2025-08-26
[10/23/2025 12:04:49.378 AM] Action   || Name: finance_skip_dup... || Trigger: kind=income                          || Output: Kathleen Cantu $1.00 on 2025-08-26
[10/23/2025 12:04:49.378 AM] Action   || Name: finance_skip_dup... || Trigger: kind=income                          || Output: Amber Thomas $3.00 on 2025-08-26
[10/23/2025 12:04:49.378 AM] Action   || Name: finance_skip_dup... || Trigger: kind=income                          || Output: Rob Jimenez $3.00 on 2025-08-26
[10/23/2025 12:04:49.378 AM] Action   || Name: finance_skip_dup... || Trigger: kind=income                          || Output: Daniel Brantley $3.00 on 2025-08-26
[10/23/2025 12:04:49.378 AM] Action   || Name: finance_skip_dup... || Trigger: kind=income                          || Output: Kristyn Jackson $9.00 on 2025-10-22
[10/23/2025 12:04:49.378 AM] Action   || Name: finance_skip_dup... || Trigger: kind=income                          || Output: Victoria Elkins $5.00 on 2025-10-22
[10/23/2025 12:04:49.378 AM] Action   || Name: finance_skip_dup... || Trigger: kind=income                          || Output: Alexander  Martinez $3.00 on 2025-10-22
[10/23/2025 12:04:49.378 AM] Action   || Name: finance_skip_dup... || Trigger: kind=income                          || Output: Emily Lanham $6.00 on 2025-10-22
[10/23/2025 12:04:49.378 AM] Action   || Name: finance_skip_dup... || Trigger: kind=income                          || Output: Mariah Hall $3.00 on 2025-10-22
[10/23/2025 12:04:49.378 AM] Action   || Name: finance_skip_dup... || Trigger: kind=income                          || Output: Kylie Crook $5.00 on 2025-09-16
[10/23/2025 12:04:49.378 AM] Action   || Name: finance_skip_dup... || Trigger: kind=income                          || Output: Jenny Nguyen $9.70 on 2025-09-03
[10/23/2025 12:04:50.245 AM] Action   || Name: finance_skip_dup... || Trigger: kind=expense                         || Output: Py Store Here Pantego $54.00 on 2025-04-20
[10/23/2025 12:04:50.245 AM] Action   || Name: finance_skip_dup... || Trigger: kind=expense                         || Output: j s $11.68 on 2025-04-22
[10/23/2025 12:04:50.245 AM] Action   || Name: finance_skip_dup... || Trigger: kind=expense                         || Output: Wix $25.98 on 2025-04-26
[10/23/2025 12:04:50.245 AM] Action   || Name: finance_skip_dup... || Trigger: kind=expense                         || Output: Wix $25.98 on 2025-08-26
[10/23/2025 12:04:50.245 AM] Action   || Name: finance_skip_dup... || Trigger: kind=expense                         || Output: Derek Fuentes $25.98 on 2025-08-26
[10/23/2025 12:04:50.261 AM] Action   || Name: finance_skip_dup... || Trigger: kind=expense                         || Output: Py Store Here Pantego $54.00 on 2025-08-20
[10/23/2025 12:04:50.261 AM] Action   || Name: finance_skip_dup... || Trigger: kind=expense                         || Output: Megan Digiovanni $47.62 on 2025-08-26
[10/23/2025 12:04:50.261 AM] Action   || Name: finance_skip_dup... || Trigger: kind=expense                         || Output: NNT PETSMART # $32.46 on 2025-08-06
[10/23/2025 12:04:50.261 AM] Action   || Name: finance_skip_dup... || Trigger: kind=expense                         || Output: Megan Digiovanni $74.92 on 2025-07-30
[10/23/2025 12:04:50.261 AM] Action   || Name: finance_skip_dup... || Trigger: kind=expense                         || Output: TOMAHAWK LIVE TRAP $581.62 on 2025-05-11
[10/23/2025 12:04:50.261 AM] Action   || Name: finance_skip_dup... || Trigger: kind=expense                         || Output: Py Store Here Pantego $54.00 on 2025-05-20
[10/23/2025 12:04:50.261 AM] Action   || Name: finance_skip_dup... || Trigger: kind=expense                         || Output: Derek Fuentes $72.45 on 2025-05-23
[10/23/2025 12:04:50.261 AM] Action   || Name: finance_skip_dup... || Trigger: kind=expense                         || Output: Wix $25.98 on 2025-05-26
[10/23/2025 12:04:50.261 AM] Action   || Name: finance_skip_dup... || Trigger: kind=expense                         || Output: Megan Digiovanni $89.91 on 2025-10-05
[10/23/2025 12:04:50.261 AM] Action   || Name: finance_skip_dup... || Trigger: kind=expense                         || Output: DOMINO'S $60.57 on 2025-09-09
[10/23/2025 12:04:50.261 AM] Action   || Name: finance_skip_dup... || Trigger: kind=expense                         || Output: Derek Fuentes $20.00 on 2025-09-10
[10/23/2025 12:05:05.721 AM] Action   || Name: gmail_log_scheduler || Trigger: found=1                              || Output: logged=0
[10/23/2025 12:05:05.866 AM] Action   || Name: finance_skip_dup... || Trigger: buffer                               || Output: Sophia Herrera $6.00 on 2025-08-26
[10/23/2025 12:05:05.866 AM] Action   || Name: finance_skip_dup... || Trigger: buffer                               || Output: Jordin Baylee $5.00 on 2025-08-26
[10/23/2025 12:05:05.866 AM] Action   || Name: finance_skip_dup... || Trigger: buffer                               || Output: Axel Torres $24.25 on 2025-08-22
[10/23/2025 12:05:05.866 AM] Action   || Name: finance_skip_dup... || Trigger: buffer                               || Output: Megan Digiovanni $47.62 on 2025-08-26
[10/23/2025 12:05:05.866 AM] Action   || Name: finance_skip_dup... || Trigger: buffer                               || Output: M. Padron $20.00 on 2025-08-26
[10/23/2025 12:05:05.866 AM] Action   || Name: finance_skip_dup... || Trigger: buffer                               || Output: Sophia Herrera $6.00 on 2025-08-26
[10/23/2025 12:05:05.866 AM] Action   || Name: finance_skip_dup... || Trigger: buffer                               || Output: Addison Loera $8.00 on 2025-08-26
[10/23/2025 12:05:05.866 AM] Action   || Name: finance_skip_dup... || Trigger: buffer                               || Output: Amber Thomas $5.00 on 2025-08-26
[10/23/2025 12:05:05.866 AM] Action   || Name: finance_skip_dup... || Trigger: buffer                               || Output: Jordin Baylee $5.00 on 2025-08-26
[10/23/2025 12:05:05.866 AM] Action   || Name: finance_skip_dup... || Trigger: buffer                               || Output: Kathleen Cantu $1.00 on 2025-08-26
[10/23/2025 12:05:05.866 AM] Action   || Name: finance_skip_dup... || Trigger: buffer                               || Output: Amber Thomas $3.00 on 2025-08-26
[10/23/2025 12:05:05.881 AM] Action   || Name: finance_skip_dup... || Trigger: buffer                               || Output: Rob Jimenez $3.00 on 2025-08-26
[10/23/2025 12:05:05.881 AM] Action   || Name: finance_skip_dup... || Trigger: buffer                               || Output: Daniel Brantley $3.00 on 2025-08-26
[10/23/2025 12:05:05.881 AM] Action   || Name: finance_skip_dup... || Trigger: buffer                               || Output: Isabella Klein $9.70 on 2025-08-26
[10/23/2025 12:05:05.881 AM] Action   || Name: finance_skip_dup... || Trigger: buffer                               || Output: Wix $25.98 on 2025-08-26
[10/23/2025 12:05:05.881 AM] Action   || Name: finance_skip_dup... || Trigger: buffer                               || Output: Nelda Hernandez $2.00 on 2025-08-26
[10/23/2025 12:05:05.881 AM] Action   || Name: finance_skip_dup... || Trigger: buffer                               || Output: Troy Broome $1.00 on 2025-08-26
[10/23/2025 12:05:05.881 AM] Action   || Name: finance_skip_dup... || Trigger: buffer                               || Output: Div Bits $2.00 on 2025-08-26
[10/23/2025 12:05:05.881 AM] Action   || Name: finance_skip_dup... || Trigger: buffer                               || Output: Jacob Sandoval $1.00 on 2025-08-26
[10/23/2025 12:05:05.881 AM] Action   || Name: finance_skip_dup... || Trigger: buffer                               || Output: Aubrey Cunningham $10.00 on 2025-08-26
[10/23/2025 12:05:05.881 AM] Action   || Name: finance_skip_dup... || Trigger: buffer                               || Output: Maxwell Preston $5.00 on 2025-08-26
[10/23/2025 12:05:05.881 AM] Action   || Name: finance_skip_dup... || Trigger: buffer                               || Output: Sophia Herrera $6.00 on 2025-08-26
[10/23/2025 12:05:05.881 AM] Action   || Name: finance_skip_dup... || Trigger: buffer                               || Output: Derek Fuentes $25.98 on 2025-08-26
[10/23/2025 12:05:05.881 AM] Action   || Name: finance_skip_dup... || Trigger: buffer                               || Output: Miguel V $5.00 on 2025-08-26
[10/23/2025 12:05:05.881 AM] Action   || Name: finance_skip_dup... || Trigger: buffer                               || Output: Nelda Hernandez $3.00 on 2025-08-26
[10/23/2025 12:05:05.881 AM] Action   || Name: finance_skip_dup... || Trigger: buffer                               || Output: Megan Digiovanni $130.00 on 2025-08-26
[10/23/2025 12:05:05.881 AM] Action   || Name: finance_skip_dup... || Trigger: buffer                               || Output: Pedro Savala $5.00 on 2025-08-27
[10/23/2025 12:05:05.881 AM] Action   || Name: finance_skip_dup... || Trigger: buffer                               || Output: Jonathan Mcgeever $5.00 on 2025-08-27
[10/23/2025 12:05:05.897 AM] Action   || Name: finance_skip_dup... || Trigger: buffer                               || Output: NNT PETSMART # $32.46 on 2025-08-06
[10/23/2025 12:05:05.897 AM] Action   || Name: finance_skip_dup... || Trigger: buffer                               || Output: Py Store Here Pantego $54.00 on 2025-08-20
[10/23/2025 12:05:05.897 AM] Action   || Name: finance_skip_dup... || Trigger: buffer                               || Output: Megan Digiovanni $74.92 on 2025-07-30
[10/23/2025 12:05:05.897 AM] Action   || Name: finance_skip_dup... || Trigger: buffer                               || Output: TOMAHAWK LIVE TRAP $581.62 on 2025-05-12
[10/23/2025 12:05:05.897 AM] Action   || Name: finance_skip_dup... || Trigger: buffer                               || Output: TOMAHAWK LIVE TRAP $581.62 on 2025-05-12
[10/23/2025 12:05:05.897 AM] Action   || Name: finance_skip_dup... || Trigger: buffer                               || Output: Richa  Desai $6.00 on 2025-10-22
[10/23/2025 12:05:05.897 AM] Action   || Name: finance_skip_dup... || Trigger: buffer                               || Output: Sophia Herrera $5.00 on 2025-10-22
[10/23/2025 12:05:05.897 AM] Action   || Name: finance_skip_dup... || Trigger: buffer                               || Output: Muhammed  Abdalrahman $10.00 on 2025-10-22
[10/23/2025 12:05:06.898 AM] Action   || Name: finance_skip_dup... || Trigger: kind=income                          || Output: Cynthia griffith $10.00 on 2025-04-16
[10/23/2025 12:05:06.906 AM] Action   || Name: finance_skip_dup... || Trigger: kind=income                          || Output: Caleb Moran $4.00 on 2025-04-16
[10/23/2025 12:05:06.906 AM] Action   || Name: finance_skip_dup... || Trigger: kind=income                          || Output: Alberto $6.00 on 2025-04-16
[10/23/2025 12:05:06.906 AM] Action   || Name: finance_skip_dup... || Trigger: kind=income                          || Output: Jacob Sandoval $2.91 on 2025-04-16
[10/23/2025 12:05:06.906 AM] Action   || Name: finance_skip_dup... || Trigger: kind=income                          || Output: tay $5.00 on 2025-04-16
[10/23/2025 12:05:06.906 AM] Action   || Name: finance_skip_dup... || Trigger: kind=income                          || Output: Nelda Hernandez $2.00 on 2025-04-16
[10/23/2025 12:05:06.906 AM] Action   || Name: finance_skip_dup... || Trigger: kind=income                          || Output: Maria Olds $10.00 on 2025-04-16
[10/23/2025 12:05:06.906 AM] Action   || Name: finance_skip_dup... || Trigger: kind=income                          || Output: Mario Rodriguez $3.00 on 2025-04-16
[10/23/2025 12:05:06.906 AM] Action   || Name: finance_skip_dup... || Trigger: kind=income                          || Output: Elisha Taylor $5.00 on 2025-04-16
[10/23/2025 12:05:06.906 AM] Action   || Name: finance_skip_dup... || Trigger: kind=income                          || Output: Jacob Sandoval $3.00 on 2025-04-16
[10/23/2025 12:05:06.906 AM] Action   || Name: finance_skip_dup... || Trigger: kind=income                          || Output: Isabella Klein $9.70 on 2025-08-26
[10/23/2025 12:05:06.906 AM] Action   || Name: finance_skip_dup... || Trigger: kind=income                          || Output: Nelda Hernandez $2.00 on 2025-08-26
[10/23/2025 12:05:06.906 AM] Action   || Name: finance_skip_dup... || Trigger: kind=income                          || Output: Troy Broome $1.00 on 2025-08-26
[10/23/2025 12:05:06.906 AM] Action   || Name: finance_skip_dup... || Trigger: kind=income                          || Output: Div Bits $2.00 on 2025-08-26
[10/23/2025 12:05:06.906 AM] Action   || Name: finance_skip_dup... || Trigger: kind=income                          || Output: Jacob Sandoval $1.00 on 2025-08-26
[10/23/2025 12:05:06.906 AM] Action   || Name: finance_skip_dup... || Trigger: kind=income                          || Output: Aubrey Cunningham $10.00 on 2025-08-26
[10/23/2025 12:05:06.906 AM] Action   || Name: finance_skip_dup... || Trigger: kind=income                          || Output: Maxwell Preston $5.00 on 2025-08-26
[10/23/2025 12:05:06.922 AM] Action   || Name: finance_skip_dup... || Trigger: kind=income                          || Output: Sophia Herrera $6.00 on 2025-08-26
[10/23/2025 12:05:06.922 AM] Action   || Name: finance_skip_dup... || Trigger: kind=income                          || Output: Miguel V $5.00 on 2025-08-26
[10/23/2025 12:05:06.922 AM] Action   || Name: finance_skip_dup... || Trigger: kind=income                          || Output: Nelda Hernandez $3.00 on 2025-08-26
[10/23/2025 12:05:06.922 AM] Action   || Name: finance_skip_dup... || Trigger: kind=income                          || Output: Megan Digiovanni $130.00 on 2025-08-26
[10/23/2025 12:05:06.922 AM] Action   || Name: finance_skip_dup... || Trigger: kind=income                          || Output: Pedro Savala $5.00 on 2025-08-27
[10/23/2025 12:05:06.922 AM] Action   || Name: finance_skip_dup... || Trigger: kind=income                          || Output: Jonathan Mcgeever $5.00 on 2025-08-27
[10/23/2025 12:05:06.922 AM] Action   || Name: finance_skip_dup... || Trigger: kind=income                          || Output: Axel Torres $24.25 on 2025-08-22
[10/23/2025 12:05:06.922 AM] Action   || Name: finance_skip_dup... || Trigger: kind=income                          || Output: M. Padron $20.00 on 2025-08-26
[10/23/2025 12:05:06.922 AM] Action   || Name: finance_skip_dup... || Trigger: kind=income                          || Output: Addison Loera $8.00 on 2025-08-26
[10/23/2025 12:05:06.922 AM] Action   || Name: finance_skip_dup... || Trigger: kind=income                          || Output: Amber Thomas $5.00 on 2025-08-26
[10/23/2025 12:05:06.922 AM] Action   || Name: finance_skip_dup... || Trigger: kind=income                          || Output: Kathleen Cantu $1.00 on 2025-08-26
[10/23/2025 12:05:06.922 AM] Action   || Name: finance_skip_dup... || Trigger: kind=income                          || Output: Amber Thomas $3.00 on 2025-08-26
[10/23/2025 12:05:06.922 AM] Action   || Name: finance_skip_dup... || Trigger: kind=income                          || Output: Rob Jimenez $3.00 on 2025-08-26
[10/23/2025 12:05:06.922 AM] Action   || Name: finance_skip_dup... || Trigger: kind=income                          || Output: Daniel Brantley $3.00 on 2025-08-26
[10/23/2025 12:05:06.922 AM] Action   || Name: finance_skip_dup... || Trigger: kind=income                          || Output: Kristyn Jackson $9.00 on 2025-10-22
[10/23/2025 12:05:06.938 AM] Action   || Name: finance_skip_dup... || Trigger: kind=income                          || Output: Victoria Elkins $5.00 on 2025-10-22
[10/23/2025 12:05:06.938 AM] Action   || Name: finance_skip_dup... || Trigger: kind=income                          || Output: Alexander  Martinez $3.00 on 2025-10-22
[10/23/2025 12:05:06.938 AM] Action   || Name: finance_skip_dup... || Trigger: kind=income                          || Output: Emily Lanham $6.00 on 2025-10-22
[10/23/2025 12:05:06.938 AM] Action   || Name: finance_skip_dup... || Trigger: kind=income                          || Output: Mariah Hall $3.00 on 2025-10-22
[10/23/2025 12:05:06.938 AM] Action   || Name: finance_skip_dup... || Trigger: kind=income                          || Output: Kylie Crook $5.00 on 2025-09-16
[10/23/2025 12:05:06.938 AM] Action   || Name: finance_skip_dup... || Trigger: kind=income                          || Output: Jenny Nguyen $9.70 on 2025-09-03
[10/23/2025 12:05:08.067 AM] Action   || Name: finance_skip_dup... || Trigger: kind=expense                         || Output: Py Store Here Pantego $54.00 on 2025-04-20
[10/23/2025 12:05:08.067 AM] Action   || Name: finance_skip_dup... || Trigger: kind=expense                         || Output: j s $11.68 on 2025-04-22
[10/23/2025 12:05:08.067 AM] Action   || Name: finance_skip_dup... || Trigger: kind=expense                         || Output: Wix $25.98 on 2025-04-26
[10/23/2025 12:05:08.067 AM] Action   || Name: finance_skip_dup... || Trigger: kind=expense                         || Output: Wix $25.98 on 2025-08-26
[10/23/2025 12:05:08.067 AM] Action   || Name: finance_skip_dup... || Trigger: kind=expense                         || Output: Derek Fuentes $25.98 on 2025-08-26
[10/23/2025 12:05:08.067 AM] Action   || Name: finance_skip_dup... || Trigger: kind=expense                         || Output: Py Store Here Pantego $54.00 on 2025-08-20
[10/23/2025 12:05:08.067 AM] Action   || Name: finance_skip_dup... || Trigger: kind=expense                         || Output: Megan Digiovanni $47.62 on 2025-08-26
[10/23/2025 12:05:08.067 AM] Action   || Name: finance_skip_dup... || Trigger: kind=expense                         || Output: NNT PETSMART # $32.46 on 2025-08-06
[10/23/2025 12:05:08.079 AM] Action   || Name: finance_skip_dup... || Trigger: kind=expense                         || Output: Megan Digiovanni $74.92 on 2025-07-30
[10/23/2025 12:05:08.079 AM] Action   || Name: finance_skip_dup... || Trigger: kind=expense                         || Output: TOMAHAWK LIVE TRAP $581.62 on 2025-05-11
[10/23/2025 12:05:08.079 AM] Action   || Name: finance_skip_dup... || Trigger: kind=expense                         || Output: Py Store Here Pantego $54.00 on 2025-05-20
[10/23/2025 12:05:08.079 AM] Action   || Name: finance_skip_dup... || Trigger: kind=expense                         || Output: Derek Fuentes $72.45 on 2025-05-23
[10/23/2025 12:05:08.079 AM] Action   || Name: finance_skip_dup... || Trigger: kind=expense                         || Output: Wix $25.98 on 2025-05-26
[10/23/2025 12:05:08.079 AM] Action   || Name: finance_skip_dup... || Trigger: kind=expense                         || Output: Megan Digiovanni $89.91 on 2025-10-05
[10/23/2025 12:05:08.079 AM] Action   || Name: finance_skip_dup... || Trigger: kind=expense                         || Output: DOMINO'S $60.57 on 2025-09-09
[10/23/2025 12:05:08.079 AM] Action   || Name: finance_skip_dup... || Trigger: kind=expense                         || Output: Derek Fuentes $20.00 on 2025-09-10
[10/23/2025 12:16:17.258 AM] Message  || User: a1darek             || Channel: #bot-spam                            || Content: 15 seconds
[10/23/2025 12:16:24.474 AM] Message  || User: a1darek             || Channel: #bot-spam                            || Content: i am so coll
[10/23/2025 12:16:27.073 AM] Edit     || User: a1darek             || Channel: #bot-spam                            || i am so coll -> i am so cool
[10/23/2025 12:17:12.893 AM] Message  || User: a1darek             || Channel: #purrley-pawsitive-pussy-pals        || Content: ive been struggling to clean my room all day
[10/23/2025 12:17:16.285 AM] Message  || User: a1darek             || Channel: #purrley-pawsitive-pussy-pals        || Content: ive just been rotting
[10/23/2025 12:19:37.898 AM] Message  || User: celeryiscelery      || Channel: #purrley-pawsitive-pussy-pals        || Content: i typically start with picking up any trash/paper scraps bc i always...
[10/23/2025 12:25:58.352 AM] Message  || User: a1darek             || Channel: #purrley-pawsitive-pussy-pals        || Content: I think i just need to grab a bag and just stsrt tossing shit
[10/23/2025 12:26:08.809 AM] Message  || User: a1darek             || Channel: #purrley-pawsitive-pussy-pals        || Content: Unrelated but sienna just hissed at fiora
[10/23/2025 12:28:19.712 AM] Action   || Name: gmail_log_scheduler || Trigger: found=1                              || Output: logged=0
[10/23/2025 12:28:19.744 AM] Action   || Name: finance_skip_dup... || Trigger: buffer                               || Output: Sophia Herrera $6.00 on 2025-08-26
[10/23/2025 12:28:19.744 AM] Action   || Name: finance_skip_dup... || Trigger: buffer                               || Output: Jordin Baylee $5.00 on 2025-08-26
[10/23/2025 12:28:19.744 AM] Action   || Name: finance_skip_dup... || Trigger: buffer                               || Output: Axel Torres $24.25 on 2025-08-22
[10/23/2025 12:28:19.744 AM] Action   || Name: finance_skip_dup... || Trigger: buffer                               || Output: Megan Digiovanni $47.62 on 2025-08-26
[10/23/2025 12:28:19.744 AM] Action   || Name: finance_skip_dup... || Trigger: buffer                               || Output: M. Padron $20.00 on 2025-08-26
[10/23/2025 12:28:19.744 AM] Action   || Name: finance_skip_dup... || Trigger: buffer                               || Output: Sophia Herrera $6.00 on 2025-08-26
[10/23/2025 12:28:19.744 AM] Action   || Name: finance_skip_dup... || Trigger: buffer                               || Output: Addison Loera $8.00 on 2025-08-26
[10/23/2025 12:28:19.744 AM] Action   || Name: finance_skip_dup... || Trigger: buffer                               || Output: Amber Thomas $5.00 on 2025-08-26
[10/23/2025 12:28:19.744 AM] Action   || Name: finance_skip_dup... || Trigger: buffer                               || Output: Jordin Baylee $5.00 on 2025-08-26
[10/23/2025 12:28:19.760 AM] Action   || Name: finance_skip_dup... || Trigger: buffer                               || Output: Kathleen Cantu $1.00 on 2025-08-26
[10/23/2025 12:28:19.760 AM] Action   || Name: finance_skip_dup... || Trigger: buffer                               || Output: Amber Thomas $3.00 on 2025-08-26
[10/23/2025 12:28:19.760 AM] Action   || Name: finance_skip_dup... || Trigger: buffer                               || Output: Rob Jimenez $3.00 on 2025-08-26
[10/23/2025 12:28:19.760 AM] Action   || Name: finance_skip_dup... || Trigger: buffer                               || Output: Daniel Brantley $3.00 on 2025-08-26
[10/23/2025 12:28:19.760 AM] Action   || Name: finance_skip_dup... || Trigger: buffer                               || Output: Isabella Klein $9.70 on 2025-08-26
[10/23/2025 12:28:19.760 AM] Action   || Name: finance_skip_dup... || Trigger: buffer                               || Output: Wix $25.98 on 2025-08-26
[10/23/2025 12:28:19.760 AM] Action   || Name: finance_skip_dup... || Trigger: buffer                               || Output: Nelda Hernandez $2.00 on 2025-08-26
[10/23/2025 12:28:19.760 AM] Action   || Name: finance_skip_dup... || Trigger: buffer                               || Output: Troy Broome $1.00 on 2025-08-26
[10/23/2025 12:28:19.760 AM] Action   || Name: finance_skip_dup... || Trigger: buffer                               || Output: Div Bits $2.00 on 2025-08-26
[10/23/2025 12:28:19.760 AM] Action   || Name: finance_skip_dup... || Trigger: buffer                               || Output: Jacob Sandoval $1.00 on 2025-08-26
[10/23/2025 12:28:19.760 AM] Action   || Name: finance_skip_dup... || Trigger: buffer                               || Output: Aubrey Cunningham $10.00 on 2025-08-26
[10/23/2025 12:28:19.760 AM] Action   || Name: finance_skip_dup... || Trigger: buffer                               || Output: Maxwell Preston $5.00 on 2025-08-26
[10/23/2025 12:28:19.760 AM] Action   || Name: finance_skip_dup... || Trigger: buffer                               || Output: Sophia Herrera $6.00 on 2025-08-26
[10/23/2025 12:28:19.760 AM] Action   || Name: finance_skip_dup... || Trigger: buffer                               || Output: Derek Fuentes $25.98 on 2025-08-26
[10/23/2025 12:28:19.760 AM] Action   || Name: finance_skip_dup... || Trigger: buffer                               || Output: Miguel V $5.00 on 2025-08-26
[10/23/2025 12:28:19.760 AM] Action   || Name: finance_skip_dup... || Trigger: buffer                               || Output: Nelda Hernandez $3.00 on 2025-08-26
[10/23/2025 12:28:19.760 AM] Action   || Name: finance_skip_dup... || Trigger: buffer                               || Output: Megan Digiovanni $130.00 on 2025-08-26
[10/23/2025 12:28:19.775 AM] Action   || Name: finance_skip_dup... || Trigger: buffer                               || Output: Pedro Savala $5.00 on 2025-08-27
[10/23/2025 12:28:19.775 AM] Action   || Name: finance_skip_dup... || Trigger: buffer                               || Output: Jonathan Mcgeever $5.00 on 2025-08-27
[10/23/2025 12:28:19.775 AM] Action   || Name: finance_skip_dup... || Trigger: buffer                               || Output: NNT PETSMART # $32.46 on 2025-08-06
[10/23/2025 12:28:19.775 AM] Action   || Name: finance_skip_dup... || Trigger: buffer                               || Output: Py Store Here Pantego $54.00 on 2025-08-20
[10/23/2025 12:28:19.775 AM] Action   || Name: finance_skip_dup... || Trigger: buffer                               || Output: Megan Digiovanni $74.92 on 2025-07-30
[10/23/2025 12:28:19.775 AM] Action   || Name: finance_skip_dup... || Trigger: buffer                               || Output: TOMAHAWK LIVE TRAP $581.62 on 2025-05-12
[10/23/2025 12:28:19.775 AM] Action   || Name: finance_skip_dup... || Trigger: buffer                               || Output: TOMAHAWK LIVE TRAP $581.62 on 2025-05-12
[10/23/2025 12:28:19.775 AM] Action   || Name: finance_skip_dup... || Trigger: buffer                               || Output: Richa  Desai $6.00 on 2025-10-22
[10/23/2025 12:28:19.775 AM] Action   || Name: finance_skip_dup... || Trigger: buffer                               || Output: Sophia Herrera $5.00 on 2025-10-22
[10/23/2025 12:28:19.775 AM] Action   || Name: finance_skip_dup... || Trigger: buffer                               || Output: Muhammed  Abdalrahman $10.00 on 2025-10-22
[10/23/2025 12:28:23.530 AM] Action   || Name: finance_skip_dup... || Trigger: kind=income                          || Output: Cynthia griffith $10.00 on 2025-04-16
[10/23/2025 12:28:23.530 AM] Action   || Name: finance_skip_dup... || Trigger: kind=income                          || Output: Caleb Moran $4.00 on 2025-04-16
[10/23/2025 12:28:23.530 AM] Action   || Name: finance_skip_dup... || Trigger: kind=income                          || Output: Alberto $6.00 on 2025-04-16
[10/23/2025 12:28:23.530 AM] Action   || Name: finance_skip_dup... || Trigger: kind=income                          || Output: Jacob Sandoval $2.91 on 2025-04-16
[10/23/2025 12:28:23.530 AM] Action   || Name: finance_skip_dup... || Trigger: kind=income                          || Output: tay $5.00 on 2025-04-16
[10/23/2025 12:28:23.530 AM] Action   || Name: finance_skip_dup... || Trigger: kind=income                          || Output: Nelda Hernandez $2.00 on 2025-04-16
[10/23/2025 12:28:23.530 AM] Action   || Name: finance_skip_dup... || Trigger: kind=income                          || Output: Maria Olds $10.00 on 2025-04-16
[10/23/2025 12:28:23.530 AM] Action   || Name: finance_skip_dup... || Trigger: kind=income                          || Output: Mario Rodriguez $3.00 on 2025-04-16
[10/23/2025 12:28:23.530 AM] Action   || Name: finance_skip_dup... || Trigger: kind=income                          || Output: Elisha Taylor $5.00 on 2025-04-16
[10/23/2025 12:28:23.546 AM] Action   || Name: finance_skip_dup... || Trigger: kind=income                          || Output: Jacob Sandoval $3.00 on 2025-04-16
[10/23/2025 12:28:23.546 AM] Action   || Name: finance_skip_dup... || Trigger: kind=income                          || Output: Isabella Klein $9.70 on 2025-08-26
[10/23/2025 12:28:23.546 AM] Action   || Name: finance_skip_dup... || Trigger: kind=income                          || Output: Nelda Hernandez $2.00 on 2025-08-26
[10/23/2025 12:28:23.546 AM] Action   || Name: finance_skip_dup... || Trigger: kind=income                          || Output: Troy Broome $1.00 on 2025-08-26
[10/23/2025 12:28:23.546 AM] Action   || Name: finance_skip_dup... || Trigger: kind=income                          || Output: Div Bits $2.00 on 2025-08-26
[10/23/2025 12:28:23.546 AM] Action   || Name: finance_skip_dup... || Trigger: kind=income                          || Output: Jacob Sandoval $1.00 on 2025-08-26
[10/23/2025 12:28:23.546 AM] Action   || Name: finance_skip_dup... || Trigger: kind=income                          || Output: Aubrey Cunningham $10.00 on 2025-08-26
[10/23/2025 12:28:23.546 AM] Action   || Name: finance_skip_dup... || Trigger: kind=income                          || Output: Maxwell Preston $5.00 on 2025-08-26
[10/23/2025 12:28:23.546 AM] Action   || Name: finance_skip_dup... || Trigger: kind=income                          || Output: Sophia Herrera $6.00 on 2025-08-26
[10/23/2025 12:28:23.546 AM] Action   || Name: finance_skip_dup... || Trigger: kind=income                          || Output: Miguel V $5.00 on 2025-08-26
[10/23/2025 12:28:23.546 AM] Action   || Name: finance_skip_dup... || Trigger: kind=income                          || Output: Nelda Hernandez $3.00 on 2025-08-26
[10/23/2025 12:28:23.546 AM] Action   || Name: finance_skip_dup... || Trigger: kind=income                          || Output: Megan Digiovanni $130.00 on 2025-08-26
[10/23/2025 12:28:23.546 AM] Action   || Name: finance_skip_dup... || Trigger: kind=income                          || Output: Pedro Savala $5.00 on 2025-08-27
[10/23/2025 12:28:23.546 AM] Action   || Name: finance_skip_dup... || Trigger: kind=income                          || Output: Jonathan Mcgeever $5.00 on 2025-08-27
[10/23/2025 12:28:23.546 AM] Action   || Name: finance_skip_dup... || Trigger: kind=income                          || Output: Axel Torres $24.25 on 2025-08-22
[10/23/2025 12:28:23.546 AM] Action   || Name: finance_skip_dup... || Trigger: kind=income                          || Output: M. Padron $20.00 on 2025-08-26
[10/23/2025 12:28:23.562 AM] Action   || Name: finance_skip_dup... || Trigger: kind=income                          || Output: Addison Loera $8.00 on 2025-08-26
[10/23/2025 12:28:23.562 AM] Action   || Name: finance_skip_dup... || Trigger: kind=income                          || Output: Amber Thomas $5.00 on 2025-08-26
[10/23/2025 12:28:23.562 AM] Action   || Name: finance_skip_dup... || Trigger: kind=income                          || Output: Kathleen Cantu $1.00 on 2025-08-26
[10/23/2025 12:28:23.562 AM] Action   || Name: finance_skip_dup... || Trigger: kind=income                          || Output: Amber Thomas $3.00 on 2025-08-26
[10/23/2025 12:28:23.562 AM] Action   || Name: finance_skip_dup... || Trigger: kind=income                          || Output: Rob Jimenez $3.00 on 2025-08-26
[10/23/2025 12:28:23.562 AM] Action   || Name: finance_skip_dup... || Trigger: kind=income                          || Output: Daniel Brantley $3.00 on 2025-08-26
[10/23/2025 12:28:23.562 AM] Action   || Name: finance_skip_dup... || Trigger: kind=income                          || Output: Kristyn Jackson $9.00 on 2025-10-22
[10/23/2025 12:28:23.562 AM] Action   || Name: finance_skip_dup... || Trigger: kind=income                          || Output: Victoria Elkins $5.00 on 2025-10-22
[10/23/2025 12:28:23.562 AM] Action   || Name: finance_skip_dup... || Trigger: kind=income                          || Output: Alexander  Martinez $3.00 on 2025-10-22
[10/23/2025 12:28:23.562 AM] Action   || Name: finance_skip_dup... || Trigger: kind=income                          || Output: Emily Lanham $6.00 on 2025-10-22
[10/23/2025 12:28:23.562 AM] Action   || Name: finance_skip_dup... || Trigger: kind=income                          || Output: Mariah Hall $3.00 on 2025-10-22
[10/23/2025 12:28:23.562 AM] Action   || Name: finance_skip_dup... || Trigger: kind=income                          || Output: Kylie Crook $5.00 on 2025-09-16
[10/23/2025 12:28:23.562 AM] Action   || Name: finance_skip_dup... || Trigger: kind=income                          || Output: Jenny Nguyen $9.70 on 2025-09-03
[10/23/2025 12:28:25.645 AM] Action   || Name: finance_skip_dup... || Trigger: kind=expense                         || Output: Py Store Here Pantego $54.00 on 2025-04-20
[10/23/2025 12:28:25.645 AM] Action   || Name: finance_skip_dup... || Trigger: kind=expense                         || Output: j s $11.68 on 2025-04-22
[10/23/2025 12:28:25.645 AM] Action   || Name: finance_skip_dup... || Trigger: kind=expense                         || Output: Wix $25.98 on 2025-04-26
[10/23/2025 12:28:25.645 AM] Action   || Name: finance_skip_dup... || Trigger: kind=expense                         || Output: Wix $25.98 on 2025-08-26
[10/23/2025 12:28:25.645 AM] Action   || Name: finance_skip_dup... || Trigger: kind=expense                         || Output: Derek Fuentes $25.98 on 2025-08-26
[10/23/2025 12:28:25.645 AM] Action   || Name: finance_skip_dup... || Trigger: kind=expense                         || Output: Py Store Here Pantego $54.00 on 2025-08-20
[10/23/2025 12:28:25.645 AM] Action   || Name: finance_skip_dup... || Trigger: kind=expense                         || Output: Megan Digiovanni $47.62 on 2025-08-26
[10/23/2025 12:28:25.645 AM] Action   || Name: finance_skip_dup... || Trigger: kind=expense                         || Output: NNT PETSMART # $32.46 on 2025-08-06
[10/23/2025 12:28:25.658 AM] Action   || Name: finance_skip_dup... || Trigger: kind=expense                         || Output: Megan Digiovanni $74.92 on 2025-07-30
[10/23/2025 12:28:25.658 AM] Action   || Name: finance_skip_dup... || Trigger: kind=expense                         || Output: TOMAHAWK LIVE TRAP $581.62 on 2025-05-11
[10/23/2025 12:28:25.658 AM] Action   || Name: finance_skip_dup... || Trigger: kind=expense                         || Output: Py Store Here Pantego $54.00 on 2025-05-20
[10/23/2025 12:28:25.658 AM] Action   || Name: finance_skip_dup... || Trigger: kind=expense                         || Output: Derek Fuentes $72.45 on 2025-05-23
[10/23/2025 12:28:25.658 AM] Action   || Name: finance_skip_dup... || Trigger: kind=expense                         || Output: Wix $25.98 on 2025-05-26
[10/23/2025 12:28:25.658 AM] Action   || Name: finance_skip_dup... || Trigger: kind=expense                         || Output: Megan Digiovanni $89.91 on 2025-10-05
[10/23/2025 12:28:25.658 AM] Action   || Name: finance_skip_dup... || Trigger: kind=expense                         || Output: DOMINO'S $60.57 on 2025-09-09
[10/23/2025 12:28:25.658 AM] Action   || Name: finance_skip_dup... || Trigger: kind=expense                         || Output: Derek Fuentes $20.00 on 2025-09-10
[10/23/2025 12:49:30.185 AM] Message  || User: racerdg             || Channel: #memes                               || Content: https://fixupx.com/RS_ZZ/status/1980949433929142454
[10/23/2025 12:50:31.224 AM] Action   || Name: gmail_log_scheduler || Trigger: found=1                              || Output: logged=0
[10/23/2025 12:50:31.258 AM] Action   || Name: finance_skip_dup... || Trigger: buffer                               || Output: Sophia Herrera $6.00 on 2025-08-26
[10/23/2025 12:50:31.258 AM] Action   || Name: finance_skip_dup... || Trigger: buffer                               || Output: Jordin Baylee $5.00 on 2025-08-26
[10/23/2025 12:50:31.258 AM] Action   || Name: finance_skip_dup... || Trigger: buffer                               || Output: Axel Torres $24.25 on 2025-08-22
[10/23/2025 12:50:31.258 AM] Action   || Name: finance_skip_dup... || Trigger: buffer                               || Output: Megan Digiovanni $47.62 on 2025-08-26
[10/23/2025 12:50:31.258 AM] Action   || Name: finance_skip_dup... || Trigger: buffer                               || Output: M. Padron $20.00 on 2025-08-26
[10/23/2025 12:50:31.258 AM] Action   || Name: finance_skip_dup... || Trigger: buffer                               || Output: Sophia Herrera $6.00 on 2025-08-26
[10/23/2025 12:50:31.258 AM] Action   || Name: finance_skip_dup... || Trigger: buffer                               || Output: Addison Loera $8.00 on 2025-08-26
[10/23/2025 12:50:31.258 AM] Action   || Name: finance_skip_dup... || Trigger: buffer                               || Output: Amber Thomas $5.00 on 2025-08-26
[10/23/2025 12:50:31.258 AM] Action   || Name: finance_skip_dup... || Trigger: buffer                               || Output: Jordin Baylee $5.00 on 2025-08-26
[10/23/2025 12:50:31.258 AM] Action   || Name: finance_skip_dup... || Trigger: buffer                               || Output: Kathleen Cantu $1.00 on 2025-08-26
[10/23/2025 12:50:31.274 AM] Action   || Name: finance_skip_dup... || Trigger: buffer                               || Output: Amber Thomas $3.00 on 2025-08-26
[10/23/2025 12:50:31.274 AM] Action   || Name: finance_skip_dup... || Trigger: buffer                               || Output: Rob Jimenez $3.00 on 2025-08-26
[10/23/2025 12:50:31.274 AM] Action   || Name: finance_skip_dup... || Trigger: buffer                               || Output: Daniel Brantley $3.00 on 2025-08-26
[10/23/2025 12:50:31.274 AM] Action   || Name: finance_skip_dup... || Trigger: buffer                               || Output: Isabella Klein $9.70 on 2025-08-26
[10/23/2025 12:50:31.274 AM] Action   || Name: finance_skip_dup... || Trigger: buffer                               || Output: Wix $25.98 on 2025-08-26
[10/23/2025 12:50:31.274 AM] Action   || Name: finance_skip_dup... || Trigger: buffer                               || Output: Nelda Hernandez $2.00 on 2025-08-26
[10/23/2025 12:50:31.274 AM] Action   || Name: finance_skip_dup... || Trigger: buffer                               || Output: Troy Broome $1.00 on 2025-08-26
[10/23/2025 12:50:31.274 AM] Action   || Name: finance_skip_dup... || Trigger: buffer                               || Output: Div Bits $2.00 on 2025-08-26
[10/23/2025 12:50:31.274 AM] Action   || Name: finance_skip_dup... || Trigger: buffer                               || Output: Jacob Sandoval $1.00 on 2025-08-26
[10/23/2025 12:50:31.274 AM] Action   || Name: finance_skip_dup... || Trigger: buffer                               || Output: Aubrey Cunningham $10.00 on 2025-08-26
[10/23/2025 12:50:31.274 AM] Action   || Name: finance_skip_dup... || Trigger: buffer                               || Output: Maxwell Preston $5.00 on 2025-08-26
[10/23/2025 12:50:31.274 AM] Action   || Name: finance_skip_dup... || Trigger: buffer                               || Output: Sophia Herrera $6.00 on 2025-08-26
[10/23/2025 12:50:31.274 AM] Action   || Name: finance_skip_dup... || Trigger: buffer                               || Output: Derek Fuentes $25.98 on 2025-08-26
[10/23/2025 12:50:31.274 AM] Action   || Name: finance_skip_dup... || Trigger: buffer                               || Output: Miguel V $5.00 on 2025-08-26
[10/23/2025 12:50:31.274 AM] Action   || Name: finance_skip_dup... || Trigger: buffer                               || Output: Nelda Hernandez $3.00 on 2025-08-26
[10/23/2025 12:50:31.274 AM] Action   || Name: finance_skip_dup... || Trigger: buffer                               || Output: Megan Digiovanni $130.00 on 2025-08-26
[10/23/2025 12:50:31.274 AM] Action   || Name: finance_skip_dup... || Trigger: buffer                               || Output: Pedro Savala $5.00 on 2025-08-27
[10/23/2025 12:50:31.290 AM] Action   || Name: finance_skip_dup... || Trigger: buffer                               || Output: Jonathan Mcgeever $5.00 on 2025-08-27
[10/23/2025 12:50:31.290 AM] Action   || Name: finance_skip_dup... || Trigger: buffer                               || Output: NNT PETSMART # $32.46 on 2025-08-06
[10/23/2025 12:50:31.290 AM] Action   || Name: finance_skip_dup... || Trigger: buffer                               || Output: Py Store Here Pantego $54.00 on 2025-08-20
[10/23/2025 12:50:31.290 AM] Action   || Name: finance_skip_dup... || Trigger: buffer                               || Output: Megan Digiovanni $74.92 on 2025-07-30
[10/23/2025 12:50:31.290 AM] Action   || Name: finance_skip_dup... || Trigger: buffer                               || Output: TOMAHAWK LIVE TRAP $581.62 on 2025-05-12
[10/23/2025 12:50:31.290 AM] Action   || Name: finance_skip_dup... || Trigger: buffer                               || Output: TOMAHAWK LIVE TRAP $581.62 on 2025-05-12
[10/23/2025 12:50:31.290 AM] Action   || Name: finance_skip_dup... || Trigger: buffer                               || Output: Richa  Desai $6.00 on 2025-10-22
[10/23/2025 12:50:31.290 AM] Action   || Name: finance_skip_dup... || Trigger: buffer                               || Output: Sophia Herrera $5.00 on 2025-10-22
[10/23/2025 12:50:31.290 AM] Action   || Name: finance_skip_dup... || Trigger: buffer                               || Output: Muhammed  Abdalrahman $10.00 on 2025-10-22
[10/23/2025 12:50:34.969 AM] Action   || Name: finance_skip_dup... || Trigger: kind=income                          || Output: Cynthia griffith $10.00 on 2025-04-16
[10/23/2025 12:50:34.969 AM] Action   || Name: finance_skip_dup... || Trigger: kind=income                          || Output: Caleb Moran $4.00 on 2025-04-16
[10/23/2025 12:50:34.969 AM] Action   || Name: finance_skip_dup... || Trigger: kind=income                          || Output: Alberto $6.00 on 2025-04-16
[10/23/2025 12:50:34.977 AM] Action   || Name: finance_skip_dup... || Trigger: kind=income                          || Output: Jacob Sandoval $2.91 on 2025-04-16
[10/23/2025 12:50:34.977 AM] Action   || Name: finance_skip_dup... || Trigger: kind=income                          || Output: tay $5.00 on 2025-04-16
[10/23/2025 12:50:34.979 AM] Action   || Name: finance_skip_dup... || Trigger: kind=income                          || Output: Nelda Hernandez $2.00 on 2025-04-16
[10/23/2025 12:50:34.981 AM] Action   || Name: finance_skip_dup... || Trigger: kind=income                          || Output: Maria Olds $10.00 on 2025-04-16
[10/23/2025 12:50:34.982 AM] Action   || Name: finance_skip_dup... || Trigger: kind=income                          || Output: Mario Rodriguez $3.00 on 2025-04-16
[10/23/2025 12:50:34.982 AM] Action   || Name: finance_skip_dup... || Trigger: kind=income                          || Output: Elisha Taylor $5.00 on 2025-04-16
[10/23/2025 12:50:34.982 AM] Action   || Name: finance_skip_dup... || Trigger: kind=income                          || Output: Jacob Sandoval $3.00 on 2025-04-16
[10/23/2025 12:50:34.984 AM] Action   || Name: finance_skip_dup... || Trigger: kind=income                          || Output: Isabella Klein $9.70 on 2025-08-26
[10/23/2025 12:50:34.984 AM] Action   || Name: finance_skip_dup... || Trigger: kind=income                          || Output: Nelda Hernandez $2.00 on 2025-08-26
[10/23/2025 12:50:34.986 AM] Action   || Name: finance_skip_dup... || Trigger: kind=income                          || Output: Troy Broome $1.00 on 2025-08-26
[10/23/2025 12:50:34.986 AM] Action   || Name: finance_skip_dup... || Trigger: kind=income                          || Output: Div Bits $2.00 on 2025-08-26
[10/23/2025 12:50:34.988 AM] Action   || Name: finance_skip_dup... || Trigger: kind=income                          || Output: Jacob Sandoval $1.00 on 2025-08-26
[10/23/2025 12:50:34.988 AM] Action   || Name: finance_skip_dup... || Trigger: kind=income                          || Output: Aubrey Cunningham $10.00 on 2025-08-26
[10/23/2025 12:50:34.990 AM] Action   || Name: finance_skip_dup... || Trigger: kind=income                          || Output: Maxwell Preston $5.00 on 2025-08-26
[10/23/2025 12:50:34.990 AM] Action   || Name: finance_skip_dup... || Trigger: kind=income                          || Output: Sophia Herrera $6.00 on 2025-08-26
[10/23/2025 12:50:34.992 AM] Action   || Name: finance_skip_dup... || Trigger: kind=income                          || Output: Miguel V $5.00 on 2025-08-26
[10/23/2025 12:50:34.992 AM] Action   || Name: finance_skip_dup... || Trigger: kind=income                          || Output: Nelda Hernandez $3.00 on 2025-08-26
[10/23/2025 12:50:34.994 AM] Action   || Name: finance_skip_dup... || Trigger: kind=income                          || Output: Megan Digiovanni $130.00 on 2025-08-26
[10/23/2025 12:50:34.994 AM] Action   || Name: finance_skip_dup... || Trigger: kind=income                          || Output: Pedro Savala $5.00 on 2025-08-27
[10/23/2025 12:50:34.996 AM] Action   || Name: finance_skip_dup... || Trigger: kind=income                          || Output: Jonathan Mcgeever $5.00 on 2025-08-27
[10/23/2025 12:50:34.998 AM] Action   || Name: finance_skip_dup... || Trigger: kind=income                          || Output: Axel Torres $24.25 on 2025-08-22
[10/23/2025 12:50:34.998 AM] Action   || Name: finance_skip_dup... || Trigger: kind=income                          || Output: M. Padron $20.00 on 2025-08-26
[10/23/2025 12:50:35.000 AM] Action   || Name: finance_skip_dup... || Trigger: kind=income                          || Output: Addison Loera $8.00 on 2025-08-26
[10/23/2025 12:50:35.000 AM] Action   || Name: finance_skip_dup... || Trigger: kind=income                          || Output: Amber Thomas $5.00 on 2025-08-26
[10/23/2025 12:50:35.002 AM] Action   || Name: finance_skip_dup... || Trigger: kind=income                          || Output: Kathleen Cantu $1.00 on 2025-08-26
[10/23/2025 12:50:35.002 AM] Action   || Name: finance_skip_dup... || Trigger: kind=income                          || Output: Amber Thomas $3.00 on 2025-08-26
[10/23/2025 12:50:35.002 AM] Action   || Name: finance_skip_dup... || Trigger: kind=income                          || Output: Rob Jimenez $3.00 on 2025-08-26
[10/23/2025 12:50:35.004 AM] Action   || Name: finance_skip_dup... || Trigger: kind=income                          || Output: Daniel Brantley $3.00 on 2025-08-26
[10/23/2025 12:50:35.004 AM] Action   || Name: finance_skip_dup... || Trigger: kind=income                          || Output: Kristyn Jackson $9.00 on 2025-10-22
[10/23/2025 12:50:35.006 AM] Action   || Name: finance_skip_dup... || Trigger: kind=income                          || Output: Victoria Elkins $5.00 on 2025-10-22
[10/23/2025 12:50:35.006 AM] Action   || Name: finance_skip_dup... || Trigger: kind=income                          || Output: Alexander  Martinez $3.00 on 2025-10-22
[10/23/2025 12:50:35.008 AM] Action   || Name: finance_skip_dup... || Trigger: kind=income                          || Output: Emily Lanham $6.00 on 2025-10-22
[10/23/2025 12:50:35.008 AM] Action   || Name: finance_skip_dup... || Trigger: kind=income                          || Output: Mariah Hall $3.00 on 2025-10-22
[10/23/2025 12:50:35.010 AM] Action   || Name: finance_skip_dup... || Trigger: kind=income                          || Output: Kylie Crook $5.00 on 2025-09-16
[10/23/2025 12:50:35.010 AM] Action   || Name: finance_skip_dup... || Trigger: kind=income                          || Output: Jenny Nguyen $9.70 on 2025-09-03
[10/23/2025 12:50:36.863 AM] Action   || Name: finance_skip_dup... || Trigger: kind=expense                         || Output: Py Store Here Pantego $54.00 on 2025-04-20
[10/23/2025 12:50:36.863 AM] Action   || Name: finance_skip_dup... || Trigger: kind=expense                         || Output: j s $11.68 on 2025-04-22
[10/23/2025 12:50:36.863 AM] Action   || Name: finance_skip_dup... || Trigger: kind=expense                         || Output: Wix $25.98 on 2025-04-26
[10/23/2025 12:50:36.863 AM] Action   || Name: finance_skip_dup... || Trigger: kind=expense                         || Output: Wix $25.98 on 2025-08-26
[10/23/2025 12:50:36.863 AM] Action   || Name: finance_skip_dup... || Trigger: kind=expense                         || Output: Derek Fuentes $25.98 on 2025-08-26
[10/23/2025 12:50:36.863 AM] Action   || Name: finance_skip_dup... || Trigger: kind=expense                         || Output: Py Store Here Pantego $54.00 on 2025-08-20
[10/23/2025 12:50:36.863 AM] Action   || Name: finance_skip_dup... || Trigger: kind=expense                         || Output: Megan Digiovanni $47.62 on 2025-08-26
[10/23/2025 12:50:36.863 AM] Action   || Name: finance_skip_dup... || Trigger: kind=expense                         || Output: NNT PETSMART # $32.46 on 2025-08-06
[10/23/2025 12:50:36.863 AM] Action   || Name: finance_skip_dup... || Trigger: kind=expense                         || Output: Megan Digiovanni $74.92 on 2025-07-30
[10/23/2025 12:50:36.863 AM] Action   || Name: finance_skip_dup... || Trigger: kind=expense                         || Output: TOMAHAWK LIVE TRAP $581.62 on 2025-05-11
[10/23/2025 12:50:36.863 AM] Action   || Name: finance_skip_dup... || Trigger: kind=expense                         || Output: Py Store Here Pantego $54.00 on 2025-05-20
[10/23/2025 12:50:36.863 AM] Action   || Name: finance_skip_dup... || Trigger: kind=expense                         || Output: Derek Fuentes $72.45 on 2025-05-23
[10/23/2025 12:50:36.863 AM] Action   || Name: finance_skip_dup... || Trigger: kind=expense                         || Output: Wix $25.98 on 2025-05-26
[10/23/2025 12:50:36.863 AM] Action   || Name: finance_skip_dup... || Trigger: kind=expense                         || Output: Megan Digiovanni $89.91 on 2025-10-05
[10/23/2025 12:50:36.863 AM] Action   || Name: finance_skip_dup... || Trigger: kind=expense                         || Output: DOMINO'S $60.57 on 2025-09-09
[10/23/2025 12:50:36.879 AM] Action   || Name: finance_skip_dup... || Trigger: kind=expense                         || Output: Derek Fuentes $20.00 on 2025-09-10
[10/23/2025 12:53:37.794 AM] Message  || User: kcreepertux04       || Channel: #yapper-committee                    || Content: i am a horrible person
[10/23/2025 12:53:49.262 AM] Message  || User: kcreepertux04       || Channel: #yapper-committee                    || Content: i bought a 5th talk talking witch and my parents don’t know
[10/23/2025 12:53:58.234 AM] Message  || User: kcreepertux04       || Channel: #yapper-committee                    || Content: i set her outside the back door so when they wake up…
[10/23/2025 01:01:20.034 AM] Message  || User: celeryiscelery      || Channel: #purrley-pawsitive-pussy-pals        || Content: she get spooked or?
[10/23/2025 01:14:22.881 AM] Message  || User: kcreepertux04       || Channel: #yapper-committee                    || Content: i’ve been giggling about it for the past 20 minutes oh i’m going to ...
[10/23/2025 01:33:34.172 AM] Message  || User: kitadan             || Channel: #yapper-committee                    || Content: Being that the door you choose opens inside the house is additionall...
[10/23/2025 01:54:14.081 AM] Message  || User: kcreepertux04       || Channel: #yapper-committee                    || Content: https://tenor.com/view/some-men-just-want-to-watch-the-world-burn-ba...
[10/23/2025 01:57:11.724 AM] Message  || User: a1darek             || Channel: #purrley-pawsitive-pussy-pals        || Content: no idea!
[10/23/2025 01:57:27.134 AM] Message  || User: a1darek             || Channel: #purrley-pawsitive-pussy-pals        || Content: fiora just like walked up and sienna just did not like that
[10/23/2025 01:57:42.277 AM] Message  || User: a1darek             || Channel: #purrley-pawsitive-pussy-pals        || Content: also fiora is dreaming right now and just barked which i think is funny
[10/23/2025 02:10:09.665 AM] Action   || Name: profile_update_e... || Trigger: id=1                                 || Output: APIError: [429]: Quota exceeded for quota metric 'Read requests' and ...
[10/23/2025 02:10:09.696 AM] Action   || Name: profile_update_e... || Trigger: id=2                                 || Output: APIError: [429]: Quota exceeded for quota metric 'Read requests' and ...
[10/23/2025 02:10:09.738 AM] Action   || Name: profile_update_e... || Trigger: id=4                                 || Output: APIError: [429]: Quota exceeded for quota metric 'Read requests' and ...
[10/23/2025 02:10:09.770 AM] Action   || Name: profile_update_e... || Trigger: id=5                                 || Output: APIError: [429]: Quota exceeded for quota metric 'Read requests' and ...
[10/23/2025 02:10:09.810 AM] Action   || Name: profile_update_e... || Trigger: id=6                                 || Output: APIError: [429]: Quota exceeded for quota metric 'Read requests' and ...
[10/23/2025 02:10:09.856 AM] Action   || Name: profile_update_e... || Trigger: id=7                                 || Output: APIError: [429]: Quota exceeded for quota metric 'Read requests' and ...
[10/23/2025 02:10:09.889 AM] Action   || Name: profile_update_e... || Trigger: id=9                                 || Output: APIError: [429]: Quota exceeded for quota metric 'Read requests' and ...
[10/23/2025 02:10:09.924 AM] Action   || Name: profile_update_e... || Trigger: id=17                                || Output: APIError: [429]: Quota exceeded for quota metric 'Read requests' and ...
[10/23/2025 02:10:10.177 AM] Action   || Name: profile_update_e... || Trigger: id=67                                || Output: APIError: [429]: Quota exceeded for quota metric 'Read requests' and ...
[10/23/2025 02:10:10.177 AM] Action   || Name: profile_update_f... || Trigger: count=9                              || Output: 1,2,4,5,6,7,9,17,67
[10/23/2025 02:10:10.177 AM] Action   || Name: profiles_scheduler  || Trigger: update_all                           || Output: ran
[10/23/2025 02:10:10.215 AM] Action   || Name: profiles_error      || Trigger: sheet_read                           || Output: APIError: [429]: Quota exceeded for quota metric 'Read requests' and ...
[10/23/2025 02:10:10.215 AM] Action   || Name: profiles_scheduler  || Trigger: update_all                           || Output: ran
[10/23/2025 02:10:10.248 AM] Action   || Name: profiles_error      || Trigger: sheet_read                           || Output: APIError: [429]: Quota exceeded for quota metric 'Read requests' and ...
[10/23/2025 02:10:10.248 AM] Action   || Name: profiles_scheduler  || Trigger: update_all                           || Output: ran
[10/23/2025 02:10:10.271 AM] Action   || Name: profiles_error      || Trigger: sheet_read                           || Output: APIError: [429]: Quota exceeded for quota metric 'Read requests' and ...
[10/23/2025 02:10:10.271 AM] Action   || Name: profiles_scheduler  || Trigger: update_all                           || Output: ran
[10/23/2025 02:10:10.303 AM] Action   || Name: profiles_error      || Trigger: sheet_read                           || Output: APIError: [429]: Quota exceeded for quota metric 'Read requests' and ...
[10/23/2025 02:10:10.303 AM] Action   || Name: profiles_scheduler  || Trigger: update_all                           || Output: ran
[10/23/2025 02:10:11.012 AM] Action   || Name: profile_update_e... || Trigger: id=1                                 || Output: 404 Not Found (error code: 10008): Unknown Message
[10/23/2025 02:10:11.046 AM] Action   || Name: profile_update_e... || Trigger: id=2                                 || Output: APIError: [429]: Quota exceeded for quota metric 'Read requests' and ...
[10/23/2025 02:10:11.076 AM] Action   || Name: profile_update_e... || Trigger: id=4                                 || Output: APIError: [429]: Quota exceeded for quota metric 'Read requests' and ...
[10/23/2025 02:10:11.119 AM] Action   || Name: profile_update_e... || Trigger: id=5                                 || Output: APIError: [429]: Quota exceeded for quota metric 'Read requests' and ...
[10/23/2025 02:10:11.145 AM] Action   || Name: profile_update_e... || Trigger: id=6                                 || Output: APIError: [429]: Quota exceeded for quota metric 'Read requests' and ...
[10/23/2025 02:10:11.192 AM] Action   || Name: profile_update_e... || Trigger: id=7                                 || Output: APIError: [429]: Quota exceeded for quota metric 'Read requests' and ...
[10/23/2025 02:10:11.225 AM] Action   || Name: profile_update_e... || Trigger: id=9                                 || Output: APIError: [429]: Quota exceeded for quota metric 'Read requests' and ...
[10/23/2025 02:10:11.255 AM] Action   || Name: profile_update_e... || Trigger: id=17                                || Output: APIError: [429]: Quota exceeded for quota metric 'Read requests' and ...
[10/23/2025 02:10:11.284 AM] Action   || Name: profile_update_e... || Trigger: id=67                                || Output: APIError: [429]: Quota exceeded for quota metric 'Read requests' and ...
[10/23/2025 02:10:11.284 AM] Action   || Name: profile_update_f... || Trigger: count=9                              || Output: 1,2,4,5,6,7,9,17,67
[10/23/2025 02:10:11.300 AM] Action   || Name: profiles_scheduler  || Trigger: update_all                           || Output: ran
[10/23/2025 02:10:11.365 AM] Action   || Name: profile_update_e... || Trigger: id=1                                 || Output: 404 Not Found (error code: 10008): Unknown Message
[10/23/2025 02:10:11.429 AM] Action   || Name: profile_update_e... || Trigger: id=2                                 || Output: APIError: [429]: Quota exceeded for quota metric 'Read requests' and ...
[10/23/2025 02:10:11.446 AM] Action   || Name: profile_update_e... || Trigger: id=4                                 || Output: APIError: [429]: Quota exceeded for quota metric 'Read requests' and ...
[10/23/2025 02:10:11.496 AM] Action   || Name: profile_update_e... || Trigger: id=5                                 || Output: APIError: [429]: Quota exceeded for quota metric 'Read requests' and ...
[10/23/2025 02:10:11.531 AM] Action   || Name: profile_update_e... || Trigger: id=6                                 || Output: APIError: [429]: Quota exceeded for quota metric 'Read requests' and ...
[10/23/2025 02:10:11.574 AM] Action   || Name: profile_update_e... || Trigger: id=7                                 || Output: APIError: [429]: Quota exceeded for quota metric 'Read requests' and ...
[10/23/2025 02:10:11.590 AM] Action   || Name: profile_update_e... || Trigger: id=9                                 || Output: APIError: [429]: Quota exceeded for quota metric 'Read requests' and ...
[10/23/2025 02:10:11.622 AM] Action   || Name: profile_update_e... || Trigger: id=17                                || Output: APIError: [429]: Quota exceeded for quota metric 'Read requests' and ...
[10/23/2025 02:10:11.654 AM] Action   || Name: profile_update_e... || Trigger: id=67                                || Output: APIError: [429]: Quota exceeded for quota metric 'Read requests' and ...
[10/23/2025 02:10:11.670 AM] Action   || Name: profile_update_f... || Trigger: count=9                              || Output: 1,2,4,5,6,7,9,17,67
[10/23/2025 02:10:11.670 AM] Action   || Name: profiles_scheduler  || Trigger: update_all                           || Output: ran
[10/23/2025 02:10:11.670 AM] Action   || Name: profile_update_e... || Trigger: id=1                                 || Output: 404 Not Found (error code: 10008): Unknown Message
[10/23/2025 02:10:11.718 AM] Action   || Name: profile_update_e... || Trigger: id=2                                 || Output: APIError: [429]: Quota exceeded for quota metric 'Read requests' and ...
[10/23/2025 02:10:11.761 AM] Action   || Name: profile_update_e... || Trigger: id=4                                 || Output: APIError: [429]: Quota exceeded for quota metric 'Read requests' and ...
[10/23/2025 02:10:11.798 AM] Action   || Name: profile_update_e... || Trigger: id=5                                 || Output: APIError: [429]: Quota exceeded for quota metric 'Read requests' and ...
[10/23/2025 02:10:11.831 AM] Action   || Name: profile_update_e... || Trigger: id=6                                 || Output: APIError: [429]: Quota exceeded for quota metric 'Read requests' and ...
[10/23/2025 02:10:11.869 AM] Action   || Name: profile_update_e... || Trigger: id=7                                 || Output: APIError: [429]: Quota exceeded for quota metric 'Read requests' and ...
[10/23/2025 02:10:11.921 AM] Action   || Name: profile_update_e... || Trigger: id=9                                 || Output: APIError: [429]: Quota exceeded for quota metric 'Read requests' and ...
[10/23/2025 02:10:11.960 AM] Action   || Name: profile_update_e... || Trigger: id=17                                || Output: APIError: [429]: Quota exceeded for quota metric 'Read requests' and ...
[10/23/2025 02:10:11.999 AM] Action   || Name: profile_update_e... || Trigger: id=67                                || Output: APIError: [429]: Quota exceeded for quota metric 'Read requests' and ...
[10/23/2025 02:10:11.999 AM] Action   || Name: profile_update_f... || Trigger: count=9                              || Output: 1,2,4,5,6,7,9,17,67
[10/23/2025 02:10:11.999 AM] Action   || Name: profiles_scheduler  || Trigger: update_all                           || Output: ran
[10/23/2025 02:10:11.999 AM] Action   || Name: profile_update_e... || Trigger: id=1                                 || Output: 404 Not Found (error code: 10008): Unknown Message
[10/23/2025 02:10:12.046 AM] Action   || Name: profile_update_e... || Trigger: id=2                                 || Output: APIError: [429]: Quota exceeded for quota metric 'Read requests' and ...
[10/23/2025 02:10:12.078 AM] Action   || Name: profile_update_e... || Trigger: id=4                                 || Output: APIError: [429]: Quota exceeded for quota metric 'Read requests' and ...
[10/23/2025 02:10:12.129 AM] Action   || Name: profile_update_e... || Trigger: id=5                                 || Output: APIError: [429]: Quota exceeded for quota metric 'Read requests' and ...
[10/23/2025 02:10:12.159 AM] Action   || Name: profile_update_e... || Trigger: id=6                                 || Output: APIError: [429]: Quota exceeded for quota metric 'Read requests' and ...
[10/23/2025 02:10:12.207 AM] Action   || Name: profile_update_e... || Trigger: id=7                                 || Output: APIError: [429]: Quota exceeded for quota metric 'Read requests' and ...
[10/23/2025 02:10:12.243 AM] Action   || Name: profile_update_e... || Trigger: id=9                                 || Output: APIError: [429]: Quota exceeded for quota metric 'Read requests' and ...
[10/23/2025 02:10:12.271 AM] Action   || Name: profile_update_e... || Trigger: id=17                                || Output: APIError: [429]: Quota exceeded for quota metric 'Read requests' and ...
[10/23/2025 02:10:12.315 AM] Action   || Name: profile_update_e... || Trigger: id=67                                || Output: APIError: [429]: Quota exceeded for quota metric 'Read requests' and ...
[10/23/2025 02:10:12.315 AM] Action   || Name: profile_update_f... || Trigger: count=9                              || Output: 1,2,4,5,6,7,9,17,67
[10/23/2025 02:10:12.315 AM] Action   || Name: profiles_scheduler  || Trigger: update_all                           || Output: ran
[10/23/2025 02:10:12.526 AM] Action   || Name: profile_update_e... || Trigger: id=1                                 || Output: 404 Not Found (error code: 10008): Unknown Message
[10/23/2025 02:10:12.558 AM] Action   || Name: profile_update_e... || Trigger: id=2                                 || Output: APIError: [429]: Quota exceeded for quota metric 'Read requests' and ...
[10/23/2025 02:10:12.574 AM] Action   || Name: profile_update_e... || Trigger: id=4                                 || Output: APIError: [429]: Quota exceeded for quota metric 'Read requests' and ...
[10/23/2025 02:10:12.623 AM] Action   || Name: profile_update_e... || Trigger: id=5                                 || Output: APIError: [429]: Quota exceeded for quota metric 'Read requests' and ...
[10/23/2025 02:10:12.660 AM] Action   || Name: profile_update_e... || Trigger: id=6                                 || Output: APIError: [429]: Quota exceeded for quota metric 'Read requests' and ...
[10/23/2025 02:10:12.703 AM] Action   || Name: profile_update_e... || Trigger: id=7                                 || Output: APIError: [429]: Quota exceeded for quota metric 'Read requests' and ...
[10/23/2025 02:10:12.735 AM] Action   || Name: profile_update_e... || Trigger: id=9                                 || Output: APIError: [429]: Quota exceeded for quota metric 'Read requests' and ...
[10/23/2025 02:10:12.783 AM] Action   || Name: profile_update_e... || Trigger: id=17                                || Output: APIError: [429]: Quota exceeded for quota metric 'Read requests' and ...
[10/23/2025 02:10:12.819 AM] Action   || Name: profile_update_e... || Trigger: id=67                                || Output: APIError: [429]: Quota exceeded for quota metric 'Read requests' and ...
[10/23/2025 02:10:12.819 AM] Action   || Name: profile_update_f... || Trigger: count=9                              || Output: 1,2,4,5,6,7,9,17,67
[10/23/2025 02:10:12.819 AM] Action   || Name: profiles_scheduler  || Trigger: update_all                           || Output: ran
[10/23/2025 02:10:12.819 AM] Action   || Name: profile_update_e... || Trigger: id=1                                 || Output: 404 Not Found (error code: 10008): Unknown Message
[10/23/2025 02:10:12.868 AM] Action   || Name: profile_update_e... || Trigger: id=2                                 || Output: APIError: [429]: Quota exceeded for quota metric 'Read requests' and ...
[10/23/2025 02:10:12.895 AM] Action   || Name: profile_update_e... || Trigger: id=4                                 || Output: APIError: [429]: Quota exceeded for quota metric 'Read requests' and ...
[10/23/2025 02:10:12.932 AM] Action   || Name: profile_update_e... || Trigger: id=5                                 || Output: APIError: [429]: Quota exceeded for quota metric 'Read requests' and ...
[10/23/2025 02:10:12.959 AM] Action   || Name: profile_update_e... || Trigger: id=6                                 || Output: APIError: [429]: Quota exceeded for quota metric 'Read requests' and ...
[10/23/2025 02:10:12.991 AM] Action   || Name: profile_update_e... || Trigger: id=7                                 || Output: APIError: [429]: Quota exceeded for quota metric 'Read requests' and ...
[10/23/2025 02:10:13.043 AM] Action   || Name: profile_update_e... || Trigger: id=9                                 || Output: APIError: [429]: Quota exceeded for quota metric 'Read requests' and ...
[10/23/2025 02:10:13.076 AM] Action   || Name: profile_update_e... || Trigger: id=17                                || Output: APIError: [429]: Quota exceeded for quota metric 'Read requests' and ...
[10/23/2025 02:10:13.109 AM] Action   || Name: profile_update_e... || Trigger: id=67                                || Output: APIError: [429]: Quota exceeded for quota metric 'Read requests' and ...
[10/23/2025 02:10:13.109 AM] Action   || Name: profile_update_f... || Trigger: count=9                              || Output: 1,2,4,5,6,7,9,17,67
[10/23/2025 02:10:13.119 AM] Action   || Name: profiles_scheduler  || Trigger: update_all                           || Output: ran
[10/23/2025 02:10:14.334 AM] Action   || Name: profile_update_e... || Trigger: id=1                                 || Output: 404 Not Found (error code: 10008): Unknown Message
[10/23/2025 02:10:14.384 AM] Action   || Name: profile_update_e... || Trigger: id=2                                 || Output: APIError: [429]: Quota exceeded for quota metric 'Read requests' and ...
[10/23/2025 02:10:14.413 AM] Action   || Name: profile_update_e... || Trigger: id=4                                 || Output: APIError: [429]: Quota exceeded for quota metric 'Read requests' and ...
[10/23/2025 02:10:14.445 AM] Action   || Name: profile_update_e... || Trigger: id=5                                 || Output: APIError: [429]: Quota exceeded for quota metric 'Read requests' and ...
[10/23/2025 02:10:14.490 AM] Action   || Name: profile_update_e... || Trigger: id=6                                 || Output: APIError: [429]: Quota exceeded for quota metric 'Read requests' and ...
[10/23/2025 02:10:14.525 AM] Action   || Name: profile_update_e... || Trigger: id=7                                 || Output: APIError: [429]: Quota exceeded for quota metric 'Read requests' and ...
[10/23/2025 02:10:14.553 AM] Action   || Name: profile_update_e... || Trigger: id=9                                 || Output: APIError: [429]: Quota exceeded for quota metric 'Read requests' and ...
[10/23/2025 02:10:14.606 AM] Action   || Name: profile_update_e... || Trigger: id=17                                || Output: APIError: [429]: Quota exceeded for quota metric 'Read requests' and ...
[10/23/2025 02:10:14.636 AM] Action   || Name: profile_update_e... || Trigger: id=67                                || Output: APIError: [429]: Quota exceeded for quota metric 'Read requests' and ...
[10/23/2025 02:10:14.637 AM] Action   || Name: profile_update_f... || Trigger: count=9                              || Output: 1,2,4,5,6,7,9,17,67
[10/23/2025 02:10:14.638 AM] Action   || Name: profiles_scheduler  || Trigger: update_all                           || Output: ran
[10/23/2025 02:10:16.037 AM] Action   || Name: profile_update_e... || Trigger: id=1                                 || Output: 404 Not Found (error code: 10008): Unknown Message
[10/23/2025 02:10:16.089 AM] Action   || Name: profile_update_e... || Trigger: id=2                                 || Output: APIError: [429]: Quota exceeded for quota metric 'Read requests' and ...
[10/23/2025 02:10:16.116 AM] Action   || Name: profile_update_e... || Trigger: id=4                                 || Output: APIError: [429]: Quota exceeded for quota metric 'Read requests' and ...
[10/23/2025 02:10:16.197 AM] Action   || Name: profile_update_e... || Trigger: id=5                                 || Output: APIError: [429]: Quota exceeded for quota metric 'Read requests' and ...
[10/23/2025 02:10:16.228 AM] Action   || Name: profile_update_e... || Trigger: id=6                                 || Output: APIError: [429]: Quota exceeded for quota metric 'Read requests' and ...
[10/23/2025 02:10:16.260 AM] Action   || Name: profile_update_e... || Trigger: id=7                                 || Output: APIError: [429]: Quota exceeded for quota metric 'Read requests' and ...
[10/23/2025 02:10:16.309 AM] Action   || Name: profile_update_e... || Trigger: id=9                                 || Output: APIError: [429]: Quota exceeded for quota metric 'Read requests' and ...
[10/23/2025 02:10:16.324 AM] Action   || Name: profile_update_e... || Trigger: id=17                                || Output: APIError: [429]: Quota exceeded for quota metric 'Read requests' and ...
[10/23/2025 02:10:16.356 AM] Action   || Name: profile_update_e... || Trigger: id=67                                || Output: APIError: [429]: Quota exceeded for quota metric 'Read requests' and ...
[10/23/2025 02:10:16.356 AM] Action   || Name: profile_update_f... || Trigger: count=9                              || Output: 1,2,4,5,6,7,9,17,67
[10/23/2025 02:10:16.372 AM] Action   || Name: profiles_scheduler  || Trigger: update_all                           || Output: ran
[10/23/2025 02:42:35.217 AM] Action   || Name: send_suppressed     || Trigger: ch=1341696618688286720               || Output: Gmail authorization needed. Open and approve, then reply: 'TomCat, au...
[10/23/2025 02:42:35.217 AM] Action   || Name: gmail_auth_url      || Trigger:                                      || Output: https://accounts.google.com/o/oauth2/auth?response_type=code&client_i...
[10/23/2025 02:42:35.217 AM] Action   || Name: gmail_log_scheduler || Trigger: auth                                 || Output: pending
[10/23/2025 02:42:53.851 AM] Action   || Name: send_suppressed     || Trigger: ch=1341696618688286720               || Output: Gmail authorization needed. Open and approve, then reply: 'TomCat, au...
[10/23/2025 02:42:53.851 AM] Action   || Name: gmail_auth_url      || Trigger:                                      || Output: https://accounts.google.com/o/oauth2/auth?response_type=code&client_i...
[10/23/2025 02:42:53.851 AM] Action   || Name: gmail_log_scheduler || Trigger: auth                                 || Output: pending
[10/23/2025 02:50:12.433 AM] Action   || Name: send_suppressed     || Trigger: ch=1341696618688286720               || Output: Gmail authorization needed. Open and approve, then reply: 'TomCat, au...
[10/23/2025 02:50:12.433 AM] Action   || Name: gmail_auth_url      || Trigger:                                      || Output: https://accounts.google.com/o/oauth2/auth?response_type=code&client_i...
[10/23/2025 02:50:12.433 AM] Action   || Name: gmail_log_scheduler || Trigger: auth                                 || Output: pending
[10/23/2025 03:00:00.016 AM] Action   || Name: dues_portal_hist... || Trigger: ch=928060549089087538                || Output: Cannot connect to host discord.com:443 ssl:default [getaddrinfo failed]
[10/23/2025 03:00:00.016 AM] Action   || Name: dues_membership_... || Trigger: sheet=1PBvCd6gTwc1_aqlCtn93xPW7XJ... || Output: ws=Membership Application List
[10/23/2025 03:00:00.026 AM] Action   || Name: dues_membership_... || Trigger: read                                 || Output: HTTPSConnectionPool(host='sheets.googleapis.com', port=443): Max retr...
[10/23/2025 03:00:00.028 AM] Action   || Name: dues_scheduler      || Trigger: count=0                              || Output: done
[10/23/2025 03:00:00.028 AM] Action   || Name: dues_portal_hist... || Trigger: ch=928060549089087538                || Output: Cannot connect to host discord.com:443 ssl:default [getaddrinfo failed]
[10/23/2025 03:00:00.030 AM] Action   || Name: dues_membership_... || Trigger: sheet=1PBvCd6gTwc1_aqlCtn93xPW7XJ... || Output: ws=Membership Application List
[10/23/2025 03:00:00.032 AM] Action   || Name: dues_membership_... || Trigger: read                                 || Output: HTTPSConnectionPool(host='sheets.googleapis.com', port=443): Max retr...
[10/23/2025 03:00:00.034 AM] Action   || Name: dues_scheduler      || Trigger: count=0                              || Output: done
[10/23/2025 03:00:00.034 AM] Action   || Name: dues_portal_hist... || Trigger: ch=928060549089087538                || Output: Cannot connect to host discord.com:443 ssl:default [getaddrinfo failed]
[10/23/2025 03:00:00.036 AM] Action   || Name: dues_membership_... || Trigger: sheet=1PBvCd6gTwc1_aqlCtn93xPW7XJ... || Output: ws=Membership Application List
[10/23/2025 03:00:00.038 AM] Action   || Name: dues_membership_... || Trigger: read                                 || Output: HTTPSConnectionPool(host='sheets.googleapis.com', port=443): Max retr...
[10/23/2025 03:00:00.038 AM] Action   || Name: dues_scheduler      || Trigger: count=0                              || Output: done
[10/23/2025 03:00:01.147 AM] Action   || Name: dues_portal_hist... || Trigger: ch=928060549089087538                || Output: Cannot connect to host discord.com:443 ssl:default [getaddrinfo failed]
[10/23/2025 03:00:01.147 AM] Action   || Name: dues_membership_... || Trigger: sheet=1PBvCd6gTwc1_aqlCtn93xPW7XJ... || Output: ws=Membership Application List
[10/23/2025 03:00:01.147 AM] Action   || Name: dues_membership_... || Trigger: read                                 || Output: HTTPSConnectionPool(host='sheets.googleapis.com', port=443): Max retr...
[10/23/2025 03:00:01.153 AM] Action   || Name: dues_scheduler      || Trigger: count=0                              || Output: done
[10/23/2025 03:00:01.153 AM] Action   || Name: dues_portal_hist... || Trigger: ch=928060549089087538                || Output: Cannot connect to host discord.com:443 ssl:default [getaddrinfo failed]
[10/23/2025 03:00:01.153 AM] Action   || Name: dues_membership_... || Trigger: sheet=1PBvCd6gTwc1_aqlCtn93xPW7XJ... || Output: ws=Membership Application List
[10/23/2025 03:00:01.153 AM] Action   || Name: dues_membership_... || Trigger: read                                 || Output: HTTPSConnectionPool(host='sheets.googleapis.com', port=443): Max retr...
[10/23/2025 03:00:01.153 AM] Action   || Name: dues_scheduler      || Trigger: count=0                              || Output: done
[10/23/2025 03:00:01.160 AM] Action   || Name: dues_portal_hist... || Trigger: ch=928060549089087538                || Output: Cannot connect to host discord.com:443 ssl:default [getaddrinfo failed]
[10/23/2025 03:00:01.162 AM] Action   || Name: dues_membership_... || Trigger: sheet=1PBvCd6gTwc1_aqlCtn93xPW7XJ... || Output: ws=Membership Application List
[10/23/2025 03:00:01.162 AM] Action   || Name: dues_membership_... || Trigger: read                                 || Output: HTTPSConnectionPool(host='sheets.googleapis.com', port=443): Max retr...
[10/23/2025 03:00:01.162 AM] Action   || Name: dues_scheduler      || Trigger: count=0                              || Output: done
[10/23/2025 03:00:01.169 AM] Action   || Name: dues_portal_hist... || Trigger: ch=928060549089087538                || Output: Cannot connect to host discord.com:443 ssl:default [getaddrinfo failed]
[10/23/2025 03:00:01.169 AM] Action   || Name: dues_membership_... || Trigger: sheet=1PBvCd6gTwc1_aqlCtn93xPW7XJ... || Output: ws=Membership Application List
[10/23/2025 03:00:01.169 AM] Action   || Name: dues_membership_... || Trigger: read                                 || Output: HTTPSConnectionPool(host='sheets.googleapis.com', port=443): Max retr...
[10/23/2025 03:00:01.169 AM] Action   || Name: dues_scheduler      || Trigger: count=0                              || Output: done
[10/23/2025 03:00:01.169 AM] Action   || Name: dues_portal_hist... || Trigger: ch=928060549089087538                || Output: Cannot connect to host discord.com:443 ssl:default [getaddrinfo failed]
[10/23/2025 03:00:01.169 AM] Action   || Name: dues_membership_... || Trigger: sheet=1PBvCd6gTwc1_aqlCtn93xPW7XJ... || Output: ws=Membership Application List
[10/23/2025 03:00:01.169 AM] Action   || Name: dues_membership_... || Trigger: read                                 || Output: HTTPSConnectionPool(host='sheets.googleapis.com', port=443): Max retr...
[10/23/2025 03:00:01.169 AM] Action   || Name: dues_scheduler      || Trigger: count=0                              || Output: done
[10/23/2025 03:00:01.179 AM] Action   || Name: dues_portal_hist... || Trigger: ch=928060549089087538                || Output: Cannot connect to host discord.com:443 ssl:default [getaddrinfo failed]
[10/23/2025 03:00:01.181 AM] Action   || Name: dues_membership_... || Trigger: sheet=1PBvCd6gTwc1_aqlCtn93xPW7XJ... || Output: ws=Membership Application List
[10/23/2025 03:00:01.184 AM] Action   || Name: dues_membership_... || Trigger: read                                 || Output: HTTPSConnectionPool(host='sheets.googleapis.com', port=443): Max retr...
[10/23/2025 03:00:01.184 AM] Action   || Name: dues_scheduler      || Trigger: count=0                              || Output: done
[10/23/2025 03:00:01.184 AM] Action   || Name: dues_portal_hist... || Trigger: ch=928060549089087538                || Output: Cannot connect to host discord.com:443 ssl:default [getaddrinfo failed]
[10/23/2025 03:00:01.184 AM] Action   || Name: dues_membership_... || Trigger: sheet=1PBvCd6gTwc1_aqlCtn93xPW7XJ... || Output: ws=Membership Application List
[10/23/2025 03:00:01.184 AM] Action   || Name: dues_membership_... || Trigger: read                                 || Output: HTTPSConnectionPool(host='sheets.googleapis.com', port=443): Max retr...
[10/23/2025 03:00:01.184 AM] Action   || Name: dues_scheduler      || Trigger: count=0                              || Output: done
[10/23/2025 03:00:01.195 AM] Action   || Name: dues_portal_hist... || Trigger: ch=928060549089087538                || Output: Cannot connect to host discord.com:443 ssl:default [getaddrinfo failed]
[10/23/2025 03:00:01.195 AM] Action   || Name: dues_membership_... || Trigger: sheet=1PBvCd6gTwc1_aqlCtn93xPW7XJ... || Output: ws=Membership Application List
[10/23/2025 03:00:01.200 AM] Action   || Name: dues_membership_... || Trigger: read                                 || Output: HTTPSConnectionPool(host='sheets.googleapis.com', port=443): Max retr...
[10/23/2025 03:00:01.200 AM] Action   || Name: dues_scheduler      || Trigger: count=0                              || Output: done
[10/23/2025 03:00:01.200 AM] Action   || Name: dues_portal_hist... || Trigger: ch=928060549089087538                || Output: Cannot connect to host discord.com:443 ssl:default [getaddrinfo failed]
[10/23/2025 03:00:01.200 AM] Action   || Name: dues_membership_... || Trigger: sheet=1PBvCd6gTwc1_aqlCtn93xPW7XJ... || Output: ws=Membership Application List
[10/23/2025 03:00:01.207 AM] Action   || Name: dues_membership_... || Trigger: read                                 || Output: HTTPSConnectionPool(host='sheets.googleapis.com', port=443): Max retr...
[10/23/2025 03:00:01.207 AM] Action   || Name: dues_scheduler      || Trigger: count=0                              || Output: done
[10/23/2025 03:00:01.207 AM] Action   || Name: dues_portal_hist... || Trigger: ch=928060549089087538                || Output: Cannot connect to host discord.com:443 ssl:default [getaddrinfo failed]
[10/23/2025 03:00:01.207 AM] Action   || Name: dues_membership_... || Trigger: sheet=1PBvCd6gTwc1_aqlCtn93xPW7XJ... || Output: ws=Membership Application List
[10/23/2025 03:00:01.214 AM] Action   || Name: dues_membership_... || Trigger: read                                 || Output: HTTPSConnectionPool(host='sheets.googleapis.com', port=443): Max retr...
[10/23/2025 03:00:01.216 AM] Action   || Name: dues_scheduler      || Trigger: count=0                              || Output: done
[10/23/2025 03:19:54.180 AM] Online   || User: Tom Cat#8337        || Guilds: 2                                    
[10/23/2025 03:19:55.594 AM] Health   || Component: image_tab      || Status: ok                                    || channel_id=551084964318543904 tab=TCBPicsInput
[10/23/2025 03:19:56.026 AM] Health   || Component: image_tab      || Status: ok                                    || channel_id=639882573199441930 tab=TCBPicsInput
[10/23/2025 03:19:56.443 AM] Health   || Component: image_tab      || Status: ok                                    || channel_id=1341696618688286720 tab=TCBPicsInput
[10/23/2025 03:19:56.850 AM] Health   || Component: image_tab      || Status: ok                                    || channel_id=1344745306620694558 tab=TCBVetBillInput
[10/23/2025 03:19:57.075 AM] Health   || Component: feeding_tab    || Status: ok                                   
[10/23/2025 05:51:06.617 AM] Message  || User: silver0223          || Channel: #feeding-team                        || Content: <:wuuh:1331331057076932750>
[10/23/2025 07:25:10.365 AM] Message  || User: m_digio             || Channel: #purrley-pawsitive-pussy-pals        || Content: Why did i get an email saying i need to do my hazing module again??
[10/23/2025 07:34:03.461 AM] React+   || User: slayc127            || Channel: #purrley-pawsitive-pussy-pals        || emoji=😭; msg="Why did i get an email saying i need to ..." by m_digio
[10/23/2025 08:01:20.878 AM] Message  || User: adeyumii            || Channel: #report-new-cats                     || Content: Saw a kitten near the General Academic Classroom Building. White wit...
[10/23/2025 08:03:56.609 AM] Message  || User: adeyumii            || Channel: #report-new-cats                     || Content: Ummm since theres a bunch of fast food names in that area, their nam...
[10/23/2025 08:04:00.424 AM] Message  || User: adeyumii            || Channel: #report-new-cats                     || Content: (ronald mcdonald)
[10/23/2025 08:08:28.289 AM] Message  || User: m_digio             || Channel: #report-new-cats                     || Content: thats so cute😭
[10/23/2025 08:08:41.762 AM] Message  || User: m_digio             || Channel: #report-new-cats                     || Content: Yeah we got some black cats there too
[10/23/2025 08:08:48.600 AM] Message  || User: m_digio             || Channel: #report-new-cats                     || Content: Tbh wouldnt mind getting a station there
[10/23/2025 08:11:54.803 AM] Message  || User: adeyumii            || Channel: #report-new-cats                     || Content: yea we have wing, stop, and bdubz
[10/23/2025 08:15:00.463 AM] React+   || User: m_digio             || Channel: #report-new-cats                     || emoji=❤️; msg="yea we have wing, stop, and bdubz" by adeyumii
[10/23/2025 08:16:19.179 AM] Message  || User: m_digio             || Channel: #announcements                       || Content: @​everyone Thanksgiving is roughly a month away! We will have an alt...
[10/23/2025 08:16:28.154 AM] Edit     || User: m_digio             || Channel: #announcements                       || @​everyone Thanksgiving is roughly a month away! We will have an alternative ...
[10/23/2025 08:17:49.044 AM] Message  || User: m_digio             || Channel: #events                              || Content: @​here those of you who will be attending the party, please please g...
[10/23/2025 08:20:31.389 AM] React+   || User: reyesthighs         || Channel: #events                              || emoji=😭; msg="I get tired or we sell out" by m_digio
[10/23/2025 08:21:09.644 AM] Message  || User: m_digio             || Channel: #executive-board                     || Content: Ive mentioned it but like fr want to do this if it works with yall, ...
[10/23/2025 08:21:20.599 AM] Message  || User: reyesthighs         || Channel: #events                              || Content: I am not attending but you need the Hocus Pocus version of One Way O...
[10/23/2025 08:21:27.332 AM] React+   || User: moineau_l.oiseau    || Channel: #events                              || emoji=🤣; msg="I am not attending but you need the Hocu..." by reyesthighs
[10/23/2025 08:21:29.716 AM] React+   || User: moineau_l.oiseau    || Channel: #events                              || emoji=🔥; msg="I am not attending but you need the Hocu..." by reyesthighs
[10/23/2025 08:21:47.634 AM] Message  || User: reyesthighs         || Channel: #events                              || Content: And of course the classic monster mash, thriller, and this is halloween
[10/23/2025 08:22:03.448 AM] Message  || User: reyesthighs         || Channel: #events                              || Content: and I Put A Spell On You from Hocus Pocus
[10/23/2025 08:22:10.528 AM] React+   || User: m_digio             || Channel: #events                              || emoji=🔥; msg="And of course the classic monster mash, ..." by reyesthighs
[10/23/2025 08:22:11.435 AM] React+   || User: m_digio             || Channel: #events                              || emoji=🔥; msg="I am not attending but you need the Hocu..." by reyesthighs
[10/23/2025 08:22:14.063 AM] React+   || User: m_digio             || Channel: #events                              || emoji=🔥; msg="and I Put A Spell On You from Hocus Pocu..." by reyesthighs
[10/23/2025 08:22:33.801 AM] React+   || User: reyesthighs         || Channel: #yapper-committee                    || emoji=😭; msg="i bought a 5th talk talking witch and my..." by kcreepertux04
[10/23/2025 08:23:39.013 AM] Message  || User: reyesthighs         || Channel: #itty-bitty-kitty-commitee           || Content: Picl is not an "unnaficial campus cat" she is my landlord show some ...
[10/23/2025 08:24:16.997 AM] Message  || User: slayc127            || Channel: #events                              || Content: some beetlejuice the musical would be nice
[10/23/2025 08:24:17.534 AM] Message  || User: reyesthighs         || Channel: #itty-bitty-kitty-commitee           || Content: also HOW did you get so close to her?? she doesn't let me get anywhe...
[10/23/2025 08:24:38.697 AM] React+   || User: m_digio             || Channel: #events                              || emoji=🔥; msg="some beetlejuice the musical would be ni..." by slayc127
[10/23/2025 08:24:44.480 AM] React+   || User: malibubarbie1200    || Channel: #yapper-committee                    || emoji=😭; msg="i bought a 5th talk talking witch and my..." by kcreepertux04
[10/23/2025 08:24:48.005 AM] React+   || User: moineau_l.oiseau    || Channel: #itty-bitty-kitty-commitee           || emoji=🥹; msg="Toothless getting some “Wetter Food” aft..." by austinbaustinb
[10/23/2025 08:24:50.716 AM] React+   || User: moineau_l.oiseau    || Channel: #itty-bitty-kitty-commitee           || emoji=❤️; msg="Toothless getting some “Wetter Food” aft..." by austinbaustinb
[10/23/2025 08:25:04.275 AM] Message  || User: slayc127            || Channel: #yapper-committee                    || Content: getting to campus so early and i forgot tube treats for snickers 💔🥀
[10/23/2025 08:25:11.207 AM] React+   || User: .s3j                || Channel: #events                              || emoji=‼️; msg="some beetlejuice the musical would be ni..." by slayc127
[10/23/2025 08:25:55.996 AM] React+   || User: moineau_l.oiseau    || Channel: #itty-bitty-kitty-commitee           || emoji=‼️; msg="itz fine to keep her here but pet pics i..." by slayc127
[10/23/2025 08:25:56.275 AM] React+   || User: moineau_l.oiseau    || Channel: #itty-bitty-kitty-commitee           || emoji=👍; msg="itz fine to keep her here but pet pics i..." by slayc127
[10/23/2025 08:26:04.382 AM] Message  || User: wingoffire2255      || Channel: #events                              || Content: You gotta do This is Halloween from the nightmare before Christmas
[10/23/2025 08:26:16.858 AM] React+   || User: moineau_l.oiseau    || Channel: #itty-bitty-kitty-commitee           || emoji=🤣; msg="Picl is not an "unnaficial campus cat" s..." by reyesthighs
[10/23/2025 08:27:16.535 AM] Message  || User: .s3j                || Channel: #events                              || Content: Whole nightmare before Christmas soundtrack
[10/23/2025 08:29:06.147 AM] Message  || User: m_digio             || Channel: #events                              || Content: https://tenor.com/view/mark-cuban-shark-tank-notes-taking-notes-reme...
[10/23/2025 08:29:32.379 AM] Message  || User: the.lemonade.stand  || Channel: #executive-board                     || Content: would you rather provide the crochet cats every other month? that wa...
[10/23/2025 08:29:44.662 AM] Message  || User: lance030315         || Channel: #bot-spam                            || Content: Tomcat show me redacted
[10/23/2025 08:29:44.663 AM] Intent   || show_photo                ||                                               || cat=Redacted
[10/23/2025 08:29:44.679 AM] Action   || Name: muted_send          || Trigger: channel=#bot-spam                    || Output: embed
[10/23/2025 08:29:54.576 AM] React+   || User: slayc127            || Channel: #executive-board                     || emoji=‼️; msg="would you rather provide the crochet cat..." by the.lemonade.s...
[10/23/2025 08:30:05.973 AM] Message  || User: lance030315         || Channel: #bot-spam                            || Content: Tomcat show me Microwave
[10/23/2025 08:30:05.973 AM] Intent   || show_photo                ||                                               || cat=Microwave
[10/23/2025 08:30:06.183 AM] Action   || Name: muted_send          || Trigger: channel=#bot-spam                    || Output: embed
[10/23/2025 08:30:07.947 AM] Action   || Name: show_cache_downl... || Trigger: https://drive.google.com/uc?expor... || Output: sn=6156 attempt=1 size=1558979
[10/23/2025 08:31:06.500 AM] Message  || User: starr8968           || Channel: #itty-bitty-kitty-commitee           || Content: Guys that banana bread
[10/23/2025 08:31:10.434 AM] Message  || User: starr8968           || Channel: #itty-bitty-kitty-commitee           || Content: Was peak
[10/23/2025 08:31:19.778 AM] Message  || User: starr8968           || Channel: #itty-bitty-kitty-commitee           || Content: From the bake sale yesterday))
[10/23/2025 08:32:34.727 AM] React+   || User: spitonme            || Channel: #bot-spam                            || emoji=🐙; msg="wild" by a1darek
[10/23/2025 08:33:10.203 AM] React+   || User: spitonme            || Channel: #itty-bitty-kitty-commitee           || emoji=🐙; msg="Guys that banana bread" by starr8968
[10/23/2025 08:33:25.369 AM] Message  || User: m_digio             || Channel: #executive-board                     || Content: I don't mind making a few at each bakesale, i just can't make any fo...
[10/23/2025 08:33:38.018 AM] React+   || User: spitonme            || Channel: #yapper-committee                    || emoji=🐙; msg="getting to campus so early and i forgot ..." by slayc127
[10/23/2025 08:34:51.058 AM] React+   || User: m_digio             || Channel: #itty-bitty-kitty-commitee           || emoji=🔥; msg="Was peak" by starr8968
[10/23/2025 08:38:08.157 AM] React+   || User: slayc127            || Channel: #itty-bitty-kitty-commitee           || emoji=🐙; msg="Guys that banana bread" by starr8968
[10/23/2025 08:38:08.628 AM] React+   || User: slayc127            || Channel: #itty-bitty-kitty-commitee           || emoji=🔥; msg="Was peak" by starr8968
[10/23/2025 08:39:48.505 AM] Message  || User: slayc127            || Channel: #executive-board                     || Content: thatz very okay!
[10/23/2025 08:42:04.239 AM] Message  || User: slayc127            || Channel: #yapper-committee                    || Content: no snickers 💔
[10/23/2025 08:42:08.121 AM] Message  || User: slayc127            || Channel: #yapper-committee                    || Content: getting breakfast to cope
[10/23/2025 08:44:53.332 AM] Message  || User: cici4f3             || Channel: #yapper-committee                    || Content: NOOOO
[10/23/2025 08:45:15.229 AM] Message  || User: slayc127            || Channel: #yapper-committee                    || Content: im actually devastated thats the whole reason i came so early (ignor...
[10/23/2025 08:47:01.611 AM] Message  || User: slayc127            || Channel: #pictures-of-the-cats                || Content: tried to catch him while he was in his yoga pose but he got embarassed
[10/23/2025 08:47:02.403 AM] Action   || Name: image_intake        || Trigger: channel=551084964318543904           || Output: rows=4
[10/23/2025 08:47:43.297 AM] React+   || User: m_digio             || Channel: #pictures-of-the-cats                || emoji=❤️; msg="tried to catch him while he was in his y..." by slayc127
[10/23/2025 08:48:48.179 AM] Message  || User: baseketballin       || Channel: #itty-bitty-kitty-commitee           || Content: twas walking to the front
[10/23/2025 08:48:51.552 AM] Message  || User: baseketballin       || Channel: #itty-bitty-kitty-commitee           || Content: i see her
[10/23/2025 08:48:54.670 AM] Message  || User: baseketballin       || Channel: #itty-bitty-kitty-commitee           || Content: she pauses
[10/23/2025 08:48:56.935 AM] Message  || User: baseketballin       || Channel: #itty-bitty-kitty-commitee           || Content: photo!
[10/23/2025 08:49:01.513 AM] Message  || User: baseketballin       || Channel: #itty-bitty-kitty-commitee           || Content: then she leaves
[10/23/2025 08:49:08.366 AM] Message  || User: adeyumii            || Channel: #itty-bitty-kitty-commitee           || Content: average picl behavior
[10/23/2025 08:49:13.857 AM] Message  || User: adeyumii            || Channel: #itty-bitty-kitty-commitee           || Content: she does that for me in the early AM sometimes
[10/23/2025 08:49:42.764 AM] Message  || User: reyesthighs         || Channel: #itty-bitty-kitty-commitee           || Content: oh yeah thats about what she does for me. It looked like she was app...
[10/23/2025 08:49:54.045 AM] Message  || User: reyesthighs         || Channel: #itty-bitty-kitty-commitee           || Content: if only the lease didn't forbid us from feeding the Picl
[10/23/2025 08:50:00.099 AM] Message  || User: reyesthighs         || Channel: #itty-bitty-kitty-commitee           || Content: <:Anguish:836408787249266698>
[10/23/2025 08:52:42.714 AM] Message  || User: spitonme            || Channel: #events                              || Content: under our spell by the dazzlings
this day aria 
somebody’s watching ...
[10/23/2025 08:54:08.068 AM] React+   || User: celeryiscelery      || Channel: #executive-board                     || emoji=<:gaga:1413361490634870969>; msg="Ive mentioned it but like fr want to ...
[10/23/2025 08:55:31.814 AM] React+   || User: spitonme            || Channel: #report-new-cats                     || emoji=🐙; msg="yea we have wing, stop, and bdubz" by adeyumii
[10/23/2025 08:56:05.614 AM] Message  || User: celeryiscelery      || Channel: #executive-board                     || Content: take your time to rest. yesterday’s bake sale helped a bunch and the...
[10/23/2025 08:56:32.970 AM] React+   || User: spitonme            || Channel: #yapper-committee                    || emoji=🐙; msg="im actually devastated thats the whole r..." by slayc127
[10/23/2025 08:57:10.820 AM] React+   || User: slayc127            || Channel: #executive-board                     || emoji=‼️; msg="take your time to rest. yesterday’s bake..." by celeryiscelery
[10/23/2025 08:57:15.491 AM] React+   || User: m_digio             || Channel: #executive-board                     || emoji=🫶; msg="take your time to rest. yesterday’s bake..." by celeryiscelery
[10/23/2025 08:57:19.522 AM] Message  || User: spitonme            || Channel: #events                              || Content: we are the crystal gems and love like u from steven universe
[10/23/2025 08:57:45.172 AM] Message  || User: spitonme            || Channel: #events                              || Content: Im just your problem frim advebture time
[10/23/2025 08:57:50.908 AM] React+   || User: simplyshadow171295  || Channel: #events                              || emoji=‼️; msg="Whole nightmare before Christmas soundtr..." by .s3j
[10/23/2025 08:57:51.631 AM] Message  || User: m_digio             || Channel: #events                              || Content: Those don't sound spooky /j
[10/23/2025 08:57:56.816 AM] React+   || User: slayc127            || Channel: #events                              || emoji=😆; msg="Those don't sound spooky /j" by m_digio
[10/23/2025 08:59:11.614 AM] React+   || User: spitonme            || Channel: #events                              || emoji=🐙; msg="Those don't sound spooky /j" by m_digio
[10/23/2025 09:02:51.678 AM] Message  || User: m_digio             || Channel: #executive-board                     || Content: Just since i won't be making any cats or attending the student marke...
[10/23/2025 09:06:02.934 AM] Message  || User: spitonme            || Channel: #yapper-committee                    || Content: looked up uta auctions and found this,,, is this fye?
[10/23/2025 09:06:05.675 AM] Message  || User: spitonme            || Channel: #yapper-committee                    || Content: (no text; attachments=1)
[10/23/2025 09:11:00.599 AM] Message  || User: slayc127            || Channel: #purrley-pawsitive-pussy-pals        || Content: gah
[10/23/2025 09:11:04.411 AM] Message  || User: slayc127            || Channel: #purrley-pawsitive-pussy-pals        || Content: from simsies story
[10/23/2025 09:14:23.925 AM] React+   || User: slayc127            || Channel: #yapper-committee                    || emoji=😭; msg=1430920221044244601
[10/23/2025 09:21:06.030 AM] React+   || User: simplyshadow171295  || Channel: #pictures-of-the-cats                || emoji=❤️; msg="tried to catch him while he was in his y..." by slayc127
[10/23/2025 09:21:23.096 AM] React+   || User: nostalgicsapphic    || Channel: #purrley-pawsitive-pussy-pals        || emoji=😭; msg="gah" by slayc127
[10/23/2025 09:24:03.625 AM] Message  || User: baseketballin       || Channel: #pictures-of-the-cats                || Content: you are Not entering the army brochacho
[10/23/2025 09:24:04.302 AM] Action   || Name: image_intake        || Trigger: channel=551084964318543904           || Output: rows=1
[10/23/2025 09:24:11.732 AM] React+   || User: slayc127            || Channel: #pictures-of-the-cats                || emoji=😭; msg="you are Not entering the army brochacho" by baseketballin
[10/23/2025 09:24:15.071 AM] Message  || User: slayc127            || Channel: #pictures-of-the-cats                || Content: hes so rotund
[10/23/2025 09:24:33.973 AM] React+   || User: simplyshadow171295  || Channel: #pictures-of-the-cats                || emoji=😭; msg="you are Not entering the army brochacho" by baseketballin
[10/23/2025 09:27:54.968 AM] React+   || User: bubblebee5866       || Channel: #pet-pictures                        || emoji=😭; msg="Someone missed me" by m_digio
[10/23/2025 09:29:04.796 AM] React+   || User: bubblebee5866       || Channel: #pictures-of-the-cats                || emoji=❤️; msg=1430735793818701937
[10/23/2025 09:29:10.999 AM] React+   || User: bubblebee5866       || Channel: #pictures-of-the-cats                || emoji=❤️; msg=1430736038506008577
[10/23/2025 09:29:40.111 AM] Message  || User: adeyumii            || Channel: #events                              || Content: for the nov bakesale i might make puppy chow/muddy buddies, wallet p...
[10/23/2025 09:30:43.864 AM] React+   || User: .bettercalljack     || Channel: #yapper-committee                    || emoji=😭; msg=1430920221044244601
[10/23/2025 09:30:56.328 AM] Message  || User: .bettercalljack     || Channel: #events                              || Content: YES YES YES YES THE DAZZLINGS YES YES YES
[10/23/2025 09:31:17.218 AM] React+   || User: .bettercalljack     || Channel: #events                              || emoji=🔥; msg="I am not attending but you need the Hocu..." by reyesthighs
[10/23/2025 09:31:17.380 AM] React+   || User: .bettercalljack     || Channel: #events                              || emoji=🔥; msg="And of course the classic monster mash, ..." by reyesthighs
[10/23/2025 09:31:18.961 AM] React+   || User: .bettercalljack     || Channel: #events                              || emoji=🔥; msg="and I Put A Spell On You from Hocus Pocu..." by reyesthighs
[10/23/2025 09:31:19.687 AM] React+   || User: .bettercalljack     || Channel: #events                              || emoji=🔥; msg="some beetlejuice the musical would be ni..." by slayc127
[10/23/2025 09:31:23.059 AM] React+   || User: bubblebee5866       || Channel: #pictures-of-the-cats                || emoji=😭; msg="you are Not entering the army brochacho" by baseketballin
[10/23/2025 09:32:22.976 AM] Message  || User: .bettercalljack     || Channel: #events                              || Content: Are fnaf songs on the table if so put the og the living tombstone ones
[10/23/2025 09:32:32.731 AM] React+   || User: .bettercalljack     || Channel: #pictures-of-the-cats                || emoji=❤️; msg="tried to catch him while he was in his y..." by slayc127
[10/23/2025 09:32:40.556 AM] React+   || User: .bettercalljack     || Channel: #pictures-of-the-cats                || emoji=😭; msg="you are Not entering the army brochacho" by baseketballin
[10/23/2025 09:35:18.931 AM] React+   || User: moineau_l.oiseau    || Channel: #yapper-committee                    || emoji=😭; msg="i bought a 5th talk talking witch and my..." by kcreepertux04
[10/23/2025 09:35:57.728 AM] React+   || User: moineau_l.oiseau    || Channel: #yapper-committee                    || emoji=🤣; msg="https://tenor.com/view/some-men-just-wan..." by kcreepertux04
[10/23/2025 09:42:07.292 AM] Message  || User: lemonelon_          || Channel: #feeding-team                        || Content: wait so we are covered Thanksgiving week ? bc i will not be in campus
[10/23/2025 09:42:07.292 AM] Action   || Name: feed_pending_set    || Trigger: ch=643586809166561310; user=96362... || Output: stations=West Campus; text=wait so we are covered Thanksgiving week ?...
[10/23/2025 09:42:49.503 AM] React+   || User: spitonme            || Channel: #events                              || emoji=🐙; msg="YES YES YES YES THE DAZZLINGS YES YES YE..." by .bettercalljack
[10/23/2025 09:43:06.471 AM] Message  || User: spitonme            || Channel: #events                              || Content: slap discord by the living tombstones there too
[10/23/2025 09:43:13.776 AM] Message  || User: m_digio             || Channel: #feeding-team                        || Content: Yes the whole week Monday-Sunday
[10/23/2025 09:44:35.931 AM] Message  || User: slayc127            || Channel: #events                              || Content: YES BECAUSE I SAID SO
[10/23/2025 09:45:38.993 AM] Message  || User: .bettercalljack     || Channel: #events                              || Content: Every tlt fnaf song up to "i cant fix you"
[10/23/2025 09:46:06.171 AM] Message  || User: slayc127            || Channel: #purrley-pawsitive-pussy-pals        || Content: guys i am killing it
[10/23/2025 09:46:17.788 AM] Message  || User: slayc127            || Channel: #purrley-pawsitive-pussy-pals        || Content: all of my sources for this project are ironically all by women or fe...
[10/23/2025 09:46:17.911 AM] Message  || User: nostalgicsapphic    || Channel: #purrley-pawsitive-pussy-pals        || Content: by it do u mean god
[10/23/2025 09:46:21.463 AM] React+   || User: nostalgicsapphic    || Channel: #purrley-pawsitive-pussy-pals        || emoji=🔥; msg="all of my sources for this project are i..." by slayc127
[10/23/2025 09:46:23.221 AM] React+   || User: nostalgicsapphic    || Channel: #purrley-pawsitive-pussy-pals        || emoji=🎉; msg="all of my sources for this project are i..." by slayc127
[10/23/2025 09:46:26.498 AM] Message  || User: slayc127            || Channel: #purrley-pawsitive-pussy-pals        || Content: (i just finished my bibliography tentatively)
[10/23/2025 09:46:30.129 AM] Message  || User: slayc127            || Channel: #purrley-pawsitive-pussy-pals        || Content: that too!
[10/23/2025 09:46:31.859 AM] React+   || User: nostalgicsapphic    || Channel: #purrley-pawsitive-pussy-pals        || emoji=🥳; msg="(i just finished my bibliography tentati..." by slayc127
[10/23/2025 09:46:34.940 AM] React+   || User: baseketballin       || Channel: #pictures-of-the-cats                || emoji=❤️; msg=1430735793818701937
[10/23/2025 09:53:31.653 AM] Message  || User: adeyumii            || Channel: #feeding-team                        || Content: ok if we are still out of food and people need me to cover ( i have ...
[10/23/2025 09:53:31.659 AM] Action   || Name: intent_router_error || Trigger: type=AttributeError                  || Output: 'IntentRouter' object has no attribute '_stations_from_schedule'
[10/23/2025 09:53:42.650 AM] Message  || User: adeyumii            || Channel: #feeding-team                        || Content: just let me know before the sun starts to set
[10/23/2025 09:54:01.347 AM] Message  || User: adeyumii            || Channel: #feeding-team                        || Content: zen + hop are off limits for me ( i dont like going to hop)
[10/23/2025 09:54:01.361 AM] Action   || Name: feed_pending_set    || Trigger: ch=643586809166561310; user=47432... || Output: stations=HOP,Mary Kay and Zen; text=zen + hop are off limits for me (...
[10/23/2025 09:59:32.465 AM] Message  || User: m_digio             || Channel: #pictures-of-the-cats                || Content: Who's got that picture of vincent full body in mouth full eating food?
[10/23/2025 09:59:42.970 AM] Message  || User: slayc127            || Channel: #pictures-of-the-cats                || Content: (no text; attachments=3)
[10/23/2025 09:59:43.593 AM] Action   || Name: image_intake        || Trigger: channel=551084964318543904           || Output: rows=3
[10/23/2025 10:00:13.479 AM] React+   || User: m_digio             || Channel: #pictures-of-the-cats                || emoji=❤️; msg=1430933715005079744
[10/23/2025 10:02:18.254 AM] React+   || User: not_d3fault_1420    || Channel: #yapper-committee                    || emoji=‼️; msg="Y’all i’ve couponed my way into getting ..." by kcreepertux04
[10/23/2025 10:03:30.138 AM] Message  || User: adeyumii            || Channel: #pictures-of-the-cats                || Content: waved the michael
[10/23/2025 10:03:30.705 AM] Action   || Name: image_intake        || Trigger: channel=551084964318543904           || Output: rows=3
[10/23/2025 10:03:37.774 AM] Message  || User: adeyumii            || Channel: #pictures-of-the-cats                || Content: Look in stuff I've sent
[10/23/2025 10:05:55.872 AM] Message  || User: m_digio             || Channel: #purrley-pawsitive-pussy-pals        || Content: Cel!!!!
[10/23/2025 10:06:14.357 AM] React+   || User: nostalgicsapphic    || Channel: #purrley-pawsitive-pussy-pals        || emoji=😆; msg="Cel!!!!" by m_digio
[10/23/2025 10:06:54.979 AM] React+   || User: slayc127            || Channel: #purrley-pawsitive-pussy-pals        || emoji=😆; msg="Cel!!!!" by m_digio
[10/23/2025 10:07:07.759 AM] React+   || User: slayc127            || Channel: #pictures-of-the-cats                || emoji=😭; msg="waved the michael" by adeyumii
[10/23/2025 10:09:06.575 AM] Message  || User: adeyumii            || Channel: #pictures-of-the-cats                || Content: @Megan [Feeding Head & PR]
[10/23/2025 10:10:04.906 AM] Message  || User: adeyumii            || Channel: #pictures-of-the-cats                || Content: here too
[10/23/2025 10:10:54.429 AM] Message  || User: m_digio             || Channel: #pictures-of-the-cats                || Content: He's fr so cute
[10/23/2025 10:11:05.580 AM] Message  || User: m_digio             || Channel: #pictures-of-the-cats                || Content: I used sbcf picture
[10/23/2025 10:11:13.066 AM] Message  || User: m_digio             || Channel: #pictures-of-the-cats                || Content: I think that's his name at least
[10/23/2025 10:11:16.560 AM] Message  || User: m_digio             || Channel: #pictures-of-the-cats                || Content: (no text; attachments=1)
[10/23/2025 10:11:17.253 AM] Action   || Name: image_intake        || Trigger: channel=551084964318543904           || Output: rows=1
[10/23/2025 10:11:24.996 AM] Message  || User: adeyumii            || Channel: #pictures-of-the-cats                || Content: shitbag cuntface ye
[10/23/2025 10:11:56.984 AM] Message  || User: adeyumii            || Channel: #pictures-of-the-cats                || Content: his censored name is steve tho if ur using for public stuff
[10/23/2025 10:12:16.294 AM] React+   || User: m_digio             || Channel: #pictures-of-the-cats                || emoji=❤️; msg="his censored name is steve tho if ur usi..." by adeyumii
[10/23/2025 10:12:37.332 AM] Message  || User: adeyumii            || Channel: #cat-name-ideas                      || Content: next two kittens at lot 50 will by billy and joel
[10/23/2025 10:12:39.826 AM] React+   || User: not_d3fault_1420    || Channel: #yapper-committee                    || emoji=😭; msg=1430920221044244601
[10/23/2025 10:12:43.148 AM] Edit     || User: adeyumii            || Channel: #cat-name-ideas                      || next two kittens at lot 50 will by billy and joel -> next two kittens at lot ...
[10/23/2025 10:12:45.095 AM] React+   || User: .bettercalljack     || Channel: #pictures-of-the-cats                || emoji=❤️; msg=1430933715005079744
[10/23/2025 10:12:49.016 AM] React+   || User: .bettercalljack     || Channel: #pictures-of-the-cats                || emoji=😭; msg="waved the michael" by adeyumii
[10/23/2025 10:12:49.923 AM] Message  || User: m_digio             || Channel: #cat-name-ideas                      || Content: YES
[10/23/2025 10:12:51.657 AM] Message  || User: m_digio             || Channel: #cat-name-ideas                      || Content: YES YES YES
[10/23/2025 10:12:54.171 AM] Message  || User: m_digio             || Channel: #cat-name-ideas                      || Content: FUCK YEAH
[10/23/2025 10:13:15.217 AM] Message  || User: not_d3fault_1420    || Channel: #pictures-of-the-cats                || Content: (no text; attachments=2)
[10/23/2025 10:13:15.913 AM] Action   || Name: image_intake        || Trigger: channel=551084964318543904           || Output: rows=2
[10/23/2025 10:13:17.662 AM] Message  || User: .bettercalljack     || Channel: #memes                               || Content: (no text; attachments=1)
[10/23/2025 10:13:20.960 AM] Message  || User: .bettercalljack     || Channel: #memes                               || Content: This but with horror msuic
[10/23/2025 10:13:32.947 AM] React+   || User: m_digio             || Channel: #pictures-of-the-cats                || emoji=❤️; msg=1430937121744490608
[10/23/2025 10:13:57.531 AM] Message  || User: .bettercalljack     || Channel: #memes                               || Content: Is this ai im scared
[10/23/2025 10:14:24.990 AM] Message  || User: not_d3fault_1420    || Channel: #pictures-of-the-cats                || Content: im surprised he got up there
[10/23/2025 10:14:58.787 AM] React+   || User: slayc127            || Channel: #pictures-of-the-cats                || emoji=❤️; msg="his censored name is steve tho if ur usi..." by adeyumii
[10/23/2025 10:15:00.516 AM] React+   || User: slayc127            || Channel: #pictures-of-the-cats                || emoji=❤️; msg=1430937121744490608
[10/23/2025 10:16:00.655 AM] React+   || User: not_d3fault_1420    || Channel: #pictures-of-the-cats                || emoji=😭; msg="waved the michael" by adeyumii
[10/23/2025 10:16:26.150 AM] React+   || User: not_d3fault_1420    || Channel: #pictures-of-the-cats                || emoji=😭; msg="you are Not entering the army brochacho" by baseketballin
[10/23/2025 10:18:40.778 AM] React+   || User: .bettercalljack     || Channel: #pictures-of-the-cats                || emoji=❤️; msg=1430937121744490608
[10/23/2025 10:19:06.831 AM] React+   || User: lemonelon_          || Channel: #feeding-team                        || emoji=🙏; msg="Yes the whole week Monday-Sunday" by m_digio
[10/23/2025 10:27:20.350 AM] Message  || User: doggo53             || Channel: #pictures-of-the-cats                || Content: (no text; attachments=1)
[10/23/2025 10:27:21.052 AM] Action   || Name: image_intake        || Trigger: channel=551084964318543904           || Output: rows=1
[10/23/2025 10:27:26.206 AM] Message  || User: doggo53             || Channel: #pictures-of-the-cats                || Content: He looks so fat
[10/23/2025 10:27:36.332 AM] Message  || User: m_digio             || Channel: #pictures-of-the-cats                || Content: He is!! It's all love
[10/23/2025 10:28:12.212 AM] Message  || User: doggo53             || Channel: #pictures-of-the-cats                || Content: Truly taking to his namesake
But instead of heating up food, he just...
[10/23/2025 10:28:29.613 AM] Message  || User: adeyumii            || Channel: #pictures-of-the-cats                || Content: put food inside
[10/23/2025 10:28:31.028 AM] Message  || User: m_digio             || Channel: #pictures-of-the-cats                || Content: It heats up in his belly
[10/23/2025 10:28:37.800 AM] Message  || User: doggo53             || Channel: #pictures-of-the-cats                || Content: True ^
[10/23/2025 10:28:56.217 AM] Message  || User: m_digio             || Channel: #pictures-of-the-cats                || Content: Put food inside, cook, new food come out
[10/23/2025 10:29:06.670 AM] Message  || User: m_digio             || Channel: #pictures-of-the-cats                || Content: /silly
[10/23/2025 10:29:17.298 AM] Message  || User: .bettercalljack     || Channel: #pictures-of-the-cats                || Content: Plant food
[10/23/2025 10:29:33.460 AM] React+   || User: .bettercalljack     || Channel: #pictures-of-the-cats                || emoji=❤️; msg="his censored name is steve tho if ur usi..." by adeyumii
[10/23/2025 10:31:32.618 AM] Action   || Name: gmail_log_scheduler || Trigger: found=1                              || Output: logged=1
[10/23/2025 10:31:32.729 AM] Action   || Name: finance_skip_dup... || Trigger: buffer                               || Output: Sophia Herrera $6.00 on 2025-08-26
[10/23/2025 10:31:32.745 AM] Action   || Name: finance_skip_dup... || Trigger: buffer                               || Output: Jordin Baylee $5.00 on 2025-08-26
[10/23/2025 10:31:32.745 AM] Action   || Name: finance_skip_dup... || Trigger: buffer                               || Output: Axel Torres $24.25 on 2025-08-22
[10/23/2025 10:31:32.745 AM] Action   || Name: finance_skip_dup... || Trigger: buffer                               || Output: Megan Digiovanni $47.62 on 2025-08-26
[10/23/2025 10:31:32.745 AM] Action   || Name: finance_skip_dup... || Trigger: buffer                               || Output: M. Padron $20.00 on 2025-08-26
[10/23/2025 10:31:32.745 AM] Action   || Name: finance_skip_dup... || Trigger: buffer                               || Output: Sophia Herrera $6.00 on 2025-08-26
[10/23/2025 10:31:32.745 AM] Action   || Name: finance_skip_dup... || Trigger: buffer                               || Output: Addison Loera $8.00 on 2025-08-26
[10/23/2025 10:31:32.745 AM] Action   || Name: finance_skip_dup... || Trigger: buffer                               || Output: Amber Thomas $5.00 on 2025-08-26
[10/23/2025 10:31:32.745 AM] Action   || Name: finance_skip_dup... || Trigger: buffer                               || Output: Jordin Baylee $5.00 on 2025-08-26
[10/23/2025 10:31:32.745 AM] Action   || Name: finance_skip_dup... || Trigger: buffer                               || Output: Kathleen Cantu $1.00 on 2025-08-26
[10/23/2025 10:31:32.745 AM] Action   || Name: finance_skip_dup... || Trigger: buffer                               || Output: Amber Thomas $3.00 on 2025-08-26
[10/23/2025 10:31:32.745 AM] Action   || Name: finance_skip_dup... || Trigger: buffer                               || Output: Rob Jimenez $3.00 on 2025-08-26
[10/23/2025 10:31:32.745 AM] Action   || Name: finance_skip_dup... || Trigger: buffer                               || Output: Daniel Brantley $3.00 on 2025-08-26
[10/23/2025 10:31:32.745 AM] Action   || Name: finance_skip_dup... || Trigger: buffer                               || Output: Isabella Klein $9.70 on 2025-08-26
[10/23/2025 10:31:32.745 AM] Action   || Name: finance_skip_dup... || Trigger: buffer                               || Output: Wix $25.98 on 2025-08-26
[10/23/2025 10:31:32.745 AM] Action   || Name: finance_skip_dup... || Trigger: buffer                               || Output: Nelda Hernandez $2.00 on 2025-08-26
[10/23/2025 10:31:32.745 AM] Action   || Name: finance_skip_dup... || Trigger: buffer                               || Output: Troy Broome $1.00 on 2025-08-26
[10/23/2025 10:31:32.745 AM] Action   || Name: finance_skip_dup... || Trigger: buffer                               || Output: Div Bits $2.00 on 2025-08-26
[10/23/2025 10:31:32.761 AM] Action   || Name: finance_skip_dup... || Trigger: buffer                               || Output: Jacob Sandoval $1.00 on 2025-08-26
[10/23/2025 10:31:32.761 AM] Action   || Name: finance_skip_dup... || Trigger: buffer                               || Output: Aubrey Cunningham $10.00 on 2025-08-26
[10/23/2025 10:31:32.761 AM] Action   || Name: finance_skip_dup... || Trigger: buffer                               || Output: Maxwell Preston $5.00 on 2025-08-26
[10/23/2025 10:31:32.761 AM] Action   || Name: finance_skip_dup... || Trigger: buffer                               || Output: Sophia Herrera $6.00 on 2025-08-26
[10/23/2025 10:31:32.761 AM] Action   || Name: finance_skip_dup... || Trigger: buffer                               || Output: Derek Fuentes $25.98 on 2025-08-26
[10/23/2025 10:31:32.761 AM] Action   || Name: finance_skip_dup... || Trigger: buffer                               || Output: Miguel V $5.00 on 2025-08-26
[10/23/2025 10:31:32.761 AM] Action   || Name: finance_skip_dup... || Trigger: buffer                               || Output: Nelda Hernandez $3.00 on 2025-08-26
[10/23/2025 10:31:32.761 AM] Action   || Name: finance_skip_dup... || Trigger: buffer                               || Output: Megan Digiovanni $130.00 on 2025-08-26
[10/23/2025 10:31:32.761 AM] Action   || Name: finance_skip_dup... || Trigger: buffer                               || Output: Pedro Savala $5.00 on 2025-08-27
[10/23/2025 10:31:32.761 AM] Action   || Name: finance_skip_dup... || Trigger: buffer                               || Output: Jonathan Mcgeever $5.00 on 2025-08-27
[10/23/2025 10:31:32.761 AM] Action   || Name: finance_skip_dup... || Trigger: buffer                               || Output: NNT PETSMART # $32.46 on 2025-08-06
[10/23/2025 10:31:32.761 AM] Action   || Name: finance_skip_dup... || Trigger: buffer                               || Output: Py Store Here Pantego $54.00 on 2025-08-20
[10/23/2025 10:31:32.761 AM] Action   || Name: finance_skip_dup... || Trigger: buffer                               || Output: Megan Digiovanni $74.92 on 2025-07-30
[10/23/2025 10:31:32.761 AM] Action   || Name: finance_skip_dup... || Trigger: buffer                               || Output: TOMAHAWK LIVE TRAP $581.62 on 2025-05-12
[10/23/2025 10:31:32.761 AM] Action   || Name: finance_skip_dup... || Trigger: buffer                               || Output: TOMAHAWK LIVE TRAP $581.62 on 2025-05-12
[10/23/2025 10:31:32.761 AM] Action   || Name: finance_skip_dup... || Trigger: buffer                               || Output: Richa  Desai $6.00 on 2025-10-22
[10/23/2025 10:31:32.761 AM] Action   || Name: finance_skip_dup... || Trigger: buffer                               || Output: Sophia Herrera $5.00 on 2025-10-22
[10/23/2025 10:31:32.776 AM] Action   || Name: finance_skip_dup... || Trigger: buffer                               || Output: Muhammed  Abdalrahman $10.00 on 2025-10-22
[10/23/2025 10:31:35.999 AM] Action   || Name: finance_skip_dup... || Trigger: kind=income                          || Output: Cynthia griffith $10.00 on 2025-04-16
[10/23/2025 10:31:35.999 AM] Action   || Name: finance_skip_dup... || Trigger: kind=income                          || Output: Caleb Moran $4.00 on 2025-04-16
[10/23/2025 10:31:35.999 AM] Action   || Name: finance_skip_dup... || Trigger: kind=income                          || Output: Alberto $6.00 on 2025-04-16
[10/23/2025 10:31:35.999 AM] Action   || Name: finance_skip_dup... || Trigger: kind=income                          || Output: Jacob Sandoval $2.91 on 2025-04-16
[10/23/2025 10:31:35.999 AM] Action   || Name: finance_skip_dup... || Trigger: kind=income                          || Output: tay $5.00 on 2025-04-16
[10/23/2025 10:31:35.999 AM] Action   || Name: finance_skip_dup... || Trigger: kind=income                          || Output: Nelda Hernandez $2.00 on 2025-04-16
[10/23/2025 10:31:36.015 AM] Action   || Name: finance_skip_dup... || Trigger: kind=income                          || Output: Maria Olds $10.00 on 2025-04-16
[10/23/2025 10:31:36.015 AM] Action   || Name: finance_skip_dup... || Trigger: kind=income                          || Output: Mario Rodriguez $3.00 on 2025-04-16
[10/23/2025 10:31:36.015 AM] Action   || Name: finance_skip_dup... || Trigger: kind=income                          || Output: Elisha Taylor $5.00 on 2025-04-16
[10/23/2025 10:31:36.015 AM] Action   || Name: finance_skip_dup... || Trigger: kind=income                          || Output: Jacob Sandoval $3.00 on 2025-04-16
[10/23/2025 10:31:36.015 AM] Action   || Name: finance_skip_dup... || Trigger: kind=income                          || Output: Isabella Klein $9.70 on 2025-08-26
[10/23/2025 10:31:36.015 AM] Action   || Name: finance_skip_dup... || Trigger: kind=income                          || Output: Nelda Hernandez $2.00 on 2025-08-26
[10/23/2025 10:31:36.015 AM] Action   || Name: finance_skip_dup... || Trigger: kind=income                          || Output: Troy Broome $1.00 on 2025-08-26
[10/23/2025 10:31:36.015 AM] Action   || Name: finance_skip_dup... || Trigger: kind=income                          || Output: Div Bits $2.00 on 2025-08-26
[10/23/2025 10:31:36.015 AM] Action   || Name: finance_skip_dup... || Trigger: kind=income                          || Output: Jacob Sandoval $1.00 on 2025-08-26
[10/23/2025 10:31:36.015 AM] Action   || Name: finance_skip_dup... || Trigger: kind=income                          || Output: Aubrey Cunningham $10.00 on 2025-08-26
[10/23/2025 10:31:36.015 AM] Action   || Name: finance_skip_dup... || Trigger: kind=income                          || Output: Maxwell Preston $5.00 on 2025-08-26
[10/23/2025 10:31:36.015 AM] Action   || Name: finance_skip_dup... || Trigger: kind=income                          || Output: Sophia Herrera $6.00 on 2025-08-26
[10/23/2025 10:31:36.015 AM] Action   || Name: finance_skip_dup... || Trigger: kind=income                          || Output: Miguel V $5.00 on 2025-08-26
[10/23/2025 10:31:36.015 AM] Action   || Name: finance_skip_dup... || Trigger: kind=income                          || Output: Nelda Hernandez $3.00 on 2025-08-26
[10/23/2025 10:31:36.015 AM] Action   || Name: finance_skip_dup... || Trigger: kind=income                          || Output: Megan Digiovanni $130.00 on 2025-08-26
[10/23/2025 10:31:36.015 AM] Action   || Name: finance_skip_dup... || Trigger: kind=income                          || Output: Pedro Savala $5.00 on 2025-08-27
[10/23/2025 10:31:36.031 AM] Action   || Name: finance_skip_dup... || Trigger: kind=income                          || Output: Jonathan Mcgeever $5.00 on 2025-08-27
[10/23/2025 10:31:36.031 AM] Action   || Name: finance_skip_dup... || Trigger: kind=income                          || Output: Axel Torres $24.25 on 2025-08-22
[10/23/2025 10:31:36.031 AM] Action   || Name: finance_skip_dup... || Trigger: kind=income                          || Output: M. Padron $20.00 on 2025-08-26
[10/23/2025 10:31:36.031 AM] Action   || Name: finance_skip_dup... || Trigger: kind=income                          || Output: Addison Loera $8.00 on 2025-08-26
[10/23/2025 10:31:36.031 AM] Action   || Name: finance_skip_dup... || Trigger: kind=income                          || Output: Amber Thomas $5.00 on 2025-08-26
[10/23/2025 10:31:36.031 AM] Action   || Name: finance_skip_dup... || Trigger: kind=income                          || Output: Kathleen Cantu $1.00 on 2025-08-26
[10/23/2025 10:31:36.031 AM] Action   || Name: finance_skip_dup... || Trigger: kind=income                          || Output: Amber Thomas $3.00 on 2025-08-26
[10/23/2025 10:31:36.031 AM] Action   || Name: finance_skip_dup... || Trigger: kind=income                          || Output: Rob Jimenez $3.00 on 2025-08-26
[10/23/2025 10:31:36.031 AM] Action   || Name: finance_skip_dup... || Trigger: kind=income                          || Output: Daniel Brantley $3.00 on 2025-08-26
[10/23/2025 10:31:36.031 AM] Action   || Name: finance_skip_dup... || Trigger: kind=income                          || Output: Kristyn Jackson $9.00 on 2025-10-22
[10/23/2025 10:31:36.031 AM] Action   || Name: finance_skip_dup... || Trigger: kind=income                          || Output: Victoria Elkins $5.00 on 2025-10-22
[10/23/2025 10:31:36.031 AM] Action   || Name: finance_skip_dup... || Trigger: kind=income                          || Output: Alexander  Martinez $3.00 on 2025-10-22
[10/23/2025 10:31:36.031 AM] Action   || Name: finance_skip_dup... || Trigger: kind=income                          || Output: Emily Lanham $6.00 on 2025-10-22
[10/23/2025 10:31:36.031 AM] Action   || Name: finance_skip_dup... || Trigger: kind=income                          || Output: Mariah Hall $3.00 on 2025-10-22
[10/23/2025 10:31:36.031 AM] Action   || Name: finance_skip_dup... || Trigger: kind=income                          || Output: Kylie Crook $5.00 on 2025-09-16
[10/23/2025 10:31:36.031 AM] Action   || Name: finance_skip_dup... || Trigger: kind=income                          || Output: Jenny Nguyen $9.70 on 2025-09-03
[10/23/2025 10:31:37.115 AM] Action   || Name: finance_skip_dup... || Trigger: kind=expense                         || Output: Py Store Here Pantego $54.00 on 2025-04-20
[10/23/2025 10:31:37.115 AM] Action   || Name: finance_skip_dup... || Trigger: kind=expense                         || Output: j s $11.68 on 2025-04-22
[10/23/2025 10:31:37.115 AM] Action   || Name: finance_skip_dup... || Trigger: kind=expense                         || Output: Wix $25.98 on 2025-04-26
[10/23/2025 10:31:37.115 AM] Action   || Name: finance_skip_dup... || Trigger: kind=expense                         || Output: Wix $25.98 on 2025-08-26
[10/23/2025 10:31:37.115 AM] Action   || Name: finance_skip_dup... || Trigger: kind=expense                         || Output: Derek Fuentes $25.98 on 2025-08-26
[10/23/2025 10:31:37.115 AM] Action   || Name: finance_skip_dup... || Trigger: kind=expense                         || Output: Py Store Here Pantego $54.00 on 2025-08-20
[10/23/2025 10:31:37.131 AM] Action   || Name: finance_skip_dup... || Trigger: kind=expense                         || Output: Megan Digiovanni $47.62 on 2025-08-26
[10/23/2025 10:31:37.131 AM] Action   || Name: finance_skip_dup... || Trigger: kind=expense                         || Output: NNT PETSMART # $32.46 on 2025-08-06
[10/23/2025 10:31:37.131 AM] Action   || Name: finance_skip_dup... || Trigger: kind=expense                         || Output: Megan Digiovanni $74.92 on 2025-07-30
[10/23/2025 10:31:37.131 AM] Action   || Name: finance_skip_dup... || Trigger: kind=expense                         || Output: TOMAHAWK LIVE TRAP $581.62 on 2025-05-11
[10/23/2025 10:31:37.131 AM] Action   || Name: finance_skip_dup... || Trigger: kind=expense                         || Output: Py Store Here Pantego $54.00 on 2025-05-20
[10/23/2025 10:31:37.131 AM] Action   || Name: finance_skip_dup... || Trigger: kind=expense                         || Output: Derek Fuentes $72.45 on 2025-05-23
[10/23/2025 10:31:37.131 AM] Action   || Name: finance_skip_dup... || Trigger: kind=expense                         || Output: Wix $25.98 on 2025-05-26
[10/23/2025 10:31:37.131 AM] Action   || Name: finance_skip_dup... || Trigger: kind=expense                         || Output: Megan Digiovanni $89.91 on 2025-10-05
[10/23/2025 10:31:37.131 AM] Action   || Name: finance_skip_dup... || Trigger: kind=expense                         || Output: DOMINO'S $60.57 on 2025-09-09
[10/23/2025 10:31:37.131 AM] Action   || Name: finance_skip_dup... || Trigger: kind=expense                         || Output: Derek Fuentes $20.00 on 2025-09-10
[10/23/2025 10:34:06.311 AM] React+   || User: not_d3fault_1420    || Channel: #announcements                       || emoji=🫁; msg="@​everyone THANK YOU everyone who stoppe..." by slayc127
[10/23/2025 10:34:08.830 AM] React+   || User: not_d3fault_1420    || Channel: #announcements                       || emoji=<:macrowave:857753712591634442>; msg="@​everyone THANK YOU everyone who...
[10/23/2025 10:34:09.663 AM] React+   || User: not_d3fault_1420    || Channel: #announcements                       || emoji=<:cute:933104767348134018>; msg="@​everyone THANK YOU everyone who stop...
[10/23/2025 10:34:59.097 AM] React+   || User: not_d3fault_1420    || Channel: #itty-bitty-kitty-commitee           || emoji=‼️; msg="Inhumanely control their population" by adeyumii
[10/23/2025 10:36:28.935 AM] Message  || User: not_d3fault_1420    || Channel: #bot-spam                            || Content: is tomcat dead again
[10/23/2025 10:37:43.583 AM] Message  || User: .bettercalljack     || Channel: #pictures-of-the-cats                || Content: (no text; attachments=7)
[10/23/2025 10:37:44.061 AM] Action   || Name: image_intake        || Trigger: channel=551084964318543904           || Output: rows=7
[10/23/2025 10:38:43.969 AM] React+   || User: m_digio             || Channel: #pictures-of-the-cats                || emoji=<:macrowave:857753712591634442>; msg=1430943281356738630
[10/23/2025 10:39:26.717 AM] React+   || User: slayc127            || Channel: #pictures-of-the-cats                || emoji=<:macrowave:857753712591634442>; msg=1430943281356738630
[10/23/2025 10:42:36.428 AM] Action   || Name: gmail_log_scheduler || Trigger: found=1                              || Output: logged=0
[10/23/2025 10:42:36.454 AM] Action   || Name: finance_skip_dup... || Trigger: buffer                               || Output: Sophia Herrera $6.00 on 2025-08-26
[10/23/2025 10:42:36.454 AM] Action   || Name: finance_skip_dup... || Trigger: buffer                               || Output: Jordin Baylee $5.00 on 2025-08-26
[10/23/2025 10:42:36.454 AM] Action   || Name: finance_skip_dup... || Trigger: buffer                               || Output: Axel Torres $24.25 on 2025-08-22
[10/23/2025 10:42:36.469 AM] Action   || Name: finance_skip_dup... || Trigger: buffer                               || Output: Megan Digiovanni $47.62 on 2025-08-26
[10/23/2025 10:42:36.469 AM] Action   || Name: finance_skip_dup... || Trigger: buffer                               || Output: M. Padron $20.00 on 2025-08-26
[10/23/2025 10:42:36.469 AM] Action   || Name: finance_skip_dup... || Trigger: buffer                               || Output: Sophia Herrera $6.00 on 2025-08-26
[10/23/2025 10:42:36.469 AM] Action   || Name: finance_skip_dup... || Trigger: buffer                               || Output: Addison Loera $8.00 on 2025-08-26
[10/23/2025 10:42:36.469 AM] Action   || Name: finance_skip_dup... || Trigger: buffer                               || Output: Amber Thomas $5.00 on 2025-08-26
[10/23/2025 10:42:36.469 AM] Action   || Name: finance_skip_dup... || Trigger: buffer                               || Output: Jordin Baylee $5.00 on 2025-08-26
[10/23/2025 10:42:36.469 AM] Action   || Name: finance_skip_dup... || Trigger: buffer                               || Output: Kathleen Cantu $1.00 on 2025-08-26
[10/23/2025 10:42:36.469 AM] Action   || Name: finance_skip_dup... || Trigger: buffer                               || Output: Amber Thomas $3.00 on 2025-08-26
[10/23/2025 10:42:36.469 AM] Action   || Name: finance_skip_dup... || Trigger: buffer                               || Output: Rob Jimenez $3.00 on 2025-08-26
[10/23/2025 10:42:36.469 AM] Action   || Name: finance_skip_dup... || Trigger: buffer                               || Output: Daniel Brantley $3.00 on 2025-08-26
[10/23/2025 10:42:36.469 AM] Action   || Name: finance_skip_dup... || Trigger: buffer                               || Output: Isabella Klein $9.70 on 2025-08-26
[10/23/2025 10:42:36.469 AM] Action   || Name: finance_skip_dup... || Trigger: buffer                               || Output: Wix $25.98 on 2025-08-26
[10/23/2025 10:42:36.469 AM] Action   || Name: finance_skip_dup... || Trigger: buffer                               || Output: Nelda Hernandez $2.00 on 2025-08-26
[10/23/2025 10:42:36.469 AM] Action   || Name: finance_skip_dup... || Trigger: buffer                               || Output: Troy Broome $1.00 on 2025-08-26
[10/23/2025 10:42:36.469 AM] Action   || Name: finance_skip_dup... || Trigger: buffer                               || Output: Div Bits $2.00 on 2025-08-26
[10/23/2025 10:42:36.469 AM] Action   || Name: finance_skip_dup... || Trigger: buffer                               || Output: Jacob Sandoval $1.00 on 2025-08-26
[10/23/2025 10:42:36.469 AM] Action   || Name: finance_skip_dup... || Trigger: buffer                               || Output: Aubrey Cunningham $10.00 on 2025-08-26
[10/23/2025 10:42:36.486 AM] Action   || Name: finance_skip_dup... || Trigger: buffer                               || Output: Maxwell Preston $5.00 on 2025-08-26
[10/23/2025 10:42:36.486 AM] Action   || Name: finance_skip_dup... || Trigger: buffer                               || Output: Sophia Herrera $6.00 on 2025-08-26
[10/23/2025 10:42:36.486 AM] Action   || Name: finance_skip_dup... || Trigger: buffer                               || Output: Derek Fuentes $25.98 on 2025-08-26
[10/23/2025 10:42:36.486 AM] Action   || Name: finance_skip_dup... || Trigger: buffer                               || Output: Miguel V $5.00 on 2025-08-26
[10/23/2025 10:42:36.486 AM] Action   || Name: finance_skip_dup... || Trigger: buffer                               || Output: Nelda Hernandez $3.00 on 2025-08-26
[10/23/2025 10:42:36.486 AM] Action   || Name: finance_skip_dup... || Trigger: buffer                               || Output: Megan Digiovanni $130.00 on 2025-08-26
[10/23/2025 10:42:36.486 AM] Action   || Name: finance_skip_dup... || Trigger: buffer                               || Output: Pedro Savala $5.00 on 2025-08-27
[10/23/2025 10:42:36.486 AM] Action   || Name: finance_skip_dup... || Trigger: buffer                               || Output: Jonathan Mcgeever $5.00 on 2025-08-27
[10/23/2025 10:42:36.486 AM] Action   || Name: finance_skip_dup... || Trigger: buffer                               || Output: NNT PETSMART # $32.46 on 2025-08-06
[10/23/2025 10:42:36.486 AM] Action   || Name: finance_skip_dup... || Trigger: buffer                               || Output: Py Store Here Pantego $54.00 on 2025-08-20
[10/23/2025 10:42:36.486 AM] Action   || Name: finance_skip_dup... || Trigger: buffer                               || Output: Megan Digiovanni $74.92 on 2025-07-30
[10/23/2025 10:42:36.486 AM] Action   || Name: finance_skip_dup... || Trigger: buffer                               || Output: TOMAHAWK LIVE TRAP $581.62 on 2025-05-12
[10/23/2025 10:42:36.486 AM] Action   || Name: finance_skip_dup... || Trigger: buffer                               || Output: TOMAHAWK LIVE TRAP $581.62 on 2025-05-12
[10/23/2025 10:42:36.486 AM] Action   || Name: finance_skip_dup... || Trigger: buffer                               || Output: Richa  Desai $6.00 on 2025-10-22
[10/23/2025 10:42:36.486 AM] Action   || Name: finance_skip_dup... || Trigger: buffer                               || Output: Sophia Herrera $5.00 on 2025-10-22
[10/23/2025 10:42:36.486 AM] Action   || Name: finance_skip_dup... || Trigger: buffer                               || Output: Muhammed  Abdalrahman $10.00 on 2025-10-22
[10/23/2025 10:42:39.380 AM] Action   || Name: finance_skip_dup... || Trigger: kind=income                          || Output: Cynthia griffith $10.00 on 2025-04-16
[10/23/2025 10:42:39.396 AM] Action   || Name: finance_skip_dup... || Trigger: kind=income                          || Output: Caleb Moran $4.00 on 2025-04-16
[10/23/2025 10:42:39.396 AM] Action   || Name: finance_skip_dup... || Trigger: kind=income                          || Output: Alberto $6.00 on 2025-04-16
[10/23/2025 10:42:39.396 AM] Action   || Name: finance_skip_dup... || Trigger: kind=income                          || Output: Jacob Sandoval $2.91 on 2025-04-16
[10/23/2025 10:42:39.396 AM] Action   || Name: finance_skip_dup... || Trigger: kind=income                          || Output: tay $5.00 on 2025-04-16
[10/23/2025 10:42:39.396 AM] Action   || Name: finance_skip_dup... || Trigger: kind=income                          || Output: Nelda Hernandez $2.00 on 2025-04-16
[10/23/2025 10:42:39.396 AM] Action   || Name: finance_skip_dup... || Trigger: kind=income                          || Output: Maria Olds $10.00 on 2025-04-16
[10/23/2025 10:42:39.396 AM] Action   || Name: finance_skip_dup... || Trigger: kind=income                          || Output: Mario Rodriguez $3.00 on 2025-04-16
[10/23/2025 10:42:39.396 AM] Action   || Name: finance_skip_dup... || Trigger: kind=income                          || Output: Elisha Taylor $5.00 on 2025-04-16
[10/23/2025 10:42:39.396 AM] Action   || Name: finance_skip_dup... || Trigger: kind=income                          || Output: Jacob Sandoval $3.00 on 2025-04-16
[10/23/2025 10:42:39.396 AM] Action   || Name: finance_skip_dup... || Trigger: kind=income                          || Output: Isabella Klein $9.70 on 2025-08-26
[10/23/2025 10:42:39.396 AM] Action   || Name: finance_skip_dup... || Trigger: kind=income                          || Output: Nelda Hernandez $2.00 on 2025-08-26
[10/23/2025 10:42:39.396 AM] Action   || Name: finance_skip_dup... || Trigger: kind=income                          || Output: Troy Broome $1.00 on 2025-08-26
[10/23/2025 10:42:39.396 AM] Action   || Name: finance_skip_dup... || Trigger: kind=income                          || Output: Div Bits $2.00 on 2025-08-26
[10/23/2025 10:42:39.396 AM] Action   || Name: finance_skip_dup... || Trigger: kind=income                          || Output: Jacob Sandoval $1.00 on 2025-08-26
[10/23/2025 10:42:39.396 AM] Action   || Name: finance_skip_dup... || Trigger: kind=income                          || Output: Aubrey Cunningham $10.00 on 2025-08-26
[10/23/2025 10:42:39.396 AM] Action   || Name: finance_skip_dup... || Trigger: kind=income                          || Output: Maxwell Preston $5.00 on 2025-08-26
[10/23/2025 10:42:39.412 AM] Action   || Name: finance_skip_dup... || Trigger: kind=income                          || Output: Sophia Herrera $6.00 on 2025-08-26
[10/23/2025 10:42:39.412 AM] Action   || Name: finance_skip_dup... || Trigger: kind=income                          || Output: Miguel V $5.00 on 2025-08-26
[10/23/2025 10:42:39.412 AM] Action   || Name: finance_skip_dup... || Trigger: kind=income                          || Output: Nelda Hernandez $3.00 on 2025-08-26
[10/23/2025 10:42:39.412 AM] Action   || Name: finance_skip_dup... || Trigger: kind=income                          || Output: Megan Digiovanni $130.00 on 2025-08-26
[10/23/2025 10:42:39.412 AM] Action   || Name: finance_skip_dup... || Trigger: kind=income                          || Output: Pedro Savala $5.00 on 2025-08-27
[10/23/2025 10:42:39.412 AM] Action   || Name: finance_skip_dup... || Trigger: kind=income                          || Output: Jonathan Mcgeever $5.00 on 2025-08-27
[10/23/2025 10:42:39.412 AM] Action   || Name: finance_skip_dup... || Trigger: kind=income                          || Output: Axel Torres $24.25 on 2025-08-22
[10/23/2025 10:42:39.412 AM] Action   || Name: finance_skip_dup... || Trigger: kind=income                          || Output: M. Padron $20.00 on 2025-08-26
[10/23/2025 10:42:39.412 AM] Action   || Name: finance_skip_dup... || Trigger: kind=income                          || Output: Addison Loera $8.00 on 2025-08-26
[10/23/2025 10:42:39.412 AM] Action   || Name: finance_skip_dup... || Trigger: kind=income                          || Output: Amber Thomas $5.00 on 2025-08-26
[10/23/2025 10:42:39.412 AM] Action   || Name: finance_skip_dup... || Trigger: kind=income                          || Output: Kathleen Cantu $1.00 on 2025-08-26
[10/23/2025 10:42:39.412 AM] Action   || Name: finance_skip_dup... || Trigger: kind=income                          || Output: Amber Thomas $3.00 on 2025-08-26
[10/23/2025 10:42:39.412 AM] Action   || Name: finance_skip_dup... || Trigger: kind=income                          || Output: Rob Jimenez $3.00 on 2025-08-26
[10/23/2025 10:42:39.412 AM] Action   || Name: finance_skip_dup... || Trigger: kind=income                          || Output: Daniel Brantley $3.00 on 2025-08-26
[10/23/2025 10:42:39.412 AM] Action   || Name: finance_skip_dup... || Trigger: kind=income                          || Output: Kristyn Jackson $9.00 on 2025-10-22
[10/23/2025 10:42:39.412 AM] Action   || Name: finance_skip_dup... || Trigger: kind=income                          || Output: Victoria Elkins $5.00 on 2025-10-22
[10/23/2025 10:42:39.428 AM] Action   || Name: finance_skip_dup... || Trigger: kind=income                          || Output: Alexander  Martinez $3.00 on 2025-10-22
[10/23/2025 10:42:39.428 AM] Action   || Name: finance_skip_dup... || Trigger: kind=income                          || Output: Emily Lanham $6.00 on 2025-10-22
[10/23/2025 10:42:39.428 AM] Action   || Name: finance_skip_dup... || Trigger: kind=income                          || Output: Mariah Hall $3.00 on 2025-10-22
[10/23/2025 10:42:39.428 AM] Action   || Name: finance_skip_dup... || Trigger: kind=income                          || Output: Kylie Crook $5.00 on 2025-09-16
[10/23/2025 10:42:39.428 AM] Action   || Name: finance_skip_dup... || Trigger: kind=income                          || Output: Jenny Nguyen $9.70 on 2025-09-03
[10/23/2025 10:42:40.731 AM] Action   || Name: finance_skip_dup... || Trigger: kind=expense                         || Output: Py Store Here Pantego $54.00 on 2025-04-20
[10/23/2025 10:42:40.731 AM] Action   || Name: finance_skip_dup... || Trigger: kind=expense                         || Output: j s $11.68 on 2025-04-22
[10/23/2025 10:42:40.731 AM] Action   || Name: finance_skip_dup... || Trigger: kind=expense                         || Output: Wix $25.98 on 2025-04-26
[10/23/2025 10:42:40.738 AM] Action   || Name: finance_skip_dup... || Trigger: kind=expense                         || Output: Wix $25.98 on 2025-08-26
[10/23/2025 10:42:40.738 AM] Action   || Name: finance_skip_dup... || Trigger: kind=expense                         || Output: Derek Fuentes $25.98 on 2025-08-26
[10/23/2025 10:42:40.738 AM] Action   || Name: finance_skip_dup... || Trigger: kind=expense                         || Output: Py Store Here Pantego $54.00 on 2025-08-20
[10/23/2025 10:42:40.738 AM] Action   || Name: finance_skip_dup... || Trigger: kind=expense                         || Output: Megan Digiovanni $47.62 on 2025-08-26
[10/23/2025 10:42:40.738 AM] Action   || Name: finance_skip_dup... || Trigger: kind=expense                         || Output: NNT PETSMART # $32.46 on 2025-08-06
[10/23/2025 10:42:40.738 AM] Action   || Name: finance_skip_dup... || Trigger: kind=expense                         || Output: Megan Digiovanni $74.92 on 2025-07-30
[10/23/2025 10:42:40.738 AM] Action   || Name: finance_skip_dup... || Trigger: kind=expense                         || Output: TOMAHAWK LIVE TRAP $581.62 on 2025-05-11
[10/23/2025 10:42:40.738 AM] Action   || Name: finance_skip_dup... || Trigger: kind=expense                         || Output: Py Store Here Pantego $54.00 on 2025-05-20
[10/23/2025 10:42:40.738 AM] Action   || Name: finance_skip_dup... || Trigger: kind=expense                         || Output: Derek Fuentes $72.45 on 2025-05-23
[10/23/2025 10:42:40.738 AM] Action   || Name: finance_skip_dup... || Trigger: kind=expense                         || Output: Wix $25.98 on 2025-05-26
[10/23/2025 10:42:40.738 AM] Action   || Name: finance_skip_dup... || Trigger: kind=expense                         || Output: Megan Digiovanni $89.91 on 2025-10-05
[10/23/2025 10:42:40.738 AM] Action   || Name: finance_skip_dup... || Trigger: kind=expense                         || Output: DOMINO'S $60.57 on 2025-09-09
[10/23/2025 10:42:40.738 AM] Action   || Name: finance_skip_dup... || Trigger: kind=expense                         || Output: Derek Fuentes $20.00 on 2025-09-10
[10/23/2025 10:42:46.217 AM] Message  || User: slayc127            || Channel: #feeding-team                        || Content: @Megan [Feeding Head & PR] do you want me to pick up some food tonig...
[10/23/2025 10:42:54.991 AM] Action   || Name: gmail_log_scheduler || Trigger: found=1                              || Output: logged=0
[10/23/2025 10:42:55.026 AM] Action   || Name: finance_skip_dup... || Trigger: buffer                               || Output: Sophia Herrera $6.00 on 2025-08-26
[10/23/2025 10:42:55.028 AM] Action   || Name: finance_skip_dup... || Trigger: buffer                               || Output: Jordin Baylee $5.00 on 2025-08-26
[10/23/2025 10:42:55.028 AM] Action   || Name: finance_skip_dup... || Trigger: buffer                               || Output: Axel Torres $24.25 on 2025-08-22
[10/23/2025 10:42:55.030 AM] Action   || Name: finance_skip_dup... || Trigger: buffer                               || Output: Megan Digiovanni $47.62 on 2025-08-26
[10/23/2025 10:42:55.030 AM] Action   || Name: finance_skip_dup... || Trigger: buffer                               || Output: M. Padron $20.00 on 2025-08-26
[10/23/2025 10:42:55.032 AM] Action   || Name: finance_skip_dup... || Trigger: buffer                               || Output: Sophia Herrera $6.00 on 2025-08-26
[10/23/2025 10:42:55.032 AM] Action   || Name: finance_skip_dup... || Trigger: buffer                               || Output: Addison Loera $8.00 on 2025-08-26
[10/23/2025 10:42:55.034 AM] Action   || Name: finance_skip_dup... || Trigger: buffer                               || Output: Amber Thomas $5.00 on 2025-08-26
[10/23/2025 10:42:55.034 AM] Action   || Name: finance_skip_dup... || Trigger: buffer                               || Output: Jordin Baylee $5.00 on 2025-08-26
[10/23/2025 10:42:55.036 AM] Action   || Name: finance_skip_dup... || Trigger: buffer                               || Output: Kathleen Cantu $1.00 on 2025-08-26
[10/23/2025 10:42:55.036 AM] Action   || Name: finance_skip_dup... || Trigger: buffer                               || Output: Amber Thomas $3.00 on 2025-08-26
[10/23/2025 10:42:55.038 AM] Action   || Name: finance_skip_dup... || Trigger: buffer                               || Output: Rob Jimenez $3.00 on 2025-08-26
[10/23/2025 10:42:55.038 AM] Action   || Name: finance_skip_dup... || Trigger: buffer                               || Output: Daniel Brantley $3.00 on 2025-08-26
[10/23/2025 10:42:55.040 AM] Action   || Name: finance_skip_dup... || Trigger: buffer                               || Output: Isabella Klein $9.70 on 2025-08-26
[10/23/2025 10:42:55.040 AM] Action   || Name: finance_skip_dup... || Trigger: buffer                               || Output: Wix $25.98 on 2025-08-26
[10/23/2025 10:42:55.042 AM] Action   || Name: finance_skip_dup... || Trigger: buffer                               || Output: Nelda Hernandez $2.00 on 2025-08-26
[10/23/2025 10:42:55.042 AM] Action   || Name: finance_skip_dup... || Trigger: buffer                               || Output: Troy Broome $1.00 on 2025-08-26
[10/23/2025 10:42:55.044 AM] Action   || Name: finance_skip_dup... || Trigger: buffer                               || Output: Div Bits $2.00 on 2025-08-26
[10/23/2025 10:42:55.044 AM] Action   || Name: finance_skip_dup... || Trigger: buffer                               || Output: Jacob Sandoval $1.00 on 2025-08-26
[10/23/2025 10:42:55.044 AM] Action   || Name: finance_skip_dup... || Trigger: buffer                               || Output: Aubrey Cunningham $10.00 on 2025-08-26
[10/23/2025 10:42:55.046 AM] Action   || Name: finance_skip_dup... || Trigger: buffer                               || Output: Maxwell Preston $5.00 on 2025-08-26
[10/23/2025 10:42:55.046 AM] Action   || Name: finance_skip_dup... || Trigger: buffer                               || Output: Sophia Herrera $6.00 on 2025-08-26
[10/23/2025 10:42:55.048 AM] Action   || Name: finance_skip_dup... || Trigger: buffer                               || Output: Derek Fuentes $25.98 on 2025-08-26
[10/23/2025 10:42:55.048 AM] Action   || Name: finance_skip_dup... || Trigger: buffer                               || Output: Miguel V $5.00 on 2025-08-26
[10/23/2025 10:42:55.050 AM] Action   || Name: finance_skip_dup... || Trigger: buffer                               || Output: Nelda Hernandez $3.00 on 2025-08-26
[10/23/2025 10:42:55.050 AM] Action   || Name: finance_skip_dup... || Trigger: buffer                               || Output: Megan Digiovanni $130.00 on 2025-08-26
[10/23/2025 10:42:55.052 AM] Action   || Name: finance_skip_dup... || Trigger: buffer                               || Output: Pedro Savala $5.00 on 2025-08-27
[10/23/2025 10:42:55.052 AM] Action   || Name: finance_skip_dup... || Trigger: buffer                               || Output: Jonathan Mcgeever $5.00 on 2025-08-27
[10/23/2025 10:42:55.054 AM] Action   || Name: finance_skip_dup... || Trigger: buffer                               || Output: NNT PETSMART # $32.46 on 2025-08-06
[10/23/2025 10:42:55.054 AM] Action   || Name: finance_skip_dup... || Trigger: buffer                               || Output: Py Store Here Pantego $54.00 on 2025-08-20
[10/23/2025 10:42:55.056 AM] Action   || Name: finance_skip_dup... || Trigger: buffer                               || Output: Megan Digiovanni $74.92 on 2025-07-30
[10/23/2025 10:42:55.056 AM] Action   || Name: finance_skip_dup... || Trigger: buffer                               || Output: TOMAHAWK LIVE TRAP $581.62 on 2025-05-12
[10/23/2025 10:42:55.058 AM] Action   || Name: finance_skip_dup... || Trigger: buffer                               || Output: TOMAHAWK LIVE TRAP $581.62 on 2025-05-12
[10/23/2025 10:42:55.058 AM] Action   || Name: finance_skip_dup... || Trigger: buffer                               || Output: Richa  Desai $6.00 on 2025-10-22
[10/23/2025 10:42:55.060 AM] Action   || Name: finance_skip_dup... || Trigger: buffer                               || Output: Sophia Herrera $5.00 on 2025-10-22
[10/23/2025 10:42:55.060 AM] Action   || Name: finance_skip_dup... || Trigger: buffer                               || Output: Muhammed  Abdalrahman $10.00 on 2025-10-22
[10/23/2025 10:42:56.207 AM] Action   || Name: finance_skip_dup... || Trigger: kind=income                          || Output: Cynthia griffith $10.00 on 2025-04-16
[10/23/2025 10:42:56.207 AM] Action   || Name: finance_skip_dup... || Trigger: kind=income                          || Output: Caleb Moran $4.00 on 2025-04-16
[10/23/2025 10:42:56.223 AM] Action   || Name: finance_skip_dup... || Trigger: kind=income                          || Output: Alberto $6.00 on 2025-04-16
[10/23/2025 10:42:56.223 AM] Action   || Name: finance_skip_dup... || Trigger: kind=income                          || Output: Jacob Sandoval $2.91 on 2025-04-16
[10/23/2025 10:42:56.223 AM] Action   || Name: finance_skip_dup... || Trigger: kind=income                          || Output: tay $5.00 on 2025-04-16
[10/23/2025 10:42:56.223 AM] Action   || Name: finance_skip_dup... || Trigger: kind=income                          || Output: Nelda Hernandez $2.00 on 2025-04-16
[10/23/2025 10:42:56.223 AM] Action   || Name: finance_skip_dup... || Trigger: kind=income                          || Output: Maria Olds $10.00 on 2025-04-16
[10/23/2025 10:42:56.223 AM] Action   || Name: finance_skip_dup... || Trigger: kind=income                          || Output: Mario Rodriguez $3.00 on 2025-04-16
[10/23/2025 10:42:56.223 AM] Action   || Name: finance_skip_dup... || Trigger: kind=income                          || Output: Elisha Taylor $5.00 on 2025-04-16
[10/23/2025 10:42:56.223 AM] Action   || Name: finance_skip_dup... || Trigger: kind=income                          || Output: Jacob Sandoval $3.00 on 2025-04-16
[10/23/2025 10:42:56.223 AM] Action   || Name: finance_skip_dup... || Trigger: kind=income                          || Output: Isabella Klein $9.70 on 2025-08-26
[10/23/2025 10:42:56.223 AM] Action   || Name: finance_skip_dup... || Trigger: kind=income                          || Output: Nelda Hernandez $2.00 on 2025-08-26
[10/23/2025 10:42:56.223 AM] Action   || Name: finance_skip_dup... || Trigger: kind=income                          || Output: Troy Broome $1.00 on 2025-08-26
[10/23/2025 10:42:56.223 AM] Action   || Name: finance_skip_dup... || Trigger: kind=income                          || Output: Div Bits $2.00 on 2025-08-26
[10/23/2025 10:42:56.239 AM] Action   || Name: finance_skip_dup... || Trigger: kind=income                          || Output: Jacob Sandoval $1.00 on 2025-08-26
[10/23/2025 10:42:56.239 AM] Action   || Name: finance_skip_dup... || Trigger: kind=income                          || Output: Aubrey Cunningham $10.00 on 2025-08-26
[10/23/2025 10:42:56.239 AM] Action   || Name: finance_skip_dup... || Trigger: kind=income                          || Output: Maxwell Preston $5.00 on 2025-08-26
[10/23/2025 10:42:56.239 AM] Action   || Name: finance_skip_dup... || Trigger: kind=income                          || Output: Sophia Herrera $6.00 on 2025-08-26
[10/23/2025 10:42:56.239 AM] Action   || Name: finance_skip_dup... || Trigger: kind=income                          || Output: Miguel V $5.00 on 2025-08-26
[10/23/2025 10:42:56.243 AM] Action   || Name: finance_skip_dup... || Trigger: kind=income                          || Output: Nelda Hernandez $3.00 on 2025-08-26
[10/23/2025 10:42:56.243 AM] Action   || Name: finance_skip_dup... || Trigger: kind=income                          || Output: Megan Digiovanni $130.00 on 2025-08-26
[10/23/2025 10:42:56.243 AM] Action   || Name: finance_skip_dup... || Trigger: kind=income                          || Output: Pedro Savala $5.00 on 2025-08-27
[10/23/2025 10:42:56.243 AM] Action   || Name: finance_skip_dup... || Trigger: kind=income                          || Output: Jonathan Mcgeever $5.00 on 2025-08-27
[10/23/2025 10:42:56.243 AM] Action   || Name: finance_skip_dup... || Trigger: kind=income                          || Output: Axel Torres $24.25 on 2025-08-22
[10/23/2025 10:42:56.243 AM] Action   || Name: finance_skip_dup... || Trigger: kind=income                          || Output: M. Padron $20.00 on 2025-08-26
[10/23/2025 10:42:56.243 AM] Action   || Name: finance_skip_dup... || Trigger: kind=income                          || Output: Addison Loera $8.00 on 2025-08-26
[10/23/2025 10:42:56.243 AM] Action   || Name: finance_skip_dup... || Trigger: kind=income                          || Output: Amber Thomas $5.00 on 2025-08-26
[10/23/2025 10:42:56.243 AM] Action   || Name: finance_skip_dup... || Trigger: kind=income                          || Output: Kathleen Cantu $1.00 on 2025-08-26
[10/23/2025 10:42:56.254 AM] Action   || Name: finance_skip_dup... || Trigger: kind=income                          || Output: Amber Thomas $3.00 on 2025-08-26
[10/23/2025 10:42:56.254 AM] Action   || Name: finance_skip_dup... || Trigger: kind=income                          || Output: Rob Jimenez $3.00 on 2025-08-26
[10/23/2025 10:42:56.254 AM] Action   || Name: finance_skip_dup... || Trigger: kind=income                          || Output: Daniel Brantley $3.00 on 2025-08-26
[10/23/2025 10:42:56.254 AM] Action   || Name: finance_skip_dup... || Trigger: kind=income                          || Output: Kristyn Jackson $9.00 on 2025-10-22
[10/23/2025 10:42:56.254 AM] Action   || Name: finance_skip_dup... || Trigger: kind=income                          || Output: Victoria Elkins $5.00 on 2025-10-22
[10/23/2025 10:42:56.254 AM] Action   || Name: finance_skip_dup... || Trigger: kind=income                          || Output: Alexander  Martinez $3.00 on 2025-10-22
[10/23/2025 10:42:56.254 AM] Action   || Name: finance_skip_dup... || Trigger: kind=income                          || Output: Emily Lanham $6.00 on 2025-10-22
[10/23/2025 10:42:56.264 AM] Action   || Name: finance_skip_dup... || Trigger: kind=income                          || Output: Mariah Hall $3.00 on 2025-10-22
[10/23/2025 10:42:56.264 AM] Action   || Name: finance_skip_dup... || Trigger: kind=income                          || Output: Kylie Crook $5.00 on 2025-09-16
[10/23/2025 10:42:56.264 AM] Action   || Name: finance_skip_dup... || Trigger: kind=income                          || Output: Jenny Nguyen $9.70 on 2025-09-03
[10/23/2025 10:42:57.293 AM] Action   || Name: finance_skip_dup... || Trigger: kind=expense                         || Output: Py Store Here Pantego $54.00 on 2025-04-20
[10/23/2025 10:42:57.293 AM] Action   || Name: finance_skip_dup... || Trigger: kind=expense                         || Output: j s $11.68 on 2025-04-22
[10/23/2025 10:42:57.293 AM] Action   || Name: finance_skip_dup... || Trigger: kind=expense                         || Output: Wix $25.98 on 2025-04-26
[10/23/2025 10:42:57.293 AM] Action   || Name: finance_skip_dup... || Trigger: kind=expense                         || Output: Wix $25.98 on 2025-08-26
[10/23/2025 10:42:57.293 AM] Action   || Name: finance_skip_dup... || Trigger: kind=expense                         || Output: Derek Fuentes $25.98 on 2025-08-26
[10/23/2025 10:42:57.293 AM] Action   || Name: finance_skip_dup... || Trigger: kind=expense                         || Output: Py Store Here Pantego $54.00 on 2025-08-20
[10/23/2025 10:42:57.293 AM] Action   || Name: finance_skip_dup... || Trigger: kind=expense                         || Output: Megan Digiovanni $47.62 on 2025-08-26
[10/23/2025 10:42:57.293 AM] Action   || Name: finance_skip_dup... || Trigger: kind=expense                         || Output: NNT PETSMART # $32.46 on 2025-08-06
[10/23/2025 10:42:57.293 AM] Action   || Name: finance_skip_dup... || Trigger: kind=expense                         || Output: Megan Digiovanni $74.92 on 2025-07-30
[10/23/2025 10:42:57.304 AM] Action   || Name: finance_skip_dup... || Trigger: kind=expense                         || Output: TOMAHAWK LIVE TRAP $581.62 on 2025-05-11
[10/23/2025 10:42:57.304 AM] Action   || Name: finance_skip_dup... || Trigger: kind=expense                         || Output: Py Store Here Pantego $54.00 on 2025-05-20
[10/23/2025 10:42:57.304 AM] Action   || Name: finance_skip_dup... || Trigger: kind=expense                         || Output: Derek Fuentes $72.45 on 2025-05-23
[10/23/2025 10:42:57.304 AM] Action   || Name: finance_skip_dup... || Trigger: kind=expense                         || Output: Wix $25.98 on 2025-05-26
[10/23/2025 10:42:57.304 AM] Action   || Name: finance_skip_dup... || Trigger: kind=expense                         || Output: Megan Digiovanni $89.91 on 2025-10-05
[10/23/2025 10:42:57.304 AM] Action   || Name: finance_skip_dup... || Trigger: kind=expense                         || Output: DOMINO'S $60.57 on 2025-09-09
[10/23/2025 10:42:57.304 AM] Action   || Name: finance_skip_dup... || Trigger: kind=expense                         || Output: Derek Fuentes $20.00 on 2025-09-10
[10/23/2025 10:44:29.498 AM] React+   || User: adeyumii            || Channel: #pictures-of-the-cats                || emoji=<:macrowave:857753712591634442>; msg=1430943281356738630
[10/23/2025 10:50:13.685 AM] Action   || Name: gmail_log_scheduler || Trigger: found=1                              || Output: logged=0
[10/23/2025 10:50:13.710 AM] Action   || Name: finance_skip_dup... || Trigger: buffer                               || Output: Sophia Herrera $6.00 on 2025-08-26
[10/23/2025 10:50:13.710 AM] Action   || Name: finance_skip_dup... || Trigger: buffer                               || Output: Jordin Baylee $5.00 on 2025-08-26
[10/23/2025 10:50:13.710 AM] Action   || Name: finance_skip_dup... || Trigger: buffer                               || Output: Axel Torres $24.25 on 2025-08-22
[10/23/2025 10:50:13.710 AM] Action   || Name: finance_skip_dup... || Trigger: buffer                               || Output: Megan Digiovanni $47.62 on 2025-08-26
[10/23/2025 10:50:13.726 AM] Action   || Name: finance_skip_dup... || Trigger: buffer                               || Output: M. Padron $20.00 on 2025-08-26
[10/23/2025 10:50:13.726 AM] Action   || Name: finance_skip_dup... || Trigger: buffer                               || Output: Sophia Herrera $6.00 on 2025-08-26
[10/23/2025 10:50:13.726 AM] Action   || Name: finance_skip_dup... || Trigger: buffer                               || Output: Addison Loera $8.00 on 2025-08-26
[10/23/2025 10:50:13.726 AM] Action   || Name: finance_skip_dup... || Trigger: buffer                               || Output: Amber Thomas $5.00 on 2025-08-26
[10/23/2025 10:50:13.726 AM] Action   || Name: finance_skip_dup... || Trigger: buffer                               || Output: Jordin Baylee $5.00 on 2025-08-26
[10/23/2025 10:50:13.726 AM] Action   || Name: finance_skip_dup... || Trigger: buffer                               || Output: Kathleen Cantu $1.00 on 2025-08-26
[10/23/2025 10:50:13.726 AM] Action   || Name: finance_skip_dup... || Trigger: buffer                               || Output: Amber Thomas $3.00 on 2025-08-26
[10/23/2025 10:50:13.726 AM] Action   || Name: finance_skip_dup... || Trigger: buffer                               || Output: Rob Jimenez $3.00 on 2025-08-26
[10/23/2025 10:50:13.726 AM] Action   || Name: finance_skip_dup... || Trigger: buffer                               || Output: Daniel Brantley $3.00 on 2025-08-26
[10/23/2025 10:50:13.726 AM] Action   || Name: finance_skip_dup... || Trigger: buffer                               || Output: Isabella Klein $9.70 on 2025-08-26
[10/23/2025 10:50:13.726 AM] Action   || Name: finance_skip_dup... || Trigger: buffer                               || Output: Wix $25.98 on 2025-08-26
[10/23/2025 10:50:13.726 AM] Action   || Name: finance_skip_dup... || Trigger: buffer                               || Output: Nelda Hernandez $2.00 on 2025-08-26
[10/23/2025 10:50:13.726 AM] Action   || Name: finance_skip_dup... || Trigger: buffer                               || Output: Troy Broome $1.00 on 2025-08-26
[10/23/2025 10:50:13.726 AM] Action   || Name: finance_skip_dup... || Trigger: buffer                               || Output: Div Bits $2.00 on 2025-08-26
[10/23/2025 10:50:13.726 AM] Action   || Name: finance_skip_dup... || Trigger: buffer                               || Output: Jacob Sandoval $1.00 on 2025-08-26
[10/23/2025 10:50:13.726 AM] Action   || Name: finance_skip_dup... || Trigger: buffer                               || Output: Aubrey Cunningham $10.00 on 2025-08-26
[10/23/2025 10:50:13.726 AM] Action   || Name: finance_skip_dup... || Trigger: buffer                               || Output: Maxwell Preston $5.00 on 2025-08-26
[10/23/2025 10:50:13.742 AM] Action   || Name: finance_skip_dup... || Trigger: buffer                               || Output: Sophia Herrera $6.00 on 2025-08-26
[10/23/2025 10:50:13.742 AM] Action   || Name: finance_skip_dup... || Trigger: buffer                               || Output: Derek Fuentes $25.98 on 2025-08-26
[10/23/2025 10:50:13.742 AM] Action   || Name: finance_skip_dup... || Trigger: buffer                               || Output: Miguel V $5.00 on 2025-08-26
[10/23/2025 10:50:13.742 AM] Action   || Name: finance_skip_dup... || Trigger: buffer                               || Output: Nelda Hernandez $3.00 on 2025-08-26
[10/23/2025 10:50:13.742 AM] Action   || Name: finance_skip_dup... || Trigger: buffer                               || Output: Megan Digiovanni $130.00 on 2025-08-26
[10/23/2025 10:50:13.742 AM] Action   || Name: finance_skip_dup... || Trigger: buffer                               || Output: Pedro Savala $5.00 on 2025-08-27
[10/23/2025 10:50:13.742 AM] Action   || Name: finance_skip_dup... || Trigger: buffer                               || Output: Jonathan Mcgeever $5.00 on 2025-08-27
[10/23/2025 10:50:13.742 AM] Action   || Name: finance_skip_dup... || Trigger: buffer                               || Output: NNT PETSMART # $32.46 on 2025-08-06
[10/23/2025 10:50:13.742 AM] Action   || Name: finance_skip_dup... || Trigger: buffer                               || Output: Py Store Here Pantego $54.00 on 2025-08-20
[10/23/2025 10:50:13.742 AM] Action   || Name: finance_skip_dup... || Trigger: buffer                               || Output: Megan Digiovanni $74.92 on 2025-07-30
[10/23/2025 10:50:13.742 AM] Action   || Name: finance_skip_dup... || Trigger: buffer                               || Output: TOMAHAWK LIVE TRAP $581.62 on 2025-05-12
[10/23/2025 10:50:13.742 AM] Action   || Name: finance_skip_dup... || Trigger: buffer                               || Output: TOMAHAWK LIVE TRAP $581.62 on 2025-05-12
[10/23/2025 10:50:13.742 AM] Action   || Name: finance_skip_dup... || Trigger: buffer                               || Output: Richa  Desai $6.00 on 2025-10-22
[10/23/2025 10:50:13.742 AM] Action   || Name: finance_skip_dup... || Trigger: buffer                               || Output: Sophia Herrera $5.00 on 2025-10-22
[10/23/2025 10:50:13.742 AM] Action   || Name: finance_skip_dup... || Trigger: buffer                               || Output: Muhammed  Abdalrahman $10.00 on 2025-10-22
[10/23/2025 10:50:15.278 AM] Action   || Name: finance_skip_dup... || Trigger: kind=income                          || Output: Cynthia griffith $10.00 on 2025-04-16
[10/23/2025 10:50:15.278 AM] Action   || Name: finance_skip_dup... || Trigger: kind=income                          || Output: Caleb Moran $4.00 on 2025-04-16
[10/23/2025 10:50:15.278 AM] Action   || Name: finance_skip_dup... || Trigger: kind=income                          || Output: Alberto $6.00 on 2025-04-16
[10/23/2025 10:50:15.278 AM] Action   || Name: finance_skip_dup... || Trigger: kind=income                          || Output: Jacob Sandoval $2.91 on 2025-04-16
[10/23/2025 10:50:15.278 AM] Action   || Name: finance_skip_dup... || Trigger: kind=income                          || Output: tay $5.00 on 2025-04-16
[10/23/2025 10:50:15.278 AM] Action   || Name: finance_skip_dup... || Trigger: kind=income                          || Output: Nelda Hernandez $2.00 on 2025-04-16
[10/23/2025 10:50:15.278 AM] Action   || Name: finance_skip_dup... || Trigger: kind=income                          || Output: Maria Olds $10.00 on 2025-04-16
[10/23/2025 10:50:15.278 AM] Action   || Name: finance_skip_dup... || Trigger: kind=income                          || Output: Mario Rodriguez $3.00 on 2025-04-16
[10/23/2025 10:50:15.278 AM] Action   || Name: finance_skip_dup... || Trigger: kind=income                          || Output: Elisha Taylor $5.00 on 2025-04-16
[10/23/2025 10:50:15.278 AM] Action   || Name: finance_skip_dup... || Trigger: kind=income                          || Output: Jacob Sandoval $3.00 on 2025-04-16
[10/23/2025 10:50:15.278 AM] Action   || Name: finance_skip_dup... || Trigger: kind=income                          || Output: Isabella Klein $9.70 on 2025-08-26
[10/23/2025 10:50:15.278 AM] Action   || Name: finance_skip_dup... || Trigger: kind=income                          || Output: Nelda Hernandez $2.00 on 2025-08-26
[10/23/2025 10:50:15.278 AM] Action   || Name: finance_skip_dup... || Trigger: kind=income                          || Output: Troy Broome $1.00 on 2025-08-26
[10/23/2025 10:50:15.278 AM] Action   || Name: finance_skip_dup... || Trigger: kind=income                          || Output: Div Bits $2.00 on 2025-08-26
[10/23/2025 10:50:15.278 AM] Action   || Name: finance_skip_dup... || Trigger: kind=income                          || Output: Jacob Sandoval $1.00 on 2025-08-26
[10/23/2025 10:50:15.278 AM] Action   || Name: finance_skip_dup... || Trigger: kind=income                          || Output: Aubrey Cunningham $10.00 on 2025-08-26
[10/23/2025 10:50:15.293 AM] Action   || Name: finance_skip_dup... || Trigger: kind=income                          || Output: Maxwell Preston $5.00 on 2025-08-26
[10/23/2025 10:50:15.293 AM] Action   || Name: finance_skip_dup... || Trigger: kind=income                          || Output: Sophia Herrera $6.00 on 2025-08-26
[10/23/2025 10:50:15.293 AM] Action   || Name: finance_skip_dup... || Trigger: kind=income                          || Output: Miguel V $5.00 on 2025-08-26
[10/23/2025 10:50:15.293 AM] Action   || Name: finance_skip_dup... || Trigger: kind=income                          || Output: Nelda Hernandez $3.00 on 2025-08-26
[10/23/2025 10:50:15.293 AM] Action   || Name: finance_skip_dup... || Trigger: kind=income                          || Output: Megan Digiovanni $130.00 on 2025-08-26
[10/23/2025 10:50:15.293 AM] Action   || Name: finance_skip_dup... || Trigger: kind=income                          || Output: Pedro Savala $5.00 on 2025-08-27
[10/23/2025 10:50:15.293 AM] Action   || Name: finance_skip_dup... || Trigger: kind=income                          || Output: Jonathan Mcgeever $5.00 on 2025-08-27
[10/23/2025 10:50:15.293 AM] Action   || Name: finance_skip_dup... || Trigger: kind=income                          || Output: Axel Torres $24.25 on 2025-08-22
[10/23/2025 10:50:15.293 AM] Action   || Name: finance_skip_dup... || Trigger: kind=income                          || Output: M. Padron $20.00 on 2025-08-26
[10/23/2025 10:50:15.293 AM] Action   || Name: finance_skip_dup... || Trigger: kind=income                          || Output: Addison Loera $8.00 on 2025-08-26
[10/23/2025 10:50:15.293 AM] Action   || Name: finance_skip_dup... || Trigger: kind=income                          || Output: Amber Thomas $5.00 on 2025-08-26
[10/23/2025 10:50:15.293 AM] Action   || Name: finance_skip_dup... || Trigger: kind=income                          || Output: Kathleen Cantu $1.00 on 2025-08-26
[10/23/2025 10:50:15.293 AM] Action   || Name: finance_skip_dup... || Trigger: kind=income                          || Output: Amber Thomas $3.00 on 2025-08-26
[10/23/2025 10:50:15.293 AM] Action   || Name: finance_skip_dup... || Trigger: kind=income                          || Output: Rob Jimenez $3.00 on 2025-08-26
[10/23/2025 10:50:15.293 AM] Action   || Name: finance_skip_dup... || Trigger: kind=income                          || Output: Daniel Brantley $3.00 on 2025-08-26
[10/23/2025 10:50:15.309 AM] Action   || Name: finance_skip_dup... || Trigger: kind=income                          || Output: Kristyn Jackson $9.00 on 2025-10-22
[10/23/2025 10:50:15.309 AM] Action   || Name: finance_skip_dup... || Trigger: kind=income                          || Output: Victoria Elkins $5.00 on 2025-10-22
[10/23/2025 10:50:15.309 AM] Action   || Name: finance_skip_dup... || Trigger: kind=income                          || Output: Alexander  Martinez $3.00 on 2025-10-22
[10/23/2025 10:50:15.309 AM] Action   || Name: finance_skip_dup... || Trigger: kind=income                          || Output: Emily Lanham $6.00 on 2025-10-22
[10/23/2025 10:50:15.309 AM] Action   || Name: finance_skip_dup... || Trigger: kind=income                          || Output: Mariah Hall $3.00 on 2025-10-22
[10/23/2025 10:50:15.309 AM] Action   || Name: finance_skip_dup... || Trigger: kind=income                          || Output: Kylie Crook $5.00 on 2025-09-16
[10/23/2025 10:50:15.309 AM] Action   || Name: finance_skip_dup... || Trigger: kind=income                          || Output: Jenny Nguyen $9.70 on 2025-09-03
[10/23/2025 10:50:16.363 AM] Action   || Name: finance_skip_dup... || Trigger: kind=expense                         || Output: Py Store Here Pantego $54.00 on 2025-04-20
[10/23/2025 10:50:16.363 AM] Action   || Name: finance_skip_dup... || Trigger: kind=expense                         || Output: j s $11.68 on 2025-04-22
[10/23/2025 10:50:16.363 AM] Action   || Name: finance_skip_dup... || Trigger: kind=expense                         || Output: Wix $25.98 on 2025-04-26
[10/23/2025 10:50:16.363 AM] Action   || Name: finance_skip_dup... || Trigger: kind=expense                         || Output: Wix $25.98 on 2025-08-26
[10/23/2025 10:50:16.363 AM] Action   || Name: finance_skip_dup... || Trigger: kind=expense                         || Output: Derek Fuentes $25.98 on 2025-08-26
[10/23/2025 10:50:16.363 AM] Action   || Name: finance_skip_dup... || Trigger: kind=expense                         || Output: Py Store Here Pantego $54.00 on 2025-08-20
[10/23/2025 10:50:16.363 AM] Action   || Name: finance_skip_dup... || Trigger: kind=expense                         || Output: Megan Digiovanni $47.62 on 2025-08-26
[10/23/2025 10:50:16.374 AM] Action   || Name: finance_skip_dup... || Trigger: kind=expense                         || Output: NNT PETSMART # $32.46 on 2025-08-06
[10/23/2025 10:50:16.374 AM] Action   || Name: finance_skip_dup... || Trigger: kind=expense                         || Output: Megan Digiovanni $74.92 on 2025-07-30
[10/23/2025 10:50:16.374 AM] Action   || Name: finance_skip_dup... || Trigger: kind=expense                         || Output: TOMAHAWK LIVE TRAP $581.62 on 2025-05-11
[10/23/2025 10:50:16.374 AM] Action   || Name: finance_skip_dup... || Trigger: kind=expense                         || Output: Py Store Here Pantego $54.00 on 2025-05-20
[10/23/2025 10:50:16.374 AM] Action   || Name: finance_skip_dup... || Trigger: kind=expense                         || Output: Derek Fuentes $72.45 on 2025-05-23
[10/23/2025 10:50:16.374 AM] Action   || Name: finance_skip_dup... || Trigger: kind=expense                         || Output: Wix $25.98 on 2025-05-26
[10/23/2025 10:50:16.374 AM] Action   || Name: finance_skip_dup... || Trigger: kind=expense                         || Output: Megan Digiovanni $89.91 on 2025-10-05
[10/23/2025 10:50:16.374 AM] Action   || Name: finance_skip_dup... || Trigger: kind=expense                         || Output: DOMINO'S $60.57 on 2025-09-09
[10/23/2025 10:50:16.374 AM] Action   || Name: finance_skip_dup... || Trigger: kind=expense                         || Output: Derek Fuentes $20.00 on 2025-09-10
[10/23/2025 10:51:37.492 AM] Message  || User: izzyballz           || Channel: #yapper-committee                    || Content: i’m so irritated my lunch leaked in my bag
[10/23/2025 10:52:10.631 AM] React+   || User: slayc127            || Channel: #yapper-committee                    || emoji=😭; msg="i’m so irritated my lunch leaked in my b..." by izzyballz
[10/23/2025 10:52:12.912 AM] Message  || User: slayc127            || Channel: #yapper-committee                    || Content: the horror
[10/23/2025 10:55:39.231 AM] Message  || User: m_digio             || Channel: #feeding-team                        || Content: Roach is being my food runner todayy
[10/23/2025 10:57:20.659 AM] Message  || User: slayc127            || Channel: #feeding-team                        || Content: aurkay
[10/23/2025 10:58:23.080 AM] Message  || User: m_digio             || Channel: #pictures-of-the-cats                || Content: Whoever js took a pic of mikey i see you /silly
[10/23/2025 10:59:38.311 AM] Message  || User: izzyballz           || Channel: #yapper-committee                    || Content: and i’m in the advising center waiting for an appointment and now th...
[10/23/2025 10:59:45.176 AM] Message  || User: adeyumii            || Channel: #pictures-of-the-cats                || Content: might be kaz
[10/23/2025 10:59:48.761 AM] Message  || User: m_digio             || Channel: #external-promotions                 || Content: Mavmarket today guyss
[10/23/2025 11:02:05.754 AM] Message  || User: slayc127            || Channel: #pictures-of-the-cats                || Content: yez
[10/23/2025 11:02:14.081 AM] Message  || User: adeyumii            || Channel: #pictures-of-the-cats                || Content: show
[10/23/2025 11:02:14.316 AM] Message  || User: slayc127            || Channel: #pictures-of-the-cats                || Content: was talking to a couple folks
[10/23/2025 11:02:33.966 AM] Message  || User: slayc127            || Channel: #pictures-of-the-cats                || Content: no pic was actually taken 💔
[10/23/2025 11:02:42.163 AM] React+   || User: slayc127            || Channel: #yapper-committee                    || emoji=😭; msg="and i’m in the advising center waiting f..." by izzyballz
[10/23/2025 11:12:09.429 AM] React+   || User: simplyshadow171295  || Channel: #external-promotions                 || emoji=‼️; msg="Mavmarket today guyss" by m_digio
[10/23/2025 11:12:37.995 AM] React+   || User: simplyshadow171295  || Channel: #pictures-of-the-cats                || emoji=😭; msg="/silly" by m_digio
[10/23/2025 11:12:54.954 AM] Message  || User: simplyshadow171295  || Channel: #bot-spam                            || Content: indeed
[10/23/2025 11:13:08.968 AM] Message  || User: simplyshadow171295  || Channel: #bot-spam                            || Content: (silent mode i think)
[10/23/2025 11:13:47.910 AM] Message  || User: izzyballz           || Channel: #yapper-committee                    || Content: izzy balls has a 24 in algebra
[10/23/2025 11:13:51.667 AM] Message  || User: izzyballz           || Channel: #yapper-committee                    || Content: sigh
[10/23/2025 11:14:05.412 AM] Message  || User: izzyballz           || Channel: #yapper-committee                    || Content: somehow i almost have a b in physics though
[10/23/2025 11:14:06.296 AM] Message  || User: izzyballz           || Channel: #yapper-committee                    || Content: 77
[10/23/2025 11:14:14.760 AM] Message  || User: izzyballz           || Channel: #yapper-committee                    || Content: i'll take it
[10/23/2025 11:17:25.160 AM] Message  || User: slayc127            || Channel: #yapper-committee                    || Content: bro 😭😭😭😭😭💔🥀
[10/23/2025 11:17:53.762 AM] Message  || User: izzyballz           || Channel: #yapper-committee                    || Content: everyone pray this drop doesnt completely fuck up my financial aid i...
[10/23/2025 11:18:01.168 AM] Message  || User: shynebwoy           || Channel: #pet-pictures                        || Content: (no text; attachments=1)
[10/23/2025 11:18:01.721 AM] React+   || User: slayc127            || Channel: #yapper-committee                    || emoji=❤️; msg="everyone pray this drop doesnt completel..." by izzyballz
[10/23/2025 11:18:10.345 AM] React+   || User: shynebwoy           || Channel: #pet-pictures                        || emoji=😭; msg="Someone missed me" by m_digio
[10/23/2025 11:18:10.830 AM] Message  || User: slayc127            || Channel: #yapper-committee                    || Content: go meet w the financial aid office!
[10/23/2025 11:18:14.755 AM] React+   || User: shynebwoy           || Channel: #pet-pictures                        || emoji=😭; msg="the one time i dont have cat treats on m..." by racerdg
[10/23/2025 11:18:15.894 AM] React+   || User: shynebwoy           || Channel: #pet-pictures                        || emoji=❤️; msg=1430308915870044253
[10/23/2025 11:18:16.689 AM] React+   || User: slayc127            || Channel: #pet-pictures                        || emoji=❤️; msg=1430953421464141835
[10/23/2025 11:18:17.907 AM] React+   || User: shynebwoy           || Channel: #pet-pictures                        || emoji=😭; msg="Cuddled up under the blanket with me" by silver0223
[10/23/2025 11:19:16.883 AM] Message  || User: izzyballz           || Channel: #yapper-committee                    || Content: im probably gonna after i meet with my advisor
[10/23/2025 11:19:23.071 AM] Message  || User: izzyballz           || Channel: #yapper-committee                    || Content: lowk shouldve gone there first but
[10/23/2025 11:19:33.831 AM] Action   || Name: gmail_log_scheduler || Trigger: found=1                              || Output: logged=0
[10/23/2025 11:19:33.869 AM] Action   || Name: finance_skip_dup... || Trigger: buffer                               || Output: Sophia Herrera $6.00 on 2025-08-26
[10/23/2025 11:19:33.871 AM] Action   || Name: finance_skip_dup... || Trigger: buffer                               || Output: Jordin Baylee $5.00 on 2025-08-26
[10/23/2025 11:19:33.871 AM] Action   || Name: finance_skip_dup... || Trigger: buffer                               || Output: Axel Torres $24.25 on 2025-08-22
[10/23/2025 11:19:33.873 AM] Action   || Name: finance_skip_dup... || Trigger: buffer                               || Output: Megan Digiovanni $47.62 on 2025-08-26
[10/23/2025 11:19:33.873 AM] Action   || Name: finance_skip_dup... || Trigger: buffer                               || Output: M. Padron $20.00 on 2025-08-26
[10/23/2025 11:19:33.875 AM] Action   || Name: finance_skip_dup... || Trigger: buffer                               || Output: Sophia Herrera $6.00 on 2025-08-26
[10/23/2025 11:19:33.875 AM] Action   || Name: finance_skip_dup... || Trigger: buffer                               || Output: Addison Loera $8.00 on 2025-08-26
[10/23/2025 11:19:33.877 AM] Action   || Name: finance_skip_dup... || Trigger: buffer                               || Output: Amber Thomas $5.00 on 2025-08-26
[10/23/2025 11:19:33.877 AM] Action   || Name: finance_skip_dup... || Trigger: buffer                               || Output: Jordin Baylee $5.00 on 2025-08-26
[10/23/2025 11:19:33.879 AM] Action   || Name: finance_skip_dup... || Trigger: buffer                               || Output: Kathleen Cantu $1.00 on 2025-08-26
[10/23/2025 11:19:33.879 AM] Action   || Name: finance_skip_dup... || Trigger: buffer                               || Output: Amber Thomas $3.00 on 2025-08-26
[10/23/2025 11:19:33.881 AM] Action   || Name: finance_skip_dup... || Trigger: buffer                               || Output: Rob Jimenez $3.00 on 2025-08-26
[10/23/2025 11:19:33.881 AM] Action   || Name: finance_skip_dup... || Trigger: buffer                               || Output: Daniel Brantley $3.00 on 2025-08-26
[10/23/2025 11:19:33.883 AM] Action   || Name: finance_skip_dup... || Trigger: buffer                               || Output: Isabella Klein $9.70 on 2025-08-26
[10/23/2025 11:19:33.883 AM] Action   || Name: finance_skip_dup... || Trigger: buffer                               || Output: Wix $25.98 on 2025-08-26
[10/23/2025 11:19:33.885 AM] Action   || Name: finance_skip_dup... || Trigger: buffer                               || Output: Nelda Hernandez $2.00 on 2025-08-26
[10/23/2025 11:19:33.885 AM] Action   || Name: finance_skip_dup... || Trigger: buffer                               || Output: Troy Broome $1.00 on 2025-08-26
[10/23/2025 11:19:33.887 AM] Action   || Name: finance_skip_dup... || Trigger: buffer                               || Output: Div Bits $2.00 on 2025-08-26
[10/23/2025 11:19:33.887 AM] Action   || Name: finance_skip_dup... || Trigger: buffer                               || Output: Jacob Sandoval $1.00 on 2025-08-26
[10/23/2025 11:19:33.887 AM] Action   || Name: finance_skip_dup... || Trigger: buffer                               || Output: Aubrey Cunningham $10.00 on 2025-08-26
[10/23/2025 11:19:33.889 AM] Action   || Name: finance_skip_dup... || Trigger: buffer                               || Output: Maxwell Preston $5.00 on 2025-08-26
[10/23/2025 11:19:33.889 AM] Action   || Name: finance_skip_dup... || Trigger: buffer                               || Output: Sophia Herrera $6.00 on 2025-08-26
[10/23/2025 11:19:33.891 AM] Action   || Name: finance_skip_dup... || Trigger: buffer                               || Output: Derek Fuentes $25.98 on 2025-08-26
[10/23/2025 11:19:33.891 AM] Action   || Name: finance_skip_dup... || Trigger: buffer                               || Output: Miguel V $5.00 on 2025-08-26
[10/23/2025 11:19:33.893 AM] Action   || Name: finance_skip_dup... || Trigger: buffer                               || Output: Nelda Hernandez $3.00 on 2025-08-26
[10/23/2025 11:19:33.893 AM] Action   || Name: finance_skip_dup... || Trigger: buffer                               || Output: Megan Digiovanni $130.00 on 2025-08-26
[10/23/2025 11:19:33.895 AM] Action   || Name: finance_skip_dup... || Trigger: buffer                               || Output: Pedro Savala $5.00 on 2025-08-27
[10/23/2025 11:19:33.895 AM] Action   || Name: finance_skip_dup... || Trigger: buffer                               || Output: Jonathan Mcgeever $5.00 on 2025-08-27
[10/23/2025 11:19:33.897 AM] Action   || Name: finance_skip_dup... || Trigger: buffer                               || Output: NNT PETSMART # $32.46 on 2025-08-06
[10/23/2025 11:19:33.897 AM] Action   || Name: finance_skip_dup... || Trigger: buffer                               || Output: Py Store Here Pantego $54.00 on 2025-08-20
[10/23/2025 11:19:33.899 AM] Action   || Name: finance_skip_dup... || Trigger: buffer                               || Output: Megan Digiovanni $74.92 on 2025-07-30
[10/23/2025 11:19:33.899 AM] Action   || Name: finance_skip_dup... || Trigger: buffer                               || Output: TOMAHAWK LIVE TRAP $581.62 on 2025-05-12
[10/23/2025 11:19:33.901 AM] Action   || Name: finance_skip_dup... || Trigger: buffer                               || Output: TOMAHAWK LIVE TRAP $581.62 on 2025-05-12
[10/23/2025 11:19:33.901 AM] Action   || Name: finance_skip_dup... || Trigger: buffer                               || Output: Richa  Desai $6.00 on 2025-10-22
[10/23/2025 11:19:33.903 AM] Action   || Name: finance_skip_dup... || Trigger: buffer                               || Output: Sophia Herrera $5.00 on 2025-10-22
[10/23/2025 11:19:33.903 AM] Action   || Name: finance_skip_dup... || Trigger: buffer                               || Output: Muhammed  Abdalrahman $10.00 on 2025-10-22
[10/23/2025 11:19:37.130 AM] Action   || Name: finance_skip_dup... || Trigger: kind=income                          || Output: Cynthia griffith $10.00 on 2025-04-16
[10/23/2025 11:19:37.132 AM] Action   || Name: finance_skip_dup... || Trigger: kind=income                          || Output: Caleb Moran $4.00 on 2025-04-16
[10/23/2025 11:19:37.132 AM] Action   || Name: finance_skip_dup... || Trigger: kind=income                          || Output: Alberto $6.00 on 2025-04-16
[10/23/2025 11:19:37.134 AM] Action   || Name: finance_skip_dup... || Trigger: kind=income                          || Output: Jacob Sandoval $2.91 on 2025-04-16
[10/23/2025 11:19:37.134 AM] Action   || Name: finance_skip_dup... || Trigger: kind=income                          || Output: tay $5.00 on 2025-04-16
[10/23/2025 11:19:37.136 AM] Action   || Name: finance_skip_dup... || Trigger: kind=income                          || Output: Nelda Hernandez $2.00 on 2025-04-16
[10/23/2025 11:19:37.136 AM] Action   || Name: finance_skip_dup... || Trigger: kind=income                          || Output: Maria Olds $10.00 on 2025-04-16
[10/23/2025 11:19:37.138 AM] Action   || Name: finance_skip_dup... || Trigger: kind=income                          || Output: Mario Rodriguez $3.00 on 2025-04-16
[10/23/2025 11:19:37.138 AM] Action   || Name: finance_skip_dup... || Trigger: kind=income                          || Output: Elisha Taylor $5.00 on 2025-04-16
[10/23/2025 11:19:37.140 AM] Action   || Name: finance_skip_dup... || Trigger: kind=income                          || Output: Jacob Sandoval $3.00 on 2025-04-16
[10/23/2025 11:19:37.140 AM] Action   || Name: finance_skip_dup... || Trigger: kind=income                          || Output: Isabella Klein $9.70 on 2025-08-26
[10/23/2025 11:19:37.142 AM] Action   || Name: finance_skip_dup... || Trigger: kind=income                          || Output: Nelda Hernandez $2.00 on 2025-08-26
[10/23/2025 11:19:37.142 AM] Action   || Name: finance_skip_dup... || Trigger: kind=income                          || Output: Troy Broome $1.00 on 2025-08-26
[10/23/2025 11:19:37.144 AM] Action   || Name: finance_skip_dup... || Trigger: kind=income                          || Output: Div Bits $2.00 on 2025-08-26
[10/23/2025 11:19:37.144 AM] Action   || Name: finance_skip_dup... || Trigger: kind=income                          || Output: Jacob Sandoval $1.00 on 2025-08-26
[10/23/2025 11:19:37.146 AM] Action   || Name: finance_skip_dup... || Trigger: kind=income                          || Output: Aubrey Cunningham $10.00 on 2025-08-26
[10/23/2025 11:19:37.146 AM] Action   || Name: finance_skip_dup... || Trigger: kind=income                          || Output: Maxwell Preston $5.00 on 2025-08-26
[10/23/2025 11:19:37.148 AM] Action   || Name: finance_skip_dup... || Trigger: kind=income                          || Output: Sophia Herrera $6.00 on 2025-08-26
[10/23/2025 11:19:37.148 AM] Action   || Name: finance_skip_dup... || Trigger: kind=income                          || Output: Miguel V $5.00 on 2025-08-26
[10/23/2025 11:19:37.150 AM] Action   || Name: finance_skip_dup... || Trigger: kind=income                          || Output: Nelda Hernandez $3.00 on 2025-08-26
[10/23/2025 11:19:37.150 AM] Action   || Name: finance_skip_dup... || Trigger: kind=income                          || Output: Megan Digiovanni $130.00 on 2025-08-26
[10/23/2025 11:19:37.152 AM] Action   || Name: finance_skip_dup... || Trigger: kind=income                          || Output: Pedro Savala $5.00 on 2025-08-27
[10/23/2025 11:19:37.152 AM] Action   || Name: finance_skip_dup... || Trigger: kind=income                          || Output: Jonathan Mcgeever $5.00 on 2025-08-27
[10/23/2025 11:19:37.154 AM] Action   || Name: finance_skip_dup... || Trigger: kind=income                          || Output: Axel Torres $24.25 on 2025-08-22
[10/23/2025 11:19:37.154 AM] Action   || Name: finance_skip_dup... || Trigger: kind=income                          || Output: M. Padron $20.00 on 2025-08-26
[10/23/2025 11:19:37.156 AM] Action   || Name: finance_skip_dup... || Trigger: kind=income                          || Output: Addison Loera $8.00 on 2025-08-26
[10/23/2025 11:19:37.156 AM] Action   || Name: finance_skip_dup... || Trigger: kind=income                          || Output: Amber Thomas $5.00 on 2025-08-26
[10/23/2025 11:19:37.158 AM] Action   || Name: finance_skip_dup... || Trigger: kind=income                          || Output: Kathleen Cantu $1.00 on 2025-08-26
[10/23/2025 11:19:37.158 AM] Action   || Name: finance_skip_dup... || Trigger: kind=income                          || Output: Amber Thomas $3.00 on 2025-08-26
[10/23/2025 11:19:37.160 AM] Action   || Name: finance_skip_dup... || Trigger: kind=income                          || Output: Rob Jimenez $3.00 on 2025-08-26
[10/23/2025 11:19:37.160 AM] Action   || Name: finance_skip_dup... || Trigger: kind=income                          || Output: Daniel Brantley $3.00 on 2025-08-26
[10/23/2025 11:19:37.162 AM] Action   || Name: finance_skip_dup... || Trigger: kind=income                          || Output: Kristyn Jackson $9.00 on 2025-10-22
[10/23/2025 11:19:37.162 AM] Action   || Name: finance_skip_dup... || Trigger: kind=income                          || Output: Victoria Elkins $5.00 on 2025-10-22
[10/23/2025 11:19:37.164 AM] Action   || Name: finance_skip_dup... || Trigger: kind=income                          || Output: Alexander  Martinez $3.00 on 2025-10-22
[10/23/2025 11:19:37.164 AM] Action   || Name: finance_skip_dup... || Trigger: kind=income                          || Output: Emily Lanham $6.00 on 2025-10-22
[10/23/2025 11:19:37.166 AM] Action   || Name: finance_skip_dup... || Trigger: kind=income                          || Output: Mariah Hall $3.00 on 2025-10-22
[10/23/2025 11:19:37.166 AM] Action   || Name: finance_skip_dup... || Trigger: kind=income                          || Output: Kylie Crook $5.00 on 2025-09-16
[10/23/2025 11:19:37.168 AM] Action   || Name: finance_skip_dup... || Trigger: kind=income                          || Output: Jenny Nguyen $9.70 on 2025-09-03
[10/23/2025 11:19:38.192 AM] Action   || Name: finance_skip_dup... || Trigger: kind=expense                         || Output: Py Store Here Pantego $54.00 on 2025-04-20
[10/23/2025 11:19:38.192 AM] Action   || Name: finance_skip_dup... || Trigger: kind=expense                         || Output: j s $11.68 on 2025-04-22
[10/23/2025 11:19:38.192 AM] Action   || Name: finance_skip_dup... || Trigger: kind=expense                         || Output: Wix $25.98 on 2025-04-26
[10/23/2025 11:19:38.192 AM] Action   || Name: finance_skip_dup... || Trigger: kind=expense                         || Output: Wix $25.98 on 2025-08-26
[10/23/2025 11:19:38.208 AM] Action   || Name: finance_skip_dup... || Trigger: kind=expense                         || Output: Derek Fuentes $25.98 on 2025-08-26
[10/23/2025 11:19:38.208 AM] Action   || Name: finance_skip_dup... || Trigger: kind=expense                         || Output: Py Store Here Pantego $54.00 on 2025-08-20
[10/23/2025 11:19:38.208 AM] Action   || Name: finance_skip_dup... || Trigger: kind=expense                         || Output: Megan Digiovanni $47.62 on 2025-08-26
[10/23/2025 11:19:38.208 AM] Action   || Name: finance_skip_dup... || Trigger: kind=expense                         || Output: NNT PETSMART # $32.46 on 2025-08-06
[10/23/2025 11:19:38.208 AM] Action   || Name: finance_skip_dup... || Trigger: kind=expense                         || Output: Megan Digiovanni $74.92 on 2025-07-30
[10/23/2025 11:19:38.208 AM] Action   || Name: finance_skip_dup... || Trigger: kind=expense                         || Output: TOMAHAWK LIVE TRAP $581.62 on 2025-05-11
[10/23/2025 11:19:38.208 AM] Action   || Name: finance_skip_dup... || Trigger: kind=expense                         || Output: Py Store Here Pantego $54.00 on 2025-05-20
[10/23/2025 11:19:38.208 AM] Action   || Name: finance_skip_dup... || Trigger: kind=expense                         || Output: Derek Fuentes $72.45 on 2025-05-23
[10/23/2025 11:19:38.208 AM] Action   || Name: finance_skip_dup... || Trigger: kind=expense                         || Output: Wix $25.98 on 2025-05-26
[10/23/2025 11:19:38.208 AM] Action   || Name: finance_skip_dup... || Trigger: kind=expense                         || Output: Megan Digiovanni $89.91 on 2025-10-05
[10/23/2025 11:19:38.208 AM] Action   || Name: finance_skip_dup... || Trigger: kind=expense                         || Output: DOMINO'S $60.57 on 2025-09-09
[10/23/2025 11:19:38.208 AM] Action   || Name: finance_skip_dup... || Trigger: kind=expense                         || Output: Derek Fuentes $20.00 on 2025-09-10
[10/23/2025 11:19:49.879 AM] Message  || User: izzyballz           || Channel: #yapper-committee                    || Content: all my other grades are fine its just algebra thats like completely ...
[10/23/2025 11:19:53.745 AM] Message  || User: swiftieanna13       || Channel: #yapper-committee                    || Content: Just letting yall know free coffee at Dunkin if you use the code tha...
[10/23/2025 11:19:59.420 AM] Action   || Name: gmail_log_scheduler || Trigger: found=1                              || Output: logged=0
[10/23/2025 11:19:59.460 AM] Action   || Name: finance_skip_dup... || Trigger: buffer                               || Output: Sophia Herrera $6.00 on 2025-08-26
[10/23/2025 11:19:59.460 AM] Action   || Name: finance_skip_dup... || Trigger: buffer                               || Output: Jordin Baylee $5.00 on 2025-08-26
[10/23/2025 11:19:59.460 AM] Action   || Name: finance_skip_dup... || Trigger: buffer                               || Output: Axel Torres $24.25 on 2025-08-22
[10/23/2025 11:19:59.460 AM] Action   || Name: finance_skip_dup... || Trigger: buffer                               || Output: Megan Digiovanni $47.62 on 2025-08-26
[10/23/2025 11:19:59.460 AM] Action   || Name: finance_skip_dup... || Trigger: buffer                               || Output: M. Padron $20.00 on 2025-08-26
[10/23/2025 11:19:59.460 AM] Action   || Name: finance_skip_dup... || Trigger: buffer                               || Output: Sophia Herrera $6.00 on 2025-08-26
[10/23/2025 11:19:59.460 AM] Action   || Name: finance_skip_dup... || Trigger: buffer                               || Output: Addison Loera $8.00 on 2025-08-26
[10/23/2025 11:19:59.460 AM] Action   || Name: finance_skip_dup... || Trigger: buffer                               || Output: Amber Thomas $5.00 on 2025-08-26
[10/23/2025 11:19:59.460 AM] Action   || Name: finance_skip_dup... || Trigger: buffer                               || Output: Jordin Baylee $5.00 on 2025-08-26
[10/23/2025 11:19:59.460 AM] Action   || Name: finance_skip_dup... || Trigger: buffer                               || Output: Kathleen Cantu $1.00 on 2025-08-26
[10/23/2025 11:19:59.460 AM] Action   || Name: finance_skip_dup... || Trigger: buffer                               || Output: Amber Thomas $3.00 on 2025-08-26
[10/23/2025 11:19:59.460 AM] Action   || Name: finance_skip_dup... || Trigger: buffer                               || Output: Rob Jimenez $3.00 on 2025-08-26
[10/23/2025 11:19:59.460 AM] Action   || Name: finance_skip_dup... || Trigger: buffer                               || Output: Daniel Brantley $3.00 on 2025-08-26
[10/23/2025 11:19:59.460 AM] Action   || Name: finance_skip_dup... || Trigger: buffer                               || Output: Isabella Klein $9.70 on 2025-08-26
[10/23/2025 11:19:59.460 AM] Action   || Name: finance_skip_dup... || Trigger: buffer                               || Output: Wix $25.98 on 2025-08-26
[10/23/2025 11:19:59.460 AM] Action   || Name: finance_skip_dup... || Trigger: buffer                               || Output: Nelda Hernandez $2.00 on 2025-08-26
[10/23/2025 11:19:59.476 AM] Action   || Name: finance_skip_dup... || Trigger: buffer                               || Output: Troy Broome $1.00 on 2025-08-26
[10/23/2025 11:19:59.476 AM] Action   || Name: finance_skip_dup... || Trigger: buffer                               || Output: Div Bits $2.00 on 2025-08-26
[10/23/2025 11:19:59.476 AM] Action   || Name: finance_skip_dup... || Trigger: buffer                               || Output: Jacob Sandoval $1.00 on 2025-08-26
[10/23/2025 11:19:59.476 AM] Action   || Name: finance_skip_dup... || Trigger: buffer                               || Output: Aubrey Cunningham $10.00 on 2025-08-26
[10/23/2025 11:19:59.476 AM] Action   || Name: finance_skip_dup... || Trigger: buffer                               || Output: Maxwell Preston $5.00 on 2025-08-26
[10/23/2025 11:19:59.476 AM] Action   || Name: finance_skip_dup... || Trigger: buffer                               || Output: Sophia Herrera $6.00 on 2025-08-26
[10/23/2025 11:19:59.476 AM] Action   || Name: finance_skip_dup... || Trigger: buffer                               || Output: Derek Fuentes $25.98 on 2025-08-26
[10/23/2025 11:19:59.476 AM] Action   || Name: finance_skip_dup... || Trigger: buffer                               || Output: Miguel V $5.00 on 2025-08-26
[10/23/2025 11:19:59.476 AM] Action   || Name: finance_skip_dup... || Trigger: buffer                               || Output: Nelda Hernandez $3.00 on 2025-08-26
[10/23/2025 11:19:59.476 AM] Action   || Name: finance_skip_dup... || Trigger: buffer                               || Output: Megan Digiovanni $130.00 on 2025-08-26
[10/23/2025 11:19:59.476 AM] Action   || Name: finance_skip_dup... || Trigger: buffer                               || Output: Pedro Savala $5.00 on 2025-08-27
[10/23/2025 11:19:59.476 AM] Action   || Name: finance_skip_dup... || Trigger: buffer                               || Output: Jonathan Mcgeever $5.00 on 2025-08-27
[10/23/2025 11:19:59.476 AM] Action   || Name: finance_skip_dup... || Trigger: buffer                               || Output: NNT PETSMART # $32.46 on 2025-08-06
[10/23/2025 11:19:59.476 AM] Action   || Name: finance_skip_dup... || Trigger: buffer                               || Output: Py Store Here Pantego $54.00 on 2025-08-20
[10/23/2025 11:19:59.476 AM] Action   || Name: finance_skip_dup... || Trigger: buffer                               || Output: Megan Digiovanni $74.92 on 2025-07-30
[10/23/2025 11:19:59.476 AM] Action   || Name: finance_skip_dup... || Trigger: buffer                               || Output: TOMAHAWK LIVE TRAP $581.62 on 2025-05-12
[10/23/2025 11:19:59.476 AM] Action   || Name: finance_skip_dup... || Trigger: buffer                               || Output: TOMAHAWK LIVE TRAP $581.62 on 2025-05-12
[10/23/2025 11:19:59.476 AM] Action   || Name: finance_skip_dup... || Trigger: buffer                               || Output: Richa  Desai $6.00 on 2025-10-22
[10/23/2025 11:19:59.492 AM] Action   || Name: finance_skip_dup... || Trigger: buffer                               || Output: Sophia Herrera $5.00 on 2025-10-22
[10/23/2025 11:19:59.492 AM] Action   || Name: finance_skip_dup... || Trigger: buffer                               || Output: Muhammed  Abdalrahman $10.00 on 2025-10-22
[10/23/2025 11:20:00.566 AM] Action   || Name: finance_skip_dup... || Trigger: kind=income                          || Output: Cynthia griffith $10.00 on 2025-04-16
[10/23/2025 11:20:00.566 AM] Action   || Name: finance_skip_dup... || Trigger: kind=income                          || Output: Caleb Moran $4.00 on 2025-04-16
[10/23/2025 11:20:00.566 AM] Action   || Name: finance_skip_dup... || Trigger: kind=income                          || Output: Alberto $6.00 on 2025-04-16
[10/23/2025 11:20:00.566 AM] Action   || Name: finance_skip_dup... || Trigger: kind=income                          || Output: Jacob Sandoval $2.91 on 2025-04-16
[10/23/2025 11:20:00.566 AM] Action   || Name: finance_skip_dup... || Trigger: kind=income                          || Output: tay $5.00 on 2025-04-16
[10/23/2025 11:20:00.566 AM] Action   || Name: finance_skip_dup... || Trigger: kind=income                          || Output: Nelda Hernandez $2.00 on 2025-04-16
[10/23/2025 11:20:00.566 AM] Action   || Name: finance_skip_dup... || Trigger: kind=income                          || Output: Maria Olds $10.00 on 2025-04-16
[10/23/2025 11:20:00.566 AM] Action   || Name: finance_skip_dup... || Trigger: kind=income                          || Output: Mario Rodriguez $3.00 on 2025-04-16
[10/23/2025 11:20:00.566 AM] Action   || Name: finance_skip_dup... || Trigger: kind=income                          || Output: Elisha Taylor $5.00 on 2025-04-16
[10/23/2025 11:20:00.566 AM] Action   || Name: finance_skip_dup... || Trigger: kind=income                          || Output: Jacob Sandoval $3.00 on 2025-04-16
[10/23/2025 11:20:00.566 AM] Action   || Name: finance_skip_dup... || Trigger: kind=income                          || Output: Isabella Klein $9.70 on 2025-08-26
[10/23/2025 11:20:00.566 AM] Action   || Name: finance_skip_dup... || Trigger: kind=income                          || Output: Nelda Hernandez $2.00 on 2025-08-26
[10/23/2025 11:20:00.566 AM] Action   || Name: finance_skip_dup... || Trigger: kind=income                          || Output: Troy Broome $1.00 on 2025-08-26
[10/23/2025 11:20:00.582 AM] Action   || Name: finance_skip_dup... || Trigger: kind=income                          || Output: Div Bits $2.00 on 2025-08-26
[10/23/2025 11:20:00.582 AM] Action   || Name: finance_skip_dup... || Trigger: kind=income                          || Output: Jacob Sandoval $1.00 on 2025-08-26
[10/23/2025 11:20:00.582 AM] Action   || Name: finance_skip_dup... || Trigger: kind=income                          || Output: Aubrey Cunningham $10.00 on 2025-08-26
[10/23/2025 11:20:00.582 AM] Action   || Name: finance_skip_dup... || Trigger: kind=income                          || Output: Maxwell Preston $5.00 on 2025-08-26
[10/23/2025 11:20:00.582 AM] Action   || Name: finance_skip_dup... || Trigger: kind=income                          || Output: Sophia Herrera $6.00 on 2025-08-26
[10/23/2025 11:20:00.582 AM] Action   || Name: finance_skip_dup... || Trigger: kind=income                          || Output: Miguel V $5.00 on 2025-08-26
[10/23/2025 11:20:00.582 AM] Action   || Name: finance_skip_dup... || Trigger: kind=income                          || Output: Nelda Hernandez $3.00 on 2025-08-26
[10/23/2025 11:20:00.582 AM] Action   || Name: finance_skip_dup... || Trigger: kind=income                          || Output: Megan Digiovanni $130.00 on 2025-08-26
[10/23/2025 11:20:00.582 AM] Action   || Name: finance_skip_dup... || Trigger: kind=income                          || Output: Pedro Savala $5.00 on 2025-08-27
[10/23/2025 11:20:00.582 AM] Action   || Name: finance_skip_dup... || Trigger: kind=income                          || Output: Jonathan Mcgeever $5.00 on 2025-08-27
[10/23/2025 11:20:00.582 AM] Action   || Name: finance_skip_dup... || Trigger: kind=income                          || Output: Axel Torres $24.25 on 2025-08-22
[10/23/2025 11:20:00.582 AM] Action   || Name: finance_skip_dup... || Trigger: kind=income                          || Output: M. Padron $20.00 on 2025-08-26
[10/23/2025 11:20:00.582 AM] Action   || Name: finance_skip_dup... || Trigger: kind=income                          || Output: Addison Loera $8.00 on 2025-08-26
[10/23/2025 11:20:00.582 AM] Action   || Name: finance_skip_dup... || Trigger: kind=income                          || Output: Amber Thomas $5.00 on 2025-08-26
[10/23/2025 11:20:00.582 AM] Action   || Name: finance_skip_dup... || Trigger: kind=income                          || Output: Kathleen Cantu $1.00 on 2025-08-26
[10/23/2025 11:20:00.582 AM] Action   || Name: finance_skip_dup... || Trigger: kind=income                          || Output: Amber Thomas $3.00 on 2025-08-26
[10/23/2025 11:20:00.597 AM] Action   || Name: finance_skip_dup... || Trigger: kind=income                          || Output: Rob Jimenez $3.00 on 2025-08-26
[10/23/2025 11:20:00.597 AM] Action   || Name: finance_skip_dup... || Trigger: kind=income                          || Output: Daniel Brantley $3.00 on 2025-08-26
[10/23/2025 11:20:00.597 AM] Action   || Name: finance_skip_dup... || Trigger: kind=income                          || Output: Kristyn Jackson $9.00 on 2025-10-22
[10/23/2025 11:20:00.597 AM] Action   || Name: finance_skip_dup... || Trigger: kind=income                          || Output: Victoria Elkins $5.00 on 2025-10-22
[10/23/2025 11:20:00.597 AM] Action   || Name: finance_skip_dup... || Trigger: kind=income                          || Output: Alexander  Martinez $3.00 on 2025-10-22
[10/23/2025 11:20:00.597 AM] Action   || Name: finance_skip_dup... || Trigger: kind=income                          || Output: Emily Lanham $6.00 on 2025-10-22
[10/23/2025 11:20:00.597 AM] Action   || Name: finance_skip_dup... || Trigger: kind=income                          || Output: Mariah Hall $3.00 on 2025-10-22
[10/23/2025 11:20:00.597 AM] Action   || Name: finance_skip_dup... || Trigger: kind=income                          || Output: Kylie Crook $5.00 on 2025-09-16
[10/23/2025 11:20:00.597 AM] Action   || Name: finance_skip_dup... || Trigger: kind=income                          || Output: Jenny Nguyen $9.70 on 2025-09-03
[10/23/2025 11:20:01.716 AM] Action   || Name: finance_skip_dup... || Trigger: kind=expense                         || Output: Py Store Here Pantego $54.00 on 2025-04-20
[10/23/2025 11:20:01.726 AM] Action   || Name: finance_skip_dup... || Trigger: kind=expense                         || Output: j s $11.68 on 2025-04-22
[10/23/2025 11:20:01.726 AM] Action   || Name: finance_skip_dup... || Trigger: kind=expense                         || Output: Wix $25.98 on 2025-04-26
[10/23/2025 11:20:01.726 AM] Action   || Name: finance_skip_dup... || Trigger: kind=expense                         || Output: Wix $25.98 on 2025-08-26
[10/23/2025 11:20:01.726 AM] Action   || Name: finance_skip_dup... || Trigger: kind=expense                         || Output: Derek Fuentes $25.98 on 2025-08-26
[10/23/2025 11:20:01.726 AM] Action   || Name: finance_skip_dup... || Trigger: kind=expense                         || Output: Py Store Here Pantego $54.00 on 2025-08-20
[10/23/2025 11:20:01.726 AM] Action   || Name: finance_skip_dup... || Trigger: kind=expense                         || Output: Megan Digiovanni $47.62 on 2025-08-26
[10/23/2025 11:20:01.726 AM] Action   || Name: finance_skip_dup... || Trigger: kind=expense                         || Output: NNT PETSMART # $32.46 on 2025-08-06
[10/23/2025 11:20:01.726 AM] Action   || Name: finance_skip_dup... || Trigger: kind=expense                         || Output: Megan Digiovanni $74.92 on 2025-07-30
[10/23/2025 11:20:01.726 AM] Action   || Name: finance_skip_dup... || Trigger: kind=expense                         || Output: TOMAHAWK LIVE TRAP $581.62 on 2025-05-11
[10/23/2025 11:20:01.726 AM] Action   || Name: finance_skip_dup... || Trigger: kind=expense                         || Output: Py Store Here Pantego $54.00 on 2025-05-20
[10/23/2025 11:20:01.726 AM] Action   || Name: finance_skip_dup... || Trigger: kind=expense                         || Output: Derek Fuentes $72.45 on 2025-05-23
[10/23/2025 11:20:01.726 AM] Action   || Name: finance_skip_dup... || Trigger: kind=expense                         || Output: Wix $25.98 on 2025-05-26
[10/23/2025 11:20:01.726 AM] Action   || Name: finance_skip_dup... || Trigger: kind=expense                         || Output: Megan Digiovanni $89.91 on 2025-10-05
[10/23/2025 11:20:01.726 AM] Action   || Name: finance_skip_dup... || Trigger: kind=expense                         || Output: DOMINO'S $60.57 on 2025-09-09
[10/23/2025 11:20:01.726 AM] Action   || Name: finance_skip_dup... || Trigger: kind=expense                         || Output: Derek Fuentes $20.00 on 2025-09-10
[10/23/2025 11:20:01.852 AM] Message  || User: izzyballz           || Channel: #yapper-committee                    || Content: oh tysm i will be there
[10/23/2025 11:20:08.374 AM] Message  || User: izzyballz           || Channel: #yapper-committee                    || Content: if its free it's for me
[10/23/2025 11:20:45.379 AM] Message  || User: swiftieanna13       || Channel: #yapper-committee                    || Content: Yes you order through the app and just put thankyouspidey idk how lo...
[10/23/2025 11:20:45.711 AM] Message  || User: adeyumii            || Channel: #yapper-committee                    || Content: izzy do you need help with algebra omg
[10/23/2025 11:20:48.834 AM] React+   || User: kitadan             || Channel: #itty-bitty-kitty-commitee           || emoji=🔥; msg="Was peak" by starr8968
[10/23/2025 11:20:58.375 AM] Message  || User: izzyballz           || Channel: #yapper-committee                    || Content: izzy is dropping the course 🥀
[10/23/2025 11:21:05.512 AM] Action   || Name: gmail_log_scheduler || Trigger: found=1                              || Output: logged=0
[10/23/2025 11:21:05.544 AM] Action   || Name: finance_skip_dup... || Trigger: buffer                               || Output: Sophia Herrera $6.00 on 2025-08-26
[10/23/2025 11:21:05.544 AM] Action   || Name: finance_skip_dup... || Trigger: buffer                               || Output: Jordin Baylee $5.00 on 2025-08-26
[10/23/2025 11:21:05.544 AM] Action   || Name: finance_skip_dup... || Trigger: buffer                               || Output: Axel Torres $24.25 on 2025-08-22
[10/23/2025 11:21:05.544 AM] Action   || Name: finance_skip_dup... || Trigger: buffer                               || Output: Megan Digiovanni $47.62 on 2025-08-26
[10/23/2025 11:21:05.544 AM] Action   || Name: finance_skip_dup... || Trigger: buffer                               || Output: M. Padron $20.00 on 2025-08-26
[10/23/2025 11:21:05.544 AM] Action   || Name: finance_skip_dup... || Trigger: buffer                               || Output: Sophia Herrera $6.00 on 2025-08-26
[10/23/2025 11:21:05.544 AM] Action   || Name: finance_skip_dup... || Trigger: buffer                               || Output: Addison Loera $8.00 on 2025-08-26
[10/23/2025 11:21:05.544 AM] Action   || Name: finance_skip_dup... || Trigger: buffer                               || Output: Amber Thomas $5.00 on 2025-08-26
[10/23/2025 11:21:05.559 AM] Action   || Name: finance_skip_dup... || Trigger: buffer                               || Output: Jordin Baylee $5.00 on 2025-08-26
[10/23/2025 11:21:05.559 AM] Action   || Name: finance_skip_dup... || Trigger: buffer                               || Output: Kathleen Cantu $1.00 on 2025-08-26
[10/23/2025 11:21:05.559 AM] Action   || Name: finance_skip_dup... || Trigger: buffer                               || Output: Amber Thomas $3.00 on 2025-08-26
[10/23/2025 11:21:05.559 AM] Action   || Name: finance_skip_dup... || Trigger: buffer                               || Output: Rob Jimenez $3.00 on 2025-08-26
[10/23/2025 11:21:05.559 AM] Action   || Name: finance_skip_dup... || Trigger: buffer                               || Output: Daniel Brantley $3.00 on 2025-08-26
[10/23/2025 11:21:05.559 AM] Action   || Name: finance_skip_dup... || Trigger: buffer                               || Output: Isabella Klein $9.70 on 2025-08-26
[10/23/2025 11:21:05.559 AM] Action   || Name: finance_skip_dup... || Trigger: buffer                               || Output: Wix $25.98 on 2025-08-26
[10/23/2025 11:21:05.559 AM] Action   || Name: finance_skip_dup... || Trigger: buffer                               || Output: Nelda Hernandez $2.00 on 2025-08-26
[10/23/2025 11:21:05.559 AM] Action   || Name: finance_skip_dup... || Trigger: buffer                               || Output: Troy Broome $1.00 on 2025-08-26
[10/23/2025 11:21:05.559 AM] Action   || Name: finance_skip_dup... || Trigger: buffer                               || Output: Div Bits $2.00 on 2025-08-26
[10/23/2025 11:21:05.559 AM] Action   || Name: finance_skip_dup... || Trigger: buffer                               || Output: Jacob Sandoval $1.00 on 2025-08-26
[10/23/2025 11:21:05.559 AM] Action   || Name: finance_skip_dup... || Trigger: buffer                               || Output: Aubrey Cunningham $10.00 on 2025-08-26
[10/23/2025 11:21:05.559 AM] Action   || Name: finance_skip_dup... || Trigger: buffer                               || Output: Maxwell Preston $5.00 on 2025-08-26
[10/23/2025 11:21:05.559 AM] Action   || Name: finance_skip_dup... || Trigger: buffer                               || Output: Sophia Herrera $6.00 on 2025-08-26
[10/23/2025 11:21:05.559 AM] Action   || Name: finance_skip_dup... || Trigger: buffer                               || Output: Derek Fuentes $25.98 on 2025-08-26
[10/23/2025 11:21:05.559 AM] Action   || Name: finance_skip_dup... || Trigger: buffer                               || Output: Miguel V $5.00 on 2025-08-26
[10/23/2025 11:21:05.575 AM] Action   || Name: finance_skip_dup... || Trigger: buffer                               || Output: Nelda Hernandez $3.00 on 2025-08-26
[10/23/2025 11:21:05.575 AM] Action   || Name: finance_skip_dup... || Trigger: buffer                               || Output: Megan Digiovanni $130.00 on 2025-08-26
[10/23/2025 11:21:05.575 AM] Action   || Name: finance_skip_dup... || Trigger: buffer                               || Output: Pedro Savala $5.00 on 2025-08-27
[10/23/2025 11:21:05.575 AM] Action   || Name: finance_skip_dup... || Trigger: buffer                               || Output: Jonathan Mcgeever $5.00 on 2025-08-27
[10/23/2025 11:21:05.575 AM] Action   || Name: finance_skip_dup... || Trigger: buffer                               || Output: NNT PETSMART # $32.46 on 2025-08-06
[10/23/2025 11:21:05.575 AM] Action   || Name: finance_skip_dup... || Trigger: buffer                               || Output: Py Store Here Pantego $54.00 on 2025-08-20
[10/23/2025 11:21:05.575 AM] Action   || Name: finance_skip_dup... || Trigger: buffer                               || Output: Megan Digiovanni $74.92 on 2025-07-30
[10/23/2025 11:21:05.575 AM] Action   || Name: finance_skip_dup... || Trigger: buffer                               || Output: TOMAHAWK LIVE TRAP $581.62 on 2025-05-12
[10/23/2025 11:21:05.575 AM] Action   || Name: finance_skip_dup... || Trigger: buffer                               || Output: TOMAHAWK LIVE TRAP $581.62 on 2025-05-12
[10/23/2025 11:21:05.575 AM] Action   || Name: finance_skip_dup... || Trigger: buffer                               || Output: Richa  Desai $6.00 on 2025-10-22
[10/23/2025 11:21:05.575 AM] Action   || Name: finance_skip_dup... || Trigger: buffer                               || Output: Sophia Herrera $5.00 on 2025-10-22
[10/23/2025 11:21:05.575 AM] Action   || Name: finance_skip_dup... || Trigger: buffer                               || Output: Muhammed  Abdalrahman $10.00 on 2025-10-22
[10/23/2025 11:21:06.654 AM] Action   || Name: finance_skip_dup... || Trigger: kind=income                          || Output: Cynthia griffith $10.00 on 2025-04-16
[10/23/2025 11:21:06.654 AM] Action   || Name: finance_skip_dup... || Trigger: kind=income                          || Output: Caleb Moran $4.00 on 2025-04-16
[10/23/2025 11:21:06.654 AM] Action   || Name: finance_skip_dup... || Trigger: kind=income                          || Output: Alberto $6.00 on 2025-04-16
[10/23/2025 11:21:06.654 AM] Action   || Name: finance_skip_dup... || Trigger: kind=income                          || Output: Jacob Sandoval $2.91 on 2025-04-16
[10/23/2025 11:21:06.654 AM] Action   || Name: finance_skip_dup... || Trigger: kind=income                          || Output: tay $5.00 on 2025-04-16
[10/23/2025 11:21:06.665 AM] Action   || Name: finance_skip_dup... || Trigger: kind=income                          || Output: Nelda Hernandez $2.00 on 2025-04-16
[10/23/2025 11:21:06.665 AM] Action   || Name: finance_skip_dup... || Trigger: kind=income                          || Output: Maria Olds $10.00 on 2025-04-16
[10/23/2025 11:21:06.665 AM] Action   || Name: finance_skip_dup... || Trigger: kind=income                          || Output: Mario Rodriguez $3.00 on 2025-04-16
[10/23/2025 11:21:06.665 AM] Action   || Name: finance_skip_dup... || Trigger: kind=income                          || Output: Elisha Taylor $5.00 on 2025-04-16
[10/23/2025 11:21:06.665 AM] Action   || Name: finance_skip_dup... || Trigger: kind=income                          || Output: Jacob Sandoval $3.00 on 2025-04-16
[10/23/2025 11:21:06.665 AM] Action   || Name: finance_skip_dup... || Trigger: kind=income                          || Output: Isabella Klein $9.70 on 2025-08-26
[10/23/2025 11:21:06.665 AM] Action   || Name: finance_skip_dup... || Trigger: kind=income                          || Output: Nelda Hernandez $2.00 on 2025-08-26
[10/23/2025 11:21:06.665 AM] Action   || Name: finance_skip_dup... || Trigger: kind=income                          || Output: Troy Broome $1.00 on 2025-08-26
[10/23/2025 11:21:06.665 AM] Action   || Name: finance_skip_dup... || Trigger: kind=income                          || Output: Div Bits $2.00 on 2025-08-26
[10/23/2025 11:21:06.665 AM] Action   || Name: finance_skip_dup... || Trigger: kind=income                          || Output: Jacob Sandoval $1.00 on 2025-08-26
[10/23/2025 11:21:06.665 AM] Action   || Name: finance_skip_dup... || Trigger: kind=income                          || Output: Aubrey Cunningham $10.00 on 2025-08-26
[10/23/2025 11:21:06.665 AM] Action   || Name: finance_skip_dup... || Trigger: kind=income                          || Output: Maxwell Preston $5.00 on 2025-08-26
[10/23/2025 11:21:06.665 AM] Action   || Name: finance_skip_dup... || Trigger: kind=income                          || Output: Sophia Herrera $6.00 on 2025-08-26
[10/23/2025 11:21:06.665 AM] Action   || Name: finance_skip_dup... || Trigger: kind=income                          || Output: Miguel V $5.00 on 2025-08-26
[10/23/2025 11:21:06.665 AM] Action   || Name: finance_skip_dup... || Trigger: kind=income                          || Output: Nelda Hernandez $3.00 on 2025-08-26
[10/23/2025 11:21:06.665 AM] Action   || Name: finance_skip_dup... || Trigger: kind=income                          || Output: Megan Digiovanni $130.00 on 2025-08-26
[10/23/2025 11:21:06.681 AM] Action   || Name: finance_skip_dup... || Trigger: kind=income                          || Output: Pedro Savala $5.00 on 2025-08-27
[10/23/2025 11:21:06.681 AM] Action   || Name: finance_skip_dup... || Trigger: kind=income                          || Output: Jonathan Mcgeever $5.00 on 2025-08-27
[10/23/2025 11:21:06.681 AM] Action   || Name: finance_skip_dup... || Trigger: kind=income                          || Output: Axel Torres $24.25 on 2025-08-22
[10/23/2025 11:21:06.681 AM] Action   || Name: finance_skip_dup... || Trigger: kind=income                          || Output: M. Padron $20.00 on 2025-08-26
[10/23/2025 11:21:06.681 AM] Action   || Name: finance_skip_dup... || Trigger: kind=income                          || Output: Addison Loera $8.00 on 2025-08-26
[10/23/2025 11:21:06.681 AM] Action   || Name: finance_skip_dup... || Trigger: kind=income                          || Output: Amber Thomas $5.00 on 2025-08-26
[10/23/2025 11:21:06.681 AM] Action   || Name: finance_skip_dup... || Trigger: kind=income                          || Output: Kathleen Cantu $1.00 on 2025-08-26
[10/23/2025 11:21:06.681 AM] Action   || Name: finance_skip_dup... || Trigger: kind=income                          || Output: Amber Thomas $3.00 on 2025-08-26
[10/23/2025 11:21:06.681 AM] Action   || Name: finance_skip_dup... || Trigger: kind=income                          || Output: Rob Jimenez $3.00 on 2025-08-26
[10/23/2025 11:21:06.681 AM] Action   || Name: finance_skip_dup... || Trigger: kind=income                          || Output: Daniel Brantley $3.00 on 2025-08-26
[10/23/2025 11:21:06.681 AM] Action   || Name: finance_skip_dup... || Trigger: kind=income                          || Output: Kristyn Jackson $9.00 on 2025-10-22
[10/23/2025 11:21:06.681 AM] Action   || Name: finance_skip_dup... || Trigger: kind=income                          || Output: Victoria Elkins $5.00 on 2025-10-22
[10/23/2025 11:21:06.681 AM] Action   || Name: finance_skip_dup... || Trigger: kind=income                          || Output: Alexander  Martinez $3.00 on 2025-10-22
[10/23/2025 11:21:06.681 AM] Action   || Name: finance_skip_dup... || Trigger: kind=income                          || Output: Emily Lanham $6.00 on 2025-10-22
[10/23/2025 11:21:06.681 AM] Action   || Name: finance_skip_dup... || Trigger: kind=income                          || Output: Mariah Hall $3.00 on 2025-10-22
[10/23/2025 11:21:06.681 AM] Action   || Name: finance_skip_dup... || Trigger: kind=income                          || Output: Kylie Crook $5.00 on 2025-09-16
[10/23/2025 11:21:06.697 AM] Action   || Name: finance_skip_dup... || Trigger: kind=income                          || Output: Jenny Nguyen $9.70 on 2025-09-03
[10/23/2025 11:21:08.011 AM] Action   || Name: finance_skip_dup... || Trigger: kind=expense                         || Output: Py Store Here Pantego $54.00 on 2025-04-20
[10/23/2025 11:21:08.011 AM] Action   || Name: finance_skip_dup... || Trigger: kind=expense                         || Output: j s $11.68 on 2025-04-22
[10/23/2025 11:21:08.011 AM] Action   || Name: finance_skip_dup... || Trigger: kind=expense                         || Output: Wix $25.98 on 2025-04-26
[10/23/2025 11:21:08.011 AM] Action   || Name: finance_skip_dup... || Trigger: kind=expense                         || Output: Wix $25.98 on 2025-08-26
[10/23/2025 11:21:08.011 AM] Action   || Name: finance_skip_dup... || Trigger: kind=expense                         || Output: Derek Fuentes $25.98 on 2025-08-26
[10/23/2025 11:21:08.019 AM] Action   || Name: finance_skip_dup... || Trigger: kind=expense                         || Output: Py Store Here Pantego $54.00 on 2025-08-20
[10/23/2025 11:21:08.019 AM] Action   || Name: finance_skip_dup... || Trigger: kind=expense                         || Output: Megan Digiovanni $47.62 on 2025-08-26
[10/23/2025 11:21:08.019 AM] Action   || Name: finance_skip_dup... || Trigger: kind=expense                         || Output: NNT PETSMART # $32.46 on 2025-08-06
[10/23/2025 11:21:08.019 AM] Action   || Name: finance_skip_dup... || Trigger: kind=expense                         || Output: Megan Digiovanni $74.92 on 2025-07-30
[10/23/2025 11:21:08.019 AM] Action   || Name: finance_skip_dup... || Trigger: kind=expense                         || Output: TOMAHAWK LIVE TRAP $581.62 on 2025-05-11
[10/23/2025 11:21:08.019 AM] Action   || Name: finance_skip_dup... || Trigger: kind=expense                         || Output: Py Store Here Pantego $54.00 on 2025-05-20
[10/23/2025 11:21:08.019 AM] Action   || Name: finance_skip_dup... || Trigger: kind=expense                         || Output: Derek Fuentes $72.45 on 2025-05-23
[10/23/2025 11:21:08.019 AM] Action   || Name: finance_skip_dup... || Trigger: kind=expense                         || Output: Wix $25.98 on 2025-05-26
[10/23/2025 11:21:08.019 AM] Action   || Name: finance_skip_dup... || Trigger: kind=expense                         || Output: Megan Digiovanni $89.91 on 2025-10-05
[10/23/2025 11:21:08.019 AM] Action   || Name: finance_skip_dup... || Trigger: kind=expense                         || Output: DOMINO'S $60.57 on 2025-09-09
[10/23/2025 11:21:08.019 AM] Action   || Name: finance_skip_dup... || Trigger: kind=expense                         || Output: Derek Fuentes $20.00 on 2025-09-10
[10/23/2025 11:21:14.212 AM] Message  || User: swiftieanna13       || Channel: #yapper-committee                    || Content: Sending you lots of love hopefully everything goes well ❤️🫶🏻
[10/23/2025 11:21:30.063 AM] React+   || User: m_digio             || Channel: #pet-pictures                        || emoji=❤️; msg=1430953421464141835
[10/23/2025 11:21:30.380 AM] React+   || User: izzyballz           || Channel: #yapper-committee                    || emoji=❤️; msg="Sending you lots of love hopefully every..." by swiftieanna13
[10/23/2025 11:27:20.109 AM] React+   || User: slayc127            || Channel: #yapper-committee                    || emoji=❤️; msg="izzy is dropping the course 🥀" by izzyballz
[10/23/2025 11:27:27.090 AM] Action   || Name: gmail_log_scheduler || Trigger: found=1                              || Output: logged=0
[10/23/2025 11:27:27.122 AM] Action   || Name: finance_skip_dup... || Trigger: buffer                               || Output: Sophia Herrera $6.00 on 2025-08-26
[10/23/2025 11:27:27.122 AM] Action   || Name: finance_skip_dup... || Trigger: buffer                               || Output: Jordin Baylee $5.00 on 2025-08-26
[10/23/2025 11:27:27.122 AM] Action   || Name: finance_skip_dup... || Trigger: buffer                               || Output: Axel Torres $24.25 on 2025-08-22
[10/23/2025 11:27:27.122 AM] Action   || Name: finance_skip_dup... || Trigger: buffer                               || Output: Megan Digiovanni $47.62 on 2025-08-26
[10/23/2025 11:27:27.122 AM] Action   || Name: finance_skip_dup... || Trigger: buffer                               || Output: M. Padron $20.00 on 2025-08-26
[10/23/2025 11:27:27.122 AM] Action   || Name: finance_skip_dup... || Trigger: buffer                               || Output: Sophia Herrera $6.00 on 2025-08-26
[10/23/2025 11:27:27.122 AM] Action   || Name: finance_skip_dup... || Trigger: buffer                               || Output: Addison Loera $8.00 on 2025-08-26
[10/23/2025 11:27:27.122 AM] Action   || Name: finance_skip_dup... || Trigger: buffer                               || Output: Amber Thomas $5.00 on 2025-08-26
[10/23/2025 11:27:27.138 AM] Action   || Name: finance_skip_dup... || Trigger: buffer                               || Output: Jordin Baylee $5.00 on 2025-08-26
[10/23/2025 11:27:27.138 AM] Action   || Name: finance_skip_dup... || Trigger: buffer                               || Output: Kathleen Cantu $1.00 on 2025-08-26
[10/23/2025 11:27:27.138 AM] Action   || Name: finance_skip_dup... || Trigger: buffer                               || Output: Amber Thomas $3.00 on 2025-08-26
[10/23/2025 11:27:27.138 AM] Action   || Name: finance_skip_dup... || Trigger: buffer                               || Output: Rob Jimenez $3.00 on 2025-08-26
[10/23/2025 11:27:27.138 AM] Action   || Name: finance_skip_dup... || Trigger: buffer                               || Output: Daniel Brantley $3.00 on 2025-08-26
[10/23/2025 11:27:27.138 AM] Action   || Name: finance_skip_dup... || Trigger: buffer                               || Output: Isabella Klein $9.70 on 2025-08-26
[10/23/2025 11:27:27.138 AM] Action   || Name: finance_skip_dup... || Trigger: buffer                               || Output: Wix $25.98 on 2025-08-26
[10/23/2025 11:27:27.138 AM] Action   || Name: finance_skip_dup... || Trigger: buffer                               || Output: Nelda Hernandez $2.00 on 2025-08-26
[10/23/2025 11:27:27.138 AM] Action   || Name: finance_skip_dup... || Trigger: buffer                               || Output: Troy Broome $1.00 on 2025-08-26
[10/23/2025 11:27:27.138 AM] Action   || Name: finance_skip_dup... || Trigger: buffer                               || Output: Div Bits $2.00 on 2025-08-26
[10/23/2025 11:27:27.138 AM] Action   || Name: finance_skip_dup... || Trigger: buffer                               || Output: Jacob Sandoval $1.00 on 2025-08-26
[10/23/2025 11:27:27.138 AM] Action   || Name: finance_skip_dup... || Trigger: buffer                               || Output: Aubrey Cunningham $10.00 on 2025-08-26
[10/23/2025 11:27:27.138 AM] Action   || Name: finance_skip_dup... || Trigger: buffer                               || Output: Maxwell Preston $5.00 on 2025-08-26
[10/23/2025 11:27:27.138 AM] Action   || Name: finance_skip_dup... || Trigger: buffer                               || Output: Sophia Herrera $6.00 on 2025-08-26
[10/23/2025 11:27:27.138 AM] Action   || Name: finance_skip_dup... || Trigger: buffer                               || Output: Derek Fuentes $25.98 on 2025-08-26
[10/23/2025 11:27:27.138 AM] Action   || Name: finance_skip_dup... || Trigger: buffer                               || Output: Miguel V $5.00 on 2025-08-26
[10/23/2025 11:27:27.153 AM] Action   || Name: finance_skip_dup... || Trigger: buffer                               || Output: Nelda Hernandez $3.00 on 2025-08-26
[10/23/2025 11:27:27.153 AM] Action   || Name: finance_skip_dup... || Trigger: buffer                               || Output: Megan Digiovanni $130.00 on 2025-08-26
[10/23/2025 11:27:27.153 AM] Action   || Name: finance_skip_dup... || Trigger: buffer                               || Output: Pedro Savala $5.00 on 2025-08-27
[10/23/2025 11:27:27.153 AM] Action   || Name: finance_skip_dup... || Trigger: buffer                               || Output: Jonathan Mcgeever $5.00 on 2025-08-27
[10/23/2025 11:27:27.153 AM] Action   || Name: finance_skip_dup... || Trigger: buffer                               || Output: NNT PETSMART # $32.46 on 2025-08-06
[10/23/2025 11:27:27.153 AM] Action   || Name: finance_skip_dup... || Trigger: buffer                               || Output: Py Store Here Pantego $54.00 on 2025-08-20
[10/23/2025 11:27:27.153 AM] Action   || Name: finance_skip_dup... || Trigger: buffer                               || Output: Megan Digiovanni $74.92 on 2025-07-30
[10/23/2025 11:27:27.153 AM] Action   || Name: finance_skip_dup... || Trigger: buffer                               || Output: TOMAHAWK LIVE TRAP $581.62 on 2025-05-12
[10/23/2025 11:27:27.153 AM] Action   || Name: finance_skip_dup... || Trigger: buffer                               || Output: TOMAHAWK LIVE TRAP $581.62 on 2025-05-12
[10/23/2025 11:27:27.153 AM] Action   || Name: finance_skip_dup... || Trigger: buffer                               || Output: Richa  Desai $6.00 on 2025-10-22
[10/23/2025 11:27:27.153 AM] Action   || Name: finance_skip_dup... || Trigger: buffer                               || Output: Sophia Herrera $5.00 on 2025-10-22
[10/23/2025 11:27:27.153 AM] Action   || Name: finance_skip_dup... || Trigger: buffer                               || Output: Muhammed  Abdalrahman $10.00 on 2025-10-22
[10/23/2025 11:27:30.124 AM] Action   || Name: finance_skip_dup... || Trigger: kind=income                          || Output: Cynthia griffith $10.00 on 2025-04-16
[10/23/2025 11:27:30.124 AM] Action   || Name: finance_skip_dup... || Trigger: kind=income                          || Output: Caleb Moran $4.00 on 2025-04-16
[10/23/2025 11:27:30.131 AM] Action   || Name: finance_skip_dup... || Trigger: kind=income                          || Output: Alberto $6.00 on 2025-04-16
[10/23/2025 11:27:30.131 AM] Action   || Name: finance_skip_dup... || Trigger: kind=income                          || Output: Jacob Sandoval $2.91 on 2025-04-16
[10/23/2025 11:27:30.131 AM] Action   || Name: finance_skip_dup... || Trigger: kind=income                          || Output: tay $5.00 on 2025-04-16
[10/23/2025 11:27:30.131 AM] Action   || Name: finance_skip_dup... || Trigger: kind=income                          || Output: Nelda Hernandez $2.00 on 2025-04-16
[10/23/2025 11:27:30.131 AM] Action   || Name: finance_skip_dup... || Trigger: kind=income                          || Output: Maria Olds $10.00 on 2025-04-16
[10/23/2025 11:27:30.131 AM] Action   || Name: finance_skip_dup... || Trigger: kind=income                          || Output: Mario Rodriguez $3.00 on 2025-04-16
[10/23/2025 11:27:30.131 AM] Action   || Name: finance_skip_dup... || Trigger: kind=income                          || Output: Elisha Taylor $5.00 on 2025-04-16
[10/23/2025 11:27:30.131 AM] Action   || Name: finance_skip_dup... || Trigger: kind=income                          || Output: Jacob Sandoval $3.00 on 2025-04-16
[10/23/2025 11:27:30.131 AM] Action   || Name: finance_skip_dup... || Trigger: kind=income                          || Output: Isabella Klein $9.70 on 2025-08-26
[10/23/2025 11:27:30.131 AM] Action   || Name: finance_skip_dup... || Trigger: kind=income                          || Output: Nelda Hernandez $2.00 on 2025-08-26
[10/23/2025 11:27:30.131 AM] Action   || Name: finance_skip_dup... || Trigger: kind=income                          || Output: Troy Broome $1.00 on 2025-08-26
[10/23/2025 11:27:30.131 AM] Action   || Name: finance_skip_dup... || Trigger: kind=income                          || Output: Div Bits $2.00 on 2025-08-26
[10/23/2025 11:27:30.131 AM] Action   || Name: finance_skip_dup... || Trigger: kind=income                          || Output: Jacob Sandoval $1.00 on 2025-08-26
[10/23/2025 11:27:30.131 AM] Action   || Name: finance_skip_dup... || Trigger: kind=income                          || Output: Aubrey Cunningham $10.00 on 2025-08-26
[10/23/2025 11:27:30.131 AM] Action   || Name: finance_skip_dup... || Trigger: kind=income                          || Output: Maxwell Preston $5.00 on 2025-08-26
[10/23/2025 11:27:30.131 AM] Action   || Name: finance_skip_dup... || Trigger: kind=income                          || Output: Sophia Herrera $6.00 on 2025-08-26
[10/23/2025 11:27:30.147 AM] Action   || Name: finance_skip_dup... || Trigger: kind=income                          || Output: Miguel V $5.00 on 2025-08-26
[10/23/2025 11:27:30.147 AM] Action   || Name: finance_skip_dup... || Trigger: kind=income                          || Output: Nelda Hernandez $3.00 on 2025-08-26
[10/23/2025 11:27:30.147 AM] Action   || Name: finance_skip_dup... || Trigger: kind=income                          || Output: Megan Digiovanni $130.00 on 2025-08-26
[10/23/2025 11:27:30.147 AM] Action   || Name: finance_skip_dup... || Trigger: kind=income                          || Output: Pedro Savala $5.00 on 2025-08-27
[10/23/2025 11:27:30.147 AM] Action   || Name: finance_skip_dup... || Trigger: kind=income                          || Output: Jonathan Mcgeever $5.00 on 2025-08-27
[10/23/2025 11:27:30.147 AM] Action   || Name: finance_skip_dup... || Trigger: kind=income                          || Output: Axel Torres $24.25 on 2025-08-22
[10/23/2025 11:27:30.147 AM] Action   || Name: finance_skip_dup... || Trigger: kind=income                          || Output: M. Padron $20.00 on 2025-08-26
[10/23/2025 11:27:30.147 AM] Action   || Name: finance_skip_dup... || Trigger: kind=income                          || Output: Addison Loera $8.00 on 2025-08-26
[10/23/2025 11:27:30.147 AM] Action   || Name: finance_skip_dup... || Trigger: kind=income                          || Output: Amber Thomas $5.00 on 2025-08-26
[10/23/2025 11:27:30.147 AM] Action   || Name: finance_skip_dup... || Trigger: kind=income                          || Output: Kathleen Cantu $1.00 on 2025-08-26
[10/23/2025 11:27:30.147 AM] Action   || Name: finance_skip_dup... || Trigger: kind=income                          || Output: Amber Thomas $3.00 on 2025-08-26
[10/23/2025 11:27:30.147 AM] Action   || Name: finance_skip_dup... || Trigger: kind=income                          || Output: Rob Jimenez $3.00 on 2025-08-26
[10/23/2025 11:27:30.147 AM] Action   || Name: finance_skip_dup... || Trigger: kind=income                          || Output: Daniel Brantley $3.00 on 2025-08-26
[10/23/2025 11:27:30.147 AM] Action   || Name: finance_skip_dup... || Trigger: kind=income                          || Output: Kristyn Jackson $9.00 on 2025-10-22
[10/23/2025 11:27:30.147 AM] Action   || Name: finance_skip_dup... || Trigger: kind=income                          || Output: Victoria Elkins $5.00 on 2025-10-22
[10/23/2025 11:27:30.147 AM] Action   || Name: finance_skip_dup... || Trigger: kind=income                          || Output: Alexander  Martinez $3.00 on 2025-10-22
[10/23/2025 11:27:30.163 AM] Action   || Name: finance_skip_dup... || Trigger: kind=income                          || Output: Emily Lanham $6.00 on 2025-10-22
[10/23/2025 11:27:30.163 AM] Action   || Name: finance_skip_dup... || Trigger: kind=income                          || Output: Mariah Hall $3.00 on 2025-10-22
[10/23/2025 11:27:30.163 AM] Action   || Name: finance_skip_dup... || Trigger: kind=income                          || Output: Kylie Crook $5.00 on 2025-09-16
[10/23/2025 11:27:30.163 AM] Action   || Name: finance_skip_dup... || Trigger: kind=income                          || Output: Jenny Nguyen $9.70 on 2025-09-03
[10/23/2025 11:27:31.380 AM] Action   || Name: finance_skip_dup... || Trigger: kind=expense                         || Output: Py Store Here Pantego $54.00 on 2025-04-20
[10/23/2025 11:27:31.396 AM] Action   || Name: finance_skip_dup... || Trigger: kind=expense                         || Output: j s $11.68 on 2025-04-22
[10/23/2025 11:27:31.396 AM] Action   || Name: finance_skip_dup... || Trigger: kind=expense                         || Output: Wix $25.98 on 2025-04-26
[10/23/2025 11:27:31.396 AM] Action   || Name: finance_skip_dup... || Trigger: kind=expense                         || Output: Wix $25.98 on 2025-08-26
[10/23/2025 11:27:31.396 AM] Action   || Name: finance_skip_dup... || Trigger: kind=expense                         || Output: Derek Fuentes $25.98 on 2025-08-26
[10/23/2025 11:27:31.396 AM] Action   || Name: finance_skip_dup... || Trigger: kind=expense                         || Output: Py Store Here Pantego $54.00 on 2025-08-20
[10/23/2025 11:27:31.396 AM] Action   || Name: finance_skip_dup... || Trigger: kind=expense                         || Output: Megan Digiovanni $47.62 on 2025-08-26
[10/23/2025 11:27:31.396 AM] Action   || Name: finance_skip_dup... || Trigger: kind=expense                         || Output: NNT PETSMART # $32.46 on 2025-08-06
[10/23/2025 11:27:31.396 AM] Action   || Name: finance_skip_dup... || Trigger: kind=expense                         || Output: Megan Digiovanni $74.92 on 2025-07-30
[10/23/2025 11:27:31.396 AM] Action   || Name: finance_skip_dup... || Trigger: kind=expense                         || Output: TOMAHAWK LIVE TRAP $581.62 on 2025-05-11
[10/23/2025 11:27:31.396 AM] Action   || Name: finance_skip_dup... || Trigger: kind=expense                         || Output: Py Store Here Pantego $54.00 on 2025-05-20
[10/23/2025 11:27:31.396 AM] Action   || Name: finance_skip_dup... || Trigger: kind=expense                         || Output: Derek Fuentes $72.45 on 2025-05-23
[10/23/2025 11:27:31.396 AM] Action   || Name: finance_skip_dup... || Trigger: kind=expense                         || Output: Wix $25.98 on 2025-05-26
[10/23/2025 11:27:31.396 AM] Action   || Name: finance_skip_dup... || Trigger: kind=expense                         || Output: Megan Digiovanni $89.91 on 2025-10-05
[10/23/2025 11:27:31.396 AM] Action   || Name: finance_skip_dup... || Trigger: kind=expense                         || Output: DOMINO'S $60.57 on 2025-09-09
[10/23/2025 11:27:31.396 AM] Action   || Name: finance_skip_dup... || Trigger: kind=expense                         || Output: Derek Fuentes $20.00 on 2025-09-10
[10/23/2025 11:27:59.588 AM] Message  || User: kitadan             || Channel: #events                              || Content: Dance  Macabre by Ghost 
Heads Will Roll by Yeah Yeah Yeahs
Everybod...
[10/23/2025 11:28:01.914 AM] Message  || User: abstractly_         || Channel: #feeding-team                        || Content: if we’re still out of food can u cover coba pls
[10/23/2025 11:28:01.914 AM] Intent   || sub_request               ||                                               || station=Business
[10/23/2025 11:28:01.961 AM] Action   || Name: sub_request         || Trigger: station=Business; dates=2025-10-23   || Output: status=logged; trigger=can u; text=if we’re still out of food can u c...
[10/23/2025 11:28:16.533 AM] Message  || User: adeyumii            || Channel: #feeding-team                        || Content: Ye
[10/23/2025 11:28:35.777 AM] Message  || User: kukieari            || Channel: #yapper-committee                    || Content: i hope you are doing okay
[10/23/2025 11:28:38.232 AM] Message  || User: kukieari            || Channel: #yapper-committee                    || Content: hugs
[10/23/2025 11:28:55.393 AM] Message  || User: adeyumii            || Channel: #feeding-team                        || Content: We don't have an ETA on food refill I don't think
[10/23/2025 11:29:37.334 AM] Message  || User: abstractly_         || Channel: #feeding-team                        || Content: cause i feed at 12 cause i have two late classes..
[10/23/2025 11:31:14.605 AM] Message  || User: adeyumii            || Channel: #feeding-team                        || Content: Oh then yea I can
[10/23/2025 11:31:19.220 AM] Message  || User: adeyumii            || Channel: #feeding-team                        || Content: For sursies
[10/23/2025 11:32:56.044 AM] Action   || Name: gmail_log_scheduler || Trigger: found=1                              || Output: logged=0
[10/23/2025 11:32:56.092 AM] Action   || Name: finance_skip_dup... || Trigger: buffer                               || Output: Sophia Herrera $6.00 on 2025-08-26
[10/23/2025 11:32:56.092 AM] Action   || Name: finance_skip_dup... || Trigger: buffer                               || Output: Jordin Baylee $5.00 on 2025-08-26
[10/23/2025 11:32:56.092 AM] Action   || Name: finance_skip_dup... || Trigger: buffer                               || Output: Axel Torres $24.25 on 2025-08-22
[10/23/2025 11:32:56.092 AM] Action   || Name: finance_skip_dup... || Trigger: buffer                               || Output: Megan Digiovanni $47.62 on 2025-08-26
[10/23/2025 11:32:56.092 AM] Action   || Name: finance_skip_dup... || Trigger: buffer                               || Output: M. Padron $20.00 on 2025-08-26
[10/23/2025 11:32:56.092 AM] Action   || Name: finance_skip_dup... || Trigger: buffer                               || Output: Sophia Herrera $6.00 on 2025-08-26
[10/23/2025 11:32:56.092 AM] Action   || Name: finance_skip_dup... || Trigger: buffer                               || Output: Addison Loera $8.00 on 2025-08-26
[10/23/2025 11:32:56.092 AM] Action   || Name: finance_skip_dup... || Trigger: buffer                               || Output: Amber Thomas $5.00 on 2025-08-26
[10/23/2025 11:32:56.092 AM] Action   || Name: finance_skip_dup... || Trigger: buffer                               || Output: Jordin Baylee $5.00 on 2025-08-26
[10/23/2025 11:32:56.092 AM] Action   || Name: finance_skip_dup... || Trigger: buffer                               || Output: Kathleen Cantu $1.00 on 2025-08-26
[10/23/2025 11:32:56.092 AM] Action   || Name: finance_skip_dup... || Trigger: buffer                               || Output: Amber Thomas $3.00 on 2025-08-26
[10/23/2025 11:32:56.092 AM] Action   || Name: finance_skip_dup... || Trigger: buffer                               || Output: Rob Jimenez $3.00 on 2025-08-26
[10/23/2025 11:32:56.092 AM] Action   || Name: finance_skip_dup... || Trigger: buffer                               || Output: Daniel Brantley $3.00 on 2025-08-26
[10/23/2025 11:32:56.092 AM] Action   || Name: finance_skip_dup... || Trigger: buffer                               || Output: Isabella Klein $9.70 on 2025-08-26
[10/23/2025 11:32:56.108 AM] Action   || Name: finance_skip_dup... || Trigger: buffer                               || Output: Wix $25.98 on 2025-08-26
[10/23/2025 11:32:56.108 AM] Action   || Name: finance_skip_dup... || Trigger: buffer                               || Output: Nelda Hernandez $2.00 on 2025-08-26
[10/23/2025 11:32:56.108 AM] Action   || Name: finance_skip_dup... || Trigger: buffer                               || Output: Troy Broome $1.00 on 2025-08-26
[10/23/2025 11:32:56.108 AM] Action   || Name: finance_skip_dup... || Trigger: buffer                               || Output: Div Bits $2.00 on 2025-08-26
[10/23/2025 11:32:56.108 AM] Action   || Name: finance_skip_dup... || Trigger: buffer                               || Output: Jacob Sandoval $1.00 on 2025-08-26
[10/23/2025 11:32:56.108 AM] Action   || Name: finance_skip_dup... || Trigger: buffer                               || Output: Aubrey Cunningham $10.00 on 2025-08-26
[10/23/2025 11:32:56.108 AM] Action   || Name: finance_skip_dup... || Trigger: buffer                               || Output: Maxwell Preston $5.00 on 2025-08-26
[10/23/2025 11:32:56.108 AM] Action   || Name: finance_skip_dup... || Trigger: buffer                               || Output: Sophia Herrera $6.00 on 2025-08-26
[10/23/2025 11:32:56.108 AM] Action   || Name: finance_skip_dup... || Trigger: buffer                               || Output: Derek Fuentes $25.98 on 2025-08-26
[10/23/2025 11:32:56.108 AM] Action   || Name: finance_skip_dup... || Trigger: buffer                               || Output: Miguel V $5.00 on 2025-08-26
[10/23/2025 11:32:56.108 AM] Action   || Name: finance_skip_dup... || Trigger: buffer                               || Output: Nelda Hernandez $3.00 on 2025-08-26
[10/23/2025 11:32:56.108 AM] Action   || Name: finance_skip_dup... || Trigger: buffer                               || Output: Megan Digiovanni $130.00 on 2025-08-26
[10/23/2025 11:32:56.108 AM] Action   || Name: finance_skip_dup... || Trigger: buffer                               || Output: Pedro Savala $5.00 on 2025-08-27
[10/23/2025 11:32:56.108 AM] Action   || Name: finance_skip_dup... || Trigger: buffer                               || Output: Jonathan Mcgeever $5.00 on 2025-08-27
[10/23/2025 11:32:56.108 AM] Action   || Name: finance_skip_dup... || Trigger: buffer                               || Output: NNT PETSMART # $32.46 on 2025-08-06
[10/23/2025 11:32:56.108 AM] Action   || Name: finance_skip_dup... || Trigger: buffer                               || Output: Py Store Here Pantego $54.00 on 2025-08-20
[10/23/2025 11:32:56.108 AM] Action   || Name: finance_skip_dup... || Trigger: buffer                               || Output: Megan Digiovanni $74.92 on 2025-07-30
[10/23/2025 11:32:56.108 AM] Action   || Name: finance_skip_dup... || Trigger: buffer                               || Output: TOMAHAWK LIVE TRAP $581.62 on 2025-05-12
[10/23/2025 11:32:56.123 AM] Action   || Name: finance_skip_dup... || Trigger: buffer                               || Output: TOMAHAWK LIVE TRAP $581.62 on 2025-05-12
[10/23/2025 11:32:56.123 AM] Action   || Name: finance_skip_dup... || Trigger: buffer                               || Output: Richa  Desai $6.00 on 2025-10-22
[10/23/2025 11:32:56.123 AM] Action   || Name: finance_skip_dup... || Trigger: buffer                               || Output: Sophia Herrera $5.00 on 2025-10-22
[10/23/2025 11:32:56.123 AM] Action   || Name: finance_skip_dup... || Trigger: buffer                               || Output: Muhammed  Abdalrahman $10.00 on 2025-10-22
[10/23/2025 11:32:57.511 AM] Action   || Name: finance_skip_dup... || Trigger: kind=income                          || Output: Cynthia griffith $10.00 on 2025-04-16
[10/23/2025 11:32:57.512 AM] Action   || Name: finance_skip_dup... || Trigger: kind=income                          || Output: Caleb Moran $4.00 on 2025-04-16
[10/23/2025 11:32:57.513 AM] Action   || Name: finance_skip_dup... || Trigger: kind=income                          || Output: Alberto $6.00 on 2025-04-16
[10/23/2025 11:32:57.514 AM] Action   || Name: finance_skip_dup... || Trigger: kind=income                          || Output: Jacob Sandoval $2.91 on 2025-04-16
[10/23/2025 11:32:57.515 AM] Action   || Name: finance_skip_dup... || Trigger: kind=income                          || Output: tay $5.00 on 2025-04-16
[10/23/2025 11:32:57.516 AM] Action   || Name: finance_skip_dup... || Trigger: kind=income                          || Output: Nelda Hernandez $2.00 on 2025-04-16
[10/23/2025 11:32:57.517 AM] Action   || Name: finance_skip_dup... || Trigger: kind=income                          || Output: Maria Olds $10.00 on 2025-04-16
[10/23/2025 11:32:57.518 AM] Action   || Name: finance_skip_dup... || Trigger: kind=income                          || Output: Mario Rodriguez $3.00 on 2025-04-16
[10/23/2025 11:32:57.519 AM] Action   || Name: finance_skip_dup... || Trigger: kind=income                          || Output: Elisha Taylor $5.00 on 2025-04-16
[10/23/2025 11:32:57.520 AM] Action   || Name: finance_skip_dup... || Trigger: kind=income                          || Output: Jacob Sandoval $3.00 on 2025-04-16
[10/23/2025 11:32:57.521 AM] Action   || Name: finance_skip_dup... || Trigger: kind=income                          || Output: Isabella Klein $9.70 on 2025-08-26
[10/23/2025 11:32:57.522 AM] Action   || Name: finance_skip_dup... || Trigger: kind=income                          || Output: Nelda Hernandez $2.00 on 2025-08-26
[10/23/2025 11:32:57.523 AM] Action   || Name: finance_skip_dup... || Trigger: kind=income                          || Output: Troy Broome $1.00 on 2025-08-26
[10/23/2025 11:32:57.524 AM] Action   || Name: finance_skip_dup... || Trigger: kind=income                          || Output: Div Bits $2.00 on 2025-08-26
[10/23/2025 11:32:57.525 AM] Action   || Name: finance_skip_dup... || Trigger: kind=income                          || Output: Jacob Sandoval $1.00 on 2025-08-26
[10/23/2025 11:32:57.526 AM] Action   || Name: finance_skip_dup... || Trigger: kind=income                          || Output: Aubrey Cunningham $10.00 on 2025-08-26
[10/23/2025 11:32:57.527 AM] Action   || Name: finance_skip_dup... || Trigger: kind=income                          || Output: Maxwell Preston $5.00 on 2025-08-26
[10/23/2025 11:32:57.528 AM] Action   || Name: finance_skip_dup... || Trigger: kind=income                          || Output: Sophia Herrera $6.00 on 2025-08-26
[10/23/2025 11:32:57.529 AM] Action   || Name: finance_skip_dup... || Trigger: kind=income                          || Output: Miguel V $5.00 on 2025-08-26
[10/23/2025 11:32:57.529 AM] Action   || Name: finance_skip_dup... || Trigger: kind=income                          || Output: Nelda Hernandez $3.00 on 2025-08-26
[10/23/2025 11:32:57.529 AM] Action   || Name: finance_skip_dup... || Trigger: kind=income                          || Output: Megan Digiovanni $130.00 on 2025-08-26
[10/23/2025 11:32:57.529 AM] Action   || Name: finance_skip_dup... || Trigger: kind=income                          || Output: Pedro Savala $5.00 on 2025-08-27
[10/23/2025 11:32:57.529 AM] Action   || Name: finance_skip_dup... || Trigger: kind=income                          || Output: Jonathan Mcgeever $5.00 on 2025-08-27
[10/23/2025 11:32:57.529 AM] Action   || Name: finance_skip_dup... || Trigger: kind=income                          || Output: Axel Torres $24.25 on 2025-08-22
[10/23/2025 11:32:57.529 AM] Action   || Name: finance_skip_dup... || Trigger: kind=income                          || Output: M. Padron $20.00 on 2025-08-26
[10/23/2025 11:32:57.529 AM] Action   || Name: finance_skip_dup... || Trigger: kind=income                          || Output: Addison Loera $8.00 on 2025-08-26
[10/23/2025 11:32:57.529 AM] Action   || Name: finance_skip_dup... || Trigger: kind=income                          || Output: Amber Thomas $5.00 on 2025-08-26
[10/23/2025 11:32:57.529 AM] Action   || Name: finance_skip_dup... || Trigger: kind=income                          || Output: Kathleen Cantu $1.00 on 2025-08-26
[10/23/2025 11:32:57.529 AM] Action   || Name: finance_skip_dup... || Trigger: kind=income                          || Output: Amber Thomas $3.00 on 2025-08-26
[10/23/2025 11:32:57.529 AM] Action   || Name: finance_skip_dup... || Trigger: kind=income                          || Output: Rob Jimenez $3.00 on 2025-08-26
[10/23/2025 11:32:57.529 AM] Action   || Name: finance_skip_dup... || Trigger: kind=income                          || Output: Daniel Brantley $3.00 on 2025-08-26
[10/23/2025 11:32:57.529 AM] Action   || Name: finance_skip_dup... || Trigger: kind=income                          || Output: Kristyn Jackson $9.00 on 2025-10-22
[10/23/2025 11:32:57.529 AM] Action   || Name: finance_skip_dup... || Trigger: kind=income                          || Output: Victoria Elkins $5.00 on 2025-10-22
[10/23/2025 11:32:57.545 AM] Action   || Name: finance_skip_dup... || Trigger: kind=income                          || Output: Alexander  Martinez $3.00 on 2025-10-22
[10/23/2025 11:32:57.545 AM] Action   || Name: finance_skip_dup... || Trigger: kind=income                          || Output: Emily Lanham $6.00 on 2025-10-22
[10/23/2025 11:32:57.545 AM] Action   || Name: finance_skip_dup... || Trigger: kind=income                          || Output: Mariah Hall $3.00 on 2025-10-22
[10/23/2025 11:32:57.545 AM] Action   || Name: finance_skip_dup... || Trigger: kind=income                          || Output: Kylie Crook $5.00 on 2025-09-16
[10/23/2025 11:32:57.545 AM] Action   || Name: finance_skip_dup... || Trigger: kind=income                          || Output: Jenny Nguyen $9.70 on 2025-09-03
[10/23/2025 11:32:58.611 AM] Action   || Name: finance_skip_dup... || Trigger: kind=expense                         || Output: Py Store Here Pantego $54.00 on 2025-04-20
[10/23/2025 11:32:58.611 AM] Action   || Name: finance_skip_dup... || Trigger: kind=expense                         || Output: j s $11.68 on 2025-04-22
[10/23/2025 11:32:58.611 AM] Action   || Name: finance_skip_dup... || Trigger: kind=expense                         || Output: Wix $25.98 on 2025-04-26
[10/23/2025 11:32:58.611 AM] Action   || Name: finance_skip_dup... || Trigger: kind=expense                         || Output: Wix $25.98 on 2025-08-26
[10/23/2025 11:32:58.611 AM] Action   || Name: finance_skip_dup... || Trigger: kind=expense                         || Output: Derek Fuentes $25.98 on 2025-08-26
[10/23/2025 11:32:58.611 AM] Action   || Name: finance_skip_dup... || Trigger: kind=expense                         || Output: Py Store Here Pantego $54.00 on 2025-08-20
[10/23/2025 11:32:58.611 AM] Action   || Name: finance_skip_dup... || Trigger: kind=expense                         || Output: Megan Digiovanni $47.62 on 2025-08-26
[10/23/2025 11:32:58.611 AM] Action   || Name: finance_skip_dup... || Trigger: kind=expense                         || Output: NNT PETSMART # $32.46 on 2025-08-06
[10/23/2025 11:32:58.611 AM] Action   || Name: finance_skip_dup... || Trigger: kind=expense                         || Output: Megan Digiovanni $74.92 on 2025-07-30
[10/23/2025 11:32:58.611 AM] Action   || Name: finance_skip_dup... || Trigger: kind=expense                         || Output: TOMAHAWK LIVE TRAP $581.62 on 2025-05-11
[10/23/2025 11:32:58.611 AM] Action   || Name: finance_skip_dup... || Trigger: kind=expense                         || Output: Py Store Here Pantego $54.00 on 2025-05-20
[10/23/2025 11:32:58.611 AM] Action   || Name: finance_skip_dup... || Trigger: kind=expense                         || Output: Derek Fuentes $72.45 on 2025-05-23
[10/23/2025 11:32:58.627 AM] Action   || Name: finance_skip_dup... || Trigger: kind=expense                         || Output: Wix $25.98 on 2025-05-26
[10/23/2025 11:32:58.627 AM] Action   || Name: finance_skip_dup... || Trigger: kind=expense                         || Output: Megan Digiovanni $89.91 on 2025-10-05
[10/23/2025 11:32:58.627 AM] Action   || Name: finance_skip_dup... || Trigger: kind=expense                         || Output: DOMINO'S $60.57 on 2025-09-09
[10/23/2025 11:32:58.627 AM] Action   || Name: finance_skip_dup... || Trigger: kind=expense                         || Output: Derek Fuentes $20.00 on 2025-09-10
[10/23/2025 11:33:14.081 AM] Message  || User: adeyumii            || Channel: #pictures-of-the-cats                || Content: quick drive by
[10/23/2025 11:33:14.900 AM] Action   || Name: image_intake        || Trigger: channel=551084964318543904           || Output: rows=2
[10/23/2025 11:36:18.421 AM] Message  || User: abstractly_         || Channel: #feeding-team                        || Content: ty!!!
[10/23/2025 11:37:17.703 AM] Message  || User: m_digio             || Channel: #purrley-pawsitive-pussy-pals        || Content: Celx2!!!!
[10/23/2025 11:37:25.052 AM] React+   || User: slayc127            || Channel: #purrley-pawsitive-pussy-pals        || emoji=😆; msg="Celx2!!!!" by m_digio
[10/23/2025 11:38:30.013 AM] Message  || User: kukieari            || Channel: #yapper-committee                    || Content: dont mean to be that person guys but im pretty sure someone is selli...
[10/23/2025 11:38:32.623 AM] Message  || User: kukieari            || Channel: #yapper-committee                    || Content: <:emoji_6:1423549254353551364>
[10/23/2025 11:39:03.097 AM] Message  || User: slayc127            || Channel: #yapper-committee                    || Content: probably 😔✊️
[10/23/2025 11:39:08.930 AM] Message  || User: slayc127            || Channel: #yapper-committee                    || Content: drop shippers pmo
[10/23/2025 11:39:12.133 AM] Message  || User: kukieari            || Channel: #yapper-committee                    || Content: literally
[10/23/2025 11:39:17.046 AM] Message  || User: kukieari            || Channel: #yapper-committee                    || Content: BUT I DID BUY SOME COOL STUFF
[10/23/2025 11:39:20.082 AM] React+   || User: izzyballz           || Channel: #yapper-committee                    || emoji=🫶; msg="i hope you are doing okay" by kukieari
[10/23/2025 11:39:20.299 AM] Message  || User: kukieari            || Channel: #yapper-committee                    || Content: FROM OTHER PEOPLE
[10/23/2025 11:39:37.344 AM] Message  || User: adeyumii            || Channel: #yapper-committee                    || Content: 3d printed dragons 💥
[10/23/2025 11:39:45.114 AM] Message  || User: slayc127            || Channel: #purrley-pawsitive-pussy-pals        || Content: andrew is killing me
[10/23/2025 11:39:50.179 AM] Message  || User: slayc127            || Channel: #purrley-pawsitive-pussy-pals        || Content: the way hes talking to this calico person
[10/23/2025 11:40:28.703 AM] Message  || User: kukieari            || Channel: #yapper-committee                    || Content: also featuring the kitty i bought yesterday from the bake sale
[10/23/2025 11:40:59.085 AM] Message  || User: kukieari            || Channel: #yapper-committee                    || Content: mrow indeed
[10/23/2025 11:42:50.052 AM] React+   || User: slayc127            || Channel: #yapper-committee                    || emoji=🔥; msg="also featuring the kitty i bought yester..." by kukieari
[10/23/2025 11:42:51.254 AM] Message  || User: slayc127            || Channel: #purrley-pawsitive-pussy-pals        || Content: will we ever escape the panopticon
[10/23/2025 11:45:34.223 AM] React+   || User: kitadan             || Channel: #yapper-committee                    || emoji=🔥; msg="also featuring the kitty i bought yester..." by kukieari
[10/23/2025 11:46:50.687 AM] Message  || User: simplyshadow171295  || Channel: #yapper-committee                    || Content: WHERE
[10/23/2025 11:48:27.116 AM] Message  || User: mochenoch           || Channel: #yapper-committee                    || Content: Lost my phone at Mav market only for them to intercom about a lost p...
[10/23/2025 11:48:32.631 AM] Message  || User: mochenoch           || Channel: #yapper-committee                    || Content: <:imblind:1405613850870415430>
[10/23/2025 11:48:34.857 AM] Message  || User: astro_db            || Channel: #itty-bitty-kitty-commitee           || Content: Who
[10/23/2025 11:48:37.529 AM] React+   || User: simplyshadow171295  || Channel: #yapper-committee                    || emoji=😭; msg="Lost my phone at Mav market only for the..." by mochenoch
[10/23/2025 11:48:58.581 AM] Message  || User: adeyumii            || Channel: #yapper-committee                    || Content: no like
[10/23/2025 11:49:06.526 AM] Message  || User: .bettercalljack     || Channel: #yapper-committee                    || Content: Someone PLEASE trade for 20 dollars cant take no more
[10/23/2025 11:49:12.631 AM] React+   || User: simplyshadow171295  || Channel: #yapper-committee                    || emoji=😭; msg="Someone PLEASE trade for 20 dollars cant..." by .bettercalljack
[10/23/2025 11:49:17.481 AM] Message  || User: adeyumii            || Channel: #yapper-committee                    || Content: the mass produced ones that people love to sell for tons of money ev...
[10/23/2025 11:49:25.337 AM] Message  || User: adeyumii            || Channel: #itty-bitty-kitty-commitee           || Content: me
[10/23/2025 11:49:30.392 AM] Message  || User: simplyshadow171295  || Channel: #yapper-committee                    || Content: oh lmao
[10/23/2025 11:49:31.707 AM] React+   || User: slayc127            || Channel: #yapper-committee                    || emoji=😭; msg="Lost my phone at Mav market only for the..." by mochenoch
[10/23/2025 11:49:36.471 AM] React+   || User: slayc127            || Channel: #yapper-committee                    || emoji=😭; msg="Someone PLEASE trade for 20 dollars cant..." by .bettercalljack
[10/23/2025 11:50:03.433 AM] Message  || User: adeyumii            || Channel: #yapper-committee                    || Content: i do not like those dragons
[10/23/2025 11:50:20.393 AM] Message  || User: mochenoch           || Channel: #yapper-committee                    || Content: I saw people selling stuff from aliexpress
[10/23/2025 11:50:27.180 AM] Message  || User: mochenoch           || Channel: #yapper-committee                    || Content: Almost got me <:weep:800595104711966801>
[10/23/2025 11:50:55.809 AM] Message  || User: .bettercalljack     || Channel: #yapper-committee                    || Content: (no text; attachments=1)
[10/23/2025 11:52:27.384 AM] Message  || User: spitonme            || Channel: #yapper-committee                    || Content: r u taking it next sem
[10/23/2025 11:52:43.616 AM] Message  || User: izzyballz           || Channel: #yapper-committee                    || Content: probably
[10/23/2025 11:52:53.149 AM] Message  || User: spitonme            || Channel: #yapper-committee                    || Content: we can take it tg
[10/23/2025 11:52:53.932 AM] Message  || User: izzyballz           || Channel: #yapper-committee                    || Content: that or i’m gonna try to lock in and retake aleks so i can take chem
[10/23/2025 11:52:56.931 AM] Message  || User: spitonme            || Channel: #yapper-committee                    || Content: and study tg
[10/23/2025 11:53:02.490 AM] Message  || User: izzyballz           || Channel: #yapper-committee                    || Content: 🥹
[10/23/2025 11:53:10.606 AM] Message  || User: mochenoch           || Channel: #yapper-committee                    || Content: It’s so hot
[10/23/2025 11:53:18.906 AM] Message  || User: izzyballz           || Channel: #yapper-committee                    || Content: 73 degrees outside
[10/23/2025 11:53:35.058 AM] Message  || User: mochenoch           || Channel: #yapper-committee                    || Content: Used to be around 60
[10/23/2025 11:53:50.060 AM] Message  || User: mochenoch           || Channel: #yapper-committee                    || Content: I want to keep it at 60 :(
[10/23/2025 11:54:56.386 AM] Message  || User: izzyballz           || Channel: #yapper-committee                    || Content: agree
[10/23/2025 11:54:59.679 AM] Message  || User: izzyballz           || Channel: #yapper-committee                    || Content: i wore a sweater today
[10/23/2025 12:00:02.999 PM] React+   || User: nostalgicsapphic    || Channel: #purrley-pawsitive-pussy-pals        || emoji=😆; msg="will we ever escape the panopticon" by slayc127
[10/23/2025 12:00:18.707 PM] Message  || User: nostalgicsapphic    || Channel: #purrley-pawsitive-pussy-pals        || Content: i think the point if it is that it’s inescapable so. no!
[10/23/2025 12:00:35.802 PM] Message  || User: nostalgicsapphic    || Channel: #purrley-pawsitive-pussy-pals        || Content: also i think orange juice would heal me rn. (free me from the petco)
[10/23/2025 12:01:11.358 PM] Message  || User: slayc127            || Channel: #purrley-pawsitive-pussy-pals        || Content: U R AT WORK?
[10/23/2025 12:01:14.984 PM] Message  || User: slayc127            || Channel: #purrley-pawsitive-pussy-pals        || Content: smdh
[10/23/2025 12:01:19.532 PM] Message  || User: slayc127            || Channel: #purrley-pawsitive-pussy-pals        || Content: me when mck is correct
[10/23/2025 12:04:52.101 PM] Action   || Name: gmail_log_scheduler || Trigger: found=1                              || Output: logged=0
[10/23/2025 12:04:52.133 PM] Action   || Name: finance_skip_dup... || Trigger: buffer                               || Output: Sophia Herrera $6.00 on 2025-08-26
[10/23/2025 12:04:52.133 PM] Action   || Name: finance_skip_dup... || Trigger: buffer                               || Output: Jordin Baylee $5.00 on 2025-08-26
[10/23/2025 12:04:52.143 PM] Action   || Name: finance_skip_dup... || Trigger: buffer                               || Output: Axel Torres $24.25 on 2025-08-22
[10/23/2025 12:04:52.143 PM] Action   || Name: finance_skip_dup... || Trigger: buffer                               || Output: Megan Digiovanni $47.62 on 2025-08-26
[10/23/2025 12:04:52.143 PM] Action   || Name: finance_skip_dup... || Trigger: buffer                               || Output: M. Padron $20.00 on 2025-08-26
[10/23/2025 12:04:52.143 PM] Action   || Name: finance_skip_dup... || Trigger: buffer                               || Output: Sophia Herrera $6.00 on 2025-08-26
[10/23/2025 12:04:52.143 PM] Action   || Name: finance_skip_dup... || Trigger: buffer                               || Output: Addison Loera $8.00 on 2025-08-26
[10/23/2025 12:04:52.149 PM] Action   || Name: finance_skip_dup... || Trigger: buffer                               || Output: Amber Thomas $5.00 on 2025-08-26
[10/23/2025 12:04:52.149 PM] Action   || Name: finance_skip_dup... || Trigger: buffer                               || Output: Jordin Baylee $5.00 on 2025-08-26
[10/23/2025 12:04:52.149 PM] Action   || Name: finance_skip_dup... || Trigger: buffer                               || Output: Kathleen Cantu $1.00 on 2025-08-26
[10/23/2025 12:04:52.149 PM] Action   || Name: finance_skip_dup... || Trigger: buffer                               || Output: Amber Thomas $3.00 on 2025-08-26
[10/23/2025 12:04:52.149 PM] Action   || Name: finance_skip_dup... || Trigger: buffer                               || Output: Rob Jimenez $3.00 on 2025-08-26
[10/23/2025 12:04:52.149 PM] Action   || Name: finance_skip_dup... || Trigger: buffer                               || Output: Daniel Brantley $3.00 on 2025-08-26
[10/23/2025 12:04:52.149 PM] Action   || Name: finance_skip_dup... || Trigger: buffer                               || Output: Isabella Klein $9.70 on 2025-08-26
[10/23/2025 12:04:52.149 PM] Action   || Name: finance_skip_dup... || Trigger: buffer                               || Output: Wix $25.98 on 2025-08-26
[10/23/2025 12:04:52.149 PM] Action   || Name: finance_skip_dup... || Trigger: buffer                               || Output: Nelda Hernandez $2.00 on 2025-08-26
[10/23/2025 12:04:52.149 PM] Action   || Name: finance_skip_dup... || Trigger: buffer                               || Output: Troy Broome $1.00 on 2025-08-26
[10/23/2025 12:04:52.149 PM] Action   || Name: finance_skip_dup... || Trigger: buffer                               || Output: Div Bits $2.00 on 2025-08-26
[10/23/2025 12:04:52.149 PM] Action   || Name: finance_skip_dup... || Trigger: buffer                               || Output: Jacob Sandoval $1.00 on 2025-08-26
[10/23/2025 12:04:52.149 PM] Action   || Name: finance_skip_dup... || Trigger: buffer                               || Output: Aubrey Cunningham $10.00 on 2025-08-26
[10/23/2025 12:04:52.149 PM] Action   || Name: finance_skip_dup... || Trigger: buffer                               || Output: Maxwell Preston $5.00 on 2025-08-26
[10/23/2025 12:04:52.149 PM] Action   || Name: finance_skip_dup... || Trigger: buffer                               || Output: Sophia Herrera $6.00 on 2025-08-26
[10/23/2025 12:04:52.149 PM] Action   || Name: finance_skip_dup... || Trigger: buffer                               || Output: Derek Fuentes $25.98 on 2025-08-26
[10/23/2025 12:04:52.149 PM] Action   || Name: finance_skip_dup... || Trigger: buffer                               || Output: Miguel V $5.00 on 2025-08-26
[10/23/2025 12:04:52.165 PM] Action   || Name: finance_skip_dup... || Trigger: buffer                               || Output: Nelda Hernandez $3.00 on 2025-08-26
[10/23/2025 12:04:52.165 PM] Action   || Name: finance_skip_dup... || Trigger: buffer                               || Output: Megan Digiovanni $130.00 on 2025-08-26
[10/23/2025 12:04:52.165 PM] Action   || Name: finance_skip_dup... || Trigger: buffer                               || Output: Pedro Savala $5.00 on 2025-08-27
[10/23/2025 12:04:52.165 PM] Action   || Name: finance_skip_dup... || Trigger: buffer                               || Output: Jonathan Mcgeever $5.00 on 2025-08-27
[10/23/2025 12:04:52.165 PM] Action   || Name: finance_skip_dup... || Trigger: buffer                               || Output: NNT PETSMART # $32.46 on 2025-08-06
[10/23/2025 12:04:52.165 PM] Action   || Name: finance_skip_dup... || Trigger: buffer                               || Output: Py Store Here Pantego $54.00 on 2025-08-20
[10/23/2025 12:04:52.165 PM] Action   || Name: finance_skip_dup... || Trigger: buffer                               || Output: Megan Digiovanni $74.92 on 2025-07-30
[10/23/2025 12:04:52.165 PM] Action   || Name: finance_skip_dup... || Trigger: buffer                               || Output: TOMAHAWK LIVE TRAP $581.62 on 2025-05-12
[10/23/2025 12:04:52.165 PM] Action   || Name: finance_skip_dup... || Trigger: buffer                               || Output: TOMAHAWK LIVE TRAP $581.62 on 2025-05-12
[10/23/2025 12:04:52.165 PM] Action   || Name: finance_skip_dup... || Trigger: buffer                               || Output: Richa  Desai $6.00 on 2025-10-22
[10/23/2025 12:04:52.165 PM] Action   || Name: finance_skip_dup... || Trigger: buffer                               || Output: Sophia Herrera $5.00 on 2025-10-22
[10/23/2025 12:04:52.165 PM] Action   || Name: finance_skip_dup... || Trigger: buffer                               || Output: Muhammed  Abdalrahman $10.00 on 2025-10-22
[10/23/2025 12:04:54.966 PM] Action   || Name: finance_skip_dup... || Trigger: kind=income                          || Output: Cynthia griffith $10.00 on 2025-04-16
[10/23/2025 12:04:54.969 PM] Action   || Name: finance_skip_dup... || Trigger: kind=income                          || Output: Caleb Moran $4.00 on 2025-04-16
[10/23/2025 12:04:54.971 PM] Action   || Name: finance_skip_dup... || Trigger: kind=income                          || Output: Alberto $6.00 on 2025-04-16
[10/23/2025 12:04:54.971 PM] Action   || Name: finance_skip_dup... || Trigger: kind=income                          || Output: Jacob Sandoval $2.91 on 2025-04-16
[10/23/2025 12:04:54.973 PM] Action   || Name: finance_skip_dup... || Trigger: kind=income                          || Output: tay $5.00 on 2025-04-16
[10/23/2025 12:04:54.973 PM] Action   || Name: finance_skip_dup... || Trigger: kind=income                          || Output: Nelda Hernandez $2.00 on 2025-04-16
[10/23/2025 12:04:54.975 PM] Action   || Name: finance_skip_dup... || Trigger: kind=income                          || Output: Maria Olds $10.00 on 2025-04-16
[10/23/2025 12:04:54.976 PM] Action   || Name: finance_skip_dup... || Trigger: kind=income                          || Output: Mario Rodriguez $3.00 on 2025-04-16
[10/23/2025 12:04:54.976 PM] Action   || Name: finance_skip_dup... || Trigger: kind=income                          || Output: Elisha Taylor $5.00 on 2025-04-16
[10/23/2025 12:04:54.978 PM] Action   || Name: finance_skip_dup... || Trigger: kind=income                          || Output: Jacob Sandoval $3.00 on 2025-04-16
[10/23/2025 12:04:54.980 PM] Action   || Name: finance_skip_dup... || Trigger: kind=income                          || Output: Isabella Klein $9.70 on 2025-08-26
[10/23/2025 12:04:54.980 PM] Action   || Name: finance_skip_dup... || Trigger: kind=income                          || Output: Nelda Hernandez $2.00 on 2025-08-26
[10/23/2025 12:04:54.980 PM] Action   || Name: finance_skip_dup... || Trigger: kind=income                          || Output: Troy Broome $1.00 on 2025-08-26
[10/23/2025 12:04:54.980 PM] Action   || Name: finance_skip_dup... || Trigger: kind=income                          || Output: Div Bits $2.00 on 2025-08-26
[10/23/2025 12:04:54.980 PM] Action   || Name: finance_skip_dup... || Trigger: kind=income                          || Output: Jacob Sandoval $1.00 on 2025-08-26
[10/23/2025 12:04:54.980 PM] Action   || Name: finance_skip_dup... || Trigger: kind=income                          || Output: Aubrey Cunningham $10.00 on 2025-08-26
[10/23/2025 12:04:54.980 PM] Action   || Name: finance_skip_dup... || Trigger: kind=income                          || Output: Maxwell Preston $5.00 on 2025-08-26
[10/23/2025 12:04:54.980 PM] Action   || Name: finance_skip_dup... || Trigger: kind=income                          || Output: Sophia Herrera $6.00 on 2025-08-26
[10/23/2025 12:04:54.980 PM] Action   || Name: finance_skip_dup... || Trigger: kind=income                          || Output: Miguel V $5.00 on 2025-08-26
[10/23/2025 12:04:54.992 PM] Action   || Name: finance_skip_dup... || Trigger: kind=income                          || Output: Nelda Hernandez $3.00 on 2025-08-26
[10/23/2025 12:04:54.994 PM] Action   || Name: finance_skip_dup... || Trigger: kind=income                          || Output: Megan Digiovanni $130.00 on 2025-08-26
[10/23/2025 12:04:54.994 PM] Action   || Name: finance_skip_dup... || Trigger: kind=income                          || Output: Pedro Savala $5.00 on 2025-08-27
[10/23/2025 12:04:54.996 PM] Action   || Name: finance_skip_dup... || Trigger: kind=income                          || Output: Jonathan Mcgeever $5.00 on 2025-08-27
[10/23/2025 12:04:54.996 PM] Action   || Name: finance_skip_dup... || Trigger: kind=income                          || Output: Axel Torres $24.25 on 2025-08-22
[10/23/2025 12:04:54.996 PM] Action   || Name: finance_skip_dup... || Trigger: kind=income                          || Output: M. Padron $20.00 on 2025-08-26
[10/23/2025 12:04:54.996 PM] Action   || Name: finance_skip_dup... || Trigger: kind=income                          || Output: Addison Loera $8.00 on 2025-08-26
[10/23/2025 12:04:54.996 PM] Action   || Name: finance_skip_dup... || Trigger: kind=income                          || Output: Amber Thomas $5.00 on 2025-08-26
[10/23/2025 12:04:54.996 PM] Action   || Name: finance_skip_dup... || Trigger: kind=income                          || Output: Kathleen Cantu $1.00 on 2025-08-26
[10/23/2025 12:04:54.996 PM] Action   || Name: finance_skip_dup... || Trigger: kind=income                          || Output: Amber Thomas $3.00 on 2025-08-26
[10/23/2025 12:04:54.996 PM] Action   || Name: finance_skip_dup... || Trigger: kind=income                          || Output: Rob Jimenez $3.00 on 2025-08-26
[10/23/2025 12:04:55.007 PM] Action   || Name: finance_skip_dup... || Trigger: kind=income                          || Output: Daniel Brantley $3.00 on 2025-08-26
[10/23/2025 12:04:55.007 PM] Action   || Name: finance_skip_dup... || Trigger: kind=income                          || Output: Kristyn Jackson $9.00 on 2025-10-22
[10/23/2025 12:04:55.007 PM] Action   || Name: finance_skip_dup... || Trigger: kind=income                          || Output: Victoria Elkins $5.00 on 2025-10-22
[10/23/2025 12:04:55.007 PM] Action   || Name: finance_skip_dup... || Trigger: kind=income                          || Output: Alexander  Martinez $3.00 on 2025-10-22
[10/23/2025 12:04:55.007 PM] Action   || Name: finance_skip_dup... || Trigger: kind=income                          || Output: Emily Lanham $6.00 on 2025-10-22
[10/23/2025 12:04:55.007 PM] Action   || Name: finance_skip_dup... || Trigger: kind=income                          || Output: Mariah Hall $3.00 on 2025-10-22
[10/23/2025 12:04:55.007 PM] Action   || Name: finance_skip_dup... || Trigger: kind=income                          || Output: Kylie Crook $5.00 on 2025-09-16
[10/23/2025 12:04:55.007 PM] Action   || Name: finance_skip_dup... || Trigger: kind=income                          || Output: Jenny Nguyen $9.70 on 2025-09-03
[10/23/2025 12:04:56.056 PM] Action   || Name: finance_skip_dup... || Trigger: kind=expense                         || Output: Py Store Here Pantego $54.00 on 2025-04-20
[10/23/2025 12:04:56.072 PM] Action   || Name: finance_skip_dup... || Trigger: kind=expense                         || Output: j s $11.68 on 2025-04-22
[10/23/2025 12:04:56.072 PM] Action   || Name: finance_skip_dup... || Trigger: kind=expense                         || Output: Wix $25.98 on 2025-04-26
[10/23/2025 12:04:56.072 PM] Action   || Name: finance_skip_dup... || Trigger: kind=expense                         || Output: Wix $25.98 on 2025-08-26
[10/23/2025 12:04:56.072 PM] Action   || Name: finance_skip_dup... || Trigger: kind=expense                         || Output: Derek Fuentes $25.98 on 2025-08-26
[10/23/2025 12:04:56.072 PM] Action   || Name: finance_skip_dup... || Trigger: kind=expense                         || Output: Py Store Here Pantego $54.00 on 2025-08-20
[10/23/2025 12:04:56.072 PM] Action   || Name: finance_skip_dup... || Trigger: kind=expense                         || Output: Megan Digiovanni $47.62 on 2025-08-26
[10/23/2025 12:04:56.072 PM] Action   || Name: finance_skip_dup... || Trigger: kind=expense                         || Output: NNT PETSMART # $32.46 on 2025-08-06
[10/23/2025 12:04:56.072 PM] Action   || Name: finance_skip_dup... || Trigger: kind=expense                         || Output: Megan Digiovanni $74.92 on 2025-07-30
[10/23/2025 12:04:56.072 PM] Action   || Name: finance_skip_dup... || Trigger: kind=expense                         || Output: TOMAHAWK LIVE TRAP $581.62 on 2025-05-11
[10/23/2025 12:04:56.072 PM] Action   || Name: finance_skip_dup... || Trigger: kind=expense                         || Output: Py Store Here Pantego $54.00 on 2025-05-20
[10/23/2025 12:04:56.072 PM] Action   || Name: finance_skip_dup... || Trigger: kind=expense                         || Output: Derek Fuentes $72.45 on 2025-05-23
[10/23/2025 12:04:56.072 PM] Action   || Name: finance_skip_dup... || Trigger: kind=expense                         || Output: Wix $25.98 on 2025-05-26
[10/23/2025 12:04:56.072 PM] Action   || Name: finance_skip_dup... || Trigger: kind=expense                         || Output: Megan Digiovanni $89.91 on 2025-10-05
[10/23/2025 12:04:56.072 PM] Action   || Name: finance_skip_dup... || Trigger: kind=expense                         || Output: DOMINO'S $60.57 on 2025-09-09
[10/23/2025 12:04:56.072 PM] Action   || Name: finance_skip_dup... || Trigger: kind=expense                         || Output: Derek Fuentes $20.00 on 2025-09-10
[10/23/2025 12:05:07.282 PM] Message  || User: nostalgicsapphic    || Channel: #purrley-pawsitive-pussy-pals        || Content: yes😀
[10/23/2025 12:05:09.832 PM] Action   || Name: gmail_log_scheduler || Trigger: found=1                              || Output: logged=0
[10/23/2025 12:05:09.879 PM] Action   || Name: finance_skip_dup... || Trigger: buffer                               || Output: Sophia Herrera $6.00 on 2025-08-26
[10/23/2025 12:05:09.879 PM] Action   || Name: finance_skip_dup... || Trigger: buffer                               || Output: Jordin Baylee $5.00 on 2025-08-26
[10/23/2025 12:05:09.879 PM] Action   || Name: finance_skip_dup... || Trigger: buffer                               || Output: Axel Torres $24.25 on 2025-08-22
[10/23/2025 12:05:09.879 PM] Action   || Name: finance_skip_dup... || Trigger: buffer                               || Output: Megan Digiovanni $47.62 on 2025-08-26
[10/23/2025 12:05:09.879 PM] Action   || Name: finance_skip_dup... || Trigger: buffer                               || Output: M. Padron $20.00 on 2025-08-26
[10/23/2025 12:05:09.879 PM] Action   || Name: finance_skip_dup... || Trigger: buffer                               || Output: Sophia Herrera $6.00 on 2025-08-26
[10/23/2025 12:05:09.879 PM] Action   || Name: finance_skip_dup... || Trigger: buffer                               || Output: Addison Loera $8.00 on 2025-08-26
[10/23/2025 12:05:09.879 PM] Action   || Name: finance_skip_dup... || Trigger: buffer                               || Output: Amber Thomas $5.00 on 2025-08-26
[10/23/2025 12:05:09.879 PM] Action   || Name: finance_skip_dup... || Trigger: buffer                               || Output: Jordin Baylee $5.00 on 2025-08-26
[10/23/2025 12:05:09.879 PM] Action   || Name: finance_skip_dup... || Trigger: buffer                               || Output: Kathleen Cantu $1.00 on 2025-08-26
[10/23/2025 12:05:09.879 PM] Action   || Name: finance_skip_dup... || Trigger: buffer                               || Output: Amber Thomas $3.00 on 2025-08-26
[10/23/2025 12:05:09.879 PM] Action   || Name: finance_skip_dup... || Trigger: buffer                               || Output: Rob Jimenez $3.00 on 2025-08-26
[10/23/2025 12:05:09.879 PM] Action   || Name: finance_skip_dup... || Trigger: buffer                               || Output: Daniel Brantley $3.00 on 2025-08-26
[10/23/2025 12:05:09.879 PM] Action   || Name: finance_skip_dup... || Trigger: buffer                               || Output: Isabella Klein $9.70 on 2025-08-26
[10/23/2025 12:05:09.895 PM] Action   || Name: finance_skip_dup... || Trigger: buffer                               || Output: Wix $25.98 on 2025-08-26
[10/23/2025 12:05:09.895 PM] Action   || Name: finance_skip_dup... || Trigger: buffer                               || Output: Nelda Hernandez $2.00 on 2025-08-26
[10/23/2025 12:05:09.895 PM] Action   || Name: finance_skip_dup... || Trigger: buffer                               || Output: Troy Broome $1.00 on 2025-08-26
[10/23/2025 12:05:09.895 PM] Action   || Name: finance_skip_dup... || Trigger: buffer                               || Output: Div Bits $2.00 on 2025-08-26
[10/23/2025 12:05:09.895 PM] Action   || Name: finance_skip_dup... || Trigger: buffer                               || Output: Jacob Sandoval $1.00 on 2025-08-26
[10/23/2025 12:05:09.895 PM] Action   || Name: finance_skip_dup... || Trigger: buffer                               || Output: Aubrey Cunningham $10.00 on 2025-08-26
[10/23/2025 12:05:09.895 PM] Action   || Name: finance_skip_dup... || Trigger: buffer                               || Output: Maxwell Preston $5.00 on 2025-08-26
[10/23/2025 12:05:09.895 PM] Action   || Name: finance_skip_dup... || Trigger: buffer                               || Output: Sophia Herrera $6.00 on 2025-08-26
[10/23/2025 12:05:09.895 PM] Action   || Name: finance_skip_dup... || Trigger: buffer                               || Output: Derek Fuentes $25.98 on 2025-08-26
[10/23/2025 12:05:09.895 PM] Action   || Name: finance_skip_dup... || Trigger: buffer                               || Output: Miguel V $5.00 on 2025-08-26
[10/23/2025 12:05:09.895 PM] Action   || Name: finance_skip_dup... || Trigger: buffer                               || Output: Nelda Hernandez $3.00 on 2025-08-26
[10/23/2025 12:05:09.895 PM] Action   || Name: finance_skip_dup... || Trigger: buffer                               || Output: Megan Digiovanni $130.00 on 2025-08-26
[10/23/2025 12:05:09.895 PM] Action   || Name: finance_skip_dup... || Trigger: buffer                               || Output: Pedro Savala $5.00 on 2025-08-27
[10/23/2025 12:05:09.895 PM] Action   || Name: finance_skip_dup... || Trigger: buffer                               || Output: Jonathan Mcgeever $5.00 on 2025-08-27
[10/23/2025 12:05:09.895 PM] Action   || Name: finance_skip_dup... || Trigger: buffer                               || Output: NNT PETSMART # $32.46 on 2025-08-06
[10/23/2025 12:05:09.895 PM] Action   || Name: finance_skip_dup... || Trigger: buffer                               || Output: Py Store Here Pantego $54.00 on 2025-08-20
[10/23/2025 12:05:09.895 PM] Action   || Name: finance_skip_dup... || Trigger: buffer                               || Output: Megan Digiovanni $74.92 on 2025-07-30
[10/23/2025 12:05:09.911 PM] Action   || Name: finance_skip_dup... || Trigger: buffer                               || Output: TOMAHAWK LIVE TRAP $581.62 on 2025-05-12
[10/23/2025 12:05:09.911 PM] Action   || Name: finance_skip_dup... || Trigger: buffer                               || Output: TOMAHAWK LIVE TRAP $581.62 on 2025-05-12
[10/23/2025 12:05:09.911 PM] Action   || Name: finance_skip_dup... || Trigger: buffer                               || Output: Richa  Desai $6.00 on 2025-10-22
[10/23/2025 12:05:09.911 PM] Action   || Name: finance_skip_dup... || Trigger: buffer                               || Output: Sophia Herrera $5.00 on 2025-10-22
[10/23/2025 12:05:09.911 PM] Action   || Name: finance_skip_dup... || Trigger: buffer                               || Output: Muhammed  Abdalrahman $10.00 on 2025-10-22
[10/23/2025 12:05:11.138 PM] Action   || Name: finance_skip_dup... || Trigger: kind=income                          || Output: Cynthia griffith $10.00 on 2025-04-16
[10/23/2025 12:05:11.138 PM] Action   || Name: finance_skip_dup... || Trigger: kind=income                          || Output: Caleb Moran $4.00 on 2025-04-16
[10/23/2025 12:05:11.138 PM] Action   || Name: finance_skip_dup... || Trigger: kind=income                          || Output: Alberto $6.00 on 2025-04-16
[10/23/2025 12:05:11.138 PM] Action   || Name: finance_skip_dup... || Trigger: kind=income                          || Output: Jacob Sandoval $2.91 on 2025-04-16
[10/23/2025 12:05:11.138 PM] Action   || Name: finance_skip_dup... || Trigger: kind=income                          || Output: tay $5.00 on 2025-04-16
[10/23/2025 12:05:11.154 PM] Action   || Name: finance_skip_dup... || Trigger: kind=income                          || Output: Nelda Hernandez $2.00 on 2025-04-16
[10/23/2025 12:05:11.154 PM] Action   || Name: finance_skip_dup... || Trigger: kind=income                          || Output: Maria Olds $10.00 on 2025-04-16
[10/23/2025 12:05:11.154 PM] Action   || Name: finance_skip_dup... || Trigger: kind=income                          || Output: Mario Rodriguez $3.00 on 2025-04-16
[10/23/2025 12:05:11.154 PM] Action   || Name: finance_skip_dup... || Trigger: kind=income                          || Output: Elisha Taylor $5.00 on 2025-04-16
[10/23/2025 12:05:11.154 PM] Action   || Name: finance_skip_dup... || Trigger: kind=income                          || Output: Jacob Sandoval $3.00 on 2025-04-16
[10/23/2025 12:05:11.154 PM] Action   || Name: finance_skip_dup... || Trigger: kind=income                          || Output: Isabella Klein $9.70 on 2025-08-26
[10/23/2025 12:05:11.154 PM] Action   || Name: finance_skip_dup... || Trigger: kind=income                          || Output: Nelda Hernandez $2.00 on 2025-08-26
[10/23/2025 12:05:11.154 PM] Action   || Name: finance_skip_dup... || Trigger: kind=income                          || Output: Troy Broome $1.00 on 2025-08-26
[10/23/2025 12:05:11.154 PM] Action   || Name: finance_skip_dup... || Trigger: kind=income                          || Output: Div Bits $2.00 on 2025-08-26
[10/23/2025 12:05:11.154 PM] Action   || Name: finance_skip_dup... || Trigger: kind=income                          || Output: Jacob Sandoval $1.00 on 2025-08-26
[10/23/2025 12:05:11.154 PM] Action   || Name: finance_skip_dup... || Trigger: kind=income                          || Output: Aubrey Cunningham $10.00 on 2025-08-26
[10/23/2025 12:05:11.154 PM] Action   || Name: finance_skip_dup... || Trigger: kind=income                          || Output: Maxwell Preston $5.00 on 2025-08-26
[10/23/2025 12:05:11.154 PM] Action   || Name: finance_skip_dup... || Trigger: kind=income                          || Output: Sophia Herrera $6.00 on 2025-08-26
[10/23/2025 12:05:11.154 PM] Action   || Name: finance_skip_dup... || Trigger: kind=income                          || Output: Miguel V $5.00 on 2025-08-26
[10/23/2025 12:05:11.154 PM] Action   || Name: finance_skip_dup... || Trigger: kind=income                          || Output: Nelda Hernandez $3.00 on 2025-08-26
[10/23/2025 12:05:11.170 PM] Action   || Name: finance_skip_dup... || Trigger: kind=income                          || Output: Megan Digiovanni $130.00 on 2025-08-26
[10/23/2025 12:05:11.170 PM] Action   || Name: finance_skip_dup... || Trigger: kind=income                          || Output: Pedro Savala $5.00 on 2025-08-27
[10/23/2025 12:05:11.170 PM] Action   || Name: finance_skip_dup... || Trigger: kind=income                          || Output: Jonathan Mcgeever $5.00 on 2025-08-27
[10/23/2025 12:05:11.170 PM] Action   || Name: finance_skip_dup... || Trigger: kind=income                          || Output: Axel Torres $24.25 on 2025-08-22
[10/23/2025 12:05:11.170 PM] Action   || Name: finance_skip_dup... || Trigger: kind=income                          || Output: M. Padron $20.00 on 2025-08-26
[10/23/2025 12:05:11.170 PM] Action   || Name: finance_skip_dup... || Trigger: kind=income                          || Output: Addison Loera $8.00 on 2025-08-26
[10/23/2025 12:05:11.170 PM] Action   || Name: finance_skip_dup... || Trigger: kind=income                          || Output: Amber Thomas $5.00 on 2025-08-26
[10/23/2025 12:05:11.170 PM] Action   || Name: finance_skip_dup... || Trigger: kind=income                          || Output: Kathleen Cantu $1.00 on 2025-08-26
[10/23/2025 12:05:11.170 PM] Action   || Name: finance_skip_dup... || Trigger: kind=income                          || Output: Amber Thomas $3.00 on 2025-08-26
[10/23/2025 12:05:11.170 PM] Action   || Name: finance_skip_dup... || Trigger: kind=income                          || Output: Rob Jimenez $3.00 on 2025-08-26
[10/23/2025 12:05:11.170 PM] Action   || Name: finance_skip_dup... || Trigger: kind=income                          || Output: Daniel Brantley $3.00 on 2025-08-26
[10/23/2025 12:05:11.170 PM] Action   || Name: finance_skip_dup... || Trigger: kind=income                          || Output: Kristyn Jackson $9.00 on 2025-10-22
[10/23/2025 12:05:11.170 PM] Action   || Name: finance_skip_dup... || Trigger: kind=income                          || Output: Victoria Elkins $5.00 on 2025-10-22
[10/23/2025 12:05:11.170 PM] Action   || Name: finance_skip_dup... || Trigger: kind=income                          || Output: Alexander  Martinez $3.00 on 2025-10-22
[10/23/2025 12:05:11.170 PM] Action   || Name: finance_skip_dup... || Trigger: kind=income                          || Output: Emily Lanham $6.00 on 2025-10-22
[10/23/2025 12:05:11.170 PM] Action   || Name: finance_skip_dup... || Trigger: kind=income                          || Output: Mariah Hall $3.00 on 2025-10-22
[10/23/2025 12:05:11.185 PM] Action   || Name: finance_skip_dup... || Trigger: kind=income                          || Output: Kylie Crook $5.00 on 2025-09-16
[10/23/2025 12:05:11.185 PM] Action   || Name: finance_skip_dup... || Trigger: kind=income                          || Output: Jenny Nguyen $9.70 on 2025-09-03
[10/23/2025 12:05:12.088 PM] Action   || Name: finance_skip_dup... || Trigger: kind=expense                         || Output: Py Store Here Pantego $54.00 on 2025-04-20
[10/23/2025 12:05:12.088 PM] Action   || Name: finance_skip_dup... || Trigger: kind=expense                         || Output: j s $11.68 on 2025-04-22
[10/23/2025 12:05:12.088 PM] Action   || Name: finance_skip_dup... || Trigger: kind=expense                         || Output: Wix $25.98 on 2025-04-26
[10/23/2025 12:05:12.088 PM] Action   || Name: finance_skip_dup... || Trigger: kind=expense                         || Output: Wix $25.98 on 2025-08-26
[10/23/2025 12:05:12.088 PM] Action   || Name: finance_skip_dup... || Trigger: kind=expense                         || Output: Derek Fuentes $25.98 on 2025-08-26
[10/23/2025 12:05:12.088 PM] Action   || Name: finance_skip_dup... || Trigger: kind=expense                         || Output: Py Store Here Pantego $54.00 on 2025-08-20
[10/23/2025 12:05:12.088 PM] Action   || Name: finance_skip_dup... || Trigger: kind=expense                         || Output: Megan Digiovanni $47.62 on 2025-08-26
[10/23/2025 12:05:12.088 PM] Action   || Name: finance_skip_dup... || Trigger: kind=expense                         || Output: NNT PETSMART # $32.46 on 2025-08-06
[10/23/2025 12:05:12.088 PM] Action   || Name: finance_skip_dup... || Trigger: kind=expense                         || Output: Megan Digiovanni $74.92 on 2025-07-30
[10/23/2025 12:05:12.088 PM] Action   || Name: finance_skip_dup... || Trigger: kind=expense                         || Output: TOMAHAWK LIVE TRAP $581.62 on 2025-05-11
[10/23/2025 12:05:12.088 PM] Action   || Name: finance_skip_dup... || Trigger: kind=expense                         || Output: Py Store Here Pantego $54.00 on 2025-05-20
[10/23/2025 12:05:12.102 PM] Action   || Name: finance_skip_dup... || Trigger: kind=expense                         || Output: Derek Fuentes $72.45 on 2025-05-23
[10/23/2025 12:05:12.102 PM] Action   || Name: finance_skip_dup... || Trigger: kind=expense                         || Output: Wix $25.98 on 2025-05-26
[10/23/2025 12:05:12.102 PM] Action   || Name: finance_skip_dup... || Trigger: kind=expense                         || Output: Megan Digiovanni $89.91 on 2025-10-05
[10/23/2025 12:05:12.102 PM] Action   || Name: finance_skip_dup... || Trigger: kind=expense                         || Output: DOMINO'S $60.57 on 2025-09-09
[10/23/2025 12:05:12.102 PM] Action   || Name: finance_skip_dup... || Trigger: kind=expense                         || Output: Derek Fuentes $20.00 on 2025-09-10
[10/23/2025 12:05:13.609 PM] React+   || User: .bettercalljack     || Channel: #pet-pictures                        || emoji=❤️; msg=1430953421464141835
[10/23/2025 12:05:28.034 PM] React+   || User: .bettercalljack     || Channel: #external-promotions                 || emoji=‼️; msg="Mavmarket today guyss" by m_digio
[10/23/2025 12:06:51.385 PM] React+   || User: pancakemixteamdj    || Channel: #pictures-of-the-cats                || emoji=😭; msg="you are Not entering the army brochacho" by baseketballin
[10/23/2025 12:07:05.819 PM] React+   || User: _costco_wholesale_  || Channel: #itty-bitty-kitty-commitee           || emoji=😭; msg="Toothless getting some “Wetter Food” aft..." by austinbaustinb
[10/23/2025 12:07:17.932 PM] React+   || User: _costco_wholesale_  || Channel: #itty-bitty-kitty-commitee           || emoji=🤣; msg="Picl is not an "unnaficial campus cat" s..." by reyesthighs
[10/23/2025 12:07:52.511 PM] React+   || User: _costco_wholesale_  || Channel: #yapper-committee                    || emoji=😭; msg="i bought a 5th talk talking witch and my..." by kcreepertux04
[10/23/2025 12:07:53.767 PM] Message  || User: pancakemixteamdj    || Channel: #yapper-committee                    || Content: I would kindly trade
[10/23/2025 12:08:13.163 PM] Message  || User: slayc127            || Channel: #purrley-pawsitive-pussy-pals        || Content: what time do u get off...
[10/23/2025 12:08:14.929 PM] Message  || User: pancakemixteamdj    || Channel: #yapper-committee                    || Content: I use cash when I buy elotes
[10/23/2025 12:08:33.254 PM] Message  || User: .bettercalljack     || Channel: #yapper-committee                    || Content: Would you be available around 1:30 i have my univ next
[10/23/2025 12:08:35.787 PM] React+   || User: _costco_wholesale_  || Channel: #yapper-committee                    || emoji=😭; msg="Lost my phone at Mav market only for the..." by mochenoch
[10/23/2025 12:08:57.586 PM] Message  || User: adeyumii            || Channel: #yapper-committee                    || Content: omg
[10/23/2025 12:08:59.514 PM] Message  || User: pancakemixteamdj    || Channel: #yapper-committee                    || Content: I’ll be free tmr not on campus today
[10/23/2025 12:09:32.076 PM] Message  || User: .bettercalljack     || Channel: #yapper-committee                    || Content: Aight
[10/23/2025 12:09:55.473 PM] Message  || User: _costco_wholesale_  || Channel: #feeding-team                        || Content: @feeding team can someone cover snickers greens and coba on saturday...
[10/23/2025 12:09:55.481 PM] Intent   || sub_request               ||                                               || station=Business; dates=['2025-10-18', '2025-10-25']
[10/23/2025 12:09:55.513 PM] Action   || Name: sub_request         || Trigger: station=Business; dates=2025-10-1... || Output: status=logged; trigger=; text=<@&643587274797481988> can someone cove...
[10/23/2025 12:09:55.551 PM] Action   || Name: sub_request         || Trigger: station=Greens; dates=2025-10-18,... || Output: status=logged; trigger=; text=<@&643587274797481988> can someone cove...
[10/23/2025 12:09:55.580 PM] Action   || Name: sub_request         || Trigger: station=Snickers; dates=2025-10-1... || Output: status=logged; trigger=; text=<@&643587274797481988> can someone cove...
[10/23/2025 12:10:02.215 PM] React+   || User: _costco_wholesale_  || Channel: #external-promotions                 || emoji=‼️; msg="they tagged the ccc 😭" by simplyshadow171295
[10/23/2025 12:10:07.531 PM] React+   || User: _costco_wholesale_  || Channel: #external-promotions                 || emoji=‼️; msg="Mavmarket today guyss" by m_digio
[10/23/2025 12:10:19.338 PM] Message  || User: vasyline            || Channel: #feeding-team                        || Content: I can cover snickers
[10/23/2025 12:10:19.338 PM] Intent   || sub_request               ||                                               || station=Snickers
[10/23/2025 12:10:19.370 PM] Action   || Name: sub_request_denied  || Trigger: station=Snickers; dates=2025-10-23   || Output: user=788886705276846140; allowed=63085459886055424; text=I can cover ...
[10/23/2025 12:10:28.602 PM] Message  || User: layotu              || Channel: #feeding-team                        || Content: i can do do a
[10/23/2025 12:10:32.264 PM] Message  || User: layotu              || Channel: #feeding-team                        || Content: *coba
[10/23/2025 12:10:32.264 PM] Action   || Name: feed_pending_set    || Trigger: ch=643586809166561310; user=69972... || Output: stations=Business; text=*coba
[10/23/2025 12:10:44.607 PM] Edit     || User: layotu              || Channel: #feeding-team                        || i can do do a -> i can do coba
[10/23/2025 12:10:48.824 PM] Delete   || User: layotu              || Channel: #feeding-team                        || Content: *coba
[10/23/2025 12:10:59.530 PM] React+   || User: _costco_wholesale_  || Channel: #feeding-team                        || emoji=❤️; msg="I can cover snickers" by vasyline
[10/23/2025 12:11:01.174 PM] React+   || User: _costco_wholesale_  || Channel: #feeding-team                        || emoji=❤️; msg="i can do coba" by layotu
[10/23/2025 12:11:09.753 PM] Message  || User: _costco_wholesale_  || Channel: #feeding-team                        || Content: thanks guys!
[10/23/2025 12:12:38.030 PM] Message  || User: _costco_wholesale_  || Channel: #yapper-committee                    || Content: i can trade for a 20 today if you really need it 😭
[10/23/2025 12:12:43.272 PM] Message  || User: nostalgicsapphic    || Channel: #purrley-pawsitive-pussy-pals        || Content: 6pm….
[10/23/2025 12:14:30.010 PM] Message  || User: .bettercalljack     || Channel: #yapper-committee                    || Content: I dont need it rn i just dont like how unorganized it feels 😭
[10/23/2025 12:15:04.094 PM] React+   || User: _costco_wholesale_  || Channel: #yapper-committee                    || emoji=🫡; msg="I dont need it rn i just dont like how u..." by .bettercalljack
[10/23/2025 12:15:18.256 PM] Message  || User: nostalgicsapphic    || Channel: #purrley-pawsitive-pussy-pals        || Content: my mother JUST responded to my text i sent SEVEN DAYS AGO
[10/23/2025 12:15:54.620 PM] Message  || User: slayc127            || Channel: #purrley-pawsitive-pussy-pals        || Content: me
[10/23/2025 12:16:00.763 PM] Message  || User: slayc127            || Channel: #purrley-pawsitive-pussy-pals        || Content: Booooooooooooooooooooooo
[10/23/2025 12:16:50.818 PM] Message  || User: kukieari            || Channel: #yapper-committee                    || Content: (no text; attachments=1)
[10/23/2025 12:16:53.828 PM] Message  || User: kukieari            || Channel: #yapper-committee                    || Content: cat
[10/23/2025 12:16:53.828 PM] Message  || User: layotu              || Channel: #events                              || Content: spooki scary skeletons
[10/23/2025 12:17:05.006 PM] Message  || User: .bettercalljack     || Channel: #yapper-committee                    || Content: Cat
[10/23/2025 12:17:39.496 PM] Message  || User: _costco_wholesale_  || Channel: #yapper-committee                    || Content: cat
[10/23/2025 12:18:24.197 PM] Message  || User: le_nuit_sans_fin    || Channel: #feeding-team                        || Content: What are we doing about feeding today???
[10/23/2025 12:21:23.363 PM] Message  || User: slayc127            || Channel: #feeding-team                        || Content: miranda will cover for people while we wait on food
[10/23/2025 12:21:23.369 PM] Action   || Name: intent_router_error || Trigger: type=AttributeError                  || Output: 'IntentRouter' object has no attribute '_stations_from_schedule'
[10/23/2025 12:21:43.170 PM] Message  || User: slayc127            || Channel: #feeding-team                        || Content: isnt a big deal just shoot her a ping with what station is needing c...
[10/23/2025 12:21:43.170 PM] Action   || Name: feed_pending_set    || Trigger: ch=643586809166561310; user=35686... || Output: stations=HOP,Mary Kay and Zen; text=isnt a big deal just shoot her a ...
[10/23/2025 12:22:11.199 PM] Message  || User: le_nuit_sans_fin    || Channel: #feeding-team                        || Content: I’m hop lol
[10/23/2025 12:22:11.202 PM] Action   || Name: feed_pending_set    || Trigger: ch=643586809166561310; user=69072... || Output: stations=HOP; text=I’m hop lol
[10/23/2025 12:22:23.670 PM] Message  || User: le_nuit_sans_fin    || Channel: #feeding-team                        || Content: I can go later it’s fine I’ve got nothing going on
[10/23/2025 12:23:03.328 PM] Message  || User: slayc127            || Channel: #feeding-team                        || Content: okie! i think roach is grabbing food so we will update when its full
[10/23/2025 12:23:13.834 PM] Message  || User: le_nuit_sans_fin    || Channel: #feeding-team                        || Content: Thank ya thank ya
[10/23/2025 12:25:18.709 PM] Message  || User: .bettercalljack     || Channel: #feeding-team                        || Content: Im zen do i still need to feed em
[10/23/2025 12:25:18.716 PM] Action   || Name: feed_pending_set    || Trigger: ch=643586809166561310; user=10377... || Output: stations=Mary Kay and Zen; text=Im zen do i still need to feed em
[10/23/2025 12:25:44.380 PM] React+   || User: simplyshadow171295  || Channel: #feeding-team                        || emoji=👍; msg="Im zen do i still need to feed em" by .bettercalljack
[10/23/2025 12:28:00.883 PM] React+   || User: austinbaustinb      || Channel: #purrley-pawsitive-pussy-pals        || emoji=❤️; msg="Cel!!!!" by m_digio
[10/23/2025 12:28:07.727 PM] Message  || User: racerdg             || Channel: #yapper-committee                    || Content: anything cool at mavmarket
[10/23/2025 12:28:27.516 PM] Action   || Name: gmail_log_scheduler || Trigger: found=1                              || Output: logged=0
[10/23/2025 12:28:27.563 PM] Action   || Name: finance_skip_dup... || Trigger: buffer                               || Output: Sophia Herrera $6.00 on 2025-08-26
[10/23/2025 12:28:27.563 PM] Action   || Name: finance_skip_dup... || Trigger: buffer                               || Output: Jordin Baylee $5.00 on 2025-08-26
[10/23/2025 12:28:27.563 PM] Action   || Name: finance_skip_dup... || Trigger: buffer                               || Output: Axel Torres $24.25 on 2025-08-22
[10/23/2025 12:28:27.563 PM] Action   || Name: finance_skip_dup... || Trigger: buffer                               || Output: Megan Digiovanni $47.62 on 2025-08-26
[10/23/2025 12:28:27.563 PM] Action   || Name: finance_skip_dup... || Trigger: buffer                               || Output: M. Padron $20.00 on 2025-08-26
[10/23/2025 12:28:27.563 PM] Action   || Name: finance_skip_dup... || Trigger: buffer                               || Output: Sophia Herrera $6.00 on 2025-08-26
[10/23/2025 12:28:27.563 PM] Action   || Name: finance_skip_dup... || Trigger: buffer                               || Output: Addison Loera $8.00 on 2025-08-26
[10/23/2025 12:28:27.563 PM] Action   || Name: finance_skip_dup... || Trigger: buffer                               || Output: Amber Thomas $5.00 on 2025-08-26
[10/23/2025 12:28:27.563 PM] Action   || Name: finance_skip_dup... || Trigger: buffer                               || Output: Jordin Baylee $5.00 on 2025-08-26
[10/23/2025 12:28:27.563 PM] Action   || Name: finance_skip_dup... || Trigger: buffer                               || Output: Kathleen Cantu $1.00 on 2025-08-26
[10/23/2025 12:28:27.563 PM] Action   || Name: finance_skip_dup... || Trigger: buffer                               || Output: Amber Thomas $3.00 on 2025-08-26
[10/23/2025 12:28:27.579 PM] Action   || Name: finance_skip_dup... || Trigger: buffer                               || Output: Rob Jimenez $3.00 on 2025-08-26
[10/23/2025 12:28:27.579 PM] Action   || Name: finance_skip_dup... || Trigger: buffer                               || Output: Daniel Brantley $3.00 on 2025-08-26
[10/23/2025 12:28:27.579 PM] Action   || Name: finance_skip_dup... || Trigger: buffer                               || Output: Isabella Klein $9.70 on 2025-08-26
[10/23/2025 12:28:27.579 PM] Action   || Name: finance_skip_dup... || Trigger: buffer                               || Output: Wix $25.98 on 2025-08-26
[10/23/2025 12:28:27.579 PM] Action   || Name: finance_skip_dup... || Trigger: buffer                               || Output: Nelda Hernandez $2.00 on 2025-08-26
[10/23/2025 12:28:27.579 PM] Action   || Name: finance_skip_dup... || Trigger: buffer                               || Output: Troy Broome $1.00 on 2025-08-26
[10/23/2025 12:28:27.579 PM] Action   || Name: finance_skip_dup... || Trigger: buffer                               || Output: Div Bits $2.00 on 2025-08-26
[10/23/2025 12:28:27.579 PM] Action   || Name: finance_skip_dup... || Trigger: buffer                               || Output: Jacob Sandoval $1.00 on 2025-08-26
[10/23/2025 12:28:27.579 PM] Action   || Name: finance_skip_dup... || Trigger: buffer                               || Output: Aubrey Cunningham $10.00 on 2025-08-26
[10/23/2025 12:28:27.579 PM] Action   || Name: finance_skip_dup... || Trigger: buffer                               || Output: Maxwell Preston $5.00 on 2025-08-26
[10/23/2025 12:28:27.579 PM] Action   || Name: finance_skip_dup... || Trigger: buffer                               || Output: Sophia Herrera $6.00 on 2025-08-26
[10/23/2025 12:28:27.579 PM] Action   || Name: finance_skip_dup... || Trigger: buffer                               || Output: Derek Fuentes $25.98 on 2025-08-26
[10/23/2025 12:28:27.579 PM] Action   || Name: finance_skip_dup... || Trigger: buffer                               || Output: Miguel V $5.00 on 2025-08-26
[10/23/2025 12:28:27.579 PM] Action   || Name: finance_skip_dup... || Trigger: buffer                               || Output: Nelda Hernandez $3.00 on 2025-08-26
[10/23/2025 12:28:27.579 PM] Action   || Name: finance_skip_dup... || Trigger: buffer                               || Output: Megan Digiovanni $130.00 on 2025-08-26
[10/23/2025 12:28:27.579 PM] Action   || Name: finance_skip_dup... || Trigger: buffer                               || Output: Pedro Savala $5.00 on 2025-08-27
[10/23/2025 12:28:27.595 PM] Action   || Name: finance_skip_dup... || Trigger: buffer                               || Output: Jonathan Mcgeever $5.00 on 2025-08-27
[10/23/2025 12:28:27.595 PM] Action   || Name: finance_skip_dup... || Trigger: buffer                               || Output: NNT PETSMART # $32.46 on 2025-08-06
[10/23/2025 12:28:27.595 PM] Action   || Name: finance_skip_dup... || Trigger: buffer                               || Output: Py Store Here Pantego $54.00 on 2025-08-20
[10/23/2025 12:28:27.595 PM] Action   || Name: finance_skip_dup... || Trigger: buffer                               || Output: Megan Digiovanni $74.92 on 2025-07-30
[10/23/2025 12:28:27.595 PM] Action   || Name: finance_skip_dup... || Trigger: buffer                               || Output: TOMAHAWK LIVE TRAP $581.62 on 2025-05-12
[10/23/2025 12:28:27.595 PM] Action   || Name: finance_skip_dup... || Trigger: buffer                               || Output: TOMAHAWK LIVE TRAP $581.62 on 2025-05-12
[10/23/2025 12:28:27.595 PM] Action   || Name: finance_skip_dup... || Trigger: buffer                               || Output: Richa  Desai $6.00 on 2025-10-22
[10/23/2025 12:28:27.595 PM] Action   || Name: finance_skip_dup... || Trigger: buffer                               || Output: Sophia Herrera $5.00 on 2025-10-22
[10/23/2025 12:28:27.595 PM] Action   || Name: finance_skip_dup... || Trigger: buffer                               || Output: Muhammed  Abdalrahman $10.00 on 2025-10-22
[10/23/2025 12:28:30.389 PM] Action   || Name: finance_skip_dup... || Trigger: kind=income                          || Output: Cynthia griffith $10.00 on 2025-04-16
[10/23/2025 12:28:30.389 PM] Action   || Name: finance_skip_dup... || Trigger: kind=income                          || Output: Caleb Moran $4.00 on 2025-04-16
[10/23/2025 12:28:30.389 PM] Action   || Name: finance_skip_dup... || Trigger: kind=income                          || Output: Alberto $6.00 on 2025-04-16
[10/23/2025 12:28:30.389 PM] Action   || Name: finance_skip_dup... || Trigger: kind=income                          || Output: Jacob Sandoval $2.91 on 2025-04-16
[10/23/2025 12:28:30.389 PM] Action   || Name: finance_skip_dup... || Trigger: kind=income                          || Output: tay $5.00 on 2025-04-16
[10/23/2025 12:28:30.389 PM] Action   || Name: finance_skip_dup... || Trigger: kind=income                          || Output: Nelda Hernandez $2.00 on 2025-04-16
[10/23/2025 12:28:30.389 PM] Action   || Name: finance_skip_dup... || Trigger: kind=income                          || Output: Maria Olds $10.00 on 2025-04-16
[10/23/2025 12:28:30.389 PM] Action   || Name: finance_skip_dup... || Trigger: kind=income                          || Output: Mario Rodriguez $3.00 on 2025-04-16
[10/23/2025 12:28:30.405 PM] Action   || Name: finance_skip_dup... || Trigger: kind=income                          || Output: Elisha Taylor $5.00 on 2025-04-16
[10/23/2025 12:28:30.405 PM] Action   || Name: finance_skip_dup... || Trigger: kind=income                          || Output: Jacob Sandoval $3.00 on 2025-04-16
[10/23/2025 12:28:30.405 PM] Action   || Name: finance_skip_dup... || Trigger: kind=income                          || Output: Isabella Klein $9.70 on 2025-08-26
[10/23/2025 12:28:30.405 PM] Action   || Name: finance_skip_dup... || Trigger: kind=income                          || Output: Nelda Hernandez $2.00 on 2025-08-26
[10/23/2025 12:28:30.405 PM] Action   || Name: finance_skip_dup... || Trigger: kind=income                          || Output: Troy Broome $1.00 on 2025-08-26
[10/23/2025 12:28:30.405 PM] Action   || Name: finance_skip_dup... || Trigger: kind=income                          || Output: Div Bits $2.00 on 2025-08-26
[10/23/2025 12:28:30.405 PM] Action   || Name: finance_skip_dup... || Trigger: kind=income                          || Output: Jacob Sandoval $1.00 on 2025-08-26
[10/23/2025 12:28:30.405 PM] Action   || Name: finance_skip_dup... || Trigger: kind=income                          || Output: Aubrey Cunningham $10.00 on 2025-08-26
[10/23/2025 12:28:30.405 PM] Action   || Name: finance_skip_dup... || Trigger: kind=income                          || Output: Maxwell Preston $5.00 on 2025-08-26
[10/23/2025 12:28:30.405 PM] Action   || Name: finance_skip_dup... || Trigger: kind=income                          || Output: Sophia Herrera $6.00 on 2025-08-26
[10/23/2025 12:28:30.405 PM] Action   || Name: finance_skip_dup... || Trigger: kind=income                          || Output: Miguel V $5.00 on 2025-08-26
[10/23/2025 12:28:30.405 PM] Action   || Name: finance_skip_dup... || Trigger: kind=income                          || Output: Nelda Hernandez $3.00 on 2025-08-26
[10/23/2025 12:28:30.405 PM] Action   || Name: finance_skip_dup... || Trigger: kind=income                          || Output: Megan Digiovanni $130.00 on 2025-08-26
[10/23/2025 12:28:30.405 PM] Action   || Name: finance_skip_dup... || Trigger: kind=income                          || Output: Pedro Savala $5.00 on 2025-08-27
[10/23/2025 12:28:30.405 PM] Action   || Name: finance_skip_dup... || Trigger: kind=income                          || Output: Jonathan Mcgeever $5.00 on 2025-08-27
[10/23/2025 12:28:30.405 PM] Action   || Name: finance_skip_dup... || Trigger: kind=income                          || Output: Axel Torres $24.25 on 2025-08-22
[10/23/2025 12:28:30.421 PM] Action   || Name: finance_skip_dup... || Trigger: kind=income                          || Output: M. Padron $20.00 on 2025-08-26
[10/23/2025 12:28:30.421 PM] Action   || Name: finance_skip_dup... || Trigger: kind=income                          || Output: Addison Loera $8.00 on 2025-08-26
[10/23/2025 12:28:30.421 PM] Action   || Name: finance_skip_dup... || Trigger: kind=income                          || Output: Amber Thomas $5.00 on 2025-08-26
[10/23/2025 12:28:30.421 PM] Action   || Name: finance_skip_dup... || Trigger: kind=income                          || Output: Kathleen Cantu $1.00 on 2025-08-26
[10/23/2025 12:28:30.421 PM] Action   || Name: finance_skip_dup... || Trigger: kind=income                          || Output: Amber Thomas $3.00 on 2025-08-26
[10/23/2025 12:28:30.421 PM] Action   || Name: finance_skip_dup... || Trigger: kind=income                          || Output: Rob Jimenez $3.00 on 2025-08-26
[10/23/2025 12:28:30.421 PM] Action   || Name: finance_skip_dup... || Trigger: kind=income                          || Output: Daniel Brantley $3.00 on 2025-08-26
[10/23/2025 12:28:30.421 PM] Action   || Name: finance_skip_dup... || Trigger: kind=income                          || Output: Kristyn Jackson $9.00 on 2025-10-22
[10/23/2025 12:28:30.421 PM] Action   || Name: finance_skip_dup... || Trigger: kind=income                          || Output: Victoria Elkins $5.00 on 2025-10-22
[10/23/2025 12:28:30.421 PM] Action   || Name: finance_skip_dup... || Trigger: kind=income                          || Output: Alexander  Martinez $3.00 on 2025-10-22
[10/23/2025 12:28:30.421 PM] Action   || Name: finance_skip_dup... || Trigger: kind=income                          || Output: Emily Lanham $6.00 on 2025-10-22
[10/23/2025 12:28:30.421 PM] Action   || Name: finance_skip_dup... || Trigger: kind=income                          || Output: Mariah Hall $3.00 on 2025-10-22
[10/23/2025 12:28:30.421 PM] Action   || Name: finance_skip_dup... || Trigger: kind=income                          || Output: Kylie Crook $5.00 on 2025-09-16
[10/23/2025 12:28:30.421 PM] Action   || Name: finance_skip_dup... || Trigger: kind=income                          || Output: Jenny Nguyen $9.70 on 2025-09-03
[10/23/2025 12:28:32.076 PM] Action   || Name: finance_skip_dup... || Trigger: kind=expense                         || Output: Py Store Here Pantego $54.00 on 2025-04-20
[10/23/2025 12:28:32.076 PM] Action   || Name: finance_skip_dup... || Trigger: kind=expense                         || Output: j s $11.68 on 2025-04-22
[10/23/2025 12:28:32.076 PM] Action   || Name: finance_skip_dup... || Trigger: kind=expense                         || Output: Wix $25.98 on 2025-04-26
[10/23/2025 12:28:32.076 PM] Action   || Name: finance_skip_dup... || Trigger: kind=expense                         || Output: Wix $25.98 on 2025-08-26
[10/23/2025 12:28:32.076 PM] Action   || Name: finance_skip_dup... || Trigger: kind=expense                         || Output: Derek Fuentes $25.98 on 2025-08-26
[10/23/2025 12:28:32.076 PM] Action   || Name: finance_skip_dup... || Trigger: kind=expense                         || Output: Py Store Here Pantego $54.00 on 2025-08-20
[10/23/2025 12:28:32.076 PM] Action   || Name: finance_skip_dup... || Trigger: kind=expense                         || Output: Megan Digiovanni $47.62 on 2025-08-26
[10/23/2025 12:28:32.076 PM] Action   || Name: finance_skip_dup... || Trigger: kind=expense                         || Output: NNT PETSMART # $32.46 on 2025-08-06
[10/23/2025 12:28:32.076 PM] Action   || Name: finance_skip_dup... || Trigger: kind=expense                         || Output: Megan Digiovanni $74.92 on 2025-07-30
[10/23/2025 12:28:32.076 PM] Action   || Name: finance_skip_dup... || Trigger: kind=expense                         || Output: TOMAHAWK LIVE TRAP $581.62 on 2025-05-11
[10/23/2025 12:28:32.076 PM] Action   || Name: finance_skip_dup... || Trigger: kind=expense                         || Output: Py Store Here Pantego $54.00 on 2025-05-20
[10/23/2025 12:28:32.076 PM] Action   || Name: finance_skip_dup... || Trigger: kind=expense                         || Output: Derek Fuentes $72.45 on 2025-05-23
[10/23/2025 12:28:32.091 PM] Action   || Name: finance_skip_dup... || Trigger: kind=expense                         || Output: Wix $25.98 on 2025-05-26
[10/23/2025 12:28:32.091 PM] Action   || Name: finance_skip_dup... || Trigger: kind=expense                         || Output: Megan Digiovanni $89.91 on 2025-10-05
[10/23/2025 12:28:32.091 PM] Action   || Name: finance_skip_dup... || Trigger: kind=expense                         || Output: DOMINO'S $60.57 on 2025-09-09
[10/23/2025 12:28:32.091 PM] Action   || Name: finance_skip_dup... || Trigger: kind=expense                         || Output: Derek Fuentes $20.00 on 2025-09-10
[10/23/2025 12:28:34.560 PM] Message  || User: kukieari            || Channel: #yapper-committee                    || Content: yes
[10/23/2025 12:28:36.847 PM] Message  || User: kukieari            || Channel: #yapper-committee                    || Content: many cool things
[10/23/2025 12:28:38.872 PM] Message  || User: _costco_wholesale_  || Channel: #yapper-committee                    || Content: yes
[10/23/2025 12:28:39.988 PM] Message  || User: kukieari            || Channel: #yapper-committee                    || Content: crochet jewlery
[10/23/2025 12:28:41.307 PM] Message  || User: kukieari            || Channel: #yapper-committee                    || Content: snacks
[10/23/2025 12:28:42.858 PM] Message  || User: kukieari            || Channel: #yapper-committee                    || Content: yummy food
[10/23/2025 12:28:48.959 PM] Message  || User: kukieari            || Channel: #yapper-committee                    || Content: (no text; attachments=3)
[10/23/2025 12:28:56.527 PM] Message  || User: .bettercalljack     || Channel: #yapper-committee                    || Content: Many goodies
[10/23/2025 12:28:56.879 PM] Message  || User: kukieari            || Channel: #yapper-committee                    || Content: i also got more on my second run
[10/23/2025 12:29:04.132 PM] Message  || User: racerdg             || Channel: #yapper-committee                    || Content: <:macrowave:857753712591634442>
[10/23/2025 12:29:07.292 PM] Message  || User: .bettercalljack     || Channel: #yapper-committee                    || Content: My haul
[10/23/2025 12:29:25.831 PM] Message  || User: _costco_wholesale_  || Channel: #yapper-committee                    || Content: i got a beaded spider and some cute earrings
[10/23/2025 12:29:26.929 PM] Message  || User: _costco_wholesale_  || Channel: #yapper-committee                    || Content: lots of fandom keychains
[10/23/2025 12:29:31.480 PM] Message  || User: racerdg             || Channel: #yapper-committee                    || Content: i see
[10/23/2025 12:29:32.197 PM] Message  || User: kukieari            || Channel: #yapper-committee                    || Content: yes
[10/23/2025 12:29:40.996 PM] Message  || User: kukieari            || Channel: #yapper-committee                    || Content: sadly a couple of drop shippers tho
[10/23/2025 12:29:54.261 PM] Message  || User: simplyshadow171295  || Channel: #pictures-of-the-cats                || Content: maya(tl) has balls. legally he is now the literal translation of his...
[10/23/2025 12:29:54.802 PM] Action   || Name: image_intake        || Trigger: channel=551084964318543904           || Output: rows=3
[10/23/2025 12:30:08.526 PM] Message  || User: kukieari            || Channel: #yapper-committee                    || Content: look at this cloud tho
[10/23/2025 12:30:14.738 PM] Message  || User: kukieari            || Channel: #yapper-committee                    || Content: he wants ur soul
[10/23/2025 12:30:50.931 PM] Message  || User: simplyshadow171295  || Channel: #yapper-committee                    || Content: AUSSIE’S JEWELRY I LOVE HER SHE DESERVES SO MUCH LOVE
[10/23/2025 12:32:22.805 PM] Message  || User: mochenoch           || Channel: #yapper-committee                    || Content: My haul chat
[10/23/2025 12:32:50.333 PM] Message  || User: mochenoch           || Channel: #yapper-committee                    || Content: Less than 50 in total
[10/23/2025 12:33:26.963 PM] Message  || User: racerdg             || Channel: #yapper-committee                    || Content: lol wtf clothes
[10/23/2025 12:33:38.633 PM] Message  || User: kukieari            || Channel: #yapper-committee                    || Content: yes many clothes
[10/23/2025 12:36:18.266 PM] Message  || User: .bettercalljack     || Channel: #yapper-committee                    || Content: WHERE WAS FNAF
[10/23/2025 12:36:33.602 PM] Message  || User: mochenoch           || Channel: #yapper-committee                    || Content: Walk in, it’s one of the first booths near the stage
[10/23/2025 12:36:43.648 PM] Message  || User: mochenoch           || Channel: #yapper-committee                    || Content: That fnaf pin has a large sticker variant
[10/23/2025 12:37:11.182 PM] Message  || User: mochenoch           || Channel: #yapper-committee                    || Content: Yeah I got all those three for 25 dollars
[10/23/2025 12:37:22.274 PM] Message  || User: mochenoch           || Channel: #yapper-committee                    || Content: Shoes were 5, pants were 15 and shorts were 5
[10/23/2025 12:38:03.447 PM] Message  || User: simplyshadow171295  || Channel: #yapper-committee                    || Content: flood watch for east of the I-35 corridor
[10/23/2025 12:41:22.932 PM] Message  || User: izzyballz           || Channel: #yapper-committee                    || Content: just talked to advisor she said double check w financial aid office ...
[10/23/2025 12:41:48.369 PM] Message  || User: izzyballz           || Channel: #yapper-committee                    || Content: 🥹
[10/23/2025 12:42:12.102 PM] Message  || User: m_digio             || Channel: #executive-board                     || Content: All party supplies on my end are acquired
[10/23/2025 12:42:14.131 PM] Message  || User: yaeji               || Channel: #yapper-committee                    || Content: 😭
[10/23/2025 12:42:54.680 PM] Message  || User: yaeji               || Channel: #yapper-committee                    || Content: (no text; attachments=1)
[10/23/2025 12:43:24.934 PM] Message  || User: simplyshadow171295  || Channel: #yapper-committee                    || Content: idk i said what the FEMA app said lol
[10/23/2025 12:43:36.495 PM] Message  || User: simplyshadow171295  || Channel: #yapper-committee                    || Content: it sprinkled a little at 10
[10/23/2025 12:43:39.563 PM] Message  || User: yaeji               || Channel: #yapper-committee                    || Content: just adding lol
[10/23/2025 12:43:48.664 PM] Message  || User: yaeji               || Channel: #yapper-committee                    || Content: it correlates with the rain risk friday
[10/23/2025 12:43:55.552 PM] Message  || User: simplyshadow171295  || Channel: #yapper-committee                    || Content: indeed
[10/23/2025 12:44:46.259 PM] Message  || User: racerdg             || Channel: #yapper-committee                    || Content: does anyone else hear an alarm
[10/23/2025 12:44:51.429 PM] Message  || User: yaeji               || Channel: #yapper-committee                    || Content: i guess tomorrow's gonna be a wet day
[10/23/2025 12:46:01.173 PM] React+   || User: gupguppy            || Channel: #itty-bitty-kitty-commitee           || emoji=😂; msg="Who" by astro_db
[10/23/2025 12:46:21.563 PM] Message  || User: gupguppy            || Channel: #itty-bitty-kitty-commitee           || Content: Lmfao LET HIM IN!!!
[10/23/2025 12:46:50.023 PM] Message  || User: celeryiscelery      || Channel: #purrley-pawsitive-pussy-pals        || Content: i don’t think i’ve ever seen this many people in the lounge before 🙂
[10/23/2025 12:46:55.819 PM] Message  || User: a1darek             || Channel: #pictures-of-the-cats                || Content: NO
[10/23/2025 12:46:58.168 PM] Message  || User: a1darek             || Channel: #pictures-of-the-cats                || Content: BAD
[10/23/2025 12:46:58.642 PM] Message  || User: celeryiscelery      || Channel: #purrley-pawsitive-pussy-pals        || Content: very startling
[10/23/2025 12:47:00.911 PM] Message  || User: a1darek             || Channel: #pictures-of-the-cats                || Content: NO BALLS
[10/23/2025 12:47:02.584 PM] Message  || User: gupguppy            || Channel: #itty-bitty-kitty-commitee           || Content: The amount of times Microwave tries to go in that building lol
[10/23/2025 12:47:52.334 PM] Message  || User: littletechyyy       || Channel: #yapper-committee                    || Content: Alarm at vandergriff
[10/23/2025 12:47:56.558 PM] Message  || User: littletechyyy       || Channel: #yapper-committee                    || Content: I can hear it from ah
[10/23/2025 12:48:01.481 PM] Message  || User: racerdg             || Channel: #yapper-committee                    || Content: lol same
[10/23/2025 12:48:04.435 PM] Message  || User: racerdg             || Channel: #yapper-committee                    || Content: welp
[10/23/2025 12:48:09.744 PM] Message  || User: racerdg             || Channel: #yapper-committee                    || Content: not is this time
[10/23/2025 12:48:14.364 PM] Edit     || User: racerdg             || Channel: #yapper-committee                    || not is this time -> not us this time
[10/23/2025 12:48:14.926 PM] Message  || User: a1darek             || Channel: #executive-board                     || Content: Avocado successful has a new foster
[10/23/2025 12:48:17.939 PM] Message  || User: littletechyyy       || Channel: #yapper-committee                    || Content: Lol yeah
[10/23/2025 12:48:36.463 PM] Edit     || User: a1darek             || Channel: #executive-board                     || Avocado successful has a new foster -> Avocado successfully has a new foster
[10/23/2025 12:48:46.750 PM] Message  || User: celeryiscelery      || Channel: #executive-board                     || Content: thank you for holding her for wayyyy longer than intended. very sorr...
[10/23/2025 12:48:52.067 PM] React+   || User: a1darek             || Channel: #executive-board                     || emoji=❤️; msg="thank you for holding her for wayyyy lon..." by celeryiscelery
[10/23/2025 12:49:14.644 PM] Message  || User: a1darek             || Channel: #executive-board                     || Content: It's okay!! Things happen. I wouldn't signed myself up if I didn't k...
[10/23/2025 12:49:37.355 PM] Message  || User: racerdg             || Channel: #yapper-committee                    || Content: @e l u s i v e what happen
[10/23/2025 12:49:46.700 PM] Message  || User: a1darek             || Channel: #executive-board                     || Content: It's like at work when the dogs pee or poop on me and I have to say ...
[10/23/2025 12:49:47.969 PM] Message  || User: _costco_wholesale_  || Channel: #yapper-committee                    || Content: fire
[10/23/2025 12:50:01.728 PM] React+   || User: a1darek             || Channel: #purrley-pawsitive-pussy-pals        || emoji=😭; msg="very startling" by celeryiscelery
[10/23/2025 12:50:06.865 PM] Message  || User: racerdg             || Channel: #yapper-committee                    || Content: 😭
[10/23/2025 12:50:10.486 PM] Message  || User: _costco_wholesale_  || Channel: #yapper-committee                    || Content: we don’t know the severity
[10/23/2025 12:50:20.834 PM] React+   || User: simplyshadow171295  || Channel: #pictures-of-the-cats                || emoji=😭; msg="NO BALLS" by a1darek
[10/23/2025 12:50:25.511 PM] Message  || User: racerdg             || Channel: #yapper-committee                    || Content: welp
[10/23/2025 12:50:27.946 PM] React+   || User: m_digio             || Channel: #executive-board                     || emoji=🔥; msg="Avocado successfully has a new foster" by a1darek
[10/23/2025 12:50:31.724 PM] Message  || User: a1darek             || Channel: #purrley-pawsitive-pussy-pals        || Content: It's it cool people or not cool people
[10/23/2025 12:50:32.183 PM] React+   || User: m_digio             || Channel: #executive-board                     || emoji=🔥; msg="It's like at work when the dogs pee or p..." by a1darek
[10/23/2025 12:50:38.863 PM] Message  || User: yaeji               || Channel: #yapper-committee                    || Content: building explodes in t-5 minute
[10/23/2025 12:50:38.970 PM] Action   || Name: gmail_log_scheduler || Trigger: found=1                              || Output: logged=0
[10/23/2025 12:50:39.017 PM] Action   || Name: finance_skip_dup... || Trigger: buffer                               || Output: Sophia Herrera $6.00 on 2025-08-26
[10/23/2025 12:50:39.017 PM] Action   || Name: finance_skip_dup... || Trigger: buffer                               || Output: Jordin Baylee $5.00 on 2025-08-26
[10/23/2025 12:50:39.017 PM] Action   || Name: finance_skip_dup... || Trigger: buffer                               || Output: Axel Torres $24.25 on 2025-08-22
[10/23/2025 12:50:39.017 PM] Action   || Name: finance_skip_dup... || Trigger: buffer                               || Output: Megan Digiovanni $47.62 on 2025-08-26
[10/23/2025 12:50:39.017 PM] Action   || Name: finance_skip_dup... || Trigger: buffer                               || Output: M. Padron $20.00 on 2025-08-26
[10/23/2025 12:50:39.017 PM] Action   || Name: finance_skip_dup... || Trigger: buffer                               || Output: Sophia Herrera $6.00 on 2025-08-26
[10/23/2025 12:50:39.017 PM] Action   || Name: finance_skip_dup... || Trigger: buffer                               || Output: Addison Loera $8.00 on 2025-08-26
[10/23/2025 12:50:39.017 PM] Action   || Name: finance_skip_dup... || Trigger: buffer                               || Output: Amber Thomas $5.00 on 2025-08-26
[10/23/2025 12:50:39.017 PM] Action   || Name: finance_skip_dup... || Trigger: buffer                               || Output: Jordin Baylee $5.00 on 2025-08-26
[10/23/2025 12:50:39.017 PM] Action   || Name: finance_skip_dup... || Trigger: buffer                               || Output: Kathleen Cantu $1.00 on 2025-08-26
[10/23/2025 12:50:39.017 PM] Action   || Name: finance_skip_dup... || Trigger: buffer                               || Output: Amber Thomas $3.00 on 2025-08-26
[10/23/2025 12:50:39.017 PM] Action   || Name: finance_skip_dup... || Trigger: buffer                               || Output: Rob Jimenez $3.00 on 2025-08-26
[10/23/2025 12:50:39.017 PM] Action   || Name: finance_skip_dup... || Trigger: buffer                               || Output: Daniel Brantley $3.00 on 2025-08-26
[10/23/2025 12:50:39.017 PM] Action   || Name: finance_skip_dup... || Trigger: buffer                               || Output: Isabella Klein $9.70 on 2025-08-26
[10/23/2025 12:50:39.017 PM] Action   || Name: finance_skip_dup... || Trigger: buffer                               || Output: Wix $25.98 on 2025-08-26
[10/23/2025 12:50:39.017 PM] Action   || Name: finance_skip_dup... || Trigger: buffer                               || Output: Nelda Hernandez $2.00 on 2025-08-26
[10/23/2025 12:50:39.017 PM] Action   || Name: finance_skip_dup... || Trigger: buffer                               || Output: Troy Broome $1.00 on 2025-08-26
[10/23/2025 12:50:39.033 PM] Action   || Name: finance_skip_dup... || Trigger: buffer                               || Output: Div Bits $2.00 on 2025-08-26
[10/23/2025 12:50:39.033 PM] Action   || Name: finance_skip_dup... || Trigger: buffer                               || Output: Jacob Sandoval $1.00 on 2025-08-26
[10/23/2025 12:50:39.033 PM] Action   || Name: finance_skip_dup... || Trigger: buffer                               || Output: Aubrey Cunningham $10.00 on 2025-08-26
[10/23/2025 12:50:39.033 PM] Action   || Name: finance_skip_dup... || Trigger: buffer                               || Output: Maxwell Preston $5.00 on 2025-08-26
[10/23/2025 12:50:39.033 PM] Action   || Name: finance_skip_dup... || Trigger: buffer                               || Output: Sophia Herrera $6.00 on 2025-08-26
[10/23/2025 12:50:39.033 PM] Action   || Name: finance_skip_dup... || Trigger: buffer                               || Output: Derek Fuentes $25.98 on 2025-08-26
[10/23/2025 12:50:39.033 PM] Action   || Name: finance_skip_dup... || Trigger: buffer                               || Output: Miguel V $5.00 on 2025-08-26
[10/23/2025 12:50:39.033 PM] Action   || Name: finance_skip_dup... || Trigger: buffer                               || Output: Nelda Hernandez $3.00 on 2025-08-26
[10/23/2025 12:50:39.033 PM] Action   || Name: finance_skip_dup... || Trigger: buffer                               || Output: Megan Digiovanni $130.00 on 2025-08-26
[10/23/2025 12:50:39.033 PM] Action   || Name: finance_skip_dup... || Trigger: buffer                               || Output: Pedro Savala $5.00 on 2025-08-27
[10/23/2025 12:50:39.033 PM] Action   || Name: finance_skip_dup... || Trigger: buffer                               || Output: Jonathan Mcgeever $5.00 on 2025-08-27
[10/23/2025 12:50:39.033 PM] Action   || Name: finance_skip_dup... || Trigger: buffer                               || Output: NNT PETSMART # $32.46 on 2025-08-06
[10/23/2025 12:50:39.033 PM] Action   || Name: finance_skip_dup... || Trigger: buffer                               || Output: Py Store Here Pantego $54.00 on 2025-08-20
[10/23/2025 12:50:39.033 PM] Action   || Name: finance_skip_dup... || Trigger: buffer                               || Output: Megan Digiovanni $74.92 on 2025-07-30
[10/23/2025 12:50:39.033 PM] Action   || Name: finance_skip_dup... || Trigger: buffer                               || Output: TOMAHAWK LIVE TRAP $581.62 on 2025-05-12
[10/23/2025 12:50:39.033 PM] Action   || Name: finance_skip_dup... || Trigger: buffer                               || Output: TOMAHAWK LIVE TRAP $581.62 on 2025-05-12
[10/23/2025 12:50:39.033 PM] Action   || Name: finance_skip_dup... || Trigger: buffer                               || Output: Richa  Desai $6.00 on 2025-10-22
[10/23/2025 12:50:39.048 PM] Action   || Name: finance_skip_dup... || Trigger: buffer                               || Output: Sophia Herrera $5.00 on 2025-10-22
[10/23/2025 12:50:39.048 PM] Action   || Name: finance_skip_dup... || Trigger: buffer                               || Output: Muhammed  Abdalrahman $10.00 on 2025-10-22
[10/23/2025 12:50:44.268 PM] Action   || Name: finance_skip_dup... || Trigger: kind=income                          || Output: Cynthia griffith $10.00 on 2025-04-16
[10/23/2025 12:50:44.268 PM] Action   || Name: finance_skip_dup... || Trigger: kind=income                          || Output: Caleb Moran $4.00 on 2025-04-16
[10/23/2025 12:50:44.268 PM] Action   || Name: finance_skip_dup... || Trigger: kind=income                          || Output: Alberto $6.00 on 2025-04-16
[10/23/2025 12:50:44.268 PM] Action   || Name: finance_skip_dup... || Trigger: kind=income                          || Output: Jacob Sandoval $2.91 on 2025-04-16
[10/23/2025 12:50:44.268 PM] Action   || Name: finance_skip_dup... || Trigger: kind=income                          || Output: tay $5.00 on 2025-04-16
[10/23/2025 12:50:44.268 PM] Action   || Name: finance_skip_dup... || Trigger: kind=income                          || Output: Nelda Hernandez $2.00 on 2025-04-16
[10/23/2025 12:50:44.268 PM] Action   || Name: finance_skip_dup... || Trigger: kind=income                          || Output: Maria Olds $10.00 on 2025-04-16
[10/23/2025 12:50:44.268 PM] Action   || Name: finance_skip_dup... || Trigger: kind=income                          || Output: Mario Rodriguez $3.00 on 2025-04-16
[10/23/2025 12:50:44.283 PM] Action   || Name: finance_skip_dup... || Trigger: kind=income                          || Output: Elisha Taylor $5.00 on 2025-04-16
[10/23/2025 12:50:44.283 PM] Action   || Name: finance_skip_dup... || Trigger: kind=income                          || Output: Jacob Sandoval $3.00 on 2025-04-16
[10/23/2025 12:50:44.283 PM] Action   || Name: finance_skip_dup... || Trigger: kind=income                          || Output: Isabella Klein $9.70 on 2025-08-26
[10/23/2025 12:50:44.283 PM] Action   || Name: finance_skip_dup... || Trigger: kind=income                          || Output: Nelda Hernandez $2.00 on 2025-08-26
[10/23/2025 12:50:44.283 PM] Action   || Name: finance_skip_dup... || Trigger: kind=income                          || Output: Troy Broome $1.00 on 2025-08-26
[10/23/2025 12:50:44.283 PM] Action   || Name: finance_skip_dup... || Trigger: kind=income                          || Output: Div Bits $2.00 on 2025-08-26
[10/23/2025 12:50:44.283 PM] Action   || Name: finance_skip_dup... || Trigger: kind=income                          || Output: Jacob Sandoval $1.00 on 2025-08-26
[10/23/2025 12:50:44.283 PM] Action   || Name: finance_skip_dup... || Trigger: kind=income                          || Output: Aubrey Cunningham $10.00 on 2025-08-26
[10/23/2025 12:50:44.283 PM] Action   || Name: finance_skip_dup... || Trigger: kind=income                          || Output: Maxwell Preston $5.00 on 2025-08-26
[10/23/2025 12:50:44.283 PM] Action   || Name: finance_skip_dup... || Trigger: kind=income                          || Output: Sophia Herrera $6.00 on 2025-08-26
[10/23/2025 12:50:44.283 PM] Action   || Name: finance_skip_dup... || Trigger: kind=income                          || Output: Miguel V $5.00 on 2025-08-26
[10/23/2025 12:50:44.283 PM] Action   || Name: finance_skip_dup... || Trigger: kind=income                          || Output: Nelda Hernandez $3.00 on 2025-08-26
[10/23/2025 12:50:44.283 PM] Action   || Name: finance_skip_dup... || Trigger: kind=income                          || Output: Megan Digiovanni $130.00 on 2025-08-26
[10/23/2025 12:50:44.283 PM] Action   || Name: finance_skip_dup... || Trigger: kind=income                          || Output: Pedro Savala $5.00 on 2025-08-27
[10/23/2025 12:50:44.283 PM] Action   || Name: finance_skip_dup... || Trigger: kind=income                          || Output: Jonathan Mcgeever $5.00 on 2025-08-27
[10/23/2025 12:50:44.299 PM] Action   || Name: finance_skip_dup... || Trigger: kind=income                          || Output: Axel Torres $24.25 on 2025-08-22
[10/23/2025 12:50:44.299 PM] Action   || Name: finance_skip_dup... || Trigger: kind=income                          || Output: M. Padron $20.00 on 2025-08-26
[10/23/2025 12:50:44.299 PM] Action   || Name: finance_skip_dup... || Trigger: kind=income                          || Output: Addison Loera $8.00 on 2025-08-26
[10/23/2025 12:50:44.299 PM] Action   || Name: finance_skip_dup... || Trigger: kind=income                          || Output: Amber Thomas $5.00 on 2025-08-26
[10/23/2025 12:50:44.299 PM] Action   || Name: finance_skip_dup... || Trigger: kind=income                          || Output: Kathleen Cantu $1.00 on 2025-08-26
[10/23/2025 12:50:44.299 PM] Action   || Name: finance_skip_dup... || Trigger: kind=income                          || Output: Amber Thomas $3.00 on 2025-08-26
[10/23/2025 12:50:44.299 PM] Action   || Name: finance_skip_dup... || Trigger: kind=income                          || Output: Rob Jimenez $3.00 on 2025-08-26
[10/23/2025 12:50:44.299 PM] Action   || Name: finance_skip_dup... || Trigger: kind=income                          || Output: Daniel Brantley $3.00 on 2025-08-26
[10/23/2025 12:50:44.299 PM] Action   || Name: finance_skip_dup... || Trigger: kind=income                          || Output: Kristyn Jackson $9.00 on 2025-10-22
[10/23/2025 12:50:44.299 PM] Action   || Name: finance_skip_dup... || Trigger: kind=income                          || Output: Victoria Elkins $5.00 on 2025-10-22
[10/23/2025 12:50:44.299 PM] Action   || Name: finance_skip_dup... || Trigger: kind=income                          || Output: Alexander  Martinez $3.00 on 2025-10-22
[10/23/2025 12:50:44.299 PM] Action   || Name: finance_skip_dup... || Trigger: kind=income                          || Output: Emily Lanham $6.00 on 2025-10-22
[10/23/2025 12:50:44.299 PM] Action   || Name: finance_skip_dup... || Trigger: kind=income                          || Output: Mariah Hall $3.00 on 2025-10-22
[10/23/2025 12:50:44.299 PM] Action   || Name: finance_skip_dup... || Trigger: kind=income                          || Output: Kylie Crook $5.00 on 2025-09-16
[10/23/2025 12:50:44.299 PM] Action   || Name: finance_skip_dup... || Trigger: kind=income                          || Output: Jenny Nguyen $9.70 on 2025-09-03
[10/23/2025 12:50:45.964 PM] Action   || Name: finance_skip_dup... || Trigger: kind=expense                         || Output: Py Store Here Pantego $54.00 on 2025-04-20
[10/23/2025 12:50:45.964 PM] Action   || Name: finance_skip_dup... || Trigger: kind=expense                         || Output: j s $11.68 on 2025-04-22
[10/23/2025 12:50:45.964 PM] Action   || Name: finance_skip_dup... || Trigger: kind=expense                         || Output: Wix $25.98 on 2025-04-26
[10/23/2025 12:50:45.980 PM] Action   || Name: finance_skip_dup... || Trigger: kind=expense                         || Output: Wix $25.98 on 2025-08-26
[10/23/2025 12:50:45.980 PM] Action   || Name: finance_skip_dup... || Trigger: kind=expense                         || Output: Derek Fuentes $25.98 on 2025-08-26
[10/23/2025 12:50:45.980 PM] Action   || Name: finance_skip_dup... || Trigger: kind=expense                         || Output: Py Store Here Pantego $54.00 on 2025-08-20
[10/23/2025 12:50:45.980 PM] Action   || Name: finance_skip_dup... || Trigger: kind=expense                         || Output: Megan Digiovanni $47.62 on 2025-08-26
[10/23/2025 12:50:45.980 PM] Action   || Name: finance_skip_dup... || Trigger: kind=expense                         || Output: NNT PETSMART # $32.46 on 2025-08-06
[10/23/2025 12:50:45.980 PM] Action   || Name: finance_skip_dup... || Trigger: kind=expense                         || Output: Megan Digiovanni $74.92 on 2025-07-30
[10/23/2025 12:50:45.980 PM] Action   || Name: finance_skip_dup... || Trigger: kind=expense                         || Output: TOMAHAWK LIVE TRAP $581.62 on 2025-05-11
[10/23/2025 12:50:45.980 PM] Action   || Name: finance_skip_dup... || Trigger: kind=expense                         || Output: Py Store Here Pantego $54.00 on 2025-05-20
[10/23/2025 12:50:45.980 PM] Action   || Name: finance_skip_dup... || Trigger: kind=expense                         || Output: Derek Fuentes $72.45 on 2025-05-23
[10/23/2025 12:50:45.980 PM] Action   || Name: finance_skip_dup... || Trigger: kind=expense                         || Output: Wix $25.98 on 2025-05-26
[10/23/2025 12:50:45.980 PM] Action   || Name: finance_skip_dup... || Trigger: kind=expense                         || Output: Megan Digiovanni $89.91 on 2025-10-05
[10/23/2025 12:50:45.980 PM] Action   || Name: finance_skip_dup... || Trigger: kind=expense                         || Output: DOMINO'S $60.57 on 2025-09-09
[10/23/2025 12:50:45.980 PM] Action   || Name: finance_skip_dup... || Trigger: kind=expense                         || Output: Derek Fuentes $20.00 on 2025-09-10
[10/23/2025 12:50:54.974 PM] React+   || User: m_digio             || Channel: #pictures-of-the-cats                || emoji=😭; msg="NO BALLS" by a1darek
[10/23/2025 12:51:20.707 PM] Message  || User: racerdg             || Channel: #yapper-committee                    || Content: i would be extremely funny for a building to burn down and for it no...
[10/23/2025 12:51:44.762 PM] Message  || User: celeryiscelery      || Channel: #purrley-pawsitive-pussy-pals        || Content: ion even know 85% of them
[10/23/2025 12:52:23.632 PM] Message  || User: celeryiscelery      || Channel: #purrley-pawsitive-pussy-pals        || Content: i’m going back to eat but there’s literally only one open seat next ...
[10/23/2025 12:52:27.954 PM] Message  || User: kitadan             || Channel: #yapper-committee                    || Content: Tomorrow night through Saturday.  Before the 5 pm tomorrow should ju...
[10/23/2025 12:52:40.171 PM] React+   || User: kitadan             || Channel: #pictures-of-the-cats                || emoji=😭; msg="NO BALLS" by a1darek
[10/23/2025 12:53:42.080 PM] React+   || User: a1darek             || Channel: #purrley-pawsitive-pussy-pals        || emoji=❤️; msg="i’m going back to eat but there’s litera..." by celeryiscelery
[10/23/2025 12:53:59.847 PM] Message  || User: a1darek             || Channel: #purrley-pawsitive-pussy-pals        || Content: What episode does he [redacted] ❤️
[10/23/2025 12:54:14.470 PM] Message  || User: littletechyyy       || Channel: #yapper-committee                    || Content: Stealing our thunder
[10/23/2025 12:54:21.131 PM] Message  || User: littletechyyy       || Channel: #yapper-committee                    || Content: thats for us to do
[10/23/2025 12:54:26.865 PM] Message  || User: celeryiscelery      || Channel: #purrley-pawsitive-pussy-pals        || Content: ion want bro to [redacted] just want bro to exist elsewhere 😭
[10/23/2025 12:55:40.107 PM] React+   || User: .bettercalljack     || Channel: #pictures-of-the-cats                || emoji=😭; msg="NO BALLS" by a1darek
[10/23/2025 12:56:49.304 PM] React+   || User: slayc127            || Channel: #purrley-pawsitive-pussy-pals        || emoji=😭; msg="very startling" by celeryiscelery
[10/23/2025 12:56:57.882 PM] Message  || User: slayc127            || Channel: #purrley-pawsitive-pussy-pals        || Content: (no text; attachments=1)
[10/23/2025 12:57:33.358 PM] React+   || User: slayc127            || Channel: #executive-board                     || emoji=🔥; msg="It's like at work when the dogs pee or p..." by a1darek
[10/23/2025 12:57:36.830 PM] React+   || User: slayc127            || Channel: #executive-board                     || emoji=❤️; msg="thank you for holding her for wayyyy lon..." by celeryiscelery
[10/23/2025 12:57:52.524 PM] React+   || User: slayc127            || Channel: #pictures-of-the-cats                || emoji=😭; msg="NO BALLS" by a1darek
[10/23/2025 12:58:06.539 PM] Message  || User: _costco_wholesale_  || Channel: #yapper-committee                    || Content: it’s over now 💪
[10/23/2025 12:58:26.421 PM] Message  || User: a1darek             || Channel: #purrley-pawsitive-pussy-pals        || Content: WHAT THE HELLLL
[10/23/2025 12:58:35.573 PM] Message  || User: a1darek             || Channel: #purrley-pawsitive-pussy-pals        || Content: THATS SUCH A NICE GRAPHIC
[10/23/2025 12:58:43.071 PM] Message  || User: slayc127            || Channel: #purrley-pawsitive-pussy-pals        || Content: THEY HAD DMED US FOREVER AGO ABT MAKING THEM
[10/23/2025 12:58:49.052 PM] Message  || User: slayc127            || Channel: #purrley-pawsitive-pussy-pals        || Content: $30 AND WORTH IT
[10/23/2025 12:58:55.383 PM] Message  || User: a1darek             || Channel: #purrley-pawsitive-pussy-pals        || Content: kaz if u see anything miku core can u send me a pic <:gaga:141336149...
[10/23/2025 12:58:57.897 PM] Message  || User: slayc127            || Channel: #purrley-pawsitive-pussy-pals        || Content: they had a greennone when i left
[10/23/2025 12:59:03.172 PM] Message  || User: a1darek             || Channel: #purrley-pawsitive-pussy-pals        || Content: A GREEN ONE
[10/23/2025 12:59:03.319 PM] Message  || User: slayc127            || Channel: #purrley-pawsitive-pussy-pals        || Content: I FORGOT TO TAKE ONE.
[10/23/2025 12:59:03.631 PM] React+   || User: _costco_wholesale_  || Channel: #pet-pictures                        || emoji=❤️; msg=1430953421464141835
[10/23/2025 12:59:06.946 PM] Action   || Name: gmail_log_scheduler || Trigger: found=1                              || Output: logged=0
[10/23/2025 12:59:06.983 PM] Action   || Name: finance_skip_dup... || Trigger: buffer                               || Output: Sophia Herrera $6.00 on 2025-08-26
[10/23/2025 12:59:06.983 PM] Action   || Name: finance_skip_dup... || Trigger: buffer                               || Output: Jordin Baylee $5.00 on 2025-08-26
[10/23/2025 12:59:06.985 PM] Action   || Name: finance_skip_dup... || Trigger: buffer                               || Output: Axel Torres $24.25 on 2025-08-22
[10/23/2025 12:59:06.985 PM] Action   || Name: finance_skip_dup... || Trigger: buffer                               || Output: Megan Digiovanni $47.62 on 2025-08-26
[10/23/2025 12:59:06.987 PM] Action   || Name: finance_skip_dup... || Trigger: buffer                               || Output: M. Padron $20.00 on 2025-08-26
[10/23/2025 12:59:06.987 PM] Action   || Name: finance_skip_dup... || Trigger: buffer                               || Output: Sophia Herrera $6.00 on 2025-08-26
[10/23/2025 12:59:06.989 PM] Action   || Name: finance_skip_dup... || Trigger: buffer                               || Output: Addison Loera $8.00 on 2025-08-26
[10/23/2025 12:59:06.989 PM] Action   || Name: finance_skip_dup... || Trigger: buffer                               || Output: Amber Thomas $5.00 on 2025-08-26
[10/23/2025 12:59:06.991 PM] Action   || Name: finance_skip_dup... || Trigger: buffer                               || Output: Jordin Baylee $5.00 on 2025-08-26
[10/23/2025 12:59:06.991 PM] Action   || Name: finance_skip_dup... || Trigger: buffer                               || Output: Kathleen Cantu $1.00 on 2025-08-26
[10/23/2025 12:59:06.991 PM] Action   || Name: finance_skip_dup... || Trigger: buffer                               || Output: Amber Thomas $3.00 on 2025-08-26
[10/23/2025 12:59:06.993 PM] Action   || Name: finance_skip_dup... || Trigger: buffer                               || Output: Rob Jimenez $3.00 on 2025-08-26
[10/23/2025 12:59:06.993 PM] Action   || Name: finance_skip_dup... || Trigger: buffer                               || Output: Daniel Brantley $3.00 on 2025-08-26
[10/23/2025 12:59:06.995 PM] Action   || Name: finance_skip_dup... || Trigger: buffer                               || Output: Isabella Klein $9.70 on 2025-08-26
[10/23/2025 12:59:06.995 PM] Action   || Name: finance_skip_dup... || Trigger: buffer                               || Output: Wix $25.98 on 2025-08-26
[10/23/2025 12:59:06.997 PM] Action   || Name: finance_skip_dup... || Trigger: buffer                               || Output: Nelda Hernandez $2.00 on 2025-08-26
[10/23/2025 12:59:06.997 PM] Action   || Name: finance_skip_dup... || Trigger: buffer                               || Output: Troy Broome $1.00 on 2025-08-26
[10/23/2025 12:59:06.997 PM] Action   || Name: finance_skip_dup... || Trigger: buffer                               || Output: Div Bits $2.00 on 2025-08-26
[10/23/2025 12:59:06.999 PM] Action   || Name: finance_skip_dup... || Trigger: buffer                               || Output: Jacob Sandoval $1.00 on 2025-08-26
[10/23/2025 12:59:06.999 PM] Action   || Name: finance_skip_dup... || Trigger: buffer                               || Output: Aubrey Cunningham $10.00 on 2025-08-26
[10/23/2025 12:59:07.001 PM] Action   || Name: finance_skip_dup... || Trigger: buffer                               || Output: Maxwell Preston $5.00 on 2025-08-26
[10/23/2025 12:59:07.001 PM] Action   || Name: finance_skip_dup... || Trigger: buffer                               || Output: Sophia Herrera $6.00 on 2025-08-26
[10/23/2025 12:59:07.003 PM] Action   || Name: finance_skip_dup... || Trigger: buffer                               || Output: Derek Fuentes $25.98 on 2025-08-26
[10/23/2025 12:59:07.003 PM] Action   || Name: finance_skip_dup... || Trigger: buffer                               || Output: Miguel V $5.00 on 2025-08-26
[10/23/2025 12:59:07.003 PM] Action   || Name: finance_skip_dup... || Trigger: buffer                               || Output: Nelda Hernandez $3.00 on 2025-08-26
[10/23/2025 12:59:07.005 PM] Action   || Name: finance_skip_dup... || Trigger: buffer                               || Output: Megan Digiovanni $130.00 on 2025-08-26
[10/23/2025 12:59:07.005 PM] Action   || Name: finance_skip_dup... || Trigger: buffer                               || Output: Pedro Savala $5.00 on 2025-08-27
[10/23/2025 12:59:07.007 PM] Action   || Name: finance_skip_dup... || Trigger: buffer                               || Output: Jonathan Mcgeever $5.00 on 2025-08-27
[10/23/2025 12:59:07.007 PM] Action   || Name: finance_skip_dup... || Trigger: buffer                               || Output: NNT PETSMART # $32.46 on 2025-08-06
[10/23/2025 12:59:07.008 PM] Action   || Name: finance_skip_dup... || Trigger: buffer                               || Output: Py Store Here Pantego $54.00 on 2025-08-20
[10/23/2025 12:59:07.009 PM] Action   || Name: finance_skip_dup... || Trigger: buffer                               || Output: Megan Digiovanni $74.92 on 2025-07-30
[10/23/2025 12:59:07.010 PM] Action   || Name: finance_skip_dup... || Trigger: buffer                               || Output: TOMAHAWK LIVE TRAP $581.62 on 2025-05-12
[10/23/2025 12:59:07.011 PM] Action   || Name: finance_skip_dup... || Trigger: buffer                               || Output: TOMAHAWK LIVE TRAP $581.62 on 2025-05-12
[10/23/2025 12:59:07.012 PM] Action   || Name: finance_skip_dup... || Trigger: buffer                               || Output: Richa  Desai $6.00 on 2025-10-22
[10/23/2025 12:59:07.013 PM] Action   || Name: finance_skip_dup... || Trigger: buffer                               || Output: Sophia Herrera $5.00 on 2025-10-22
[10/23/2025 12:59:07.014 PM] Action   || Name: finance_skip_dup... || Trigger: buffer                               || Output: Muhammed  Abdalrahman $10.00 on 2025-10-22
[10/23/2025 12:59:09.906 PM] Action   || Name: finance_skip_dup... || Trigger: kind=income                          || Output: Cynthia griffith $10.00 on 2025-04-16
[10/23/2025 12:59:09.906 PM] Action   || Name: finance_skip_dup... || Trigger: kind=income                          || Output: Caleb Moran $4.00 on 2025-04-16
[10/23/2025 12:59:09.906 PM] Action   || Name: finance_skip_dup... || Trigger: kind=income                          || Output: Alberto $6.00 on 2025-04-16
[10/23/2025 12:59:09.906 PM] Action   || Name: finance_skip_dup... || Trigger: kind=income                          || Output: Jacob Sandoval $2.91 on 2025-04-16
[10/23/2025 12:59:09.906 PM] Action   || Name: finance_skip_dup... || Trigger: kind=income                          || Output: tay $5.00 on 2025-04-16
[10/23/2025 12:59:09.906 PM] Action   || Name: finance_skip_dup... || Trigger: kind=income                          || Output: Nelda Hernandez $2.00 on 2025-04-16
[10/23/2025 12:59:09.921 PM] Action   || Name: finance_skip_dup... || Trigger: kind=income                          || Output: Maria Olds $10.00 on 2025-04-16
[10/23/2025 12:59:09.921 PM] Action   || Name: finance_skip_dup... || Trigger: kind=income                          || Output: Mario Rodriguez $3.00 on 2025-04-16
[10/23/2025 12:59:09.921 PM] Action   || Name: finance_skip_dup... || Trigger: kind=income                          || Output: Elisha Taylor $5.00 on 2025-04-16
[10/23/2025 12:59:09.921 PM] Action   || Name: finance_skip_dup... || Trigger: kind=income                          || Output: Jacob Sandoval $3.00 on 2025-04-16
[10/23/2025 12:59:09.921 PM] Action   || Name: finance_skip_dup... || Trigger: kind=income                          || Output: Isabella Klein $9.70 on 2025-08-26
[10/23/2025 12:59:09.921 PM] Action   || Name: finance_skip_dup... || Trigger: kind=income                          || Output: Nelda Hernandez $2.00 on 2025-08-26
[10/23/2025 12:59:09.921 PM] Action   || Name: finance_skip_dup... || Trigger: kind=income                          || Output: Troy Broome $1.00 on 2025-08-26
[10/23/2025 12:59:09.921 PM] Action   || Name: finance_skip_dup... || Trigger: kind=income                          || Output: Div Bits $2.00 on 2025-08-26
[10/23/2025 12:59:09.921 PM] Action   || Name: finance_skip_dup... || Trigger: kind=income                          || Output: Jacob Sandoval $1.00 on 2025-08-26
[10/23/2025 12:59:09.921 PM] Action   || Name: finance_skip_dup... || Trigger: kind=income                          || Output: Aubrey Cunningham $10.00 on 2025-08-26
[10/23/2025 12:59:09.921 PM] Action   || Name: finance_skip_dup... || Trigger: kind=income                          || Output: Maxwell Preston $5.00 on 2025-08-26
[10/23/2025 12:59:09.921 PM] Action   || Name: finance_skip_dup... || Trigger: kind=income                          || Output: Sophia Herrera $6.00 on 2025-08-26
[10/23/2025 12:59:09.921 PM] Action   || Name: finance_skip_dup... || Trigger: kind=income                          || Output: Miguel V $5.00 on 2025-08-26
[10/23/2025 12:59:09.921 PM] Action   || Name: finance_skip_dup... || Trigger: kind=income                          || Output: Nelda Hernandez $3.00 on 2025-08-26
[10/23/2025 12:59:09.921 PM] Action   || Name: finance_skip_dup... || Trigger: kind=income                          || Output: Megan Digiovanni $130.00 on 2025-08-26
[10/23/2025 12:59:09.937 PM] Action   || Name: finance_skip_dup... || Trigger: kind=income                          || Output: Pedro Savala $5.00 on 2025-08-27
[10/23/2025 12:59:09.937 PM] Action   || Name: finance_skip_dup... || Trigger: kind=income                          || Output: Jonathan Mcgeever $5.00 on 2025-08-27
[10/23/2025 12:59:09.937 PM] Action   || Name: finance_skip_dup... || Trigger: kind=income                          || Output: Axel Torres $24.25 on 2025-08-22
[10/23/2025 12:59:09.937 PM] Action   || Name: finance_skip_dup... || Trigger: kind=income                          || Output: M. Padron $20.00 on 2025-08-26
[10/23/2025 12:59:09.937 PM] Action   || Name: finance_skip_dup... || Trigger: kind=income                          || Output: Addison Loera $8.00 on 2025-08-26
[10/23/2025 12:59:09.937 PM] Action   || Name: finance_skip_dup... || Trigger: kind=income                          || Output: Amber Thomas $5.00 on 2025-08-26
[10/23/2025 12:59:09.937 PM] Action   || Name: finance_skip_dup... || Trigger: kind=income                          || Output: Kathleen Cantu $1.00 on 2025-08-26
[10/23/2025 12:59:09.937 PM] Action   || Name: finance_skip_dup... || Trigger: kind=income                          || Output: Amber Thomas $3.00 on 2025-08-26
[10/23/2025 12:59:09.937 PM] Action   || Name: finance_skip_dup... || Trigger: kind=income                          || Output: Rob Jimenez $3.00 on 2025-08-26
[10/23/2025 12:59:09.937 PM] Action   || Name: finance_skip_dup... || Trigger: kind=income                          || Output: Daniel Brantley $3.00 on 2025-08-26
[10/23/2025 12:59:09.937 PM] Action   || Name: finance_skip_dup... || Trigger: kind=income                          || Output: Kristyn Jackson $9.00 on 2025-10-22
[10/23/2025 12:59:09.937 PM] Action   || Name: finance_skip_dup... || Trigger: kind=income                          || Output: Victoria Elkins $5.00 on 2025-10-22
[10/23/2025 12:59:09.937 PM] Action   || Name: finance_skip_dup... || Trigger: kind=income                          || Output: Alexander  Martinez $3.00 on 2025-10-22
[10/23/2025 12:59:09.937 PM] Action   || Name: finance_skip_dup... || Trigger: kind=income                          || Output: Emily Lanham $6.00 on 2025-10-22
[10/23/2025 12:59:09.937 PM] Action   || Name: finance_skip_dup... || Trigger: kind=income                          || Output: Mariah Hall $3.00 on 2025-10-22
[10/23/2025 12:59:09.937 PM] Action   || Name: finance_skip_dup... || Trigger: kind=income                          || Output: Kylie Crook $5.00 on 2025-09-16
[10/23/2025 12:59:09.953 PM] Action   || Name: finance_skip_dup... || Trigger: kind=income                          || Output: Jenny Nguyen $9.70 on 2025-09-03
[10/23/2025 12:59:11.679 PM] Action   || Name: finance_skip_dup... || Trigger: kind=expense                         || Output: Py Store Here Pantego $54.00 on 2025-04-20
[10/23/2025 12:59:11.679 PM] Action   || Name: finance_skip_dup... || Trigger: kind=expense                         || Output: j s $11.68 on 2025-04-22
[10/23/2025 12:59:11.679 PM] Action   || Name: finance_skip_dup... || Trigger: kind=expense                         || Output: Wix $25.98 on 2025-04-26
[10/23/2025 12:59:11.695 PM] Action   || Name: finance_skip_dup... || Trigger: kind=expense                         || Output: Wix $25.98 on 2025-08-26
[10/23/2025 12:59:11.695 PM] Action   || Name: finance_skip_dup... || Trigger: kind=expense                         || Output: Derek Fuentes $25.98 on 2025-08-26
[10/23/2025 12:59:11.695 PM] Action   || Name: finance_skip_dup... || Trigger: kind=expense                         || Output: Py Store Here Pantego $54.00 on 2025-08-20
[10/23/2025 12:59:11.695 PM] Action   || Name: finance_skip_dup... || Trigger: kind=expense                         || Output: Megan Digiovanni $47.62 on 2025-08-26
[10/23/2025 12:59:11.695 PM] Action   || Name: finance_skip_dup... || Trigger: kind=expense                         || Output: NNT PETSMART # $32.46 on 2025-08-06
[10/23/2025 12:59:11.695 PM] Action   || Name: finance_skip_dup... || Trigger: kind=expense                         || Output: Megan Digiovanni $74.92 on 2025-07-30
[10/23/2025 12:59:11.695 PM] Action   || Name: finance_skip_dup... || Trigger: kind=expense                         || Output: TOMAHAWK LIVE TRAP $581.62 on 2025-05-11
[10/23/2025 12:59:11.695 PM] Action   || Name: finance_skip_dup... || Trigger: kind=expense                         || Output: Py Store Here Pantego $54.00 on 2025-05-20
[10/23/2025 12:59:11.695 PM] Action   || Name: finance_skip_dup... || Trigger: kind=expense                         || Output: Derek Fuentes $72.45 on 2025-05-23
[10/23/2025 12:59:11.695 PM] Action   || Name: finance_skip_dup... || Trigger: kind=expense                         || Output: Wix $25.98 on 2025-05-26
[10/23/2025 12:59:11.695 PM] Action   || Name: finance_skip_dup... || Trigger: kind=expense                         || Output: Megan Digiovanni $89.91 on 2025-10-05
[10/23/2025 12:59:11.695 PM] Action   || Name: finance_skip_dup... || Trigger: kind=expense                         || Output: DOMINO'S $60.57 on 2025-09-09
[10/23/2025 12:59:11.695 PM] Action   || Name: finance_skip_dup... || Trigger: kind=expense                         || Output: Derek Fuentes $20.00 on 2025-09-10
[10/23/2025 12:59:11.986 PM] Message  || User: a1darek             || Channel: #purrley-pawsitive-pussy-pals        || Content: how green <:grr:1412929701114155098>
[10/23/2025 12:59:12.153 PM] Message  || User: slayc127            || Channel: #purrley-pawsitive-pussy-pals        || Content: UR GREEN
[10/23/2025 12:59:15.663 PM] Message  || User: a1darek             || Channel: #purrley-pawsitive-pussy-pals        || Content: MY GREEN
[10/23/2025 12:59:26.720 PM] Message  || User: a1darek             || Channel: #purrley-pawsitive-pussy-pals        || Content: I dont have 30 dollars to spend <:guh:1305328147503513630>
[10/23/2025 12:59:27.645 PM] React+   || User: m_digio             || Channel: #purrley-pawsitive-pussy-pals        || emoji=🔥; msg=1430978322099081287
[10/23/2025 12:59:30.372 PM] Message  || User: slayc127            || Channel: #purrley-pawsitive-pussy-pals        || Content: u wanna buy it so bad
[10/23/2025 12:59:32.674 PM] Message  || User: a1darek             || Channel: #purrley-pawsitive-pussy-pals        || Content: I say going to the liwa sto
[10/23/2025 12:59:32.845 PM] React+   || User: slayc127            || Channel: #purrley-pawsitive-pussy-pals        || emoji=😭; msg="I dont have 30 dollars to spend <:guh:13..." by a1darek
[10/23/2025 12:59:38.334 PM] Edit     || User: a1darek             || Channel: #purrley-pawsitive-pussy-pals        || I say going to the liwa sto -> I say going to the liqa sto
[10/23/2025 12:59:48.998 PM] Message  || User: slayc127            || Channel: #purrley-pawsitive-pussy-pals        || Content: 😭
[10/23/2025 12:59:54.140 PM] Message  || User: mochenoch           || Channel: #yapper-committee                    || Content: if you look up you can already see the rain clouds forming
[10/23/2025 12:59:59.213 PM] Message  || User: m_digio             || Channel: #purrley-pawsitive-pussy-pals        || Content: My market findings :)
[10/23/2025 01:00:01.033 PM] Message  || User: m_digio             || Channel: #purrley-pawsitive-pussy-pals        || Content: (no text; attachments=3)
[10/23/2025 01:00:11.368 PM] Message  || User: a1darek             || Channel: #purrley-pawsitive-pussy-pals        || Content: I got 30 dolla for soju not 30 dolla for tote bag I'll never use
[10/23/2025 01:00:19.849 PM] Message  || User: _costco_wholesale_  || Channel: #yapper-committee                    || Content: bruh the construction people pulled the alarm
[10/23/2025 01:00:33.422 PM] Message  || User: littletechyyy       || Channel: #yapper-committee                    || Content: why lmao
[10/23/2025 01:01:30.490 PM] React+   || User: a1darek             || Channel: #purrley-pawsitive-pussy-pals        || emoji=😭; msg=1430979089275031563
[10/23/2025 01:01:52.603 PM] Message  || User: a1darek             || Channel: #purrley-pawsitive-pussy-pals        || Content: This is so southern middle of nowhere gift shop core
[10/23/2025 01:02:43.746 PM] React+   || User: m_digio             || Channel: #purrley-pawsitive-pussy-pals        || emoji=❤️; msg="This is so southern middle of nowhere gi..." by a1darek
[10/23/2025 01:02:50.366 PM] Message  || User: m_digio             || Channel: #purrley-pawsitive-pussy-pals        || Content: Thats why i love them
[10/23/2025 01:04:04.750 PM] Message  || User: m_digio             || Channel: #purrley-pawsitive-pussy-pals        || Content: Wow omg almost like where we found sienna, its such a mystery where ...
[10/23/2025 01:06:28.268 PM] Message  || User: astro_db            || Channel: #itty-bitty-kitty-commitee           || Content: (no text; attachments=1)
[10/23/2025 01:06:41.879 PM] React+   || User: slayc127            || Channel: #purrley-pawsitive-pussy-pals        || emoji=😆; msg="Wow omg almost like where we found sienn..." by m_digio
[10/23/2025 01:07:13.034 PM] Message  || User: slayc127            || Channel: #yapper-committee                    || Content: mav market goated
[10/23/2025 01:14:08.928 PM] React+   || User: a1darek             || Channel: #purrley-pawsitive-pussy-pals        || emoji=😆; msg="Wow omg almost like where we found sienn..." by m_digio
[10/23/2025 01:14:19.697 PM] Message  || User: a1darek             || Channel: #purrley-pawsitive-pussy-pals        || Content: I did say she needed siblings...
[10/23/2025 01:14:29.895 PM] Edit     || User: a1darek             || Channel: #purrley-pawsitive-pussy-pals        || I did say she needed siblings... -> I did say she needed another cat...
[10/23/2025 01:14:34.455 PM] Message  || User: a1darek             || Channel: #purrley-pawsitive-pussy-pals        || Content: surprise tnr!!
[10/23/2025 01:14:38.964 PM] Message  || User: a1darek             || Channel: #purrley-pawsitive-pussy-pals        || Content: But just the t !!!
[10/23/2025 01:17:49.661 PM] Message  || User: baseketballin       || Channel: #cat-name-ideas                      || Content: rain
[10/23/2025 01:18:05.948 PM] Message  || User: otirain_butdiscorb  || Channel: #cat-name-ideas                      || Content: loren
[10/23/2025 01:18:06.629 PM] Message  || User: baseketballin       || Channel: #cat-name-ideas                      || Content: uhhh
[10/23/2025 01:18:09.688 PM] Message  || User: baseketballin       || Channel: #cat-name-ideas                      || Content: sunlight
[10/23/2025 01:18:15.058 PM] Message  || User: baseketballin       || Channel: #cat-name-ideas                      || Content: storm
[10/23/2025 01:18:17.520 PM] Message  || User: baseketballin       || Channel: #cat-name-ideas                      || Content: sleet
[10/23/2025 01:18:24.506 PM] Message  || User: austinbaustinb      || Channel: #bot-spam                            || Content: He’s gonna be dead for some time
[10/23/2025 01:18:25.767 PM] Message  || User: baseketballin       || Channel: #cat-name-ideas                      || Content: snow
[10/23/2025 01:18:30.976 PM] Message  || User: baseketballin       || Channel: #cat-name-ideas                      || Content: thats so fire
[10/23/2025 01:18:32.676 PM] Message  || User: austinbaustinb      || Channel: #bot-spam                            || Content: Building a feeding station first
[10/23/2025 01:18:35.606 PM] Message  || User: baseketballin       || Channel: #cat-name-ideas                      || Content: 🔥
[10/23/2025 01:19:08.808 PM] Message  || User: baseketballin       || Channel: #cat-name-ideas                      || Content: lilleplutt
[10/23/2025 01:19:12.802 PM] Message  || User: baseketballin       || Channel: #cat-name-ideas                      || Content: like the ikea cat
[10/23/2025 01:19:39.417 PM] Message  || User: .bettercalljack     || Channel: #yapper-committee                    || Content: HOW MUCH
[10/23/2025 01:20:34.672 PM] Message  || User: celeryiscelery      || Channel: #purrley-pawsitive-pussy-pals        || Content: no more please 🥲
[10/23/2025 01:20:41.627 PM] Message  || User: celeryiscelery      || Channel: #purrley-pawsitive-pussy-pals        || Content: i’m gonna lose my fucking mind
[10/23/2025 01:20:49.987 PM] Message  || User: a1darek             || Channel: #purrley-pawsitive-pussy-pals        || Content: LMFAO
[10/23/2025 01:20:55.657 PM] Message  || User: adeyumii            || Channel: #yapper-committee                    || Content: thiry buckaroos
[10/23/2025 01:21:14.322 PM] React+   || User: nostalgicsapphic    || Channel: #purrley-pawsitive-pussy-pals        || emoji=😆; msg="Wow omg almost like where we found sienn..." by m_digio
[10/23/2025 01:21:44.416 PM] Message  || User: .bettercalljack     || Channel: #yapper-committee                    || Content: Fair price but i am poor
[10/23/2025 01:21:52.414 PM] Message  || User: izzyballz           || Channel: #feeding-team                        || Content: we’re out of old man gruel also right
[10/23/2025 01:21:52.414 PM] Action   || Name: feed_pending_set    || Trigger: ch=643586809166561310; user=89187... || Output: stations=Microwave; text=we’re out of old man gruel also right
[10/23/2025 01:21:59.014 PM] React+   || User: a1darek             || Channel: #yapper-committee                    || emoji=❤️; msg="Fair price but i am poor" by .bettercalljack
[10/23/2025 01:22:38.135 PM] Message  || User: adeyumii            || Channel: #feeding-team                        || Content: yea
[10/23/2025 01:24:32.231 PM] React+   || User: austinbaustinb      || Channel: #events                              || emoji=‼️; msg="Whole nightmare before Christmas soundtr..." by .s3j
[10/23/2025 01:25:00.304 PM] Message  || User: izzyballz           || Channel: #feeding-team                        || Content: are we getting more later w the rest of the food or is he just getti...
[10/23/2025 01:25:08.875 PM] React+   || User: nostalgicsapphic    || Channel: #purrley-pawsitive-pussy-pals        || emoji=😭; msg=1430979089275031563
[10/23/2025 01:25:16.049 PM] React+   || User: nostalgicsapphic    || Channel: #purrley-pawsitive-pussy-pals        || emoji=🔥; msg=1430978322099081287
[10/23/2025 01:25:24.131 PM] Message  || User: izzyballz           || Channel: #feeding-team                        || Content: either way someone else is probably gonna have to feed him today i’m...
[10/23/2025 01:25:26.583 PM] React+   || User: nostalgicsapphic    || Channel: #purrley-pawsitive-pussy-pals        || emoji=😭; msg="very startling" by celeryiscelery
[10/23/2025 01:25:54.353 PM] Message  || User: adeyumii            || Channel: #feeding-team                        || Content: i can feed him
[10/23/2025 01:25:58.050 PM] Message  || User: adeyumii            || Channel: #feeding-team                        || Content: we dont have an eta on food
[10/23/2025 01:27:18.215 PM] Message  || User: petrichor           || Channel: #feeding-team                        || Content: sorry for hijacking the convo, but i'll also need snickers' station ...
[10/23/2025 01:27:18.226 PM] Action   || Name: feed_pending_set    || Trigger: ch=643586809166561310; user=63085... || Output: stations=Snickers; text=sorry for hijacking the convo, but i'll also ...
[10/23/2025 01:27:43.934 PM] Message  || User: adeyumii            || Channel: #feeding-team                        || Content: okie dokie
[10/23/2025 01:28:32.916 PM] Message  || User: adeyumii            || Channel: #feeding-team                        || Content: miranda is covering:
snickers
coba
mikeywave
(pls ping me if you nee...
[10/23/2025 01:28:32.928 PM] Action   || Name: feed_pending_set    || Trigger: ch=643586809166561310; user=47432... || Output: stations=Business,Snickers; text=miranda is covering: snickers coba m...
[10/23/2025 01:28:40.337 PM] Message  || User: petrichor           || Channel: #feeding-team                        || Content: tysm <a:02loveheart:1395822397126606939>
[10/23/2025 01:28:41.993 PM] React+   || User: simplyshadow171295  || Channel: #cat-name-ideas                      || emoji=🔥; msg="thats so fire" by baseketballin
[10/23/2025 01:29:12.192 PM] React+   || User: _costco_wholesale_  || Channel: #cat-name-ideas                      || emoji=🔥; msg="like the ikea cat" by baseketballin
[10/23/2025 01:29:34.615 PM] React+   || User: _costco_wholesale_  || Channel: #yapper-committee                    || emoji=❤️; msg="Fair price but i am poor" by .bettercalljack
[10/23/2025 01:30:04.409 PM] Message  || User: _costco_wholesale_  || Channel: #yapper-committee                    || Content: ig they thought it was off and wanted to satisfy the primal urge of ...
[10/23/2025 01:32:05.376 PM] React+   || User: slayc127            || Channel: #yapper-committee                    || emoji=❤️; msg="Fair price but i am poor" by .bettercalljack
[10/23/2025 01:34:03.295 PM] Message  || User: reyesthighs         || Channel: #feeding-team                        || Content: yes we do? 5?
[10/23/2025 01:34:11.087 PM] Message  || User: izzyballz           || Channel: #yapper-committee                    || Content: septum healing is so so light until a crustie goes into the fresh pi...
[10/23/2025 01:34:16.552 PM] Message  || User: izzyballz           || Channel: #yapper-committee                    || Content: absolutely blinding pain
[10/23/2025 01:34:28.013 PM] Message  || User: izzyballz           || Channel: #yapper-committee                    || Content: eyes watering immediately
[10/23/2025 01:34:28.868 PM] Message  || User: reyesthighs         || Channel: #feeding-team                        || Content: Also, I am covering Microwave so don't feed him regular food
[10/23/2025 01:34:28.878 PM] Action   || Name: feed_pending_set    || Trigger: ch=643586809166561310; user=67464... || Output: stations=Microwave; text=Also, I am covering Microwave so don't feed ...
[10/23/2025 01:34:42.052 PM] Message  || User: littletechyyy       || Channel: #yapper-committee                    || Content: ridiculous
[10/23/2025 01:37:10.778 PM] Message  || User: slayc127            || Channel: #feeding-team                        || Content: we were not informed
[10/23/2025 01:37:18.129 PM] React+   || User: slayc127            || Channel: #yapper-committee                    || emoji=😭; msg="septum healing is so so light until a cr..." by izzyballz
[10/23/2025 01:37:28.090 PM] Message  || User: reyesthighs         || Channel: #feeding-team                        || Content: My B I told Megan, just DMd them to make an announcement
[10/23/2025 01:37:39.343 PM] React+   || User: littlelindentree    || Channel: #pet-pictures                        || emoji=❤️; msg=1430953421464141835
[10/23/2025 01:37:48.428 PM] Message  || User: slayc127            || Channel: #feeding-team                        || Content: totally okay!
[10/23/2025 01:37:48.444 PM] Action   || Name: feed_pending_set    || Trigger: ch=643586809166561310; user=35686... || Output: stations=Mary Kay and Zen; text=totally okay!
[10/23/2025 01:38:02.647 PM] Message  || User: littlelindentree    || Channel: #pet-pictures                        || Content: (no text; attachments=2)
[10/23/2025 01:38:08.160 PM] React+   || User: _rambone_           || Channel: #executive-board                     || emoji=🔥; msg="Avocado successfully has a new foster" by a1darek
[10/23/2025 01:38:09.869 PM] React+   || User: _rambone_           || Channel: #executive-board                     || emoji=❤️; msg="thank you for holding her for wayyyy lon..." by celeryiscelery
[10/23/2025 01:38:11.413 PM] React+   || User: _rambone_           || Channel: #executive-board                     || emoji=🔥; msg="It's like at work when the dogs pee or p..." by a1darek
[10/23/2025 01:38:15.630 PM] Message  || User: littlelindentree    || Channel: #pet-pictures                        || Content: (no text; attachments=1)
[10/23/2025 01:38:54.593 PM] Message  || User: m_digio             || Channel: #feeding-team                        || Content: @feeding team food will be refilled by 5
[10/23/2025 01:40:51.164 PM] Message  || User: m_digio             || Channel: #purrley-pawsitive-pussy-pals        || Content: Derek!!
[10/23/2025 01:41:05.453 PM] Message  || User: littlelindentree    || Channel: #pet-pictures                        || Content: My girlfriend is teaching him how to gamble!!
[10/23/2025 01:42:22.317 PM] Message  || User: littlelindentree    || Channel: #pet-pictures                        || Content: Never mind, he gave up!
[10/23/2025 01:42:41.017 PM] React+   || User: littlelindentree    || Channel: #pictures-of-the-cats                || emoji=💚; msg="quick drive by" by adeyumii
[10/23/2025 01:42:42.741 PM] Message  || User: racerdg             || Channel: #pet-pictures                        || Content: bro can not beat gold stake
[10/23/2025 01:42:44.485 PM] React+   || User: littlelindentree    || Channel: #pictures-of-the-cats                || emoji=💖; msg="maya(tl) has balls. legally he is now th..." by simplyshadow171295
[10/23/2025 01:43:17.016 PM] React+   || User: m_digio             || Channel: #cat-name-ideas                      || emoji=🔥; msg="thats so fire" by baseketballin
[10/23/2025 01:43:24.645 PM] React+   || User: m_digio             || Channel: #pet-pictures                        || emoji=❤️; msg=1430988714196340897
[10/23/2025 01:43:27.923 PM] React+   || User: m_digio             || Channel: #pet-pictures                        || emoji=❤️; msg="Never mind, he gave up!" by littlelindentree
[10/23/2025 01:43:37.545 PM] Message  || User: littlelindentree    || Channel: #pet-pictures                        || Content: Nah, he’s just a baby!
[10/23/2025 01:43:42.793 PM] Message  || User: m_digio             || Channel: #pet-pictures                        || Content: Im gonna eat him like what is that!
[10/23/2025 01:43:43.947 PM] Message  || User: littlelindentree    || Channel: #pet-pictures                        || Content: Maybe one day! 🤔
[10/23/2025 01:43:47.454 PM] Message  || User: m_digio             || Channel: #pet-pictures                        || Content: Hes all potato
[10/23/2025 01:43:50.332 PM] Message  || User: littlelindentree    || Channel: #pet-pictures                        || Content: I KNOW
[10/23/2025 01:44:15.698 PM] Message  || User: littlelindentree    || Channel: #pet-pictures                        || Content: (no text; attachments=1)
[10/23/2025 01:44:23.895 PM] Message  || User: littlelindentree    || Channel: #pet-pictures                        || Content: He’s literally just a fur potato!
[10/23/2025 01:44:32.272 PM] Message  || User: a1darek             || Channel: #purrley-pawsitive-pussy-pals        || Content: (no text; attachments=1)
[10/23/2025 01:44:37.531 PM] Message  || User: a1darek             || Channel: #purrley-pawsitive-pussy-pals        || Content: What
[10/23/2025 01:45:11.456 PM] Message  || User: m_digio             || Channel: #purrley-pawsitive-pussy-pals        || Content: My mother was not a menu item /silly
[10/23/2025 01:45:18.650 PM] Message  || User: m_digio             || Channel: #pet-pictures                        || Content: GAHH
[10/23/2025 01:45:23.293 PM] React+   || User: m_digio             || Channel: #pet-pictures                        || emoji=<:sobbing:828777375876907038>; msg=1430990224653291641
[10/23/2025 01:45:27.327 PM] Message  || User: izzyballz           || Channel: #yapper-committee                    || Content: btw i have no hold on my account from that training thing (yet)
[10/23/2025 01:45:44.435 PM] React+   || User: reyesthighs         || Channel: #itty-bitty-kitty-commitee           || emoji=😂; msg="Who" by astro_db
[10/23/2025 01:45:50.082 PM] Message  || User: reyesthighs         || Channel: #itty-bitty-kitty-commitee           || Content: I hunger
[10/23/2025 01:45:56.796 PM] Message  || User: reyesthighs         || Channel: #itty-bitty-kitty-commitee           || Content: I am going to eat Michael
[10/23/2025 01:46:00.382 PM] Message  || User: m_digio             || Channel: #itty-bitty-kitty-commitee           || Content: (no text; attachments=1)
[10/23/2025 01:46:05.927 PM] Message  || User: m_digio             || Channel: #itty-bitty-kitty-commitee           || Content: Eat elotes instead
[10/23/2025 01:46:12.184 PM] Message  || User: reyesthighs         || Channel: #itty-bitty-kitty-commitee           || Content: <:pensiveprawn:853169005002489856>
[10/23/2025 01:46:21.373 PM] Message  || User: reyesthighs         || Channel: #itty-bitty-kitty-commitee           || Content: I don't have elote money
[10/23/2025 01:46:24.998 PM] Message  || User: littlelindentree    || Channel: #pet-pictures                        || Content: My other kitty is napping in the sun, I think having a kitten in the...
[10/23/2025 01:46:33.694 PM] Message  || User: m_digio             || Channel: #itty-bitty-kitty-commitee           || Content: Mikey will feed you for a week
[10/23/2025 01:46:58.488 PM] Message  || User: .bettercalljack     || Channel: #feeding-team                        || Content: Could someone cover zen im worried thats too late for me
[10/23/2025 01:46:58.492 PM] Intent   || sub_request               ||                                               || station=Mary Kay and Zen
[10/23/2025 01:46:58.508 PM] Action   || Name: sub_request         || Trigger: station=Mary Kay and Zen; dates=2... || Output: status=logged; trigger=cover; text=Could someone cover zen im worried...
[10/23/2025 01:47:04.763 PM] Message  || User: reyesthighs         || Channel: #itty-bitty-kitty-commitee           || Content: I will slow roast him in my oven with orange juice, thyme, rosemary ...
[10/23/2025 01:47:10.468 PM] Message  || User: reyesthighs         || Channel: #itty-bitty-kitty-commitee           || Content: he will feed us for days
[10/23/2025 01:47:18.947 PM] Message  || User: reyesthighs         || Channel: #itty-bitty-kitty-commitee           || Content: we shall not know hunger
[10/23/2025 01:47:45.192 PM] Message  || User: m_digio             || Channel: #itty-bitty-kitty-commitee           || Content: Mmmmm
[10/23/2025 01:47:59.502 PM] React+   || User: m_digio             || Channel: #pet-pictures                        || emoji=❤️; msg="My other kitty is napping in the sun, I ..." by littlelindentree
[10/23/2025 01:48:19.735 PM] Message  || User: m_digio             || Channel: #pet-pictures                        || Content: I love kitties so much
[10/23/2025 01:48:48.664 PM] Message  || User: .bettercalljack     || Channel: #itty-bitty-kitty-commitee           || Content: Nvm on the 20 dollar thing im good noe
[10/23/2025 01:48:50.016 PM] Message  || User: .bettercalljack     || Channel: #itty-bitty-kitty-commitee           || Content: Now*
[10/23/2025 01:49:10.429 PM] React+   || User: littlelindentree    || Channel: #pet-pictures                        || emoji=<:smilecat:836868602220380160>; msg="I love kitties so much" by m_digio
[10/23/2025 01:49:28.528 PM] Message  || User: littlelindentree    || Channel: #pet-pictures                        || Content: (no text; attachments=1)
[10/23/2025 01:50:19.209 PM] Message  || User: kukieari            || Channel: #yapper-committee                    || Content: WAS THAT UNDET A GREEN TENT
[10/23/2025 01:50:26.945 PM] React+   || User: m_digio             || Channel: #pet-pictures                        || emoji=❤️; msg=1430991536631578765
[10/23/2025 01:50:31.119 PM] Message  || User: m_digio             || Channel: #pet-pictures                        || Content: Penish
[10/23/2025 01:50:33.258 PM] Message  || User: simplyshadow171295  || Channel: #yapper-committee                    || Content: indeed :3
[10/23/2025 01:50:37.895 PM] React+   || User: iamthelegendaryf... || Channel: #purrley-pawsitive-pussy-pals        || emoji=😭; msg="my mother JUST responded to my text i se..." by nostalgicsapphic
[10/23/2025 01:50:42.722 PM] Message  || User: kukieari            || Channel: #yapper-committee                    || Content: THATS MY ROOOOOMMMWTEE
[10/23/2025 01:50:45.226 PM] Message  || User: izzyballz           || Channel: #yapper-committee                    || Content: awee
[10/23/2025 01:51:08.853 PM] React+   || User: simplyshadow171295  || Channel: #yapper-committee                    || emoji=💖; msg="THATS MY ROOOOOMMMWTEE" by kukieari
[10/23/2025 01:53:18.037 PM] Message  || User: m_digio             || Channel: #purrley-pawsitive-pussy-pals        || Content: Barbie has two other children yes?
[10/23/2025 01:53:43.258 PM] Message  || User: littlelindentree    || Channel: #pet-pictures                        || Content: (no text; attachments=1)
[10/23/2025 01:53:49.789 PM] React+   || User: slayc127            || Channel: #yapper-committee                    || emoji=💖; msg="THATS MY ROOOOOMMMWTEE" by kukieari
[10/23/2025 01:53:52.452 PM] Message  || User: slayc127            || Channel: #yapper-committee                    || Content: THEYRE SO COOL
[10/23/2025 01:54:06.476 PM] Message  || User: m_digio             || Channel: #purrley-pawsitive-pussy-pals        || Content: Yes thats what the insta message says okay
[10/23/2025 01:54:08.956 PM] Message  || User: slayc127            || Channel: #yapper-committee                    || Content: they sent us the pics in sept and when miranda pointed them out i crode
[10/23/2025 01:54:17.742 PM] Message  || User: m_digio             || Channel: #pet-pictures                        || Content: Large mouth bass
[10/23/2025 01:54:24.610 PM] Message  || User: m_digio             || Channel: #pet-pictures                        || Content: Hold him like a fish
[10/23/2025 01:54:49.354 PM] React+   || User: kitadan             || Channel: #feeding-team                        || emoji=👍; msg="@feeding team food will be refilled by 5" by m_digio
[10/23/2025 01:55:18.368 PM] Message  || User: m_digio             || Channel: #report-new-cats                     || Content: Barbie has at least two confirmed kittens, id like to present the na...
[10/23/2025 01:55:22.724 PM] Message  || User: m_digio             || Channel: #report-new-cats                     || Content: (no text; attachments=2)
[10/23/2025 01:55:23.373 PM] Action   || Name: image_intake        || Trigger: channel=639882573199441930           || Output: rows=2
[10/23/2025 01:56:16.609 PM] React+   || User: kitadan             || Channel: #yapper-committee                    || emoji=😭; msg="septum healing is so so light until a cr..." by izzyballz
[10/23/2025 01:56:40.608 PM] React+   || User: kitadan             || Channel: #pet-pictures                        || emoji=❤️; msg="Never mind, he gave up!" by littlelindentree
[10/23/2025 01:56:43.947 PM] React+   || User: kitadan             || Channel: #pet-pictures                        || emoji=❤️; msg=1430988714196340897
[10/23/2025 01:57:02.272 PM] React+   || User: kitadan             || Channel: #pet-pictures                        || emoji=❤️; msg=1430991536631578765
[10/23/2025 01:57:13.324 PM] React+   || User: _costco_wholesale_  || Channel: #report-new-cats                     || emoji=❤️; msg="Barbie has at least two confirmed kitten..." by m_digio
[10/23/2025 01:57:37.909 PM] Message  || User: izzyballz           || Channel: #yapper-committee                    || Content: in my physics lecture for the first time in a week #breakingthecycle
[10/23/2025 01:57:39.948 PM] React+   || User: kitadan             || Channel: #report-new-cats                     || emoji=❤️; msg="Barbie has at least two confirmed kitten..." by m_digio
[10/23/2025 01:58:03.891 PM] React+   || User: slayc127            || Channel: #yapper-committee                    || emoji=😭; msg="in my physics lecture for the first time..." by izzyballz
[10/23/2025 01:58:05.650 PM] Message  || User: _costco_wholesale_  || Channel: #report-new-cats                     || Content: I LOVE THIS
[10/23/2025 01:58:46.336 PM] Message  || User: izzyballz           || Channel: #yapper-committee                    || Content: damn i think like half the class dropped
[10/23/2025 01:59:06.821 PM] React+   || User: not_d3fault_1420    || Channel: #pictures-of-the-cats                || emoji=<:macrowave:857753712591634442>; msg=1430943281356738630
[10/23/2025 01:59:22.584 PM] Message  || User: adeyumii            || Channel: #yapper-committee                    || Content: or half of them are just like you. skipping the lectures usually :D
[10/23/2025 01:59:26.783 PM] React+   || User: not_d3fault_1420    || Channel: #feeding-team                        || emoji=👍; msg="@feeding team food will be refilled by 5" by m_digio
[10/23/2025 01:59:40.653 PM] React+   || User: _costco_wholesale_  || Channel: #yapper-committee                    || emoji=😭; msg="in my physics lecture for the first time..." by izzyballz
[10/23/2025 01:59:50.192 PM] React+   || User: _costco_wholesale_  || Channel: #yapper-committee                    || emoji=👍; msg="or half of them are just like you. skipp..." by adeyumii
[10/23/2025 02:00:21.311 PM] React+   || User: not_d3fault_1420    || Channel: #pet-pictures                        || emoji=🍊; msg=1430992605323460752
[10/23/2025 02:00:37.421 PM] React+   || User: not_d3fault_1420    || Channel: #itty-bitty-kitty-commitee           || emoji=😂; msg="Who" by astro_db
[10/23/2025 02:01:15.983 PM] React+   || User: cici4f3             || Channel: #pet-pictures                        || emoji=❤️; msg=1430953421464141835
[10/23/2025 02:01:19.386 PM] React+   || User: slayc127            || Channel: #yapper-committee                    || emoji=👍; msg="or half of them are just like you. skipp..." by adeyumii
[10/23/2025 02:01:19.901 PM] React+   || User: cici4f3             || Channel: #pet-pictures                        || emoji=<:sobbing:828777375876907038>; msg=1430990224653291641
[10/23/2025 02:01:21.683 PM] React+   || User: not_d3fault_1420    || Channel: #yapper-committee                    || emoji=❤️; msg="Fair price but i am poor" by .bettercalljack
[10/23/2025 02:01:22.289 PM] Message  || User: izzyballz           || Channel: #yapper-committee                    || Content: perchance
[10/23/2025 02:01:25.222 PM] React+   || User: cici4f3             || Channel: #pet-pictures                        || emoji=🍊; msg=1430992605323460752
[10/23/2025 02:01:34.628 PM] Message  || User: slayc127            || Channel: #yapper-committee                    || Content: itz funny to see how many ppl stop coming to my 10am class mwf
[10/23/2025 02:01:50.238 PM] Message  || User: izzyballz           || Channel: #yapper-committee                    || Content: we did also just get back our exam 2 scores
[10/23/2025 02:02:02.834 PM] Message  || User: izzyballz           || Channel: #yapper-committee                    || Content: oh hold the fuck on wdym bonus lecture
[10/23/2025 02:02:11.284 PM] Message  || User: izzyballz           || Channel: #yapper-committee                    || Content: fuck my life i couldve been going home
[10/23/2025 02:02:41.534 PM] React+   || User: baseketballin       || Channel: #feeding-team                        || emoji=👍; msg="@feeding team food will be refilled by 5" by m_digio
[10/23/2025 02:02:48.023 PM] Message  || User: izzyballz           || Channel: #yapper-committee                    || Content: ok so thats where everyone went
[10/23/2025 02:02:59.645 PM] Message  || User: not_d3fault_1420    || Channel: #yapper-committee                    || Content: lmao
[10/23/2025 02:03:28.904 PM] Message  || User: izzyballz           || Channel: #yapper-committee                    || Content: im staying though i lowkey need this
[10/23/2025 02:04:08.418 PM] Message  || User: izzyballz           || Channel: #yapper-committee                    || Content: lecture titled how not to suck at physics
[10/23/2025 02:05:09.692 PM] Message  || User: izzyballz           || Channel: #yapper-committee                    || Content: and its my professor talking about his research pretty much
[10/23/2025 02:05:48.547 PM] React+   || User: slayc127            || Channel: #yapper-committee                    || emoji=😭; msg="lecture titled how not to suck at physic..." by izzyballz
[10/23/2025 02:05:55.517 PM] Message  || User: slayc127            || Channel: #yapper-committee                    || Content: LMFAOOOOOOʻ
[10/23/2025 02:06:35.567 PM] Message  || User: slayc127            || Channel: #yapper-committee                    || Content: tracks
[10/23/2025 02:06:41.256 PM] Message  || User: izzyballz           || Channel: #yapper-committee                    || Content: hes a phd student researching physics education i fw him heavy
[10/23/2025 02:07:13.569 PM] Message  || User: slayc127            || Channel: #yapper-committee                    || Content: OH SLAY
[10/23/2025 02:09:44.632 PM] React+   || User: a1darek             || Channel: #pet-pictures                        || emoji=❤️; msg="Never mind, he gave up!" by littlelindentree
[10/23/2025 02:11:46.777 PM] Message  || User: izzyballz           || Channel: #yapper-committee                    || Content: getting lectured on the importance of sleep 💔
[10/23/2025 02:13:23.273 PM] React+   || User: slayc127            || Channel: #yapper-committee                    || emoji=😭; msg="getting lectured on the importance of sl..." by izzyballz
[10/23/2025 02:14:58.866 PM] Message  || User: pancakemixteamdj    || Channel: #itty-bitty-kitty-commitee           || Content: Jealous
[10/23/2025 02:15:20.564 PM] Message  || User: pancakemixteamdj    || Channel: #itty-bitty-kitty-commitee           || Content: Actually imma get one for tmr
[10/23/2025 02:16:38.075 PM] Message  || User: izzyballz           || Channel: #yapper-committee                    || Content: and getting told to go to the gym should've just talked to my dad smh
[10/23/2025 02:17:19.531 PM] Message  || User: slayc127            || Channel: #yapper-committee                    || Content: i was just telling someone how the advice of actually eating balance...
[10/23/2025 02:17:31.661 PM] Message  || User: izzyballz           || Channel: #yapper-committee                    || Content: crying
[10/23/2025 02:17:32.083 PM] Message  || User: slayc127            || Channel: #yapper-committee                    || Content: only took me like 13 years to learn that
[10/23/2025 02:18:00.569 PM] React+   || User: vasyline            || Channel: #pictures-of-the-cats                || emoji=😭; msg="NO BALLS" by a1darek
[10/23/2025 02:18:29.329 PM] React+   || User: .bettercalljack     || Channel: #feeding-team                        || emoji=👍; msg="@feeding team food will be refilled by 5" by m_digio
[10/23/2025 02:18:37.563 PM] Message  || User: izzyballz           || Channel: #yapper-committee                    || Content: a crunch fitness is ab to open like literally 3.5 minutes from my ho...
[10/23/2025 02:19:09.947 PM] Message  || User: m_digio             || Channel: #executive-board                     || Content: My honor society im in is needing service hours so within the next f...
[10/23/2025 02:19:35.532 PM] Message  || User: _costco_wholesale_  || Channel: #pet-pictures                        || Content: LMAO
[10/23/2025 02:19:37.444 PM] React+   || User: _costco_wholesale_  || Channel: #pet-pictures                        || emoji=❤️; msg="Hold him like a fish" by m_digio
[10/23/2025 02:19:49.882 PM] Message  || User: m_digio             || Channel: #executive-board                     || Content: They want literally next tuesday which works great with my schedule ...
[10/23/2025 02:20:20.432 PM] React+   || User: a1darek             || Channel: #purrley-pawsitive-pussy-pals        || emoji=👍; msg="Barbie has two other children yes?" by m_digio
[10/23/2025 02:20:26.609 PM] Message  || User: m_digio             || Channel: #executive-board                     || Content: So i will be able to be there and alr have at least 7 ppl going, i c...
[10/23/2025 02:22:26.647 PM] Message  || User: racerdg             || Channel: #feeding-team                        || Content: uhh
[10/23/2025 02:22:28.048 PM] Message  || User: slayc127            || Channel: #executive-board                     || Content: i wont be able to join but def make a post, frame it as semi-impromptu
[10/23/2025 02:22:40.789 PM] Message  || User: m_digio             || Channel: #executive-board                     || Content: Yes ill be able to get that fixed up quickly
[10/23/2025 02:22:43.802 PM] Message  || User: slayc127            || Channel: #feeding-team                        || Content: @active feeders
[10/23/2025 02:22:45.029 PM] Message  || User: m_digio             || Channel: #executive-board                     || Content: And announce it tmrw
[10/23/2025 02:23:01.310 PM] Message  || User: slayc127            || Channel: #executive-board                     || Content: yahooo! ty megan
[10/23/2025 02:24:56.282 PM] Message  || User: izzyballz           || Channel: #feeding-team                        || Content: whats the latest you can feed
[10/23/2025 02:25:26.302 PM] Message  || User: izzyballz           || Channel: #feeding-team                        || Content: ive got food in my car but im not out of class until like 3-3:30
[10/23/2025 02:25:45.714 PM] Message  || User: the.lemonade.stand  || Channel: #executive-board                     || Content: I can agree to 25% ($5) -30% ($6) back to us
[10/23/2025 02:26:19.569 PM] Message  || User: the.lemonade.stand  || Channel: #executive-board                     || Content: and don’t overwork yourself with the crafts <:sad_cat:82877751433560...
[10/23/2025 02:26:46.969 PM] Message  || User: m_digio             || Channel: #executive-board                     || Content: I can do 25% overall, like ill be selling all my chickens and variou...
[10/23/2025 02:26:58.834 PM] React+   || User: the.lemonade.stand  || Channel: #executive-board                     || emoji=🔥; msg="I can do 25% overall, like ill be sellin..." by m_digio
[10/23/2025 02:27:05.579 PM] React+   || User: the.lemonade.stand  || Channel: #executive-board                     || emoji=🤝; msg="I can do 25% overall, like ill be sellin..." by m_digio
[10/23/2025 02:27:08.016 PM] React+   || User: slayc127            || Channel: #executive-board                     || emoji=🤝; msg="I can do 25% overall, like ill be sellin..." by m_digio
[10/23/2025 02:27:08.352 PM] React-   || User: unknown             || Channel: #executive-board                     || emoji=🤝; msg="I can do 25% overall, like ill be sellin..." by m_digio
[10/23/2025 02:27:08.908 PM] React+   || User: slayc127            || Channel: #executive-board                     || emoji=🔥; msg="I can do 25% overall, like ill be sellin..." by m_digio
[10/23/2025 02:28:49.199 PM] Message  || User: bubblebee5866       || Channel: #itty-bitty-kitty-commitee           || Content: I feel like it'd make more sense to microwave him then roast em in t...
[10/23/2025 02:29:01.812 PM] Message  || User: bubblebee5866       || Channel: #itty-bitty-kitty-commitee           || Content: Thematically
[10/23/2025 02:29:58.831 PM] React+   || User: simplyshadow171295  || Channel: #report-new-cats                     || emoji=❤️; msg="Barbie has at least two confirmed kitten..." by m_digio
[10/23/2025 02:30:30.652 PM] Message  || User: simplyshadow171295  || Channel: #report-new-cats                     || Content: if someone sends PICTURES of them i’ll add it /silly
[10/23/2025 02:30:36.686 PM] React+   || User: simplyshadow171295  || Channel: #pet-pictures                        || emoji=❤️; msg="Hold him like a fish" by m_digio
[10/23/2025 02:30:49.408 PM] React+   || User: simplyshadow171295  || Channel: #itty-bitty-kitty-commitee           || emoji=‼️; msg="Actually imma get one for tmr" by pancakemixteamdj
[10/23/2025 02:32:02.117 PM] React+   || User: bubblebee5866       || Channel: #pet-pictures                        || emoji=❤️; msg="Hold him like a fish" by m_digio
[10/23/2025 02:32:23.320 PM] React+   || User: bubblebee5866       || Channel: #pet-pictures                        || emoji=❤️; msg=1430991536631578765
[10/23/2025 02:32:26.347 PM] React+   || User: bubblebee5866       || Channel: #pet-pictures                        || emoji=🍊; msg=1430992605323460752
[10/23/2025 02:33:56.715 PM] React+   || User: bubblebee5866       || Channel: #pictures-of-the-cats                || emoji=😭; msg=1430936624199368865
[10/23/2025 02:34:54.821 PM] Message  || User: racerdg             || Channel: #yapper-committee                    || Content: should i go to my econ class theres 10 of us and i haven’t gone in l...
[10/23/2025 02:35:25.389 PM] Message  || User: izzyballz           || Channel: #yapper-committee                    || Content: break the cycle ❤️
[10/23/2025 02:35:53.202 PM] Message  || User: slayc127            || Channel: #yapper-committee                    || Content: go 🩷 free yourself 🩷
[10/23/2025 02:36:22.797 PM] Message  || User: racerdg             || Channel: #yapper-committee                    || Content: <:sillycat:1039235086756892784>
[10/23/2025 02:37:28.132 PM] React+   || User: bubblebee5866       || Channel: #pictures-of-the-cats                || emoji=❤️; msg="mr geriatric" by cici4f3
[10/23/2025 02:37:47.155 PM] React+   || User: bubblebee5866       || Channel: #pictures-of-the-cats                || emoji=🔥; msg="Avocado, Faye, and Eden" by adeyumii
[10/23/2025 02:39:07.575 PM] Message  || User: .bettercalljack     || Channel: #feeding-team                        || Content: I can technically feed whenever i just dont want to go there around ...
[10/23/2025 02:39:11.943 PM] React+   || User: bubblebee5866       || Channel: #pictures-of-the-cats                || emoji=😭; msg="NO BALLS" by a1darek
[10/23/2025 02:39:36.050 PM] Message  || User: .bettercalljack     || Channel: #feeding-team                        || Content: Probably as SOON as the food is available thats the latest
[10/23/2025 02:40:22.947 PM] React+   || User: littlelindentree    || Channel: #pet-pictures                        || emoji=😋; msg="Hold him like a fish" by m_digio
[10/23/2025 02:40:33.544 PM] Message  || User: littlelindentree    || Channel: #pet-pictures                        || Content: When I get home from work, absolutely!
[10/23/2025 02:44:17.552 PM] Message  || User: void_now            || Channel: #pet-pictures                        || Content: He's so cute
[10/23/2025 02:44:31.477 PM] Message  || User: void_now            || Channel: #pet-pictures                        || Content: I love his coloring
[10/23/2025 02:44:49.826 PM] React+   || User: .bettercalljack     || Channel: #pet-pictures                        || emoji=🍊; msg=1430992605323460752
[10/23/2025 02:46:19.970 PM] Message  || User: izzyballz           || Channel: #feeding-team                        || Content: you live in west hall right
[10/23/2025 02:46:19.974 PM] Action   || Name: feed_pending_set    || Trigger: ch=643586809166561310; user=89187... || Output: stations=West Hall; text=you live in west hall right
[10/23/2025 02:47:11.863 PM] Message  || User: izzyballz           || Channel: #feeding-team                        || Content: i can probably drop off my bucket before i head home
[10/23/2025 02:47:27.064 PM] Message  || User: m_digio             || Channel: #report-new-cats                     || Content: I have the shakiest photo of one of the kittens butt
[10/23/2025 02:49:21.756 PM] Message  || User: izzyballz           || Channel: #feeding-team                        || Content: you can just leave it at the food storage (if megan doesnt mind) and...
[10/23/2025 02:49:21.768 PM] Action   || Name: feed_pending_set    || Trigger: ch=643586809166561310; user=89187... || Output: stations=Maintenance; text=you can just leave it at the food storage ...
[10/23/2025 02:49:30.361 PM] Message  || User: slayc127            || Channel: #feeding-team                        || Content: izzy balls is so kind and generous
[10/23/2025 02:49:40.425 PM] React+   || User: slayc127            || Channel: #report-new-cats                     || emoji=😭; msg="I have the shakiest photo of one of the ..." by m_digio
[10/23/2025 02:49:40.979 PM] React+   || User: izzyballz           || Channel: #feeding-team                        || emoji=❤️; msg="izzy balls is so kind and generous" by slayc127
[10/23/2025 02:50:48.525 PM] Message  || User: m_digio             || Channel: #feeding-team                        || Content: totally fine js label it if you dont want anyone using it
[10/23/2025 02:52:03.850 PM] Message  || User: .bettercalljack     || Channel: #feeding-team                        || Content: Yeah
[10/23/2025 02:52:07.722 PM] Message  || User: .bettercalljack     || Channel: #feeding-team                        || Content: That works
[10/23/2025 02:52:40.794 PM] React+   || User: baseketballin       || Channel: #feeding-team                        || emoji=❤️; msg="izzy balls is so kind and generous" by slayc127
[10/23/2025 02:54:10.361 PM] React+   || User: izzyballz           || Channel: #feeding-team                        || emoji=🫶; msg="totally fine js label it if you dont wan..." by m_digio
[10/23/2025 02:54:23.880 PM] Message  || User: izzyballz           || Channel: #feeding-team                        || Content: ok cool i'll lyk when im heading over
[10/23/2025 02:55:03.802 PM] React+   || User: .bettercalljack     || Channel: #feeding-team                        || emoji=❤️; msg="izzy balls is so kind and generous" by slayc127
[10/23/2025 02:57:46.848 PM] React+   || User: orphean_            || Channel: #feeding-team                        || emoji=🫁; msg="*Sniff sniff*" by Carl-bot
[10/23/2025 03:01:39.157 PM] Message  || User: izzyballz           || Channel: #yapper-committee                    || Content: lowk fire
[10/23/2025 03:04:20.265 PM] React+   || User: kitadan             || Channel: #feeding-team                        || emoji=❤️; msg="izzy balls is so kind and generous" by slayc127
[10/23/2025 03:04:34.834 PM] Message  || User: izzyballz           || Channel: #yapper-committee                    || Content: if i could move the english to before physics instead of after it'd ...
[10/23/2025 03:04:50.258 PM] Message  || User: izzyballz           || Channel: #yapper-committee                    || Content: fuck ass job
[10/23/2025 03:04:58.332 PM] React+   || User: slayc127            || Channel: #yapper-committee                    || emoji=🔥; msg="lowk fire" by izzyballz
[10/23/2025 03:05:02.082 PM] Message  || User: slayc127            || Channel: #yapper-committee                    || Content: flamesssss
[10/23/2025 03:05:56.682 PM] React+   || User: .bettercalljack     || Channel: #yapper-committee                    || emoji=🔥; msg="lowk fire" by izzyballz
[10/23/2025 03:09:16.678 PM] Message  || User: racerdg             || Channel: #yapper-committee                    || Content: oh shit i think i forgot about my councilor appointment yesterday
[10/23/2025 03:09:20.034 PM] Message  || User: racerdg             || Channel: #yapper-committee                    || Content: <:ree:813284570161086465>
[10/23/2025 03:09:23.911 PM] Message  || User: racerdg             || Channel: #yapper-committee                    || Content: awkward
[10/23/2025 03:09:24.434 PM] Message  || User: _costco_wholesale_  || Channel: #pictures-of-the-cats                || Content: drools more than my dog
[10/23/2025 03:09:24.991 PM] Action   || Name: image_intake        || Trigger: channel=551084964318543904           || Output: rows=1
[10/23/2025 03:09:34.388 PM] React+   || User: _costco_wholesale_  || Channel: #pictures-of-the-cats                || emoji=😭; msg="NO BALLS" by a1darek
[10/23/2025 03:11:21.831 PM] Message  || User: _costco_wholesale_  || Channel: #pictures-of-the-cats                || Content: (no text; attachments=1)
[10/23/2025 03:11:22.382 PM] Action   || Name: image_intake        || Trigger: channel=551084964318543904           || Output: rows=1
[10/23/2025 03:13:45.224 PM] Message  || User: adeyumii            || Channel: #pictures-of-the-cats                || Content: god I love her
[10/23/2025 03:15:22.218 PM] React+   || User: simplyshadow171295  || Channel: #yapper-committee                    || emoji=🔥; msg="lowk fire" by izzyballz
[10/23/2025 03:15:43.818 PM] React+   || User: simplyshadow171295  || Channel: #pictures-of-the-cats                || emoji=💖; msg=1431012144811348020
[10/23/2025 03:16:12.430 PM] Message  || User: simplyshadow171295  || Channel: #pictures-of-the-cats                || Content: she’s so pretty
[10/23/2025 03:16:16.383 PM] React+   || User: simplyshadow171295  || Channel: #report-new-cats                     || emoji=😭; msg="I have the shakiest photo of one of the ..." by m_digio
[10/23/2025 03:16:34.130 PM] Message  || User: _costco_wholesale_  || Channel: #pictures-of-the-cats                || Content: (no text; attachments=1)
[10/23/2025 03:16:34.818 PM] Action   || Name: image_intake        || Trigger: channel=551084964318543904           || Output: rows=1
[10/23/2025 03:16:37.488 PM] React+   || User: slayc127            || Channel: #pictures-of-the-cats                || emoji=💖; msg=1431012144811348020
[10/23/2025 03:16:44.097 PM] React+   || User: simplyshadow171295  || Channel: #pictures-of-the-cats                || emoji=💖; msg=1431013454839418981
[10/23/2025 03:16:49.278 PM] Message  || User: simplyshadow171295  || Channel: #pictures-of-the-cats                || Content: megamind lookin ah
[10/23/2025 03:17:17.011 PM] Message  || User: slayc127            || Channel: #purrley-pawsitive-pussy-pals        || Content: smh (im judgemental)
[10/23/2025 03:17:28.818 PM] React+   || User: .bettercalljack     || Channel: #pictures-of-the-cats                || emoji=💖; msg=1431013454839418981
[10/23/2025 03:17:37.298 PM] Message  || User: _costco_wholesale_  || Channel: #pictures-of-the-cats                || Content: she nap now
[10/23/2025 03:18:30.356 PM] Message  || User: slayc127            || Channel: #purrley-pawsitive-pussy-pals        || Content: for context i think its so silly ppl using us for promo (but microwa...
[10/23/2025 03:23:13.867 PM] Message  || User: celeryiscelery      || Channel: #executive-board                     || Content: works for me
[10/23/2025 03:29:55.744 PM] Message  || User: _costco_wholesale_  || Channel: #pictures-of-the-cats                || Content: (no text; attachments=2)
[10/23/2025 03:29:56.173 PM] Action   || Name: image_intake        || Trigger: channel=551084964318543904           || Output: rows=2
[10/23/2025 03:29:59.888 PM] Message  || User: _costco_wholesale_  || Channel: #pictures-of-the-cats                || Content: eg
[10/23/2025 03:30:00.382 PM] Action   || Name: image_intake        || Trigger: channel=551084964318543904           || Output: rows=1
[10/23/2025 03:30:04.616 PM] Message  || User: _costco_wholesale_  || Channel: #pictures-of-the-cats                || Content: wgg and eraser
[10/23/2025 03:30:05.346 PM] Action   || Name: image_intake        || Trigger: channel=551084964318543904           || Output: rows=1
[10/23/2025 03:33:58.347 PM] React+   || User: nostalgicsapphic    || Channel: #purrley-pawsitive-pussy-pals        || emoji=‼️; msg="smh (im judgemental)" by slayc127
[10/23/2025 03:34:27.731 PM] Message  || User: izzyballz           || Channel: #feeding-team                        || Content: @Jack ok i just got my car should be at west in like 5-10 min
[10/23/2025 03:34:27.744 PM] Action   || Name: feed_pending_set    || Trigger: ch=643586809166561310; user=89187... || Output: stations=West Hall; text=<@1037772447509917717> ok i just got my car ...
[10/23/2025 03:37:25.999 PM] Message  || User: slayc127            || Channel: #purrley-pawsitive-pussy-pals        || Content: i forgot i have to write up a bio page for my honors paper
[10/23/2025 03:37:27.047 PM] Message  || User: slayc127            || Channel: #purrley-pawsitive-pussy-pals        || Content: end me
[10/23/2025 03:39:46.975 PM] Message  || User: .bettercalljack     || Channel: #yapper-committee                    || Content: Can someone PLEASE regulate ai omfg
[10/23/2025 03:40:28.898 PM] Message  || User: .bettercalljack     || Channel: #yapper-committee                    || Content: I almost cried to a video of an adult cat not getting adopted but it...
[10/23/2025 03:41:06.049 PM] Message  || User: austinbaustinb      || Channel: #executive-board                     || Content: We may want to update this
[10/23/2025 03:41:06.851 PM] Message  || User: a1darek             || Channel: #executive-board                     || Content: Avocado has been dropped off
[10/23/2025 03:41:13.742 PM] React+   || User: austinbaustinb      || Channel: #executive-board                     || emoji=🔥; msg="Avocado has been dropped off" by a1darek
[10/23/2025 03:41:25.728 PM] Message  || User: slayc127            || Channel: #purrley-pawsitive-pussy-pals        || Content: DOUG STARK CANNOT BE SERIOUS
[10/23/2025 03:41:27.883 PM] Message  || User: a1darek             || Channel: #executive-board                     || Content: They will be doing shots via penny paws and we'll cover the cost yes
[10/23/2025 03:41:34.473 PM] React+   || User: .bettercalljack     || Channel: #feeding-team                        || emoji=👍; msg="@Jack ok i just got my car should be at ..." by izzyballz
[10/23/2025 03:41:49.183 PM] Message  || User: slayc127            || Channel: #purrley-pawsitive-pussy-pals        || Content: okay nevermind this was misleading i thought he assigned 50 pages to...
[10/23/2025 03:41:49.625 PM] Message  || User: a1darek             || Channel: #executive-board                     || Content: Also I did want to talk about clinical exams and if we'll be<:yeaa:1...
[10/23/2025 03:41:51.592 PM] React+   || User: nostalgicsapphic    || Channel: #purrley-pawsitive-pussy-pals        || emoji=‼️; msg="i forgot i have to write up a bio page f..." by slayc127
[10/23/2025 03:41:52.286 PM] React-   || User: unknown             || Channel: #purrley-pawsitive-pussy-pals        || emoji=‼️; msg="i forgot i have to write up a bio page f..." by slayc127
[10/23/2025 03:41:53.695 PM] React+   || User: nostalgicsapphic    || Channel: #purrley-pawsitive-pussy-pals        || emoji=😭; msg="i forgot i have to write up a bio page f..." by slayc127
[10/23/2025 03:41:54.418 PM] Message  || User: .bettercalljack     || Channel: #feeding-team                        || Content: Lmk when youre here in a Garfield shirt and jeans with a tote bag
[10/23/2025 03:41:56.394 PM] React+   || User: nostalgicsapphic    || Channel: #purrley-pawsitive-pussy-pals        || emoji=😆; msg="okay nevermind this was misleading i tho..." by slayc127
[10/23/2025 03:42:11.402 PM] Message  || User: slayc127            || Channel: #purrley-pawsitive-pussy-pals        || Content: i cant even get this pdf to load what is this
[10/23/2025 03:42:56.776 PM] React+   || User: celeryiscelery      || Channel: #executive-board                     || emoji=🔥; msg="Avocado has been dropped off" by a1darek
[10/23/2025 03:43:05.531 PM] React+   || User: slayc127            || Channel: #executive-board                     || emoji=🔥; msg="Avocado has been dropped off" by a1darek
[10/23/2025 03:43:10.830 PM] React+   || User: slayc127            || Channel: #executive-board                     || emoji=😭; msg="Also I did want to talk about clinical e..." by a1darek
[10/23/2025 03:43:11.786 PM] Message  || User: celeryiscelery      || Channel: #executive-board                     || Content: after we cash our money
[10/23/2025 03:43:26.949 PM] React+   || User: simplyshadow171295  || Channel: #yapper-committee                    || emoji=😭; msg="I almost cried to a video of an adult ca..." by .bettercalljack
[10/23/2025 03:44:01.359 PM] Message  || User: slayc127            || Channel: #purrley-pawsitive-pussy-pals        || Content: well no this is still around 30 pages of reading with art interspers...
[10/23/2025 03:44:10.033 PM] Message  || User: dandelion021._.     || Channel: #yapper-committee                    || Content: IDA KLANG IS THE BEST
[10/23/2025 03:44:14.718 PM] Message  || User: izzyballz           || Channel: #feeding-team                        || Content: i’m out front !
[10/23/2025 03:44:17.249 PM] Message  || User: dandelion021._.     || Channel: #yapper-committee                    || Content: i had her last semester
[10/23/2025 03:44:19.372 PM] Message  || User: izzyballz           || Channel: #feeding-team                        || Content: white honda fit
[10/23/2025 03:44:26.710 PM] Message  || User: dandelion021._.     || Channel: #yapper-committee                    || Content: she gives out lottery tickets on review days
[10/23/2025 03:44:58.594 PM] React+   || User: slayc127            || Channel: #yapper-committee                    || emoji=😆; msg="she gives out lottery tickets on review ..." by dandelion021._.
[10/23/2025 03:45:22.533 PM] React+   || User: a1darek             || Channel: #executive-board                     || emoji=👍; msg="after we cash our money" by celeryiscelery
[10/23/2025 03:45:23.498 PM] Message  || User: dandelion021._.     || Channel: #yapper-committee                    || Content: and she’s so iconic, her husbands a lawyer and she dresses like old ...
[10/23/2025 03:45:24.019 PM] Message  || User: a1darek             || Channel: #executive-board                     || Content: Perf
[10/23/2025 03:45:29.825 PM] Message  || User: celeryiscelery      || Channel: #pictures-of-the-cats                || Content: (no text; attachments=1)
[10/23/2025 03:45:30.314 PM] Action   || Name: image_intake        || Trigger: channel=551084964318543904           || Output: rows=1
[10/23/2025 03:45:32.721 PM] Message  || User: slayc127            || Channel: #purrley-pawsitive-pussy-pals        || Content: do we think he would accept haterisms for haterisms sake
[10/23/2025 03:45:39.127 PM] Message  || User: a1darek             || Channel: #executive-board                     || Content: Shots should only be about 80 for 2 trips
[10/23/2025 03:45:39.412 PM] Edit     || User: dandelion021._.     || Channel: #yapper-committee                    || and she’s so iconic, her husbands a lawyer and she dresses like old money and...
[10/23/2025 03:45:43.004 PM] Message  || User: slayc127            || Channel: #purrley-pawsitive-pussy-pals        || Content: hes british i feel like hes legally supposed to
[10/23/2025 03:45:51.575 PM] React+   || User: slayc127            || Channel: #pictures-of-the-cats                || emoji=‼️; msg=1431020734309863506
[10/23/2025 03:45:55.538 PM] React+   || User: celeryiscelery      || Channel: #executive-board                     || emoji=<:gaga:1413361490634870969>; msg="Shots should only be about 80 for 2 t...
[10/23/2025 03:46:00.715 PM] React+   || User: slayc127            || Channel: #yapper-committee                    || emoji=😭; msg="and she’s so iconic, her husbands a lawy..." by dandelion021._.
[10/23/2025 03:46:34.086 PM] React+   || User: dandelion021._.     || Channel: #yapper-committee                    || emoji=😭; msg="I almost cried to a video of an adult ca..." by .bettercalljack
[10/23/2025 03:46:47.211 PM] React+   || User: _costco_wholesale_  || Channel: #pictures-of-the-cats                || emoji=‼️; msg=1431020734309863506
[10/23/2025 03:46:47.578 PM] Message  || User: a1darek             || Channel: #executive-board                     || Content: cel i do not know what emotions that emoji is supposed to conveu
[10/23/2025 03:47:50.689 PM] Message  || User: slayc127            || Channel: #executive-board                     || Content: gaga contains all
[10/23/2025 03:49:55.551 PM] Message  || User: celeryiscelery      || Channel: #executive-board                     || Content: sounds good
[10/23/2025 03:50:20.023 PM] React+   || User: a1darek             || Channel: #executive-board                     || emoji=👍; msg="sounds good" by celeryiscelery
[10/23/2025 03:51:30.470 PM] React+   || User: simplyshadow171295  || Channel: #pictures-of-the-cats                || emoji=‼️; msg=1431020734309863506
[10/23/2025 03:54:00.185 PM] React+   || User: kitadan             || Channel: #pictures-of-the-cats                || emoji=💖; msg=1431012144811348020
[10/23/2025 03:54:29.952 PM] React+   || User: kitadan             || Channel: #yapper-committee                    || emoji=😭; msg="I almost cried to a video of an adult ca..." by .bettercalljack
[10/23/2025 03:54:41.185 PM] React+   || User: skelehusk           || Channel: #pictures-of-the-cats                || emoji=<:macrowave:857753712591634442>; msg=1430943281356738630
[10/23/2025 03:54:58.052 PM] React+   || User: skelehusk           || Channel: #pictures-of-the-cats                || emoji=💚; msg="quick drive by" by adeyumii
[10/23/2025 03:54:59.132 PM] React+   || User: skelehusk           || Channel: #pictures-of-the-cats                || emoji=💖; msg="maya(tl) has balls. legally he is now th..." by simplyshadow171295
[10/23/2025 03:55:02.795 PM] React+   || User: skelehusk           || Channel: #pictures-of-the-cats                || emoji=💖; msg=1431013454839418981
[10/23/2025 03:55:06.403 PM] React+   || User: skelehusk           || Channel: #pictures-of-the-cats                || emoji=‼️; msg=1431020734309863506
[10/23/2025 03:56:37.432 PM] Message  || User: yaeji               || Channel: #yapper-committee                    || Content: texas weather just hates freshly washed cars
[10/23/2025 03:56:54.215 PM] Message  || User: yaeji               || Channel: #yapper-committee                    || Content: you think a day is right and then texas slaps you with 40% chance of...
[10/23/2025 04:02:58.512 PM] Message  || User: a1darek             || Channel: #yapper-committee                    || Content: an off day
[10/23/2025 04:03:03.915 PM] Message  || User: a1darek             || Channel: #yapper-committee                    || Content: I will cry
[10/23/2025 04:03:53.302 PM] Message  || User: a1darek             || Channel: #purrley-pawsitive-pussy-pals        || Content: (no text; attachments=1)
[10/23/2025 04:07:56.579 PM] Message  || User: celeryiscelery      || Channel: #purrley-pawsitive-pussy-pals        || Content: does she want a cat or not😭😭
[10/23/2025 04:10:19.209 PM] React+   || User: not_d3fault_1420    || Channel: #pictures-of-the-cats                || emoji=💖; msg=1431012144811348020
[10/23/2025 04:10:21.227 PM] React+   || User: not_d3fault_1420    || Channel: #pictures-of-the-cats                || emoji=💖; msg=1431013454839418981
[10/23/2025 04:10:29.466 PM] React+   || User: not_d3fault_1420    || Channel: #pictures-of-the-cats                || emoji=‼️; msg=1431020734309863506
[10/23/2025 04:12:15.111 PM] Message  || User: .bettercalljack     || Channel: #feeding-team                        || Content: Zen fed
[10/23/2025 04:12:15.111 PM] Action   || Name: feed_pending_exp... || Trigger: ch=643586809166561310; user=10377... || Output: 
[10/23/2025 04:12:15.111 PM] Intent   || feed_update               ||                                               || station=Mary Kay and Zen; dates=['2025-10-23']
[10/23/2025 04:12:16.973 PM] Action   || Name: sheet_mark          || Trigger: station=Mary Kay and Zen date=202... || Output: ok
[10/23/2025 04:12:16.973 PM] Action   || Name: feed_update         || Trigger: station=Mary Kay and Zen; dates=2... || Output: ok
[10/23/2025 04:12:21.266 PM] Message  || User: .bettercalljack     || Channel: #feeding-team                        || Content: Btw if a jug is leaking do i just trash it
[10/23/2025 04:12:37.482 PM] Message  || User: .bettercalljack     || Channel: #feeding-team                        || Content: Dumb question but idk if yall would want it for something
[10/23/2025 04:13:27.890 PM] Message  || User: a1darek             || Channel: #executive-board                     || Content: Sorry kaci but my dad is 100% doing the "dad and the cst they didn't...
[10/23/2025 04:13:48.608 PM] Message  || User: a1darek             || Channel: #purrley-pawsitive-pussy-pals        || Content: bro my parents are keeping her
[10/23/2025 04:13:55.831 PM] Message  || User: a1darek             || Channel: #purrley-pawsitive-pussy-pals        || Content: Somehow it's not even my decision anymore
[10/23/2025 04:14:33.294 PM] Message  || User: .bettercalljack     || Channel: #feeding-team                        || Content: Ima go ahead its for sure leaking
[10/23/2025 04:14:33.294 PM] Intent   || sub_accept                ||                                              
[10/23/2025 04:14:33.326 PM] Action   || Name: sub_accept          || Trigger: user=1037772447509917717; sub_id=... || Output: status=ok; text=Ima go ahead its for sure leaking
[10/23/2025 04:14:48.774 PM] Message  || User: celeryiscelery      || Channel: #executive-board                     || Content: tell them to fill out an adoption form
[10/23/2025 04:15:36.701 PM] React+   || User: .bettercalljack     || Channel: #pictures-of-the-cats                || emoji=‼️; msg=1431020734309863506
[10/23/2025 04:20:06.258 PM] Message  || User: a1darek             || Channel: #executive-board                     || Content: nah me and my mom are essentially going to give her to kaci
[10/23/2025 04:20:10.360 PM] Message  || User: a1darek             || Channel: #executive-board                     || Content: my dad is being a man
[10/23/2025 04:23:59.686 PM] Message  || User: adeyumii            || Channel: #itty-bitty-kitty-commitee           || Content: @Atlas ᓚᘏᗢ sticker idea for the bake sale 2 weeks from now teehee
[10/23/2025 04:24:18.295 PM] Message  || User: adeyumii            || Channel: #itty-bitty-kitty-commitee           || Content: (no text; attachments=1)
[10/23/2025 04:29:33.413 PM] Message  || User: layotu              || Channel: #pictures-of-the-cats                || Content: (no text; attachments=1)
[10/23/2025 04:29:33.862 PM] Action   || Name: image_intake        || Trigger: channel=551084964318543904           || Output: rows=1
[10/23/2025 04:30:15.989 PM] React+   || User: simplyshadow171295  || Channel: #itty-bitty-kitty-commitee           || emoji=‼️; msg="@Atlas ᓚᘏᗢ sticker idea for the bake sal..." by adeyumii
[10/23/2025 04:30:29.299 PM] Message  || User: adeyumii            || Channel: #itty-bitty-kitty-commitee           || Content: i have also thought about, and this is stupid af,
[10/23/2025 04:30:50.766 PM] Message  || User: adeyumii            || Channel: #itty-bitty-kitty-commitee           || Content: barbie with the caption "i thought this was a body building contest"...
[10/23/2025 04:30:56.864 PM] React+   || User: simplyshadow171295  || Channel: #itty-bitty-kitty-commitee           || emoji=😭; msg="barbie with the caption "i thought this ..." by adeyumii
[10/23/2025 04:31:03.944 PM] Message  || User: adeyumii            || Channel: #itty-bitty-kitty-commitee           || Content: since she lives on wampus near the gym
[10/23/2025 04:31:18.464 PM] Message  || User: simplyshadow171295  || Channel: #itty-bitty-kitty-commitee           || Content: we should so do a bobbie vs barbie competition
[10/23/2025 04:31:23.600 PM] Message  || User: adeyumii            || Channel: #itty-bitty-kitty-commitee           || Content: hoe off
[10/23/2025 04:31:26.967 PM] Message  || User: adeyumii            || Channel: #itty-bitty-kitty-commitee           || Content: hoe down
[10/23/2025 04:31:29.798 PM] Message  || User: .bettercalljack     || Channel: #feeding-team                        || Content: Your food bucket is in the food storage its on top the food jugs
[10/23/2025 04:31:43.781 PM] Message  || User: simplyshadow171295  || Channel: #itty-bitty-kitty-commitee           || Content: all the prolific campus hoes in a march madness-style bracket
[10/23/2025 04:31:57.117 PM] Message  || User: simplyshadow171295  || Channel: #itty-bitty-kitty-commitee           || Content: bobbie, noir, barbie
[10/23/2025 04:32:04.504 PM] Message  || User: simplyshadow171295  || Channel: #itty-bitty-kitty-commitee           || Content: who else
[10/23/2025 04:32:14.310 PM] Message  || User: simplyshadow171295  || Channel: #itty-bitty-kitty-commitee           || Content: ~~itztli~~
[10/23/2025 04:34:56.074 PM] Message  || User: adeyumii            || Channel: #itty-bitty-kitty-commitee           || Content: rubber formerly
[10/23/2025 04:35:29.386 PM] React+   || User: simplyshadow171295  || Channel: #itty-bitty-kitty-commitee           || emoji=‼️; msg="rubber formerly" by adeyumii
[10/23/2025 04:35:44.690 PM] Message  || User: simplyshadow171295  || Channel: #itty-bitty-kitty-commitee           || Content: she’s still a hoe in our hearts
[10/23/2025 04:35:46.141 PM] Message  || User: simplyshadow171295  || Channel: #itty-bitty-kitty-commitee           || Content: gorygreg
[10/23/2025 04:36:48.278 PM] Message  || User: slayc127            || Channel: #purrley-pawsitive-pussy-pals        || Content: @Derek [TNR] when did u get here
[10/23/2025 04:38:23.953 PM] React+   || User: slayc127            || Channel: #itty-bitty-kitty-commitee           || emoji=😭; msg="barbie with the caption "i thought this ..." by adeyumii
[10/23/2025 04:39:18.759 PM] React+   || User: izzyballz           || Channel: #feeding-team                        || emoji=👍; msg="Your food bucket is in the food storage ..." by .bettercalljack
[10/23/2025 04:40:24.158 PM] Message  || User: a1darek             || Channel: #purrley-pawsitive-pussy-pals        || Content: my bad
[10/23/2025 04:40:40.456 PM] Message  || User: a1darek             || Channel: #purrley-pawsitive-pussy-pals        || Content: i mitosisted 3 months and 26 days ago and forgot to say anything
[10/23/2025 04:41:21.801 PM] React+   || User: nostalgicsapphic    || Channel: #purrley-pawsitive-pussy-pals        || emoji=😆; msg="i mitosisted 3 months and 26 days ago an..." by a1darek
[10/23/2025 04:43:35.978 PM] React+   || User: slayc127            || Channel: #purrley-pawsitive-pussy-pals        || emoji=😆; msg="i mitosisted 3 months and 26 days ago an..." by a1darek
[10/23/2025 04:44:58.051 PM] React+   || User: nyahao              || Channel: #pictures-of-the-cats                || emoji=‼️; msg=1431020734309863506
[10/23/2025 04:45:04.719 PM] React+   || User: nyahao              || Channel: #pictures-of-the-cats                || emoji=💖; msg=1431013454839418981
[10/23/2025 04:48:00.711 PM] Message  || User: not_d3fault_1420    || Channel: #pictures-of-the-cats                || Content: he’s back in his bed!?
[10/23/2025 04:48:37.188 PM] Message  || User: lou10ntdan          || Channel: #events                              || Content: https://open.spotify.com/playlist/6awYqvKQ2qJjhZl8rJwl9Q?si=fLXpOtBd...
[10/23/2025 04:48:38.721 PM] Edit     || User: lou10ntdan          || Channel: #events                              || https://open.spotify.com/playlist/6awYqvKQ2qJjhZl8rJwl9Q?si=fLXpOtBdRHOm6b5Bh...
[10/23/2025 04:48:48.834 PM] Message  || User: lou10ntdan          || Channel: #events                              || Content: I have a 4 hr Halloween playlist lol
[10/23/2025 04:49:55.747 PM] React+   || User: m_digio             || Channel: #executive-board                     || emoji=🔥; msg="Avocado has been dropped off" by a1darek
[10/23/2025 04:50:55.429 PM] React+   || User: the_frog.sorcerer   || Channel: #yapper-committee                    || emoji=😭; msg="they sent us the pics in sept and when m..." by slayc127
[10/23/2025 04:52:25.173 PM] Message  || User: the_frog.sorcerer   || Channel: #yapper-committee                    || Content: Dammit i always miss the market 💔
[10/23/2025 04:54:38.480 PM] Message  || User: the_frog.sorcerer   || Channel: #yapper-committee                    || Content: Does she sell outside of campus activities 🙏🥺
[10/23/2025 04:54:48.040 PM] Message  || User: austinbaustinb      || Channel: #purrley-pawsitive-pussy-pals        || Content: Lowkey when’s da party tomorrow
[10/23/2025 04:55:02.401 PM] Message  || User: m_digio             || Channel: #purrley-pawsitive-pussy-pals        || Content: Starts at 7
[10/23/2025 04:55:07.108 PM] React+   || User: austinbaustinb      || Channel: #purrley-pawsitive-pussy-pals        || emoji=👍; msg="Starts at 7" by m_digio
[10/23/2025 04:55:16.349 PM] Message  || User: m_digio             || Channel: #purrley-pawsitive-pussy-pals        || Content: Ill be getting there around 5 to set up
[10/23/2025 04:55:35.550 PM] Message  || User: m_digio             || Channel: #events                              || Content: Fiiree
[10/23/2025 04:55:41.870 PM] React+   || User: m_digio             || Channel: #itty-bitty-kitty-commitee           || emoji=‼️; msg="@Atlas ᓚᘏᗢ sticker idea for the bake sal..." by adeyumii
[10/23/2025 04:55:50.171 PM] Message  || User: kukieari            || Channel: #yapper-committee                    || Content: yk im not sure, but i can def ask!
[10/23/2025 04:55:53.653 PM] Message  || User: kukieari            || Channel: #yapper-committee                    || Content: shes super sweet<:ff_TikTok_SparkleEyes:1339096316495527977>
[10/23/2025 04:55:58.139 PM] Message  || User: kukieari            || Channel: #yapper-committee                    || Content: i lauv her
[10/23/2025 04:56:03.076 PM] React+   || User: the_frog.sorcerer   || Channel: #yapper-committee                    || emoji=❤️; msg="yk im not sure, but i can def ask!" by kukieari
[10/23/2025 04:56:16.912 PM] Message  || User: kitadan             || Channel: #yapper-committee                    || Content: I'm chuckling to myself over the name of a town in the Caribbean tha...
[10/23/2025 04:56:32.932 PM] Edit     || User: kitadan             || Channel: #yapper-committee                    || I'm chuckling to myself over the name of a town in the Caribbean that was sho...
[10/23/2025 04:57:15.608 PM] React+   || User: m_digio             || Channel: #purrley-pawsitive-pussy-pals        || emoji=😭; msg=1431025364037140642
[10/23/2025 04:58:37.980 PM] React+   || User: simplyshadow171295  || Channel: #yapper-committee                    || emoji=❓; msg="I'm chuckling to myself over the name of..." by kitadan
[10/23/2025 04:59:26.003 PM] React+   || User: m_digio             || Channel: #purrley-pawsitive-pussy-pals        || emoji=😆; msg="i mitosisted 3 months and 26 days ago an..." by a1darek
[10/23/2025 05:01:22.186 PM] Message  || User: kcreepertux04       || Channel: #yapper-committee                    || Content: NTTA a fuckin scam
[10/23/2025 05:01:37.380 PM] Message  || User: kcreepertux04       || Channel: #yapper-committee                    || Content: i was charged $20 for tolls when my car was on a tow truck, NTTA ref...
[10/23/2025 05:01:43.510 PM] Message  || User: kcreepertux04       || Channel: #yapper-committee                    || Content: fuckin bullshit
[10/23/2025 05:03:48.349 PM] React+   || User: austinbaustinb      || Channel: #yapper-committee                    || emoji=❤️; msg="i was charged $20 for tolls when my car ..." by kcreepertux04
[10/23/2025 05:04:14.531 PM] Message  || User: austinbaustinb      || Channel: #yapper-committee                    || Content: Don’t pay and take em to court if they’re giving u shit about it
[10/23/2025 05:04:37.019 PM] Message  || User: austinbaustinb      || Channel: #yapper-committee                    || Content: Or dispute the charge with ur bank if already charged
[10/23/2025 05:06:17.037 PM] Message  || User: .bettercalljack     || Channel: #pictures-of-the-cats                || Content: (no text; attachments=2)
[10/23/2025 05:06:17.514 PM] Action   || Name: image_intake        || Trigger: channel=551084964318543904           || Output: rows=2
[10/23/2025 05:09:24.414 PM] React+   || User: not_d3fault_1420    || Channel: #pictures-of-the-cats                || emoji=‼️; msg=1431031823219167312
[10/23/2025 05:09:26.797 PM] React+   || User: not_d3fault_1420    || Channel: #pictures-of-the-cats                || emoji=‼️; msg=1431041065837924533
[10/23/2025 05:11:41.901 PM] React+   || User: littletechyyy       || Channel: #yapper-committee                    || emoji=❤️; msg="i was charged $20 for tolls when my car ..." by kcreepertux04
[10/23/2025 05:13:50.483 PM] Message  || User: kcreepertux04       || Channel: #yapper-committee                    || Content: trying to get the tow truck company to reimburse me first
[10/23/2025 05:16:36.698 PM] React+   || User: slayc127            || Channel: #pictures-of-the-cats                || emoji=‼️; msg=1431041065837924533
[10/23/2025 05:17:59.747 PM] Message  || User: le_nuit_sans_fin    || Channel: #feeding-team                        || Content: Hey I hate to be that person but how are we doing on the food
[10/23/2025 05:21:42.144 PM] Message  || User: void_now            || Channel: #feeding-team                        || Content: eraser intercepted the convoy, 8 CCC members are dead, no food was d...
[10/23/2025 05:21:59.802 PM] Message  || User: le_nuit_sans_fin    || Channel: #feeding-team                        || Content: Dang
[10/23/2025 05:22:16.632 PM] Message  || User: le_nuit_sans_fin    || Channel: #feeding-team                        || Content: The struggle is real huh
[10/23/2025 05:23:21.744 PM] React+   || User: cici4f3             || Channel: #pictures-of-the-cats                || emoji=💖; msg=1431012144811348020
[10/23/2025 05:26:54.369 PM] React+   || User: cici4f3             || Channel: #yapper-committee                    || emoji=😭; msg="I almost cried to a video of an adult ca..." by .bettercalljack
[10/23/2025 05:28:08.839 PM] Message  || User: cici4f3             || Channel: #pet-pictures                        || Content: the kult
[10/23/2025 05:28:55.051 PM] Message  || User: reyesthighs         || Channel: #feeding-team                        || Content: Microwave fed @active feeders the food has been restocked
[10/23/2025 05:28:55.052 PM] Action   || Name: feed_pending_exp... || Trigger: ch=643586809166561310; user=67464... || Output: 
[10/23/2025 05:28:55.052 PM] Intent   || feed_update               ||                                               || station=Microwave; dates=['2025-10-23']
[10/23/2025 05:28:56.808 PM] Action   || Name: sheet_mark          || Trigger: station=Microwave date=2025-10-23    || Output: ok
[10/23/2025 05:28:56.808 PM] Action   || Name: feed_update         || Trigger: station=Microwave; dates=2025-10-23  || Output: ok
[10/23/2025 05:32:04.992 PM] React+   || User: kitadan             || Channel: #feeding-team                        || emoji=❤️; msg="Microwave fed @active feeders the food h..." by reyesthighs
[10/23/2025 05:33:58.214 PM] Message  || User: baseketballin       || Channel: #feeding-team                        || Content: hey yall i might have to feed west hall after 8pm td 😔
[10/23/2025 05:33:58.214 PM] Action   || Name: feed_pending_set    || Trigger: ch=643586809166561310; user=41372... || Output: stations=West Hall; text=hey yall i might have to feed west hall afte...
[10/23/2025 05:39:31.756 PM] React+   || User: .bettercalljack     || Channel: #feeding-team                        || emoji=❤️; msg="Microwave fed @active feeders the food h..." by reyesthighs
[10/23/2025 05:39:37.865 PM] React+   || User: pancakemixteamdj    || Channel: #itty-bitty-kitty-commitee           || emoji=😭; msg="barbie with the caption "i thought this ..." by adeyumii
[10/23/2025 05:40:51.179 PM] Message  || User: m_digio             || Channel: #purrley-pawsitive-pussy-pals        || Content: Too chewy for me
[10/23/2025 05:42:52.393 PM] Message  || User: celeryiscelery      || Channel: #purrley-pawsitive-pussy-pals        || Content: one thing i am concerned about regarding tomorrow and how it might i...
[10/23/2025 05:42:57.577 PM] Message  || User: celeryiscelery      || Channel: #purrley-pawsitive-pussy-pals        || Content: the weather 😬
[10/23/2025 05:43:19.168 PM] Message  || User: m_digio             || Channel: #purrley-pawsitive-pussy-pals        || Content: Yikes yeah i was worrying abt that
[10/23/2025 05:43:59.181 PM] React+   || User: skelehusk           || Channel: #pictures-of-the-cats                || emoji=‼️; msg=1431031823219167312
[10/23/2025 05:48:47.063 PM] Message  || User: mochenoch           || Channel: #yapper-committee                    || Content: 6 classes
[10/23/2025 05:48:48.552 PM] Message  || User: mochenoch           || Channel: #yapper-committee                    || Content: Crazy
[10/23/2025 05:49:10.956 PM] Message  || User: mochenoch           || Channel: #yapper-committee                    || Content: WAIT THAT VIDEO WASNT REAL????
[10/23/2025 05:49:18.672 PM] React+   || User: mochenoch           || Channel: #yapper-committee                    || emoji=😭; msg="I almost cried to a video of an adult ca..." by .bettercalljack
[10/23/2025 05:51:35.168 PM] Message  || User: le_nuit_sans_fin    || Channel: #feeding-team                        || Content: Heights on pecan fed and water changed
[10/23/2025 05:51:35.170 PM] Action   || Name: feed_pending_exp... || Trigger: ch=643586809166561310; user=69072... || Output: 
[10/23/2025 05:51:35.170 PM] Intent   || feed_update               ||                                               || station=HOP; dates=['2025-10-23']
[10/23/2025 05:51:37.095 PM] Action   || Name: sheet_mark          || Trigger: station=HOP date=2025-10-23          || Output: ok
[10/23/2025 05:51:37.095 PM] Action   || Name: feed_update         || Trigger: station=HOP; dates=2025-10-23        || Output: ok
[10/23/2025 05:51:37.494 PM] React+   || User: emlenisgremlin      || Channel: #report-new-cats                     || emoji=🐙; msg="WHY havent we found the spawner guys WHE..." by slayc127
[10/23/2025 05:51:51.031 PM] Message  || User: le_nuit_sans_fin    || Channel: #pictures-of-the-cats                || Content: I feel so bad
[10/23/2025 05:51:51.898 PM] Action   || Name: image_intake        || Trigger: channel=551084964318543904           || Output: rows=2
[10/23/2025 05:51:52.970 PM] Message  || User: le_nuit_sans_fin    || Channel: #pictures-of-the-cats                || Content: He came out as soon as I started making noise with the bowls
[10/23/2025 05:52:13.568 PM] React+   || User: void_now            || Channel: #feeding-team                        || emoji=❤️; msg="Microwave fed @active feeders the food h..." by reyesthighs
[10/23/2025 05:52:39.707 PM] React+   || User: emlenisgremlin      || Channel: #pictures-of-the-cats                || emoji=💖; msg="maya(tl) has balls. legally he is now th..." by simplyshadow171295
[10/23/2025 05:53:49.847 PM] Message  || User: izzyballz           || Channel: #yapper-committee                    || Content: pre med 🥀💔
[10/23/2025 05:55:38.132 PM] React+   || User: emlenisgremlin      || Channel: #feeding-team                        || emoji=🐙; msg="ur like a geriatric nurse trying to feed..." by void_now
[10/23/2025 05:57:05.273 PM] Message  || User: celeryiscelery      || Channel: #executive-board                     || Content: lemme in
[10/23/2025 05:57:54.644 PM] Message  || User: celeryiscelery      || Channel: #purrley-pawsitive-pussy-pals        || Content: and it’s supposed to be getting bad around the time the party starts...
[10/23/2025 05:58:03.552 PM] Message  || User: the.lemonade.stand  || Channel: #executive-board                     || Content: do it again
[10/23/2025 05:58:14.480 PM] Message  || User: celeryiscelery      || Channel: #executive-board                     || Content: oh someone already let me in
[10/23/2025 05:58:24.051 PM] Message  || User: celeryiscelery      || Channel: #executive-board                     || Content: whoever had a samsung let me in but thank you
[10/23/2025 05:59:10.400 PM] Message  || User: .bettercalljack     || Channel: #yapper-committee                    || Content: Its not you can see the door frame changing or being nonexistent and...
[10/23/2025 05:59:31.942 PM] Message  || User: emlenisgremlin      || Channel: #feeding-team                        || Content: gang I am an anxious person and just a little silly so disregard if ...
[10/23/2025 05:59:31.965 PM] Action   || Name: feed_pending_set    || Trigger: ch=643586809166561310; user=72268... || Output: stations=Mary Kay and Zen; text=gang I am an anxious person and just ...
[10/23/2025 05:59:47.052 PM] Message  || User: reyesthighs         || Channel: #feeding-team                        || Content: Sorry for the wait it took a while to bring it to the station <:pens...
[10/23/2025 05:59:54.656 PM] Message  || User: le_nuit_sans_fin    || Channel: #feeding-team                        || Content: No no it’s okay
[10/23/2025 05:59:54.656 PM] Action   || Name: feed_pending_set    || Trigger: ch=643586809166561310; user=69072... || Output: stations=Mary Kay and Zen; text=No no it’s okay
[10/23/2025 06:00:07.307 PM] Message  || User: le_nuit_sans_fin    || Channel: #feeding-team                        || Content: My roommate just needed something around 6
[10/23/2025 06:00:19.222 PM] Message  || User: le_nuit_sans_fin    || Channel: #feeding-team                        || Content: And I’m a worry wart lol
[10/23/2025 06:00:23.731 PM] React+   || User: reyesthighs         || Channel: #feeding-team                        || emoji=❤️; msg="And I’m a worry wart lol" by le_nuit_sans_fin
[10/23/2025 06:01:00.048 PM] Message  || User: reyesthighs         || Channel: #feeding-team                        || Content: Mary Kay are very independent. As long as no one is actively hunting...
[10/23/2025 06:01:00.059 PM] Action   || Name: feed_pending_set    || Trigger: ch=643586809166561310; user=67464... || Output: stations=Mary Kay and Zen; text=Mary Kay are very independent. As lon...
[10/23/2025 06:01:13.276 PM] Message  || User: adeyumii            || Channel: #feeding-team                        || Content: @Kitadan have you seen any mary kay kitties
[10/23/2025 06:01:13.276 PM] Action   || Name: feed_pending_set    || Trigger: ch=643586809166561310; user=47432... || Output: stations=Mary Kay and Zen; text=<@427867525225906176> have you seen a...
[10/23/2025 06:01:29.347 PM] React+   || User: adeyumii            || Channel: #yapper-committee                    || emoji=😭; msg="I almost cried to a video of an adult ca..." by .bettercalljack
[10/23/2025 06:01:43.793 PM] Message  || User: m_digio             || Channel: #purrley-pawsitive-pussy-pals        || Content: Sigh
[10/23/2025 06:01:47.400 PM] Message  || User: adeyumii            || Channel: #pictures-of-the-cats                || Content: who the
[10/23/2025 06:01:47.523 PM] Message  || User: reyesthighs         || Channel: #feeding-team                        || Content: Waterwise, I wouldn't be surpised if they have someone in the apartm...
[10/23/2025 06:01:47.539 PM] Action   || Name: feed_pending_set    || Trigger: ch=643586809166561310; user=67464... || Output: stations=Greens; text=Waterwise, I wouldn't be surpised if they have ...
[10/23/2025 06:02:03.888 PM] Message  || User: austinbaustinb      || Channel: #purrley-pawsitive-pussy-pals        || Content: Where’s it at? My UNT thing got cancelled
[10/23/2025 06:02:10.688 PM] Edit     || User: reyesthighs         || Channel: #feeding-team                        || Mary Kay are very independent. As long as no one is actively hunting them dow...
[10/23/2025 06:02:15.063 PM] Message  || User: austinbaustinb      || Channel: #purrley-pawsitive-pussy-pals        || Content: I can stop by (I won’t eat food I didn’t rsvp)
[10/23/2025 06:02:38.050 PM] Message  || User: celeryiscelery      || Channel: #purrley-pawsitive-pussy-pals        || Content: is this rage bait
[10/23/2025 06:02:44.376 PM] Message  || User: celeryiscelery      || Channel: #purrley-pawsitive-pussy-pals        || Content: uc upstairs
[10/23/2025 06:02:54.129 PM] Message  || User: celeryiscelery      || Channel: #purrley-pawsitive-pussy-pals        || Content: neches/san jacinto
[10/23/2025 06:02:58.600 PM] React+   || User: austinbaustinb      || Channel: #purrley-pawsitive-pussy-pals        || emoji=👍; msg="uc upstairs" by celeryiscelery
[10/23/2025 06:03:11.530 PM] Message  || User: austinbaustinb      || Channel: #purrley-pawsitive-pussy-pals        || Content: One push-up a week cures depression
[10/23/2025 06:03:11.854 PM] Message  || User: austinbaustinb      || Channel: #purrley-pawsitive-pussy-pals        || Content: Duh
[10/23/2025 06:03:23.875 PM] React+   || User: .bettercalljack     || Channel: #pictures-of-the-cats                || emoji=‼️; msg=1431041065837924533
[10/23/2025 06:03:24.653 PM] React-   || User: unknown             || Channel: #pictures-of-the-cats                || emoji=‼️; msg=1431041065837924533
[10/23/2025 06:05:37.430 PM] React+   || User: reyesthighs         || Channel: #yapper-committee                    || emoji=😭; msg="I almost cried to a video of an adult ca..." by .bettercalljack
[10/23/2025 06:05:43.712 PM] Message  || User: reyesthighs         || Channel: #yapper-committee                    || Content: Making din din :3
[10/23/2025 06:06:34.052 PM] React+   || User: mochenoch           || Channel: #yapper-committee                    || emoji=😭; msg="Its not you can see the door frame chang..." by .bettercalljack
[10/23/2025 06:06:35.224 PM] Message  || User: emlenisgremlin      || Channel: #feeding-team                        || Content: wonderful! are there any plans to replace that station or are they j...
[10/23/2025 06:07:49.124 PM] Message  || User: m_digio             || Channel: #feeding-team                        || Content: That location was being removed from the schedule already
[10/23/2025 06:08:05.147 PM] Message  || User: emlenisgremlin      || Channel: #feeding-team                        || Content: gotcha :)
[10/23/2025 06:08:18.117 PM] Message  || User: slayc127            || Channel: #purrley-pawsitive-pussy-pals        || Content: do ee want to consider cancelling depending on how it gets ?
[10/23/2025 06:09:01.052 PM] Message  || User: m_digio             || Channel: #purrley-pawsitive-pussy-pals        || Content: No <3
[10/23/2025 06:09:22.069 PM] Message  || User: slayc127            || Channel: #purrley-pawsitive-pussy-pals        || Content: why
[10/23/2025 06:09:43.902 PM] React+   || User: emlenisgremlin      || Channel: #memes                               || emoji=‼️; msg=1430582546772525056
[10/23/2025 06:10:04.789 PM] Message  || User: celeryiscelery      || Channel: #purrley-pawsitive-pussy-pals        || Content: we put a lot of effort and money into this and it would be inconside...
[10/23/2025 06:10:19.362 PM] React+   || User: emlenisgremlin      || Channel: #memes                               || emoji=🥹; msg="https://fixupx.com/feederofcats/status/1..." by racerdg
[10/23/2025 06:10:32.079 PM] Message  || User: slayc127            || Channel: #purrley-pawsitive-pussy-pals        || Content: a party can be rescheduled for and reused, id rather us not encourag...
[10/23/2025 06:11:10.222 PM] Message  || User: simplyshadow171295  || Channel: #pictures-of-the-cats                || Content: charles is his name
[10/23/2025 06:11:11.112 PM] Message  || User: celeryiscelery      || Channel: #purrley-pawsitive-pussy-pals        || Content: if it hurts our turnout so be it but it’s just something to consider...
[10/23/2025 06:11:20.782 PM] Message  || User: celeryiscelery      || Channel: #purrley-pawsitive-pussy-pals        || Content: i’ll definitely be keeping an eye on the storm map
[10/23/2025 06:11:24.097 PM] Message  || User: simplyshadow171295  || Channel: #pictures-of-the-cats                || Content: old man is chuffed
[10/23/2025 06:11:24.872 PM] Action   || Name: image_intake        || Trigger: channel=551084964318543904           || Output: rows=1
[10/23/2025 06:11:26.647 PM] Message  || User: emlenisgremlin      || Channel: #pictures-of-the-cats                || Content: he is so handsome
[10/23/2025 06:11:53.431 PM] React+   || User: emlenisgremlin      || Channel: #yapper-committee                    || emoji=😭; msg="I almost cried to a video of an adult ca..." by .bettercalljack
[10/23/2025 06:12:02.662 PM] Message  || User: m_digio             || Channel: #purrley-pawsitive-pussy-pals        || Content: I recognize half the ppl on the list and they live on/near campus al...
[10/23/2025 06:12:10.960 PM] Message  || User: plink5277           || Channel: #itty-bitty-kitty-commitee           || Content: which cat doesnt have merch but is iconic
[10/23/2025 06:12:21.668 PM] Message  || User: slayc127            || Channel: #purrley-pawsitive-pussy-pals        || Content: mkay
[10/23/2025 06:12:31.930 PM] Message  || User: slayc127            || Channel: #purrley-pawsitive-pussy-pals        || Content: just throwing it out there, wed have time to cancel orders if needed
[10/23/2025 06:12:41.505 PM] Message  || User: plink5277           || Channel: #yapper-committee                    || Content: is that your schedule for next year
[10/23/2025 06:12:47.829 PM] React+   || User: plink5277           || Channel: #yapper-committee                    || emoji=😭; msg="I almost cried to a video of an adult ca..." by .bettercalljack
[10/23/2025 06:13:05.726 PM] Message  || User: plink5277           || Channel: #yapper-committee                    || Content: dude i saw that one i thought it was real <:sideeye:1412870825907851...
[10/23/2025 06:13:18.931 PM] Message  || User: reyesthighs         || Channel: #yapper-committee                    || Content: if scheduling is open I have to die
[10/23/2025 06:13:27.869 PM] Message  || User: plink5277           || Channel: #yapper-committee                    || Content: i diditn know that you oucld do tha
[10/23/2025 06:13:31.712 PM] Message  || User: plink5277           || Channel: #yapper-committee                    || Content: peter how are you doing that.
[10/23/2025 06:13:46.219 PM] Message  || User: reyesthighs         || Channel: #yapper-committee                    || Content: ???
[10/23/2025 06:14:06.288 PM] Message  || User: simplyshadow171295  || Channel: #itty-bitty-kitty-commitee           || Content: bobbie lowk
[10/23/2025 06:14:15.544 PM] Message  || User: celeryiscelery      || Channel: #purrley-pawsitive-pussy-pals        || Content: giving our wonderful members who drive the benefit of the doubt that...
[10/23/2025 06:14:24.191 PM] Message  || User: celeryiscelery      || Channel: #purrley-pawsitive-pussy-pals        || Content: there will always be more events <:cute:933104767348134018>
[10/23/2025 06:14:41.990 PM] Message  || User: celeryiscelery      || Channel: #purrley-pawsitive-pussy-pals        || Content: (end of semester banquet muehehehe)
[10/23/2025 06:14:59.665 PM] Message  || User: slayc127            || Channel: #purrley-pawsitive-pussy-pals        || Content: sorry im in a bad mood and forgot i had to go 😔 being selfish
[10/23/2025 06:15:02.450 PM] Message  || User: kitadan             || Channel: #feeding-team                        || Content: I haven't seen any of the three in about a week.  But I'm also not g...
[10/23/2025 06:15:06.986 PM] Message  || User: slayc127            || Channel: #purrley-pawsitive-pussy-pals        || Content: obligation my beloathed
[10/23/2025 06:15:35.702 PM] Message  || User: .bettercalljack     || Channel: #yapper-committee                    || Content: I thought it was only available November 3rd
[10/23/2025 06:15:36.100 PM] Message  || User: celeryiscelery      || Channel: #purrley-pawsitive-pussy-pals        || Content: it happens, it’s been such a week dude 😵‍💫
[10/23/2025 06:15:38.341 PM] Message  || User: izzyballz           || Channel: #yapper-committee                    || Content: it’s not open yet but you can build you schedule now and put it in y...
[10/23/2025 06:15:43.635 PM] Message  || User: .bettercalljack     || Channel: #yapper-committee                    || Content: ohh
[10/23/2025 06:16:00.392 PM] Message  || User: plink5277           || Channel: #yapper-committee                    || Content: really?
[10/23/2025 06:16:05.831 PM] Message  || User: plink5277           || Channel: #yapper-committee                    || Content: i did not know that ngl
[10/23/2025 06:16:14.181 PM] Message  || User: plink5277           || Channel: #yapper-committee                    || Content: how do you put it in your shopping cart
[10/23/2025 06:16:57.272 PM] Message  || User: m_digio             || Channel: #purrley-pawsitive-pussy-pals        || Content: You don't have to go if this week has taken it out of you, i can do ...
[10/23/2025 06:17:24.176 PM] Message  || User: slayc127            || Channel: #purrley-pawsitive-pussy-pals        || Content: but to explain thought process clearer: if we *needed* to cancel the...
[10/23/2025 06:17:48.293 PM] Message  || User: slayc127            || Channel: #purrley-pawsitive-pussy-pals        || Content: i just dont want us to have gone to such lengths for like 12 people ...
[10/23/2025 06:17:53.290 PM] Message  || User: slayc127            || Channel: #purrley-pawsitive-pussy-pals        || Content: idk. pros and cons
[10/23/2025 06:19:19.031 PM] Message  || User: izzyballz           || Channel: #yapper-committee                    || Content: button that says shopping cart
[10/23/2025 06:19:26.903 PM] Message  || User: slayc127            || Channel: #purrley-pawsitive-pussy-pals        || Content: iz okay forgetting i worked today threw me off iz all
[10/23/2025 06:19:35.301 PM] Message  || User: plink5277           || Channel: #yapper-committee                    || Content: it wouldnt let me click on it
[10/23/2025 06:19:41.731 PM] Message  || User: plink5277           || Channel: #yapper-committee                    || Content: let me look again
[10/23/2025 06:19:43.788 PM] Message  || User: m_digio             || Channel: #purrley-pawsitive-pussy-pals        || Content: My thing is most texas drivers have been caught in storms and such a...
[10/23/2025 06:20:17.745 PM] React+   || User: slayc127            || Channel: #purrley-pawsitive-pussy-pals        || emoji=❤️; msg="My thing is most texas drivers have been..." by m_digio
[10/23/2025 06:20:23.906 PM] Message  || User: slayc127            || Channel: #purrley-pawsitive-pussy-pals        || Content: heard 🫡
[10/23/2025 06:20:24.241 PM] Message  || User: celeryiscelery      || Channel: #purrley-pawsitive-pussy-pals        || Content: if worst comes to worst we can always walk around the uc to find peo...
[10/23/2025 06:21:01.935 PM] Message  || User: plink5277           || Channel: #yapper-committee                    || Content: (no text; attachments=1)
[10/23/2025 06:21:06.067 PM] Message  || User: plink5277           || Channel: #yapper-committee                    || Content: do you have to click enroll
[10/23/2025 06:21:10.960 PM] React+   || User: slayc127            || Channel: #purrley-pawsitive-pussy-pals        || emoji=❤️; msg="if worst comes to worst we can always wa..." by celeryiscelery
[10/23/2025 06:21:16.656 PM] Message  || User: slayc127            || Channel: #purrley-pawsitive-pussy-pals        || Content: i gotcha guys
[10/23/2025 06:22:44.624 PM] React+   || User: celeryiscelery      || Channel: #purrley-pawsitive-pussy-pals        || emoji=<:bonk:938137574193643601>; msg="i gotcha guys" by slayc127
[10/23/2025 06:24:10.472 PM] Message  || User: _costco_wholesale_  || Channel: #pictures-of-the-cats                || Content: bobbie
[10/23/2025 06:24:11.260 PM] Action   || Name: image_intake        || Trigger: channel=551084964318543904           || Output: rows=1
[10/23/2025 06:24:37.481 PM] Message  || User: m_digio             || Channel: #pictures-of-the-cats                || Content: Grrr *bobbie*
[10/23/2025 06:27:07.132 PM] Message  || User: plink5277           || Channel: #yapper-committee                    || Content: i feel like a remember a shopping cart thing but idfk where it is
[10/23/2025 06:31:58.716 PM] Action   || Name: gmail_log_scheduler || Trigger: found=3                              || Output: logged=3
[10/23/2025 06:31:58.844 PM] Action   || Name: finance_skip_dup... || Trigger: buffer                               || Output: Sophia Herrera $6.00 on 2025-08-26
[10/23/2025 06:31:58.846 PM] Action   || Name: finance_skip_dup... || Trigger: buffer                               || Output: Jordin Baylee $5.00 on 2025-08-26
[10/23/2025 06:31:58.846 PM] Action   || Name: finance_skip_dup... || Trigger: buffer                               || Output: Axel Torres $24.25 on 2025-08-22
[10/23/2025 06:31:58.848 PM] Action   || Name: finance_skip_dup... || Trigger: buffer                               || Output: Megan Digiovanni $47.62 on 2025-08-26
[10/23/2025 06:31:58.848 PM] Action   || Name: finance_skip_dup... || Trigger: buffer                               || Output: M. Padron $20.00 on 2025-08-26
[10/23/2025 06:31:58.850 PM] Action   || Name: finance_skip_dup... || Trigger: buffer                               || Output: Sophia Herrera $6.00 on 2025-08-26
[10/23/2025 06:31:58.850 PM] Action   || Name: finance_skip_dup... || Trigger: buffer                               || Output: Addison Loera $8.00 on 2025-08-26
[10/23/2025 06:31:58.852 PM] Action   || Name: finance_skip_dup... || Trigger: buffer                               || Output: Amber Thomas $5.00 on 2025-08-26
[10/23/2025 06:31:58.852 PM] Action   || Name: finance_skip_dup... || Trigger: buffer                               || Output: Jordin Baylee $5.00 on 2025-08-26
[10/23/2025 06:31:58.854 PM] Action   || Name: finance_skip_dup... || Trigger: buffer                               || Output: Kathleen Cantu $1.00 on 2025-08-26
[10/23/2025 06:31:58.854 PM] Action   || Name: finance_skip_dup... || Trigger: buffer                               || Output: Amber Thomas $3.00 on 2025-08-26
[10/23/2025 06:31:58.856 PM] Action   || Name: finance_skip_dup... || Trigger: buffer                               || Output: Rob Jimenez $3.00 on 2025-08-26
[10/23/2025 06:31:58.856 PM] Action   || Name: finance_skip_dup... || Trigger: buffer                               || Output: Daniel Brantley $3.00 on 2025-08-26
[10/23/2025 06:31:58.858 PM] Action   || Name: finance_skip_dup... || Trigger: buffer                               || Output: Isabella Klein $9.70 on 2025-08-26
[10/23/2025 06:31:58.858 PM] Action   || Name: finance_skip_dup... || Trigger: buffer                               || Output: Wix $25.98 on 2025-08-26
[10/23/2025 06:31:58.860 PM] Action   || Name: finance_skip_dup... || Trigger: buffer                               || Output: Nelda Hernandez $2.00 on 2025-08-26
[10/23/2025 06:31:58.860 PM] Action   || Name: finance_skip_dup... || Trigger: buffer                               || Output: Troy Broome $1.00 on 2025-08-26
[10/23/2025 06:31:58.862 PM] Action   || Name: finance_skip_dup... || Trigger: buffer                               || Output: Div Bits $2.00 on 2025-08-26
[10/23/2025 06:31:58.862 PM] Action   || Name: finance_skip_dup... || Trigger: buffer                               || Output: Jacob Sandoval $1.00 on 2025-08-26
[10/23/2025 06:31:58.864 PM] Action   || Name: finance_skip_dup... || Trigger: buffer                               || Output: Aubrey Cunningham $10.00 on 2025-08-26
[10/23/2025 06:31:58.864 PM] Action   || Name: finance_skip_dup... || Trigger: buffer                               || Output: Maxwell Preston $5.00 on 2025-08-26
[10/23/2025 06:31:58.866 PM] Action   || Name: finance_skip_dup... || Trigger: buffer                               || Output: Sophia Herrera $6.00 on 2025-08-26
[10/23/2025 06:31:58.866 PM] Action   || Name: finance_skip_dup... || Trigger: buffer                               || Output: Derek Fuentes $25.98 on 2025-08-26
[10/23/2025 06:31:58.868 PM] Action   || Name: finance_skip_dup... || Trigger: buffer                               || Output: Miguel V $5.00 on 2025-08-26
[10/23/2025 06:31:58.868 PM] Action   || Name: finance_skip_dup... || Trigger: buffer                               || Output: Nelda Hernandez $3.00 on 2025-08-26
[10/23/2025 06:31:58.870 PM] Action   || Name: finance_skip_dup... || Trigger: buffer                               || Output: Megan Digiovanni $130.00 on 2025-08-26
[10/23/2025 06:31:58.870 PM] Action   || Name: finance_skip_dup... || Trigger: buffer                               || Output: Pedro Savala $5.00 on 2025-08-27
[10/23/2025 06:31:58.872 PM] Action   || Name: finance_skip_dup... || Trigger: buffer                               || Output: Jonathan Mcgeever $5.00 on 2025-08-27
[10/23/2025 06:31:58.872 PM] Action   || Name: finance_skip_dup... || Trigger: buffer                               || Output: NNT PETSMART # $32.46 on 2025-08-06
[10/23/2025 06:31:58.874 PM] Action   || Name: finance_skip_dup... || Trigger: buffer                               || Output: Py Store Here Pantego $54.00 on 2025-08-20
[10/23/2025 06:31:58.874 PM] Action   || Name: finance_skip_dup... || Trigger: buffer                               || Output: Megan Digiovanni $74.92 on 2025-07-30
[10/23/2025 06:31:58.876 PM] Action   || Name: finance_skip_dup... || Trigger: buffer                               || Output: TOMAHAWK LIVE TRAP $581.62 on 2025-05-12
[10/23/2025 06:31:58.876 PM] Action   || Name: finance_skip_dup... || Trigger: buffer                               || Output: TOMAHAWK LIVE TRAP $581.62 on 2025-05-12
[10/23/2025 06:31:58.878 PM] Action   || Name: finance_skip_dup... || Trigger: buffer                               || Output: Richa  Desai $6.00 on 2025-10-22
[10/23/2025 06:31:58.878 PM] Action   || Name: finance_skip_dup... || Trigger: buffer                               || Output: Sophia Herrera $5.00 on 2025-10-22
[10/23/2025 06:31:58.880 PM] Action   || Name: finance_skip_dup... || Trigger: buffer                               || Output: Muhammed  Abdalrahman $10.00 on 2025-10-22
[10/23/2025 06:32:03.160 PM] Action   || Name: finance_skip_dup... || Trigger: kind=income                          || Output: Cynthia griffith $10.00 on 2025-04-16
[10/23/2025 06:32:03.160 PM] Action   || Name: finance_skip_dup... || Trigger: kind=income                          || Output: Caleb Moran $4.00 on 2025-04-16
[10/23/2025 06:32:03.160 PM] Action   || Name: finance_skip_dup... || Trigger: kind=income                          || Output: Alberto $6.00 on 2025-04-16
[10/23/2025 06:32:03.160 PM] Action   || Name: finance_skip_dup... || Trigger: kind=income                          || Output: Jacob Sandoval $2.91 on 2025-04-16
[10/23/2025 06:32:03.160 PM] Action   || Name: finance_skip_dup... || Trigger: kind=income                          || Output: tay $5.00 on 2025-04-16
[10/23/2025 06:32:03.160 PM] Action   || Name: finance_skip_dup... || Trigger: kind=income                          || Output: Nelda Hernandez $2.00 on 2025-04-16
[10/23/2025 06:32:03.160 PM] Action   || Name: finance_skip_dup... || Trigger: kind=income                          || Output: Maria Olds $10.00 on 2025-04-16
[10/23/2025 06:32:03.160 PM] Action   || Name: finance_skip_dup... || Trigger: kind=income                          || Output: Mario Rodriguez $3.00 on 2025-04-16
[10/23/2025 06:32:03.160 PM] Action   || Name: finance_skip_dup... || Trigger: kind=income                          || Output: Elisha Taylor $5.00 on 2025-04-16
[10/23/2025 06:32:03.160 PM] Action   || Name: finance_skip_dup... || Trigger: kind=income                          || Output: Jacob Sandoval $3.00 on 2025-04-16
[10/23/2025 06:32:03.160 PM] Action   || Name: finance_skip_dup... || Trigger: kind=income                          || Output: Isabella Klein $9.70 on 2025-08-26
[10/23/2025 06:32:03.160 PM] Action   || Name: finance_skip_dup... || Trigger: kind=income                          || Output: Nelda Hernandez $2.00 on 2025-08-26
[10/23/2025 06:32:03.160 PM] Action   || Name: finance_skip_dup... || Trigger: kind=income                          || Output: Troy Broome $1.00 on 2025-08-26
[10/23/2025 06:32:03.160 PM] Action   || Name: finance_skip_dup... || Trigger: kind=income                          || Output: Div Bits $2.00 on 2025-08-26
[10/23/2025 06:32:03.160 PM] Action   || Name: finance_skip_dup... || Trigger: kind=income                          || Output: Jacob Sandoval $1.00 on 2025-08-26
[10/23/2025 06:32:03.160 PM] Action   || Name: finance_skip_dup... || Trigger: kind=income                          || Output: Aubrey Cunningham $10.00 on 2025-08-26
[10/23/2025 06:32:03.176 PM] Action   || Name: finance_skip_dup... || Trigger: kind=income                          || Output: Maxwell Preston $5.00 on 2025-08-26
[10/23/2025 06:32:03.176 PM] Action   || Name: finance_skip_dup... || Trigger: kind=income                          || Output: Sophia Herrera $6.00 on 2025-08-26
[10/23/2025 06:32:03.176 PM] Action   || Name: finance_skip_dup... || Trigger: kind=income                          || Output: Miguel V $5.00 on 2025-08-26
[10/23/2025 06:32:03.176 PM] Action   || Name: finance_skip_dup... || Trigger: kind=income                          || Output: Nelda Hernandez $3.00 on 2025-08-26
[10/23/2025 06:32:03.176 PM] Action   || Name: finance_skip_dup... || Trigger: kind=income                          || Output: Megan Digiovanni $130.00 on 2025-08-26
[10/23/2025 06:32:03.176 PM] Action   || Name: finance_skip_dup... || Trigger: kind=income                          || Output: Pedro Savala $5.00 on 2025-08-27
[10/23/2025 06:32:03.176 PM] Action   || Name: finance_skip_dup... || Trigger: kind=income                          || Output: Jonathan Mcgeever $5.00 on 2025-08-27
[10/23/2025 06:32:03.176 PM] Action   || Name: finance_skip_dup... || Trigger: kind=income                          || Output: Axel Torres $24.25 on 2025-08-22
[10/23/2025 06:32:03.176 PM] Action   || Name: finance_skip_dup... || Trigger: kind=income                          || Output: M. Padron $20.00 on 2025-08-26
[10/23/2025 06:32:03.176 PM] Action   || Name: finance_skip_dup... || Trigger: kind=income                          || Output: Addison Loera $8.00 on 2025-08-26
[10/23/2025 06:32:03.176 PM] Action   || Name: finance_skip_dup... || Trigger: kind=income                          || Output: Amber Thomas $5.00 on 2025-08-26
[10/23/2025 06:32:03.176 PM] Action   || Name: finance_skip_dup... || Trigger: kind=income                          || Output: Kathleen Cantu $1.00 on 2025-08-26
[10/23/2025 06:32:03.176 PM] Action   || Name: finance_skip_dup... || Trigger: kind=income                          || Output: Amber Thomas $3.00 on 2025-08-26
[10/23/2025 06:32:03.176 PM] Action   || Name: finance_skip_dup... || Trigger: kind=income                          || Output: Rob Jimenez $3.00 on 2025-08-26
[10/23/2025 06:32:03.176 PM] Action   || Name: finance_skip_dup... || Trigger: kind=income                          || Output: Daniel Brantley $3.00 on 2025-08-26
[10/23/2025 06:32:03.192 PM] Action   || Name: finance_skip_dup... || Trigger: kind=income                          || Output: Kristyn Jackson $9.00 on 2025-10-22
[10/23/2025 06:32:03.192 PM] Action   || Name: finance_skip_dup... || Trigger: kind=income                          || Output: Victoria Elkins $5.00 on 2025-10-22
[10/23/2025 06:32:03.192 PM] Action   || Name: finance_skip_dup... || Trigger: kind=income                          || Output: Alexander  Martinez $3.00 on 2025-10-22
[10/23/2025 06:32:03.192 PM] Action   || Name: finance_skip_dup... || Trigger: kind=income                          || Output: Emily Lanham $6.00 on 2025-10-22
[10/23/2025 06:32:03.192 PM] Action   || Name: finance_skip_dup... || Trigger: kind=income                          || Output: Mariah Hall $3.00 on 2025-10-22
[10/23/2025 06:32:03.192 PM] Action   || Name: finance_skip_dup... || Trigger: kind=income                          || Output: Kylie Crook $5.00 on 2025-09-16
[10/23/2025 06:32:03.192 PM] Action   || Name: finance_skip_dup... || Trigger: kind=income                          || Output: Jenny Nguyen $9.70 on 2025-09-03
[10/23/2025 06:32:05.180 PM] Action   || Name: finance_skip_dup... || Trigger: kind=expense                         || Output: Py Store Here Pantego $54.00 on 2025-04-20
[10/23/2025 06:32:05.180 PM] Action   || Name: finance_skip_dup... || Trigger: kind=expense                         || Output: j s $11.68 on 2025-04-22
[10/23/2025 06:32:05.180 PM] Action   || Name: finance_skip_dup... || Trigger: kind=expense                         || Output: Wix $25.98 on 2025-04-26
[10/23/2025 06:32:05.180 PM] Action   || Name: finance_skip_dup... || Trigger: kind=expense                         || Output: Wix $25.98 on 2025-08-26
[10/23/2025 06:32:05.180 PM] Action   || Name: finance_skip_dup... || Trigger: kind=expense                         || Output: Derek Fuentes $25.98 on 2025-08-26
[10/23/2025 06:32:05.190 PM] Action   || Name: finance_skip_dup... || Trigger: kind=expense                         || Output: Py Store Here Pantego $54.00 on 2025-08-20
[10/23/2025 06:32:05.192 PM] Action   || Name: finance_skip_dup... || Trigger: kind=expense                         || Output: Megan Digiovanni $47.62 on 2025-08-26
[10/23/2025 06:32:05.192 PM] Action   || Name: finance_skip_dup... || Trigger: kind=expense                         || Output: NNT PETSMART # $32.46 on 2025-08-06
[10/23/2025 06:32:05.192 PM] Action   || Name: finance_skip_dup... || Trigger: kind=expense                         || Output: Megan Digiovanni $74.92 on 2025-07-30
[10/23/2025 06:32:05.195 PM] Action   || Name: finance_skip_dup... || Trigger: kind=expense                         || Output: TOMAHAWK LIVE TRAP $581.62 on 2025-05-11
[10/23/2025 06:32:05.198 PM] Action   || Name: finance_skip_dup... || Trigger: kind=expense                         || Output: Py Store Here Pantego $54.00 on 2025-05-20
[10/23/2025 06:32:05.200 PM] Action   || Name: finance_skip_dup... || Trigger: kind=expense                         || Output: Derek Fuentes $72.45 on 2025-05-23
[10/23/2025 06:32:05.200 PM] Action   || Name: finance_skip_dup... || Trigger: kind=expense                         || Output: Wix $25.98 on 2025-05-26
[10/23/2025 06:32:05.202 PM] Action   || Name: finance_skip_dup... || Trigger: kind=expense                         || Output: Megan Digiovanni $89.91 on 2025-10-05
[10/23/2025 06:32:05.204 PM] Action   || Name: finance_skip_dup... || Trigger: kind=expense                         || Output: DOMINO'S $60.57 on 2025-09-09
[10/23/2025 06:32:05.206 PM] Action   || Name: finance_skip_dup... || Trigger: kind=expense                         || Output: Derek Fuentes $20.00 on 2025-09-10
[10/23/2025 06:32:06.031 PM] Action   || Name: send_suppressed     || Trigger: ch=1341696618688286720               || Output: [Finance] Logged Expense → Misc/Reimbursement Amount: $73.62 via Venm...
[10/23/2025 06:32:06.031 PM] Action   || Name: send_suppressed     || Trigger: ch=1341696618688286720               || Output: [Finance] Logged Expense → Misc/Reimbursement Amount: $8.12 via Casha...
[10/23/2025 06:37:39.216 PM] Message  || User: simplyshadow171295  || Channel: #pictures-of-the-cats                || Content: the gluttony
[10/23/2025 06:37:40.079 PM] Action   || Name: image_intake        || Trigger: channel=551084964318543904           || Output: rows=2
[10/23/2025 06:38:13.023 PM] Message  || User: _costco_wholesale_  || Channel: #pictures-of-the-cats                || Content: (no text; attachments=4)
[10/23/2025 06:38:13.829 PM] Action   || Name: image_intake        || Trigger: channel=551084964318543904           || Output: rows=4
[10/23/2025 06:38:20.802 PM] Message  || User: _costco_wholesale_  || Channel: #pictures-of-the-cats                || Content: (no text; attachments=4)
[10/23/2025 06:38:21.280 PM] Action   || Name: image_intake        || Trigger: channel=551084964318543904           || Output: rows=4
[10/23/2025 06:38:28.051 PM] Message  || User: _costco_wholesale_  || Channel: #pictures-of-the-cats                || Content: (no text; attachments=4)
[10/23/2025 06:38:29.044 PM] Action   || Name: image_intake        || Trigger: channel=551084964318543904           || Output: rows=4
[10/23/2025 06:38:42.318 PM] React+   || User: _costco_wholesale_  || Channel: #feeding-team                        || emoji=❤️; msg="Microwave fed @active feeders the food h..." by reyesthighs
[10/23/2025 06:38:49.923 PM] React+   || User: kitadan             || Channel: #pictures-of-the-cats                || emoji=❤️; msg="the gluttony" by simplyshadow171295
[10/23/2025 06:39:13.362 PM] React+   || User: kitadan             || Channel: #pictures-of-the-cats                || emoji=❤️; msg=1431064264730349699
[10/23/2025 06:41:46.934 PM] React+   || User: _costco_wholesale_  || Channel: #itty-bitty-kitty-commitee           || emoji=😭; msg="barbie with the caption "i thought this ..." by adeyumii
[10/23/2025 06:42:39.162 PM] React+   || User: slayc127            || Channel: #pictures-of-the-cats                || emoji=❤️; msg="the gluttony" by simplyshadow171295
[10/23/2025 06:42:41.958 PM] Action   || Name: gmail_log_scheduler || Trigger: found=3                              || Output: logged=0
[10/23/2025 06:42:41.993 PM] Action   || Name: finance_skip_dup... || Trigger: buffer                               || Output: Sophia Herrera $6.00 on 2025-08-26
[10/23/2025 06:42:41.993 PM] Action   || Name: finance_skip_dup... || Trigger: buffer                               || Output: Jordin Baylee $5.00 on 2025-08-26
[10/23/2025 06:42:41.993 PM] Action   || Name: finance_skip_dup... || Trigger: buffer                               || Output: Axel Torres $24.25 on 2025-08-22
[10/23/2025 06:42:41.993 PM] Action   || Name: finance_skip_dup... || Trigger: buffer                               || Output: Megan Digiovanni $47.62 on 2025-08-26
[10/23/2025 06:42:42.009 PM] Action   || Name: finance_skip_dup... || Trigger: buffer                               || Output: M. Padron $20.00 on 2025-08-26
[10/23/2025 06:42:42.009 PM] Action   || Name: finance_skip_dup... || Trigger: buffer                               || Output: Sophia Herrera $6.00 on 2025-08-26
[10/23/2025 06:42:42.009 PM] Action   || Name: finance_skip_dup... || Trigger: buffer                               || Output: Addison Loera $8.00 on 2025-08-26
[10/23/2025 06:42:42.009 PM] Action   || Name: finance_skip_dup... || Trigger: buffer                               || Output: Amber Thomas $5.00 on 2025-08-26
[10/23/2025 06:42:42.009 PM] Action   || Name: finance_skip_dup... || Trigger: buffer                               || Output: Jordin Baylee $5.00 on 2025-08-26
[10/23/2025 06:42:42.009 PM] Action   || Name: finance_skip_dup... || Trigger: buffer                               || Output: Kathleen Cantu $1.00 on 2025-08-26
[10/23/2025 06:42:42.009 PM] Action   || Name: finance_skip_dup... || Trigger: buffer                               || Output: Amber Thomas $3.00 on 2025-08-26
[10/23/2025 06:42:42.009 PM] Action   || Name: finance_skip_dup... || Trigger: buffer                               || Output: Rob Jimenez $3.00 on 2025-08-26
[10/23/2025 06:42:42.009 PM] Action   || Name: finance_skip_dup... || Trigger: buffer                               || Output: Daniel Brantley $3.00 on 2025-08-26
[10/23/2025 06:42:42.009 PM] Action   || Name: finance_skip_dup... || Trigger: buffer                               || Output: Isabella Klein $9.70 on 2025-08-26
[10/23/2025 06:42:42.009 PM] Action   || Name: finance_skip_dup... || Trigger: buffer                               || Output: Wix $25.98 on 2025-08-26
[10/23/2025 06:42:42.009 PM] Action   || Name: finance_skip_dup... || Trigger: buffer                               || Output: Nelda Hernandez $2.00 on 2025-08-26
[10/23/2025 06:42:42.009 PM] Action   || Name: finance_skip_dup... || Trigger: buffer                               || Output: Troy Broome $1.00 on 2025-08-26
[10/23/2025 06:42:42.009 PM] Action   || Name: finance_skip_dup... || Trigger: buffer                               || Output: Div Bits $2.00 on 2025-08-26
[10/23/2025 06:42:42.009 PM] Action   || Name: finance_skip_dup... || Trigger: buffer                               || Output: Jacob Sandoval $1.00 on 2025-08-26
[10/23/2025 06:42:42.009 PM] Action   || Name: finance_skip_dup... || Trigger: buffer                               || Output: Aubrey Cunningham $10.00 on 2025-08-26
[10/23/2025 06:42:42.024 PM] Action   || Name: finance_skip_dup... || Trigger: buffer                               || Output: Maxwell Preston $5.00 on 2025-08-26
[10/23/2025 06:42:42.024 PM] Action   || Name: finance_skip_dup... || Trigger: buffer                               || Output: Sophia Herrera $6.00 on 2025-08-26
[10/23/2025 06:42:42.024 PM] Action   || Name: finance_skip_dup... || Trigger: buffer                               || Output: Derek Fuentes $25.98 on 2025-08-26
[10/23/2025 06:42:42.024 PM] Action   || Name: finance_skip_dup... || Trigger: buffer                               || Output: Miguel V $5.00 on 2025-08-26
[10/23/2025 06:42:42.024 PM] Action   || Name: finance_skip_dup... || Trigger: buffer                               || Output: Nelda Hernandez $3.00 on 2025-08-26
[10/23/2025 06:42:42.024 PM] Action   || Name: finance_skip_dup... || Trigger: buffer                               || Output: Megan Digiovanni $130.00 on 2025-08-26
[10/23/2025 06:42:42.024 PM] Action   || Name: finance_skip_dup... || Trigger: buffer                               || Output: Pedro Savala $5.00 on 2025-08-27
[10/23/2025 06:42:42.024 PM] Action   || Name: finance_skip_dup... || Trigger: buffer                               || Output: Jonathan Mcgeever $5.00 on 2025-08-27
[10/23/2025 06:42:42.024 PM] Action   || Name: finance_skip_dup... || Trigger: buffer                               || Output: NNT PETSMART # $32.46 on 2025-08-06
[10/23/2025 06:42:42.024 PM] Action   || Name: finance_skip_dup... || Trigger: buffer                               || Output: Py Store Here Pantego $54.00 on 2025-08-20
[10/23/2025 06:42:42.024 PM] Action   || Name: finance_skip_dup... || Trigger: buffer                               || Output: Megan Digiovanni $74.92 on 2025-07-30
[10/23/2025 06:42:42.024 PM] Action   || Name: finance_skip_dup... || Trigger: buffer                               || Output: TOMAHAWK LIVE TRAP $581.62 on 2025-05-12
[10/23/2025 06:42:42.024 PM] Action   || Name: finance_skip_dup... || Trigger: buffer                               || Output: TOMAHAWK LIVE TRAP $581.62 on 2025-05-12
[10/23/2025 06:42:42.024 PM] Action   || Name: finance_skip_dup... || Trigger: buffer                               || Output: Richa  Desai $6.00 on 2025-10-22
[10/23/2025 06:42:42.024 PM] Action   || Name: finance_skip_dup... || Trigger: buffer                               || Output: Sophia Herrera $5.00 on 2025-10-22
[10/23/2025 06:42:42.024 PM] Action   || Name: finance_skip_dup... || Trigger: buffer                               || Output: Muhammed  Abdalrahman $10.00 on 2025-10-22
[10/23/2025 06:42:45.758 PM] Action   || Name: finance_skip_dup... || Trigger: kind=income                          || Output: Cynthia griffith $10.00 on 2025-04-16
[10/23/2025 06:42:45.758 PM] Action   || Name: finance_skip_dup... || Trigger: kind=income                          || Output: Caleb Moran $4.00 on 2025-04-16
[10/23/2025 06:42:45.758 PM] Action   || Name: finance_skip_dup... || Trigger: kind=income                          || Output: Alberto $6.00 on 2025-04-16
[10/23/2025 06:42:45.758 PM] Action   || Name: finance_skip_dup... || Trigger: kind=income                          || Output: Jacob Sandoval $2.91 on 2025-04-16
[10/23/2025 06:42:45.758 PM] Action   || Name: finance_skip_dup... || Trigger: kind=income                          || Output: tay $5.00 on 2025-04-16
[10/23/2025 06:42:45.758 PM] Action   || Name: finance_skip_dup... || Trigger: kind=income                          || Output: Nelda Hernandez $2.00 on 2025-04-16
[10/23/2025 06:42:45.758 PM] Action   || Name: finance_skip_dup... || Trigger: kind=income                          || Output: Maria Olds $10.00 on 2025-04-16
[10/23/2025 06:42:45.758 PM] Action   || Name: finance_skip_dup... || Trigger: kind=income                          || Output: Mario Rodriguez $3.00 on 2025-04-16
[10/23/2025 06:42:45.758 PM] Action   || Name: finance_skip_dup... || Trigger: kind=income                          || Output: Elisha Taylor $5.00 on 2025-04-16
[10/23/2025 06:42:45.758 PM] Action   || Name: finance_skip_dup... || Trigger: kind=income                          || Output: Jacob Sandoval $3.00 on 2025-04-16
[10/23/2025 06:42:45.758 PM] Action   || Name: finance_skip_dup... || Trigger: kind=income                          || Output: Isabella Klein $9.70 on 2025-08-26
[10/23/2025 06:42:45.774 PM] Action   || Name: finance_skip_dup... || Trigger: kind=income                          || Output: Nelda Hernandez $2.00 on 2025-08-26
[10/23/2025 06:42:45.774 PM] Action   || Name: finance_skip_dup... || Trigger: kind=income                          || Output: Troy Broome $1.00 on 2025-08-26
[10/23/2025 06:42:45.774 PM] Action   || Name: finance_skip_dup... || Trigger: kind=income                          || Output: Div Bits $2.00 on 2025-08-26
[10/23/2025 06:42:45.774 PM] Action   || Name: finance_skip_dup... || Trigger: kind=income                          || Output: Jacob Sandoval $1.00 on 2025-08-26
[10/23/2025 06:42:45.774 PM] Action   || Name: finance_skip_dup... || Trigger: kind=income                          || Output: Aubrey Cunningham $10.00 on 2025-08-26
[10/23/2025 06:42:45.774 PM] Action   || Name: finance_skip_dup... || Trigger: kind=income                          || Output: Maxwell Preston $5.00 on 2025-08-26
[10/23/2025 06:42:45.774 PM] Action   || Name: finance_skip_dup... || Trigger: kind=income                          || Output: Sophia Herrera $6.00 on 2025-08-26
[10/23/2025 06:42:45.774 PM] Action   || Name: finance_skip_dup... || Trigger: kind=income                          || Output: Miguel V $5.00 on 2025-08-26
[10/23/2025 06:42:45.774 PM] Action   || Name: finance_skip_dup... || Trigger: kind=income                          || Output: Nelda Hernandez $3.00 on 2025-08-26
[10/23/2025 06:42:45.774 PM] Action   || Name: finance_skip_dup... || Trigger: kind=income                          || Output: Megan Digiovanni $130.00 on 2025-08-26
[10/23/2025 06:42:45.774 PM] Action   || Name: finance_skip_dup... || Trigger: kind=income                          || Output: Pedro Savala $5.00 on 2025-08-27
[10/23/2025 06:42:45.774 PM] Action   || Name: finance_skip_dup... || Trigger: kind=income                          || Output: Jonathan Mcgeever $5.00 on 2025-08-27
[10/23/2025 06:42:45.774 PM] Action   || Name: finance_skip_dup... || Trigger: kind=income                          || Output: Axel Torres $24.25 on 2025-08-22
[10/23/2025 06:42:45.774 PM] Action   || Name: finance_skip_dup... || Trigger: kind=income                          || Output: M. Padron $20.00 on 2025-08-26
[10/23/2025 06:42:45.774 PM] Action   || Name: finance_skip_dup... || Trigger: kind=income                          || Output: Addison Loera $8.00 on 2025-08-26
[10/23/2025 06:42:45.774 PM] Action   || Name: finance_skip_dup... || Trigger: kind=income                          || Output: Amber Thomas $5.00 on 2025-08-26
[10/23/2025 06:42:45.790 PM] Action   || Name: finance_skip_dup... || Trigger: kind=income                          || Output: Kathleen Cantu $1.00 on 2025-08-26
[10/23/2025 06:42:45.790 PM] Action   || Name: finance_skip_dup... || Trigger: kind=income                          || Output: Amber Thomas $3.00 on 2025-08-26
[10/23/2025 06:42:45.790 PM] Action   || Name: finance_skip_dup... || Trigger: kind=income                          || Output: Rob Jimenez $3.00 on 2025-08-26
[10/23/2025 06:42:45.790 PM] Action   || Name: finance_skip_dup... || Trigger: kind=income                          || Output: Daniel Brantley $3.00 on 2025-08-26
[10/23/2025 06:42:45.790 PM] Action   || Name: finance_skip_dup... || Trigger: kind=income                          || Output: Kristyn Jackson $9.00 on 2025-10-22
[10/23/2025 06:42:45.790 PM] Action   || Name: finance_skip_dup... || Trigger: kind=income                          || Output: Victoria Elkins $5.00 on 2025-10-22
[10/23/2025 06:42:45.790 PM] Action   || Name: finance_skip_dup... || Trigger: kind=income                          || Output: Alexander  Martinez $3.00 on 2025-10-22
[10/23/2025 06:42:45.790 PM] Action   || Name: finance_skip_dup... || Trigger: kind=income                          || Output: Emily Lanham $6.00 on 2025-10-22
[10/23/2025 06:42:45.790 PM] Action   || Name: finance_skip_dup... || Trigger: kind=income                          || Output: Mariah Hall $3.00 on 2025-10-22
[10/23/2025 06:42:45.790 PM] Action   || Name: finance_skip_dup... || Trigger: kind=income                          || Output: Kylie Crook $5.00 on 2025-09-16
[10/23/2025 06:42:45.790 PM] Action   || Name: finance_skip_dup... || Trigger: kind=income                          || Output: Jenny Nguyen $9.70 on 2025-09-03
[10/23/2025 06:42:48.113 PM] Action   || Name: finance_skip_dup... || Trigger: kind=expense                         || Output: Py Store Here Pantego $54.00 on 2025-04-20
[10/23/2025 06:42:48.113 PM] Action   || Name: finance_skip_dup... || Trigger: kind=expense                         || Output: j s $11.68 on 2025-04-22
[10/23/2025 06:42:48.113 PM] Action   || Name: finance_skip_dup... || Trigger: kind=expense                         || Output: Wix $25.98 on 2025-04-26
[10/23/2025 06:42:48.113 PM] Action   || Name: finance_skip_dup... || Trigger: kind=expense                         || Output: Wix $25.98 on 2025-08-26
[10/23/2025 06:42:48.113 PM] Action   || Name: finance_skip_dup... || Trigger: kind=expense                         || Output: Derek Fuentes $25.98 on 2025-08-26
[10/23/2025 06:42:48.113 PM] Action   || Name: finance_skip_dup... || Trigger: kind=expense                         || Output: Py Store Here Pantego $54.00 on 2025-08-20
[10/23/2025 06:42:48.113 PM] Action   || Name: finance_skip_dup... || Trigger: kind=expense                         || Output: Megan Digiovanni $47.62 on 2025-08-26
[10/23/2025 06:42:48.113 PM] Action   || Name: finance_skip_dup... || Trigger: kind=expense                         || Output: NNT PETSMART # $32.46 on 2025-08-06
[10/23/2025 06:42:48.113 PM] Action   || Name: finance_skip_dup... || Trigger: kind=expense                         || Output: Megan Digiovanni $74.92 on 2025-07-30
[10/23/2025 06:42:48.113 PM] Action   || Name: finance_skip_dup... || Trigger: kind=expense                         || Output: TOMAHAWK LIVE TRAP $581.62 on 2025-05-11
[10/23/2025 06:42:48.113 PM] Action   || Name: finance_skip_dup... || Trigger: kind=expense                         || Output: Py Store Here Pantego $54.00 on 2025-05-20
[10/23/2025 06:42:48.113 PM] Action   || Name: finance_skip_dup... || Trigger: kind=expense                         || Output: Derek Fuentes $72.45 on 2025-05-23
[10/23/2025 06:42:48.113 PM] Action   || Name: finance_skip_dup... || Trigger: kind=expense                         || Output: Wix $25.98 on 2025-05-26
[10/23/2025 06:42:48.113 PM] Action   || Name: finance_skip_dup... || Trigger: kind=expense                         || Output: Megan Digiovanni $89.91 on 2025-10-05
[10/23/2025 06:42:48.113 PM] Action   || Name: finance_skip_dup... || Trigger: kind=expense                         || Output: DOMINO'S $60.57 on 2025-09-09
[10/23/2025 06:42:48.129 PM] Action   || Name: finance_skip_dup... || Trigger: kind=expense                         || Output: Derek Fuentes $20.00 on 2025-09-10
[10/23/2025 06:42:48.129 PM] Message  || User: slayc127            || Channel: #pictures-of-the-cats                || Content: omnomnomnomnom
[10/23/2025 06:42:48.385 PM] React+   || User: slayc127            || Channel: #pictures-of-the-cats                || emoji=❤️; msg=1431064264730349699
[10/23/2025 06:42:53.764 PM] Message  || User: slayc127            || Channel: #pictures-of-the-cats                || Content: nomnomnomkonkmknonkmomnnnnm
[10/23/2025 06:42:58.418 PM] Action   || Name: gmail_log_scheduler || Trigger: found=3                              || Output: logged=0
[10/23/2025 06:42:58.450 PM] Action   || Name: finance_skip_dup... || Trigger: buffer                               || Output: Sophia Herrera $6.00 on 2025-08-26
[10/23/2025 06:42:58.450 PM] Action   || Name: finance_skip_dup... || Trigger: buffer                               || Output: Jordin Baylee $5.00 on 2025-08-26
[10/23/2025 06:42:58.450 PM] Action   || Name: finance_skip_dup... || Trigger: buffer                               || Output: Axel Torres $24.25 on 2025-08-22
[10/23/2025 06:42:58.450 PM] Action   || Name: finance_skip_dup... || Trigger: buffer                               || Output: Megan Digiovanni $47.62 on 2025-08-26
[10/23/2025 06:42:58.450 PM] Action   || Name: finance_skip_dup... || Trigger: buffer                               || Output: M. Padron $20.00 on 2025-08-26
[10/23/2025 06:42:58.450 PM] Action   || Name: finance_skip_dup... || Trigger: buffer                               || Output: Sophia Herrera $6.00 on 2025-08-26
[10/23/2025 06:42:58.450 PM] Action   || Name: finance_skip_dup... || Trigger: buffer                               || Output: Addison Loera $8.00 on 2025-08-26
[10/23/2025 06:42:58.450 PM] Action   || Name: finance_skip_dup... || Trigger: buffer                               || Output: Amber Thomas $5.00 on 2025-08-26
[10/23/2025 06:42:58.466 PM] Action   || Name: finance_skip_dup... || Trigger: buffer                               || Output: Jordin Baylee $5.00 on 2025-08-26
[10/23/2025 06:42:58.466 PM] Action   || Name: finance_skip_dup... || Trigger: buffer                               || Output: Kathleen Cantu $1.00 on 2025-08-26
[10/23/2025 06:42:58.466 PM] Action   || Name: finance_skip_dup... || Trigger: buffer                               || Output: Amber Thomas $3.00 on 2025-08-26
[10/23/2025 06:42:58.466 PM] Action   || Name: finance_skip_dup... || Trigger: buffer                               || Output: Rob Jimenez $3.00 on 2025-08-26
[10/23/2025 06:42:58.466 PM] Action   || Name: finance_skip_dup... || Trigger: buffer                               || Output: Daniel Brantley $3.00 on 2025-08-26
[10/23/2025 06:42:58.466 PM] Action   || Name: finance_skip_dup... || Trigger: buffer                               || Output: Isabella Klein $9.70 on 2025-08-26
[10/23/2025 06:42:58.466 PM] Action   || Name: finance_skip_dup... || Trigger: buffer                               || Output: Wix $25.98 on 2025-08-26
[10/23/2025 06:42:58.466 PM] Action   || Name: finance_skip_dup... || Trigger: buffer                               || Output: Nelda Hernandez $2.00 on 2025-08-26
[10/23/2025 06:42:58.466 PM] Action   || Name: finance_skip_dup... || Trigger: buffer                               || Output: Troy Broome $1.00 on 2025-08-26
[10/23/2025 06:42:58.466 PM] Action   || Name: finance_skip_dup... || Trigger: buffer                               || Output: Div Bits $2.00 on 2025-08-26
[10/23/2025 06:42:58.466 PM] Action   || Name: finance_skip_dup... || Trigger: buffer                               || Output: Jacob Sandoval $1.00 on 2025-08-26
[10/23/2025 06:42:58.466 PM] Action   || Name: finance_skip_dup... || Trigger: buffer                               || Output: Aubrey Cunningham $10.00 on 2025-08-26
[10/23/2025 06:42:58.466 PM] Action   || Name: finance_skip_dup... || Trigger: buffer                               || Output: Maxwell Preston $5.00 on 2025-08-26
[10/23/2025 06:42:58.466 PM] Action   || Name: finance_skip_dup... || Trigger: buffer                               || Output: Sophia Herrera $6.00 on 2025-08-26
[10/23/2025 06:42:58.466 PM] Action   || Name: finance_skip_dup... || Trigger: buffer                               || Output: Derek Fuentes $25.98 on 2025-08-26
[10/23/2025 06:42:58.466 PM] Action   || Name: finance_skip_dup... || Trigger: buffer                               || Output: Miguel V $5.00 on 2025-08-26
[10/23/2025 06:42:58.466 PM] Action   || Name: finance_skip_dup... || Trigger: buffer                               || Output: Nelda Hernandez $3.00 on 2025-08-26
[10/23/2025 06:42:58.466 PM] Action   || Name: finance_skip_dup... || Trigger: buffer                               || Output: Megan Digiovanni $130.00 on 2025-08-26
[10/23/2025 06:42:58.482 PM] Action   || Name: finance_skip_dup... || Trigger: buffer                               || Output: Pedro Savala $5.00 on 2025-08-27
[10/23/2025 06:42:58.482 PM] Action   || Name: finance_skip_dup... || Trigger: buffer                               || Output: Jonathan Mcgeever $5.00 on 2025-08-27
[10/23/2025 06:42:58.482 PM] Action   || Name: finance_skip_dup... || Trigger: buffer                               || Output: NNT PETSMART # $32.46 on 2025-08-06
[10/23/2025 06:42:58.482 PM] Action   || Name: finance_skip_dup... || Trigger: buffer                               || Output: Py Store Here Pantego $54.00 on 2025-08-20
[10/23/2025 06:42:58.482 PM] Action   || Name: finance_skip_dup... || Trigger: buffer                               || Output: Megan Digiovanni $74.92 on 2025-07-30
[10/23/2025 06:42:58.482 PM] Action   || Name: finance_skip_dup... || Trigger: buffer                               || Output: TOMAHAWK LIVE TRAP $581.62 on 2025-05-12
[10/23/2025 06:42:58.482 PM] Action   || Name: finance_skip_dup... || Trigger: buffer                               || Output: TOMAHAWK LIVE TRAP $581.62 on 2025-05-12
[10/23/2025 06:42:58.482 PM] Action   || Name: finance_skip_dup... || Trigger: buffer                               || Output: Richa  Desai $6.00 on 2025-10-22
[10/23/2025 06:42:58.482 PM] Action   || Name: finance_skip_dup... || Trigger: buffer                               || Output: Sophia Herrera $5.00 on 2025-10-22
[10/23/2025 06:42:58.482 PM] Action   || Name: finance_skip_dup... || Trigger: buffer                               || Output: Muhammed  Abdalrahman $10.00 on 2025-10-22
[10/23/2025 06:43:00.821 PM] Action   || Name: finance_skip_dup... || Trigger: kind=income                          || Output: Cynthia griffith $10.00 on 2025-04-16
[10/23/2025 06:43:00.821 PM] Action   || Name: finance_skip_dup... || Trigger: kind=income                          || Output: Caleb Moran $4.00 on 2025-04-16
[10/23/2025 06:43:00.821 PM] Action   || Name: finance_skip_dup... || Trigger: kind=income                          || Output: Alberto $6.00 on 2025-04-16
[10/23/2025 06:43:00.821 PM] Action   || Name: finance_skip_dup... || Trigger: kind=income                          || Output: Jacob Sandoval $2.91 on 2025-04-16
[10/23/2025 06:43:00.821 PM] Action   || Name: finance_skip_dup... || Trigger: kind=income                          || Output: tay $5.00 on 2025-04-16
[10/23/2025 06:43:00.821 PM] Action   || Name: finance_skip_dup... || Trigger: kind=income                          || Output: Nelda Hernandez $2.00 on 2025-04-16
[10/23/2025 06:43:00.821 PM] Action   || Name: finance_skip_dup... || Trigger: kind=income                          || Output: Maria Olds $10.00 on 2025-04-16
[10/23/2025 06:43:00.821 PM] Action   || Name: finance_skip_dup... || Trigger: kind=income                          || Output: Mario Rodriguez $3.00 on 2025-04-16
[10/23/2025 06:43:00.821 PM] Action   || Name: finance_skip_dup... || Trigger: kind=income                          || Output: Elisha Taylor $5.00 on 2025-04-16
[10/23/2025 06:43:00.821 PM] Action   || Name: finance_skip_dup... || Trigger: kind=income                          || Output: Jacob Sandoval $3.00 on 2025-04-16
[10/23/2025 06:43:00.821 PM] Action   || Name: finance_skip_dup... || Trigger: kind=income                          || Output: Isabella Klein $9.70 on 2025-08-26
[10/23/2025 06:43:00.837 PM] Action   || Name: finance_skip_dup... || Trigger: kind=income                          || Output: Nelda Hernandez $2.00 on 2025-08-26
[10/23/2025 06:43:00.837 PM] Action   || Name: finance_skip_dup... || Trigger: kind=income                          || Output: Troy Broome $1.00 on 2025-08-26
[10/23/2025 06:43:00.837 PM] Action   || Name: finance_skip_dup... || Trigger: kind=income                          || Output: Div Bits $2.00 on 2025-08-26
[10/23/2025 06:43:00.837 PM] Action   || Name: finance_skip_dup... || Trigger: kind=income                          || Output: Jacob Sandoval $1.00 on 2025-08-26
[10/23/2025 06:43:00.837 PM] Action   || Name: finance_skip_dup... || Trigger: kind=income                          || Output: Aubrey Cunningham $10.00 on 2025-08-26
[10/23/2025 06:43:00.837 PM] Action   || Name: finance_skip_dup... || Trigger: kind=income                          || Output: Maxwell Preston $5.00 on 2025-08-26
[10/23/2025 06:43:00.837 PM] Action   || Name: finance_skip_dup... || Trigger: kind=income                          || Output: Sophia Herrera $6.00 on 2025-08-26
[10/23/2025 06:43:00.837 PM] Action   || Name: finance_skip_dup... || Trigger: kind=income                          || Output: Miguel V $5.00 on 2025-08-26
[10/23/2025 06:43:00.837 PM] Action   || Name: finance_skip_dup... || Trigger: kind=income                          || Output: Nelda Hernandez $3.00 on 2025-08-26
[10/23/2025 06:43:00.837 PM] Action   || Name: finance_skip_dup... || Trigger: kind=income                          || Output: Megan Digiovanni $130.00 on 2025-08-26
[10/23/2025 06:43:00.837 PM] Action   || Name: finance_skip_dup... || Trigger: kind=income                          || Output: Pedro Savala $5.00 on 2025-08-27
[10/23/2025 06:43:00.837 PM] Action   || Name: finance_skip_dup... || Trigger: kind=income                          || Output: Jonathan Mcgeever $5.00 on 2025-08-27
[10/23/2025 06:43:00.837 PM] Action   || Name: finance_skip_dup... || Trigger: kind=income                          || Output: Axel Torres $24.25 on 2025-08-22
[10/23/2025 06:43:00.837 PM] Action   || Name: finance_skip_dup... || Trigger: kind=income                          || Output: M. Padron $20.00 on 2025-08-26
[10/23/2025 06:43:00.837 PM] Action   || Name: finance_skip_dup... || Trigger: kind=income                          || Output: Addison Loera $8.00 on 2025-08-26
[10/23/2025 06:43:00.853 PM] Action   || Name: finance_skip_dup... || Trigger: kind=income                          || Output: Amber Thomas $5.00 on 2025-08-26
[10/23/2025 06:43:00.853 PM] Action   || Name: finance_skip_dup... || Trigger: kind=income                          || Output: Kathleen Cantu $1.00 on 2025-08-26
[10/23/2025 06:43:00.853 PM] Action   || Name: finance_skip_dup... || Trigger: kind=income                          || Output: Amber Thomas $3.00 on 2025-08-26
[10/23/2025 06:43:00.853 PM] Action   || Name: finance_skip_dup... || Trigger: kind=income                          || Output: Rob Jimenez $3.00 on 2025-08-26
[10/23/2025 06:43:00.853 PM] Action   || Name: finance_skip_dup... || Trigger: kind=income                          || Output: Daniel Brantley $3.00 on 2025-08-26
[10/23/2025 06:43:00.853 PM] Action   || Name: finance_skip_dup... || Trigger: kind=income                          || Output: Kristyn Jackson $9.00 on 2025-10-22
[10/23/2025 06:43:00.853 PM] Action   || Name: finance_skip_dup... || Trigger: kind=income                          || Output: Victoria Elkins $5.00 on 2025-10-22
[10/23/2025 06:43:00.853 PM] Action   || Name: finance_skip_dup... || Trigger: kind=income                          || Output: Alexander  Martinez $3.00 on 2025-10-22
[10/23/2025 06:43:00.853 PM] Action   || Name: finance_skip_dup... || Trigger: kind=income                          || Output: Emily Lanham $6.00 on 2025-10-22
[10/23/2025 06:43:00.853 PM] Action   || Name: finance_skip_dup... || Trigger: kind=income                          || Output: Mariah Hall $3.00 on 2025-10-22
[10/23/2025 06:43:00.853 PM] Action   || Name: finance_skip_dup... || Trigger: kind=income                          || Output: Kylie Crook $5.00 on 2025-09-16
[10/23/2025 06:43:00.853 PM] Action   || Name: finance_skip_dup... || Trigger: kind=income                          || Output: Jenny Nguyen $9.70 on 2025-09-03
[10/23/2025 06:43:02.737 PM] Action   || Name: finance_skip_dup... || Trigger: kind=expense                         || Output: Py Store Here Pantego $54.00 on 2025-04-20
[10/23/2025 06:43:02.737 PM] Action   || Name: finance_skip_dup... || Trigger: kind=expense                         || Output: j s $11.68 on 2025-04-22
[10/23/2025 06:43:02.737 PM] Action   || Name: finance_skip_dup... || Trigger: kind=expense                         || Output: Wix $25.98 on 2025-04-26
[10/23/2025 06:43:02.737 PM] Action   || Name: finance_skip_dup... || Trigger: kind=expense                         || Output: Wix $25.98 on 2025-08-26
[10/23/2025 06:43:02.737 PM] Action   || Name: finance_skip_dup... || Trigger: kind=expense                         || Output: Derek Fuentes $25.98 on 2025-08-26
[10/23/2025 06:43:02.737 PM] Action   || Name: finance_skip_dup... || Trigger: kind=expense                         || Output: Py Store Here Pantego $54.00 on 2025-08-20
[10/23/2025 06:43:02.753 PM] Action   || Name: finance_skip_dup... || Trigger: kind=expense                         || Output: Megan Digiovanni $47.62 on 2025-08-26
[10/23/2025 06:43:02.753 PM] Action   || Name: finance_skip_dup... || Trigger: kind=expense                         || Output: NNT PETSMART # $32.46 on 2025-08-06
[10/23/2025 06:43:02.753 PM] Action   || Name: finance_skip_dup... || Trigger: kind=expense                         || Output: Megan Digiovanni $74.92 on 2025-07-30
[10/23/2025 06:43:02.753 PM] Action   || Name: finance_skip_dup... || Trigger: kind=expense                         || Output: TOMAHAWK LIVE TRAP $581.62 on 2025-05-11
[10/23/2025 06:43:02.753 PM] Action   || Name: finance_skip_dup... || Trigger: kind=expense                         || Output: Py Store Here Pantego $54.00 on 2025-05-20
[10/23/2025 06:43:02.753 PM] Action   || Name: finance_skip_dup... || Trigger: kind=expense                         || Output: Derek Fuentes $72.45 on 2025-05-23
[10/23/2025 06:43:02.753 PM] Action   || Name: finance_skip_dup... || Trigger: kind=expense                         || Output: Wix $25.98 on 2025-05-26
[10/23/2025 06:43:02.753 PM] Action   || Name: finance_skip_dup... || Trigger: kind=expense                         || Output: Megan Digiovanni $89.91 on 2025-10-05
[10/23/2025 06:43:02.753 PM] Action   || Name: finance_skip_dup... || Trigger: kind=expense                         || Output: DOMINO'S $60.57 on 2025-09-09
[10/23/2025 06:43:02.753 PM] Action   || Name: finance_skip_dup... || Trigger: kind=expense                         || Output: Derek Fuentes $20.00 on 2025-09-10
[10/23/2025 06:43:19.995 PM] Message  || User: simplyshadow171295  || Channel: #pictures-of-the-cats                || Content: @Kitadan itzel for you. atzi is here but we haven’t gotten a good pic
[10/23/2025 06:43:20.516 PM] Action   || Name: image_intake        || Trigger: channel=551084964318543904           || Output: rows=1
[10/23/2025 06:46:45.882 PM] Message  || User: simplyshadow171295  || Channel: #pictures-of-the-cats                || Content: she looks so surprised all the time
[10/23/2025 06:46:47.729 PM] Action   || Name: image_intake        || Trigger: channel=551084964318543904           || Output: rows=1
[10/23/2025 06:47:00.774 PM] Message  || User: _costco_wholesale_  || Channel: #pictures-of-the-cats                || Content: she confused
[10/23/2025 06:47:01.795 PM] Action   || Name: image_intake        || Trigger: channel=551084964318543904           || Output: rows=1
[10/23/2025 06:47:04.623 PM] Message  || User: simplyshadow171295  || Channel: #pictures-of-the-cats                || Content: not a cat
[10/23/2025 06:47:05.079 PM] Action   || Name: image_intake        || Trigger: channel=551084964318543904           || Output: rows=1
[10/23/2025 06:47:05.467 PM] React+   || User: _costco_wholesale_  || Channel: #pictures-of-the-cats                || emoji=😆; msg="she looks so surprised all the time" by simplyshadow171295
[10/23/2025 06:47:08.312 PM] React+   || User: simplyshadow171295  || Channel: #pictures-of-the-cats                || emoji=‼️; msg="she confused" by _costco_wholesale_
[10/23/2025 06:47:10.402 PM] React+   || User: _costco_wholesale_  || Channel: #pictures-of-the-cats                || emoji=😭; msg="not a cat" by simplyshadow171295
[10/23/2025 06:47:27.467 PM] React+   || User: celeryiscelery      || Channel: #pictures-of-the-cats                || emoji=‼️; msg=1431031823219167312
[10/23/2025 06:47:49.923 PM] React+   || User: slayc127            || Channel: #pictures-of-the-cats                || emoji=😭; msg="not a cat" by simplyshadow171295
[10/23/2025 06:47:54.327 PM] Message  || User: slayc127            || Channel: #pictures-of-the-cats                || Content: a wild gunjan
[10/23/2025 06:47:56.898 PM] React+   || User: slayc127            || Channel: #pictures-of-the-cats                || emoji=‼️; msg="she confused" by _costco_wholesale_
[10/23/2025 06:47:57.522 PM] React+   || User: simplyshadow171295  || Channel: #pictures-of-the-cats                || emoji=‼️; msg="a wild gunjan" by slayc127
[10/23/2025 06:47:58.644 PM] React+   || User: slayc127            || Channel: #pictures-of-the-cats                || emoji=😆; msg="she looks so surprised all the time" by simplyshadow171295
[10/23/2025 06:48:02.802 PM] Message  || User: simplyshadow171295  || Channel: #pictures-of-the-cats                || Content: very elusive even
[10/23/2025 06:48:07.333 PM] Message  || User: slayc127            || Channel: #pictures-of-the-cats                || Content: hehehehe
[10/23/2025 06:48:08.698 PM] Message  || User: slayc127            || Channel: #pictures-of-the-cats                || Content: silly
[10/23/2025 06:48:16.672 PM] React+   || User: silver0223          || Channel: #pet-pictures                        || emoji=❤️; msg=1430988714196340897
[10/23/2025 06:48:18.867 PM] React+   || User: silver0223          || Channel: #pet-pictures                        || emoji=❤️; msg="Never mind, he gave up!" by littlelindentree
[10/23/2025 06:48:22.587 PM] Message  || User: _costco_wholesale_  || Channel: #pictures-of-the-cats                || Content: (no text; attachments=2)
[10/23/2025 06:48:23.152 PM] Action   || Name: image_intake        || Trigger: channel=551084964318543904           || Output: rows=2
[10/23/2025 06:48:23.411 PM] React+   || User: silver0223          || Channel: #pet-pictures                        || emoji=<:sobbing:828777375876907038>; msg=1430990224653291641
[10/23/2025 06:48:25.889 PM] React+   || User: silver0223          || Channel: #pet-pictures                        || emoji=❤️; msg="My other kitty is napping in the sun, I ..." by littlelindentree
[10/23/2025 06:48:31.391 PM] React+   || User: silver0223          || Channel: #pet-pictures                        || emoji=❤️; msg=1430991536631578765
[10/23/2025 06:48:33.119 PM] React+   || User: _costco_wholesale_  || Channel: #pictures-of-the-cats                || emoji=😭; msg="very elusive even" by simplyshadow171295
[10/23/2025 06:48:35.716 PM] React+   || User: silver0223          || Channel: #pet-pictures                        || emoji=🍊; msg=1430992605323460752
[10/23/2025 06:48:38.332 PM] React+   || User: simplyshadow171295  || Channel: #pictures-of-the-cats                || emoji=‼️; msg=1431066758613176401
[10/23/2025 06:48:43.364 PM] Message  || User: simplyshadow171295  || Channel: #pictures-of-the-cats                || Content: important images
[10/23/2025 06:48:49.584 PM] Message  || User: silver0223          || Channel: #pet-pictures                        || Content: So adorable
[10/23/2025 06:49:20.824 PM] Message  || User: simplyshadow171295  || Channel: #pictures-of-the-cats                || Content: that second image is everything to me actually
[10/23/2025 06:49:47.511 PM] Message  || User: _costco_wholesale_  || Channel: #pictures-of-the-cats                || Content: (no text; attachments=3)
[10/23/2025 06:49:48.751 PM] Action   || Name: image_intake        || Trigger: channel=551084964318543904           || Output: rows=3
[10/23/2025 06:50:17.607 PM] Action   || Name: gmail_log_scheduler || Trigger: found=3                              || Output: logged=0
[10/23/2025 06:50:17.648 PM] Action   || Name: finance_skip_dup... || Trigger: buffer                               || Output: Sophia Herrera $6.00 on 2025-08-26
[10/23/2025 06:50:17.648 PM] Action   || Name: finance_skip_dup... || Trigger: buffer                               || Output: Jordin Baylee $5.00 on 2025-08-26
[10/23/2025 06:50:17.648 PM] Action   || Name: finance_skip_dup... || Trigger: buffer                               || Output: Axel Torres $24.25 on 2025-08-22
[10/23/2025 06:50:17.648 PM] Action   || Name: finance_skip_dup... || Trigger: buffer                               || Output: Megan Digiovanni $47.62 on 2025-08-26
[10/23/2025 06:50:17.648 PM] Action   || Name: finance_skip_dup... || Trigger: buffer                               || Output: M. Padron $20.00 on 2025-08-26
[10/23/2025 06:50:17.648 PM] Action   || Name: finance_skip_dup... || Trigger: buffer                               || Output: Sophia Herrera $6.00 on 2025-08-26
[10/23/2025 06:50:17.648 PM] Action   || Name: finance_skip_dup... || Trigger: buffer                               || Output: Addison Loera $8.00 on 2025-08-26
[10/23/2025 06:50:17.648 PM] Action   || Name: finance_skip_dup... || Trigger: buffer                               || Output: Amber Thomas $5.00 on 2025-08-26
[10/23/2025 06:50:17.648 PM] Action   || Name: finance_skip_dup... || Trigger: buffer                               || Output: Jordin Baylee $5.00 on 2025-08-26
[10/23/2025 06:50:17.648 PM] Action   || Name: finance_skip_dup... || Trigger: buffer                               || Output: Kathleen Cantu $1.00 on 2025-08-26
[10/23/2025 06:50:17.648 PM] Action   || Name: finance_skip_dup... || Trigger: buffer                               || Output: Amber Thomas $3.00 on 2025-08-26
[10/23/2025 06:50:17.664 PM] Action   || Name: finance_skip_dup... || Trigger: buffer                               || Output: Rob Jimenez $3.00 on 2025-08-26
[10/23/2025 06:50:17.664 PM] Action   || Name: finance_skip_dup... || Trigger: buffer                               || Output: Daniel Brantley $3.00 on 2025-08-26
[10/23/2025 06:50:17.664 PM] Action   || Name: finance_skip_dup... || Trigger: buffer                               || Output: Isabella Klein $9.70 on 2025-08-26
[10/23/2025 06:50:17.664 PM] Action   || Name: finance_skip_dup... || Trigger: buffer                               || Output: Wix $25.98 on 2025-08-26
[10/23/2025 06:50:17.664 PM] Action   || Name: finance_skip_dup... || Trigger: buffer                               || Output: Nelda Hernandez $2.00 on 2025-08-26
[10/23/2025 06:50:17.664 PM] Action   || Name: finance_skip_dup... || Trigger: buffer                               || Output: Troy Broome $1.00 on 2025-08-26
[10/23/2025 06:50:17.664 PM] Action   || Name: finance_skip_dup... || Trigger: buffer                               || Output: Div Bits $2.00 on 2025-08-26
[10/23/2025 06:50:17.664 PM] Action   || Name: finance_skip_dup... || Trigger: buffer                               || Output: Jacob Sandoval $1.00 on 2025-08-26
[10/23/2025 06:50:17.664 PM] Action   || Name: finance_skip_dup... || Trigger: buffer                               || Output: Aubrey Cunningham $10.00 on 2025-08-26
[10/23/2025 06:50:17.664 PM] Action   || Name: finance_skip_dup... || Trigger: buffer                               || Output: Maxwell Preston $5.00 on 2025-08-26
[10/23/2025 06:50:17.664 PM] Action   || Name: finance_skip_dup... || Trigger: buffer                               || Output: Sophia Herrera $6.00 on 2025-08-26
[10/23/2025 06:50:17.664 PM] Action   || Name: finance_skip_dup... || Trigger: buffer                               || Output: Derek Fuentes $25.98 on 2025-08-26
[10/23/2025 06:50:17.664 PM] Action   || Name: finance_skip_dup... || Trigger: buffer                               || Output: Miguel V $5.00 on 2025-08-26
[10/23/2025 06:50:17.664 PM] Action   || Name: finance_skip_dup... || Trigger: buffer                               || Output: Nelda Hernandez $3.00 on 2025-08-26
[10/23/2025 06:50:17.664 PM] Action   || Name: finance_skip_dup... || Trigger: buffer                               || Output: Megan Digiovanni $130.00 on 2025-08-26
[10/23/2025 06:50:17.664 PM] Action   || Name: finance_skip_dup... || Trigger: buffer                               || Output: Pedro Savala $5.00 on 2025-08-27
[10/23/2025 06:50:17.664 PM] Action   || Name: finance_skip_dup... || Trigger: buffer                               || Output: Jonathan Mcgeever $5.00 on 2025-08-27
[10/23/2025 06:50:17.679 PM] Action   || Name: finance_skip_dup... || Trigger: buffer                               || Output: NNT PETSMART # $32.46 on 2025-08-06
[10/23/2025 06:50:17.679 PM] Action   || Name: finance_skip_dup... || Trigger: buffer                               || Output: Py Store Here Pantego $54.00 on 2025-08-20
[10/23/2025 06:50:17.679 PM] Action   || Name: finance_skip_dup... || Trigger: buffer                               || Output: Megan Digiovanni $74.92 on 2025-07-30
[10/23/2025 06:50:17.679 PM] Action   || Name: finance_skip_dup... || Trigger: buffer                               || Output: TOMAHAWK LIVE TRAP $581.62 on 2025-05-12
[10/23/2025 06:50:17.679 PM] Action   || Name: finance_skip_dup... || Trigger: buffer                               || Output: TOMAHAWK LIVE TRAP $581.62 on 2025-05-12
[10/23/2025 06:50:17.679 PM] Action   || Name: finance_skip_dup... || Trigger: buffer                               || Output: Richa  Desai $6.00 on 2025-10-22
[10/23/2025 06:50:17.679 PM] Action   || Name: finance_skip_dup... || Trigger: buffer                               || Output: Sophia Herrera $5.00 on 2025-10-22
[10/23/2025 06:50:17.679 PM] Action   || Name: finance_skip_dup... || Trigger: buffer                               || Output: Muhammed  Abdalrahman $10.00 on 2025-10-22
[10/23/2025 06:50:19.882 PM] Action   || Name: finance_skip_dup... || Trigger: kind=income                          || Output: Cynthia griffith $10.00 on 2025-04-16
[10/23/2025 06:50:19.882 PM] Action   || Name: finance_skip_dup... || Trigger: kind=income                          || Output: Caleb Moran $4.00 on 2025-04-16
[10/23/2025 06:50:19.882 PM] Action   || Name: finance_skip_dup... || Trigger: kind=income                          || Output: Alberto $6.00 on 2025-04-16
[10/23/2025 06:50:19.882 PM] Action   || Name: finance_skip_dup... || Trigger: kind=income                          || Output: Jacob Sandoval $2.91 on 2025-04-16
[10/23/2025 06:50:19.882 PM] Action   || Name: finance_skip_dup... || Trigger: kind=income                          || Output: tay $5.00 on 2025-04-16
[10/23/2025 06:50:19.882 PM] Action   || Name: finance_skip_dup... || Trigger: kind=income                          || Output: Nelda Hernandez $2.00 on 2025-04-16
[10/23/2025 06:50:19.882 PM] Action   || Name: finance_skip_dup... || Trigger: kind=income                          || Output: Maria Olds $10.00 on 2025-04-16
[10/23/2025 06:50:19.882 PM] Action   || Name: finance_skip_dup... || Trigger: kind=income                          || Output: Mario Rodriguez $3.00 on 2025-04-16
[10/23/2025 06:50:19.882 PM] Action   || Name: finance_skip_dup... || Trigger: kind=income                          || Output: Elisha Taylor $5.00 on 2025-04-16
[10/23/2025 06:50:19.882 PM] Action   || Name: finance_skip_dup... || Trigger: kind=income                          || Output: Jacob Sandoval $3.00 on 2025-04-16
[10/23/2025 06:50:19.897 PM] Action   || Name: finance_skip_dup... || Trigger: kind=income                          || Output: Isabella Klein $9.70 on 2025-08-26
[10/23/2025 06:50:19.897 PM] Action   || Name: finance_skip_dup... || Trigger: kind=income                          || Output: Nelda Hernandez $2.00 on 2025-08-26
[10/23/2025 06:50:19.897 PM] Action   || Name: finance_skip_dup... || Trigger: kind=income                          || Output: Troy Broome $1.00 on 2025-08-26
[10/23/2025 06:50:19.897 PM] Action   || Name: finance_skip_dup... || Trigger: kind=income                          || Output: Div Bits $2.00 on 2025-08-26
[10/23/2025 06:50:19.897 PM] Action   || Name: finance_skip_dup... || Trigger: kind=income                          || Output: Jacob Sandoval $1.00 on 2025-08-26
[10/23/2025 06:50:19.897 PM] Action   || Name: finance_skip_dup... || Trigger: kind=income                          || Output: Aubrey Cunningham $10.00 on 2025-08-26
[10/23/2025 06:50:19.897 PM] Action   || Name: finance_skip_dup... || Trigger: kind=income                          || Output: Maxwell Preston $5.00 on 2025-08-26
[10/23/2025 06:50:19.897 PM] Action   || Name: finance_skip_dup... || Trigger: kind=income                          || Output: Sophia Herrera $6.00 on 2025-08-26
[10/23/2025 06:50:19.897 PM] Action   || Name: finance_skip_dup... || Trigger: kind=income                          || Output: Miguel V $5.00 on 2025-08-26
[10/23/2025 06:50:19.897 PM] Action   || Name: finance_skip_dup... || Trigger: kind=income                          || Output: Nelda Hernandez $3.00 on 2025-08-26
[10/23/2025 06:50:19.897 PM] Action   || Name: finance_skip_dup... || Trigger: kind=income                          || Output: Megan Digiovanni $130.00 on 2025-08-26
[10/23/2025 06:50:19.897 PM] Action   || Name: finance_skip_dup... || Trigger: kind=income                          || Output: Pedro Savala $5.00 on 2025-08-27
[10/23/2025 06:50:19.897 PM] Action   || Name: finance_skip_dup... || Trigger: kind=income                          || Output: Jonathan Mcgeever $5.00 on 2025-08-27
[10/23/2025 06:50:19.897 PM] Action   || Name: finance_skip_dup... || Trigger: kind=income                          || Output: Axel Torres $24.25 on 2025-08-22
[10/23/2025 06:50:19.897 PM] Action   || Name: finance_skip_dup... || Trigger: kind=income                          || Output: M. Padron $20.00 on 2025-08-26
[10/23/2025 06:50:19.913 PM] Action   || Name: finance_skip_dup... || Trigger: kind=income                          || Output: Addison Loera $8.00 on 2025-08-26
[10/23/2025 06:50:19.913 PM] Action   || Name: finance_skip_dup... || Trigger: kind=income                          || Output: Amber Thomas $5.00 on 2025-08-26
[10/23/2025 06:50:19.913 PM] Action   || Name: finance_skip_dup... || Trigger: kind=income                          || Output: Kathleen Cantu $1.00 on 2025-08-26
[10/23/2025 06:50:19.913 PM] Action   || Name: finance_skip_dup... || Trigger: kind=income                          || Output: Amber Thomas $3.00 on 2025-08-26
[10/23/2025 06:50:19.913 PM] Action   || Name: finance_skip_dup... || Trigger: kind=income                          || Output: Rob Jimenez $3.00 on 2025-08-26
[10/23/2025 06:50:19.913 PM] Action   || Name: finance_skip_dup... || Trigger: kind=income                          || Output: Daniel Brantley $3.00 on 2025-08-26
[10/23/2025 06:50:19.913 PM] Action   || Name: finance_skip_dup... || Trigger: kind=income                          || Output: Kristyn Jackson $9.00 on 2025-10-22
[10/23/2025 06:50:19.913 PM] Action   || Name: finance_skip_dup... || Trigger: kind=income                          || Output: Victoria Elkins $5.00 on 2025-10-22
[10/23/2025 06:50:19.913 PM] Action   || Name: finance_skip_dup... || Trigger: kind=income                          || Output: Alexander  Martinez $3.00 on 2025-10-22
[10/23/2025 06:50:19.913 PM] Action   || Name: finance_skip_dup... || Trigger: kind=income                          || Output: Emily Lanham $6.00 on 2025-10-22
[10/23/2025 06:50:19.913 PM] Action   || Name: finance_skip_dup... || Trigger: kind=income                          || Output: Mariah Hall $3.00 on 2025-10-22
[10/23/2025 06:50:19.913 PM] Action   || Name: finance_skip_dup... || Trigger: kind=income                          || Output: Kylie Crook $5.00 on 2025-09-16
[10/23/2025 06:50:19.913 PM] Action   || Name: finance_skip_dup... || Trigger: kind=income                          || Output: Jenny Nguyen $9.70 on 2025-09-03
[10/23/2025 06:50:22.030 PM] Action   || Name: finance_skip_dup... || Trigger: kind=expense                         || Output: Py Store Here Pantego $54.00 on 2025-04-20
[10/23/2025 06:50:22.030 PM] Action   || Name: finance_skip_dup... || Trigger: kind=expense                         || Output: j s $11.68 on 2025-04-22
[10/23/2025 06:50:22.030 PM] Action   || Name: finance_skip_dup... || Trigger: kind=expense                         || Output: Wix $25.98 on 2025-04-26
[10/23/2025 06:50:22.030 PM] Action   || Name: finance_skip_dup... || Trigger: kind=expense                         || Output: Wix $25.98 on 2025-08-26
[10/23/2025 06:50:22.030 PM] Action   || Name: finance_skip_dup... || Trigger: kind=expense                         || Output: Derek Fuentes $25.98 on 2025-08-26
[10/23/2025 06:50:22.030 PM] Action   || Name: finance_skip_dup... || Trigger: kind=expense                         || Output: Py Store Here Pantego $54.00 on 2025-08-20
[10/23/2025 06:50:22.030 PM] Action   || Name: finance_skip_dup... || Trigger: kind=expense                         || Output: Megan Digiovanni $47.62 on 2025-08-26
[10/23/2025 06:50:22.030 PM] Action   || Name: finance_skip_dup... || Trigger: kind=expense                         || Output: NNT PETSMART # $32.46 on 2025-08-06
[10/23/2025 06:50:22.030 PM] Action   || Name: finance_skip_dup... || Trigger: kind=expense                         || Output: Megan Digiovanni $74.92 on 2025-07-30
[10/23/2025 06:50:22.030 PM] Action   || Name: finance_skip_dup... || Trigger: kind=expense                         || Output: TOMAHAWK LIVE TRAP $581.62 on 2025-05-11
[10/23/2025 06:50:22.030 PM] Action   || Name: finance_skip_dup... || Trigger: kind=expense                         || Output: Py Store Here Pantego $54.00 on 2025-05-20
[10/23/2025 06:50:22.030 PM] Action   || Name: finance_skip_dup... || Trigger: kind=expense                         || Output: Derek Fuentes $72.45 on 2025-05-23
[10/23/2025 06:50:22.046 PM] Action   || Name: finance_skip_dup... || Trigger: kind=expense                         || Output: Wix $25.98 on 2025-05-26
[10/23/2025 06:50:22.046 PM] Action   || Name: finance_skip_dup... || Trigger: kind=expense                         || Output: Megan Digiovanni $89.91 on 2025-10-05
[10/23/2025 06:50:22.046 PM] Action   || Name: finance_skip_dup... || Trigger: kind=expense                         || Output: DOMINO'S $60.57 on 2025-09-09
[10/23/2025 06:50:22.046 PM] Action   || Name: finance_skip_dup... || Trigger: kind=expense                         || Output: Derek Fuentes $20.00 on 2025-09-10
[10/23/2025 06:50:28.555 PM] Message  || User: simplyshadow171295  || Channel: #pictures-of-the-cats                || Content: these r worthy of pins. in my heart
[10/23/2025 06:51:19.624 PM] Message  || User: adeyumii            || Channel: #feeding-team                        || Content: I'll be covering everyone that needs to eat still after I get out of...
[10/23/2025 06:54:50.429 PM] Message  || User: _costco_wholesale_  || Channel: #pictures-of-the-cats                || Content: (no text; attachments=1)
[10/23/2025 06:54:51.058 PM] Action   || Name: image_intake        || Trigger: channel=551084964318543904           || Output: rows=1
[10/23/2025 06:54:56.810 PM] Message  || User: simplyshadow171295  || Channel: #pictures-of-the-cats                || Content: skitter
[10/23/2025 06:54:57.802 PM] Action   || Name: image_intake        || Trigger: channel=551084964318543904           || Output: rows=1
[10/23/2025 06:55:28.548 PM] Edit     || User: _costco_wholesale_  || Channel: #pictures-of-the-cats                ||  -> 
[10/23/2025 06:55:28.563 PM] Message  || User: slayc127            || Channel: #pictures-of-the-cats                || Content: (no text; attachments=0)
[10/23/2025 06:55:36.603 PM] Edit     || User: _costco_wholesale_  || Channel: #pictures-of-the-cats                ||  -> 
[10/23/2025 06:55:36.639 PM] Message  || User: slayc127            || Channel: #pictures-of-the-cats                || Content: (no text; attachments=0)
[10/23/2025 06:55:51.245 PM] Message  || User: simplyshadow171295  || Channel: #pictures-of-the-cats                || Content: ty kaz
[10/23/2025 06:55:57.051 PM] Message  || User: adeyumii            || Channel: #feeding-team                        || Content: People who haven't been fed:
**Coba**
Greens
**Snickers**
~~Microwav...
[10/23/2025 06:55:57.067 PM] Intent   || feed_update               ||                                               || station=West Hall; dates=['2025-10-23']
[10/23/2025 06:56:00.469 PM] Action   || Name: sheet_mark          || Trigger: station=West Hall date=2025-10-23    || Output: ok
[10/23/2025 06:56:00.469 PM] Action   || Name: feed_update         || Trigger: station=West Hall; dates=2025-10-23  || Output: ok
[10/23/2025 06:56:01.962 PM] Action   || Name: sheet_mark          || Trigger: station=Maintenance date=2025-10-23  || Output: ok
[10/23/2025 06:56:01.963 PM] Action   || Name: feed_update         || Trigger: station=Maintenance; dates=2025-1... || Output: ok
[10/23/2025 06:56:02.588 PM] Action   || Name: sheet_mark          || Trigger: station=Greens date=2025-10-23       || Output: ok
[10/23/2025 06:56:02.588 PM] Action   || Name: feed_update         || Trigger: station=Greens; dates=2025-10-23     || Output: ok
[10/23/2025 06:56:03.216 PM] Action   || Name: sheet_mark          || Trigger: station=Lot 50 date=2025-10-23       || Output: ok
[10/23/2025 06:56:03.217 PM] Action   || Name: feed_update         || Trigger: station=Lot 50; dates=2025-10-23     || Output: ok
[10/23/2025 06:56:03.888 PM] Action   || Name: sheet_mark          || Trigger: station=Business date=2025-10-23     || Output: ok
[10/23/2025 06:56:03.888 PM] Action   || Name: feed_update         || Trigger: station=Business; dates=2025-10-23   || Output: ok
[10/23/2025 06:56:04.547 PM] Action   || Name: sheet_mark          || Trigger: station=Snickers date=2025-10-23     || Output: ok
[10/23/2025 06:56:04.547 PM] Action   || Name: feed_update         || Trigger: station=Snickers; dates=2025-10-23   || Output: ok
[10/23/2025 06:56:05.215 PM] Action   || Name: sheet_mark          || Trigger: station=Microwave date=2025-10-23    || Output: ok
[10/23/2025 06:56:05.215 PM] Action   || Name: feed_update         || Trigger: station=Microwave; dates=2025-10-23  || Output: ok
[10/23/2025 06:56:05.875 PM] Action   || Name: sheet_mark          || Trigger: station=HOP date=2025-10-23          || Output: ok
[10/23/2025 06:56:05.875 PM] Action   || Name: feed_update         || Trigger: station=HOP; dates=2025-10-23        || Output: ok
[10/23/2025 06:56:06.610 PM] Action   || Name: sheet_mark          || Trigger: station=Mary Kay and Zen date=202... || Output: ok
[10/23/2025 06:56:06.610 PM] Action   || Name: feed_update         || Trigger: station=Mary Kay and Zen; dates=2... || Output: ok
[10/23/2025 06:56:06.610 PM] Message  || User: slayc127            || Channel: #pictures-of-the-cats                || Content: always here to pin things
[10/23/2025 06:56:20.583 PM] React+   || User: simplyshadow171295  || Channel: #pictures-of-the-cats                || emoji=💖; msg=1431068384883118222
[10/23/2025 06:57:46.130 PM] React+   || User: kitadan             || Channel: #pictures-of-the-cats                || emoji=❤️; msg="@Kitadan itzel for you. atzi is here but..." by simplyshadow17...
[10/23/2025 06:59:38.100 PM] Message  || User: silver0223          || Channel: #feeding-team                        || Content: Greens fed
[10/23/2025 06:59:38.100 PM] Intent   || feed_update               ||                                               || station=Greens; dates=['2025-10-23']
[10/23/2025 06:59:38.834 PM] Action   || Name: sheet_mark          || Trigger: station=Greens date=2025-10-23       || Output: ok
[10/23/2025 06:59:38.834 PM] Action   || Name: feed_update         || Trigger: station=Greens; dates=2025-10-23     || Output: ok
[10/23/2025 07:00:08.062 PM] Message  || User: silver0223          || Channel: #feeding-team                        || Content: I’d feed coba if I didn’t run out of food
[10/23/2025 07:00:08.075 PM] Intent   || feed_update               ||                                               || station=Business; dates=['2025-10-23']
[10/23/2025 07:00:08.714 PM] Action   || Name: sheet_mark          || Trigger: station=Business date=2025-10-23     || Output: ok
[10/23/2025 07:00:08.723 PM] Action   || Name: feed_update         || Trigger: station=Business; dates=2025-10-23   || Output: ok
[10/23/2025 07:00:12.841 PM] Message  || User: silver0223          || Channel: #feeding-team                        || Content: 😔
[10/23/2025 07:00:57.047 PM] React+   || User: m_digio             || Channel: #pictures-of-the-cats                || emoji=❤️; msg="the gluttony" by simplyshadow171295
[10/23/2025 07:01:57.742 PM] React+   || User: not_d3fault_1420    || Channel: #feeding-team                        || emoji=❤️; msg="Microwave fed @active feeders the food h..." by reyesthighs
[10/23/2025 07:19:39.463 PM] Action   || Name: gmail_log_scheduler || Trigger: found=3                              || Output: logged=0
[10/23/2025 07:19:39.494 PM] Action   || Name: finance_skip_dup... || Trigger: buffer                               || Output: Sophia Herrera $6.00 on 2025-08-26
[10/23/2025 07:19:39.494 PM] Action   || Name: finance_skip_dup... || Trigger: buffer                               || Output: Jordin Baylee $5.00 on 2025-08-26
[10/23/2025 07:19:39.510 PM] Action   || Name: finance_skip_dup... || Trigger: buffer                               || Output: Axel Torres $24.25 on 2025-08-22
[10/23/2025 07:19:39.510 PM] Action   || Name: finance_skip_dup... || Trigger: buffer                               || Output: Megan Digiovanni $47.62 on 2025-08-26
[10/23/2025 07:19:39.510 PM] Action   || Name: finance_skip_dup... || Trigger: buffer                               || Output: M. Padron $20.00 on 2025-08-26
[10/23/2025 07:19:39.510 PM] Action   || Name: finance_skip_dup... || Trigger: buffer                               || Output: Sophia Herrera $6.00 on 2025-08-26
[10/23/2025 07:19:39.510 PM] Action   || Name: finance_skip_dup... || Trigger: buffer                               || Output: Addison Loera $8.00 on 2025-08-26
[10/23/2025 07:19:39.510 PM] Action   || Name: finance_skip_dup... || Trigger: buffer                               || Output: Amber Thomas $5.00 on 2025-08-26
[10/23/2025 07:19:39.510 PM] Action   || Name: finance_skip_dup... || Trigger: buffer                               || Output: Jordin Baylee $5.00 on 2025-08-26
[10/23/2025 07:19:39.510 PM] Action   || Name: finance_skip_dup... || Trigger: buffer                               || Output: Kathleen Cantu $1.00 on 2025-08-26
[10/23/2025 07:19:39.510 PM] Action   || Name: finance_skip_dup... || Trigger: buffer                               || Output: Amber Thomas $3.00 on 2025-08-26
[10/23/2025 07:19:39.510 PM] Action   || Name: finance_skip_dup... || Trigger: buffer                               || Output: Rob Jimenez $3.00 on 2025-08-26
[10/23/2025 07:19:39.510 PM] Action   || Name: finance_skip_dup... || Trigger: buffer                               || Output: Daniel Brantley $3.00 on 2025-08-26
[10/23/2025 07:19:39.510 PM] Action   || Name: finance_skip_dup... || Trigger: buffer                               || Output: Isabella Klein $9.70 on 2025-08-26
[10/23/2025 07:19:39.510 PM] Action   || Name: finance_skip_dup... || Trigger: buffer                               || Output: Wix $25.98 on 2025-08-26
[10/23/2025 07:19:39.510 PM] Action   || Name: finance_skip_dup... || Trigger: buffer                               || Output: Nelda Hernandez $2.00 on 2025-08-26
[10/23/2025 07:19:39.510 PM] Action   || Name: finance_skip_dup... || Trigger: buffer                               || Output: Troy Broome $1.00 on 2025-08-26
[10/23/2025 07:19:39.510 PM] Action   || Name: finance_skip_dup... || Trigger: buffer                               || Output: Div Bits $2.00 on 2025-08-26
[10/23/2025 07:19:39.510 PM] Action   || Name: finance_skip_dup... || Trigger: buffer                               || Output: Jacob Sandoval $1.00 on 2025-08-26
[10/23/2025 07:19:39.526 PM] Action   || Name: finance_skip_dup... || Trigger: buffer                               || Output: Aubrey Cunningham $10.00 on 2025-08-26
[10/23/2025 07:19:39.526 PM] Action   || Name: finance_skip_dup... || Trigger: buffer                               || Output: Maxwell Preston $5.00 on 2025-08-26
[10/23/2025 07:19:39.526 PM] Action   || Name: finance_skip_dup... || Trigger: buffer                               || Output: Sophia Herrera $6.00 on 2025-08-26
[10/23/2025 07:19:39.526 PM] Action   || Name: finance_skip_dup... || Trigger: buffer                               || Output: Derek Fuentes $25.98 on 2025-08-26
[10/23/2025 07:19:39.526 PM] Action   || Name: finance_skip_dup... || Trigger: buffer                               || Output: Miguel V $5.00 on 2025-08-26
[10/23/2025 07:19:39.526 PM] Action   || Name: finance_skip_dup... || Trigger: buffer                               || Output: Nelda Hernandez $3.00 on 2025-08-26
[10/23/2025 07:19:39.526 PM] Action   || Name: finance_skip_dup... || Trigger: buffer                               || Output: Megan Digiovanni $130.00 on 2025-08-26
[10/23/2025 07:19:39.526 PM] Action   || Name: finance_skip_dup... || Trigger: buffer                               || Output: Pedro Savala $5.00 on 2025-08-27
[10/23/2025 07:19:39.526 PM] Action   || Name: finance_skip_dup... || Trigger: buffer                               || Output: Jonathan Mcgeever $5.00 on 2025-08-27
[10/23/2025 07:19:39.526 PM] Action   || Name: finance_skip_dup... || Trigger: buffer                               || Output: NNT PETSMART # $32.46 on 2025-08-06
[10/23/2025 07:19:39.526 PM] Action   || Name: finance_skip_dup... || Trigger: buffer                               || Output: Py Store Here Pantego $54.00 on 2025-08-20
[10/23/2025 07:19:39.526 PM] Action   || Name: finance_skip_dup... || Trigger: buffer                               || Output: Megan Digiovanni $74.92 on 2025-07-30
[10/23/2025 07:19:39.526 PM] Action   || Name: finance_skip_dup... || Trigger: buffer                               || Output: TOMAHAWK LIVE TRAP $581.62 on 2025-05-12
[10/23/2025 07:19:39.526 PM] Action   || Name: finance_skip_dup... || Trigger: buffer                               || Output: TOMAHAWK LIVE TRAP $581.62 on 2025-05-12
[10/23/2025 07:19:39.526 PM] Action   || Name: finance_skip_dup... || Trigger: buffer                               || Output: Richa  Desai $6.00 on 2025-10-22
[10/23/2025 07:19:39.526 PM] Action   || Name: finance_skip_dup... || Trigger: buffer                               || Output: Sophia Herrera $5.00 on 2025-10-22
[10/23/2025 07:19:39.526 PM] Action   || Name: finance_skip_dup... || Trigger: buffer                               || Output: Muhammed  Abdalrahman $10.00 on 2025-10-22
[10/23/2025 07:19:43.574 PM] Action   || Name: finance_skip_dup... || Trigger: kind=income                          || Output: Cynthia griffith $10.00 on 2025-04-16
[10/23/2025 07:19:43.574 PM] Action   || Name: finance_skip_dup... || Trigger: kind=income                          || Output: Caleb Moran $4.00 on 2025-04-16
[10/23/2025 07:19:43.574 PM] Action   || Name: finance_skip_dup... || Trigger: kind=income                          || Output: Alberto $6.00 on 2025-04-16
[10/23/2025 07:19:43.574 PM] Action   || Name: finance_skip_dup... || Trigger: kind=income                          || Output: Jacob Sandoval $2.91 on 2025-04-16
[10/23/2025 07:19:43.574 PM] Action   || Name: finance_skip_dup... || Trigger: kind=income                          || Output: tay $5.00 on 2025-04-16
[10/23/2025 07:19:43.574 PM] Action   || Name: finance_skip_dup... || Trigger: kind=income                          || Output: Nelda Hernandez $2.00 on 2025-04-16
[10/23/2025 07:19:43.574 PM] Action   || Name: finance_skip_dup... || Trigger: kind=income                          || Output: Maria Olds $10.00 on 2025-04-16
[10/23/2025 07:19:43.574 PM] Action   || Name: finance_skip_dup... || Trigger: kind=income                          || Output: Mario Rodriguez $3.00 on 2025-04-16
[10/23/2025 07:19:43.574 PM] Action   || Name: finance_skip_dup... || Trigger: kind=income                          || Output: Elisha Taylor $5.00 on 2025-04-16
[10/23/2025 07:19:43.574 PM] Action   || Name: finance_skip_dup... || Trigger: kind=income                          || Output: Jacob Sandoval $3.00 on 2025-04-16
[10/23/2025 07:19:43.574 PM] Action   || Name: finance_skip_dup... || Trigger: kind=income                          || Output: Isabella Klein $9.70 on 2025-08-26
[10/23/2025 07:19:43.574 PM] Action   || Name: finance_skip_dup... || Trigger: kind=income                          || Output: Nelda Hernandez $2.00 on 2025-08-26
[10/23/2025 07:19:43.574 PM] Action   || Name: finance_skip_dup... || Trigger: kind=income                          || Output: Troy Broome $1.00 on 2025-08-26
[10/23/2025 07:19:43.590 PM] Action   || Name: finance_skip_dup... || Trigger: kind=income                          || Output: Div Bits $2.00 on 2025-08-26
[10/23/2025 07:19:43.590 PM] Action   || Name: finance_skip_dup... || Trigger: kind=income                          || Output: Jacob Sandoval $1.00 on 2025-08-26
[10/23/2025 07:19:43.590 PM] Action   || Name: finance_skip_dup... || Trigger: kind=income                          || Output: Aubrey Cunningham $10.00 on 2025-08-26
[10/23/2025 07:19:43.590 PM] Action   || Name: finance_skip_dup... || Trigger: kind=income                          || Output: Maxwell Preston $5.00 on 2025-08-26
[10/23/2025 07:19:43.590 PM] Action   || Name: finance_skip_dup... || Trigger: kind=income                          || Output: Sophia Herrera $6.00 on 2025-08-26
[10/23/2025 07:19:43.590 PM] Action   || Name: finance_skip_dup... || Trigger: kind=income                          || Output: Miguel V $5.00 on 2025-08-26
[10/23/2025 07:19:43.590 PM] Action   || Name: finance_skip_dup... || Trigger: kind=income                          || Output: Nelda Hernandez $3.00 on 2025-08-26
[10/23/2025 07:19:43.590 PM] Action   || Name: finance_skip_dup... || Trigger: kind=income                          || Output: Megan Digiovanni $130.00 on 2025-08-26
[10/23/2025 07:19:43.590 PM] Action   || Name: finance_skip_dup... || Trigger: kind=income                          || Output: Pedro Savala $5.00 on 2025-08-27
[10/23/2025 07:19:43.590 PM] Action   || Name: finance_skip_dup... || Trigger: kind=income                          || Output: Jonathan Mcgeever $5.00 on 2025-08-27
[10/23/2025 07:19:43.590 PM] Action   || Name: finance_skip_dup... || Trigger: kind=income                          || Output: Axel Torres $24.25 on 2025-08-22
[10/23/2025 07:19:43.590 PM] Action   || Name: finance_skip_dup... || Trigger: kind=income                          || Output: M. Padron $20.00 on 2025-08-26
[10/23/2025 07:19:43.590 PM] Action   || Name: finance_skip_dup... || Trigger: kind=income                          || Output: Addison Loera $8.00 on 2025-08-26
[10/23/2025 07:19:43.590 PM] Action   || Name: finance_skip_dup... || Trigger: kind=income                          || Output: Amber Thomas $5.00 on 2025-08-26
[10/23/2025 07:19:43.590 PM] Action   || Name: finance_skip_dup... || Trigger: kind=income                          || Output: Kathleen Cantu $1.00 on 2025-08-26
[10/23/2025 07:19:43.590 PM] Action   || Name: finance_skip_dup... || Trigger: kind=income                          || Output: Amber Thomas $3.00 on 2025-08-26
[10/23/2025 07:19:43.606 PM] Action   || Name: finance_skip_dup... || Trigger: kind=income                          || Output: Rob Jimenez $3.00 on 2025-08-26
[10/23/2025 07:19:43.606 PM] Action   || Name: finance_skip_dup... || Trigger: kind=income                          || Output: Daniel Brantley $3.00 on 2025-08-26
[10/23/2025 07:19:43.606 PM] Action   || Name: finance_skip_dup... || Trigger: kind=income                          || Output: Kristyn Jackson $9.00 on 2025-10-22
[10/23/2025 07:19:43.606 PM] Action   || Name: finance_skip_dup... || Trigger: kind=income                          || Output: Victoria Elkins $5.00 on 2025-10-22
[10/23/2025 07:19:43.606 PM] Action   || Name: finance_skip_dup... || Trigger: kind=income                          || Output: Alexander  Martinez $3.00 on 2025-10-22
[10/23/2025 07:19:43.606 PM] Action   || Name: finance_skip_dup... || Trigger: kind=income                          || Output: Emily Lanham $6.00 on 2025-10-22
[10/23/2025 07:19:43.606 PM] Action   || Name: finance_skip_dup... || Trigger: kind=income                          || Output: Mariah Hall $3.00 on 2025-10-22
[10/23/2025 07:19:43.606 PM] Action   || Name: finance_skip_dup... || Trigger: kind=income                          || Output: Kylie Crook $5.00 on 2025-09-16
[10/23/2025 07:19:43.606 PM] Action   || Name: finance_skip_dup... || Trigger: kind=income                          || Output: Jenny Nguyen $9.70 on 2025-09-03
[10/23/2025 07:19:46.201 PM] Action   || Name: finance_skip_dup... || Trigger: kind=expense                         || Output: Py Store Here Pantego $54.00 on 2025-04-20
[10/23/2025 07:19:46.214 PM] Action   || Name: finance_skip_dup... || Trigger: kind=expense                         || Output: j s $11.68 on 2025-04-22
[10/23/2025 07:19:46.214 PM] Action   || Name: finance_skip_dup... || Trigger: kind=expense                         || Output: Wix $25.98 on 2025-04-26
[10/23/2025 07:19:46.214 PM] Action   || Name: finance_skip_dup... || Trigger: kind=expense                         || Output: Wix $25.98 on 2025-08-26
[10/23/2025 07:19:46.214 PM] Action   || Name: finance_skip_dup... || Trigger: kind=expense                         || Output: Derek Fuentes $25.98 on 2025-08-26
[10/23/2025 07:19:46.214 PM] Action   || Name: finance_skip_dup... || Trigger: kind=expense                         || Output: Py Store Here Pantego $54.00 on 2025-08-20
[10/23/2025 07:19:46.214 PM] Action   || Name: finance_skip_dup... || Trigger: kind=expense                         || Output: Megan Digiovanni $47.62 on 2025-08-26
[10/23/2025 07:19:46.214 PM] Action   || Name: finance_skip_dup... || Trigger: kind=expense                         || Output: NNT PETSMART # $32.46 on 2025-08-06
[10/23/2025 07:19:46.214 PM] Action   || Name: finance_skip_dup... || Trigger: kind=expense                         || Output: Megan Digiovanni $74.92 on 2025-07-30
[10/23/2025 07:19:46.214 PM] Action   || Name: finance_skip_dup... || Trigger: kind=expense                         || Output: TOMAHAWK LIVE TRAP $581.62 on 2025-05-11
[10/23/2025 07:19:46.214 PM] Action   || Name: finance_skip_dup... || Trigger: kind=expense                         || Output: Py Store Here Pantego $54.00 on 2025-05-20
[10/23/2025 07:19:46.214 PM] Action   || Name: finance_skip_dup... || Trigger: kind=expense                         || Output: Derek Fuentes $72.45 on 2025-05-23
[10/23/2025 07:19:46.214 PM] Action   || Name: finance_skip_dup... || Trigger: kind=expense                         || Output: Wix $25.98 on 2025-05-26
[10/23/2025 07:19:46.214 PM] Action   || Name: finance_skip_dup... || Trigger: kind=expense                         || Output: Megan Digiovanni $89.91 on 2025-10-05
[10/23/2025 07:19:46.214 PM] Action   || Name: finance_skip_dup... || Trigger: kind=expense                         || Output: DOMINO'S $60.57 on 2025-09-09
[10/23/2025 07:19:46.214 PM] Action   || Name: finance_skip_dup... || Trigger: kind=expense                         || Output: Derek Fuentes $20.00 on 2025-09-10
[10/23/2025 07:20:02.867 PM] Action   || Name: gmail_log_scheduler || Trigger: found=3                              || Output: logged=0
[10/23/2025 07:20:02.902 PM] Action   || Name: finance_skip_dup... || Trigger: buffer                               || Output: Sophia Herrera $6.00 on 2025-08-26
[10/23/2025 07:20:02.904 PM] Action   || Name: finance_skip_dup... || Trigger: buffer                               || Output: Jordin Baylee $5.00 on 2025-08-26
[10/23/2025 07:20:02.906 PM] Action   || Name: finance_skip_dup... || Trigger: buffer                               || Output: Axel Torres $24.25 on 2025-08-22
[10/23/2025 07:20:02.906 PM] Action   || Name: finance_skip_dup... || Trigger: buffer                               || Output: Megan Digiovanni $47.62 on 2025-08-26
[10/23/2025 07:20:02.908 PM] Action   || Name: finance_skip_dup... || Trigger: buffer                               || Output: M. Padron $20.00 on 2025-08-26
[10/23/2025 07:20:02.908 PM] Action   || Name: finance_skip_dup... || Trigger: buffer                               || Output: Sophia Herrera $6.00 on 2025-08-26
[10/23/2025 07:20:02.908 PM] Action   || Name: finance_skip_dup... || Trigger: buffer                               || Output: Addison Loera $8.00 on 2025-08-26
[10/23/2025 07:20:02.910 PM] Action   || Name: finance_skip_dup... || Trigger: buffer                               || Output: Amber Thomas $5.00 on 2025-08-26
[10/23/2025 07:20:02.912 PM] Action   || Name: finance_skip_dup... || Trigger: buffer                               || Output: Jordin Baylee $5.00 on 2025-08-26
[10/23/2025 07:20:02.912 PM] Action   || Name: finance_skip_dup... || Trigger: buffer                               || Output: Kathleen Cantu $1.00 on 2025-08-26
[10/23/2025 07:20:02.914 PM] Action   || Name: finance_skip_dup... || Trigger: buffer                               || Output: Amber Thomas $3.00 on 2025-08-26
[10/23/2025 07:20:02.914 PM] Action   || Name: finance_skip_dup... || Trigger: buffer                               || Output: Rob Jimenez $3.00 on 2025-08-26
[10/23/2025 07:20:02.914 PM] Action   || Name: finance_skip_dup... || Trigger: buffer                               || Output: Daniel Brantley $3.00 on 2025-08-26
[10/23/2025 07:20:02.916 PM] Action   || Name: finance_skip_dup... || Trigger: buffer                               || Output: Isabella Klein $9.70 on 2025-08-26
[10/23/2025 07:20:02.916 PM] Action   || Name: finance_skip_dup... || Trigger: buffer                               || Output: Wix $25.98 on 2025-08-26
[10/23/2025 07:20:02.918 PM] Action   || Name: finance_skip_dup... || Trigger: buffer                               || Output: Nelda Hernandez $2.00 on 2025-08-26
[10/23/2025 07:20:02.918 PM] Action   || Name: finance_skip_dup... || Trigger: buffer                               || Output: Troy Broome $1.00 on 2025-08-26
[10/23/2025 07:20:02.920 PM] Action   || Name: finance_skip_dup... || Trigger: buffer                               || Output: Div Bits $2.00 on 2025-08-26
[10/23/2025 07:20:02.920 PM] Action   || Name: finance_skip_dup... || Trigger: buffer                               || Output: Jacob Sandoval $1.00 on 2025-08-26
[10/23/2025 07:20:02.922 PM] Action   || Name: finance_skip_dup... || Trigger: buffer                               || Output: Aubrey Cunningham $10.00 on 2025-08-26
[10/23/2025 07:20:02.922 PM] Action   || Name: finance_skip_dup... || Trigger: buffer                               || Output: Maxwell Preston $5.00 on 2025-08-26
[10/23/2025 07:20:02.924 PM] Action   || Name: finance_skip_dup... || Trigger: buffer                               || Output: Sophia Herrera $6.00 on 2025-08-26
[10/23/2025 07:20:02.924 PM] Action   || Name: finance_skip_dup... || Trigger: buffer                               || Output: Derek Fuentes $25.98 on 2025-08-26
[10/23/2025 07:20:02.924 PM] Action   || Name: finance_skip_dup... || Trigger: buffer                               || Output: Miguel V $5.00 on 2025-08-26
[10/23/2025 07:20:02.926 PM] Action   || Name: finance_skip_dup... || Trigger: buffer                               || Output: Nelda Hernandez $3.00 on 2025-08-26
[10/23/2025 07:20:02.926 PM] Action   || Name: finance_skip_dup... || Trigger: buffer                               || Output: Megan Digiovanni $130.00 on 2025-08-26
[10/23/2025 07:20:02.928 PM] Action   || Name: finance_skip_dup... || Trigger: buffer                               || Output: Pedro Savala $5.00 on 2025-08-27
[10/23/2025 07:20:02.928 PM] Action   || Name: finance_skip_dup... || Trigger: buffer                               || Output: Jonathan Mcgeever $5.00 on 2025-08-27
[10/23/2025 07:20:02.930 PM] Action   || Name: finance_skip_dup... || Trigger: buffer                               || Output: NNT PETSMART # $32.46 on 2025-08-06
[10/23/2025 07:20:02.930 PM] Action   || Name: finance_skip_dup... || Trigger: buffer                               || Output: Py Store Here Pantego $54.00 on 2025-08-20
[10/23/2025 07:20:02.932 PM] Action   || Name: finance_skip_dup... || Trigger: buffer                               || Output: Megan Digiovanni $74.92 on 2025-07-30
[10/23/2025 07:20:02.932 PM] Action   || Name: finance_skip_dup... || Trigger: buffer                               || Output: TOMAHAWK LIVE TRAP $581.62 on 2025-05-12
[10/23/2025 07:20:02.934 PM] Action   || Name: finance_skip_dup... || Trigger: buffer                               || Output: TOMAHAWK LIVE TRAP $581.62 on 2025-05-12
[10/23/2025 07:20:02.934 PM] Action   || Name: finance_skip_dup... || Trigger: buffer                               || Output: Richa  Desai $6.00 on 2025-10-22
[10/23/2025 07:20:02.936 PM] Action   || Name: finance_skip_dup... || Trigger: buffer                               || Output: Sophia Herrera $5.00 on 2025-10-22
[10/23/2025 07:20:02.936 PM] Action   || Name: finance_skip_dup... || Trigger: buffer                               || Output: Muhammed  Abdalrahman $10.00 on 2025-10-22
[10/23/2025 07:20:05.128 PM] Action   || Name: finance_skip_dup... || Trigger: kind=income                          || Output: Cynthia griffith $10.00 on 2025-04-16
[10/23/2025 07:20:05.128 PM] Action   || Name: finance_skip_dup... || Trigger: kind=income                          || Output: Caleb Moran $4.00 on 2025-04-16
[10/23/2025 07:20:05.128 PM] Action   || Name: finance_skip_dup... || Trigger: kind=income                          || Output: Alberto $6.00 on 2025-04-16
[10/23/2025 07:20:05.128 PM] Action   || Name: finance_skip_dup... || Trigger: kind=income                          || Output: Jacob Sandoval $2.91 on 2025-04-16
[10/23/2025 07:20:05.128 PM] Action   || Name: finance_skip_dup... || Trigger: kind=income                          || Output: tay $5.00 on 2025-04-16
[10/23/2025 07:20:05.128 PM] Action   || Name: finance_skip_dup... || Trigger: kind=income                          || Output: Nelda Hernandez $2.00 on 2025-04-16
[10/23/2025 07:20:05.128 PM] Action   || Name: finance_skip_dup... || Trigger: kind=income                          || Output: Maria Olds $10.00 on 2025-04-16
[10/23/2025 07:20:05.128 PM] Action   || Name: finance_skip_dup... || Trigger: kind=income                          || Output: Mario Rodriguez $3.00 on 2025-04-16
[10/23/2025 07:20:05.128 PM] Action   || Name: finance_skip_dup... || Trigger: kind=income                          || Output: Elisha Taylor $5.00 on 2025-04-16
[10/23/2025 07:20:05.128 PM] Action   || Name: finance_skip_dup... || Trigger: kind=income                          || Output: Jacob Sandoval $3.00 on 2025-04-16
[10/23/2025 07:20:05.128 PM] Action   || Name: finance_skip_dup... || Trigger: kind=income                          || Output: Isabella Klein $9.70 on 2025-08-26
[10/23/2025 07:20:05.128 PM] Action   || Name: finance_skip_dup... || Trigger: kind=income                          || Output: Nelda Hernandez $2.00 on 2025-08-26
[10/23/2025 07:20:05.128 PM] Action   || Name: finance_skip_dup... || Trigger: kind=income                          || Output: Troy Broome $1.00 on 2025-08-26
[10/23/2025 07:20:05.128 PM] Action   || Name: finance_skip_dup... || Trigger: kind=income                          || Output: Div Bits $2.00 on 2025-08-26
[10/23/2025 07:20:05.144 PM] Action   || Name: finance_skip_dup... || Trigger: kind=income                          || Output: Jacob Sandoval $1.00 on 2025-08-26
[10/23/2025 07:20:05.144 PM] Action   || Name: finance_skip_dup... || Trigger: kind=income                          || Output: Aubrey Cunningham $10.00 on 2025-08-26
[10/23/2025 07:20:05.144 PM] Action   || Name: finance_skip_dup... || Trigger: kind=income                          || Output: Maxwell Preston $5.00 on 2025-08-26
[10/23/2025 07:20:05.144 PM] Action   || Name: finance_skip_dup... || Trigger: kind=income                          || Output: Sophia Herrera $6.00 on 2025-08-26
[10/23/2025 07:20:05.144 PM] Action   || Name: finance_skip_dup... || Trigger: kind=income                          || Output: Miguel V $5.00 on 2025-08-26
[10/23/2025 07:20:05.144 PM] Action   || Name: finance_skip_dup... || Trigger: kind=income                          || Output: Nelda Hernandez $3.00 on 2025-08-26
[10/23/2025 07:20:05.144 PM] Action   || Name: finance_skip_dup... || Trigger: kind=income                          || Output: Megan Digiovanni $130.00 on 2025-08-26
[10/23/2025 07:20:05.144 PM] Action   || Name: finance_skip_dup... || Trigger: kind=income                          || Output: Pedro Savala $5.00 on 2025-08-27
[10/23/2025 07:20:05.144 PM] Action   || Name: finance_skip_dup... || Trigger: kind=income                          || Output: Jonathan Mcgeever $5.00 on 2025-08-27
[10/23/2025 07:20:05.144 PM] Action   || Name: finance_skip_dup... || Trigger: kind=income                          || Output: Axel Torres $24.25 on 2025-08-22
[10/23/2025 07:20:05.144 PM] Action   || Name: finance_skip_dup... || Trigger: kind=income                          || Output: M. Padron $20.00 on 2025-08-26
[10/23/2025 07:20:05.144 PM] Action   || Name: finance_skip_dup... || Trigger: kind=income                          || Output: Addison Loera $8.00 on 2025-08-26
[10/23/2025 07:20:05.144 PM] Action   || Name: finance_skip_dup... || Trigger: kind=income                          || Output: Amber Thomas $5.00 on 2025-08-26
[10/23/2025 07:20:05.144 PM] Action   || Name: finance_skip_dup... || Trigger: kind=income                          || Output: Kathleen Cantu $1.00 on 2025-08-26
[10/23/2025 07:20:05.144 PM] Action   || Name: finance_skip_dup... || Trigger: kind=income                          || Output: Amber Thomas $3.00 on 2025-08-26
[10/23/2025 07:20:05.144 PM] Action   || Name: finance_skip_dup... || Trigger: kind=income                          || Output: Rob Jimenez $3.00 on 2025-08-26
[10/23/2025 07:20:05.160 PM] Action   || Name: finance_skip_dup... || Trigger: kind=income                          || Output: Daniel Brantley $3.00 on 2025-08-26
[10/23/2025 07:20:05.160 PM] Action   || Name: finance_skip_dup... || Trigger: kind=income                          || Output: Kristyn Jackson $9.00 on 2025-10-22
[10/23/2025 07:20:05.160 PM] Action   || Name: finance_skip_dup... || Trigger: kind=income                          || Output: Victoria Elkins $5.00 on 2025-10-22
[10/23/2025 07:20:05.160 PM] Action   || Name: finance_skip_dup... || Trigger: kind=income                          || Output: Alexander  Martinez $3.00 on 2025-10-22
[10/23/2025 07:20:05.160 PM] Action   || Name: finance_skip_dup... || Trigger: kind=income                          || Output: Emily Lanham $6.00 on 2025-10-22
[10/23/2025 07:20:05.160 PM] Action   || Name: finance_skip_dup... || Trigger: kind=income                          || Output: Mariah Hall $3.00 on 2025-10-22
[10/23/2025 07:20:05.160 PM] Action   || Name: finance_skip_dup... || Trigger: kind=income                          || Output: Kylie Crook $5.00 on 2025-09-16
[10/23/2025 07:20:05.160 PM] Action   || Name: finance_skip_dup... || Trigger: kind=income                          || Output: Jenny Nguyen $9.70 on 2025-09-03
[10/23/2025 07:20:07.622 PM] Action   || Name: finance_skip_dup... || Trigger: kind=expense                         || Output: Py Store Here Pantego $54.00 on 2025-04-20
[10/23/2025 07:20:07.622 PM] Action   || Name: finance_skip_dup... || Trigger: kind=expense                         || Output: j s $11.68 on 2025-04-22
[10/23/2025 07:20:07.622 PM] Action   || Name: finance_skip_dup... || Trigger: kind=expense                         || Output: Wix $25.98 on 2025-04-26
[10/23/2025 07:20:07.622 PM] Action   || Name: finance_skip_dup... || Trigger: kind=expense                         || Output: Wix $25.98 on 2025-08-26
[10/23/2025 07:20:07.622 PM] Action   || Name: finance_skip_dup... || Trigger: kind=expense                         || Output: Derek Fuentes $25.98 on 2025-08-26
[10/23/2025 07:20:07.622 PM] Action   || Name: finance_skip_dup... || Trigger: kind=expense                         || Output: Py Store Here Pantego $54.00 on 2025-08-20
[10/23/2025 07:20:07.622 PM] Action   || Name: finance_skip_dup... || Trigger: kind=expense                         || Output: Megan Digiovanni $47.62 on 2025-08-26
[10/23/2025 07:20:07.622 PM] Action   || Name: finance_skip_dup... || Trigger: kind=expense                         || Output: NNT PETSMART # $32.46 on 2025-08-06
[10/23/2025 07:20:07.622 PM] Action   || Name: finance_skip_dup... || Trigger: kind=expense                         || Output: Megan Digiovanni $74.92 on 2025-07-30
[10/23/2025 07:20:07.622 PM] Action   || Name: finance_skip_dup... || Trigger: kind=expense                         || Output: TOMAHAWK LIVE TRAP $581.62 on 2025-05-11
[10/23/2025 07:20:07.638 PM] Action   || Name: finance_skip_dup... || Trigger: kind=expense                         || Output: Py Store Here Pantego $54.00 on 2025-05-20
[10/23/2025 07:20:07.638 PM] Action   || Name: finance_skip_dup... || Trigger: kind=expense                         || Output: Derek Fuentes $72.45 on 2025-05-23
[10/23/2025 07:20:07.638 PM] Action   || Name: finance_skip_dup... || Trigger: kind=expense                         || Output: Wix $25.98 on 2025-05-26
[10/23/2025 07:20:07.638 PM] Action   || Name: finance_skip_dup... || Trigger: kind=expense                         || Output: Megan Digiovanni $89.91 on 2025-10-05
[10/23/2025 07:20:07.638 PM] Action   || Name: finance_skip_dup... || Trigger: kind=expense                         || Output: DOMINO'S $60.57 on 2025-09-09
[10/23/2025 07:20:07.638 PM] Action   || Name: finance_skip_dup... || Trigger: kind=expense                         || Output: Derek Fuentes $20.00 on 2025-09-10
[10/23/2025 07:21:09.265 PM] Action   || Name: gmail_log_scheduler || Trigger: found=3                              || Output: logged=0
[10/23/2025 07:21:09.303 PM] Action   || Name: finance_skip_dup... || Trigger: buffer                               || Output: Sophia Herrera $6.00 on 2025-08-26
[10/23/2025 07:21:09.303 PM] Action   || Name: finance_skip_dup... || Trigger: buffer                               || Output: Jordin Baylee $5.00 on 2025-08-26
[10/23/2025 07:21:09.305 PM] Action   || Name: finance_skip_dup... || Trigger: buffer                               || Output: Axel Torres $24.25 on 2025-08-22
[10/23/2025 07:21:09.305 PM] Action   || Name: finance_skip_dup... || Trigger: buffer                               || Output: Megan Digiovanni $47.62 on 2025-08-26
[10/23/2025 07:21:09.307 PM] Action   || Name: finance_skip_dup... || Trigger: buffer                               || Output: M. Padron $20.00 on 2025-08-26
[10/23/2025 07:21:09.307 PM] Action   || Name: finance_skip_dup... || Trigger: buffer                               || Output: Sophia Herrera $6.00 on 2025-08-26
[10/23/2025 07:21:09.309 PM] Action   || Name: finance_skip_dup... || Trigger: buffer                               || Output: Addison Loera $8.00 on 2025-08-26
[10/23/2025 07:21:09.309 PM] Action   || Name: finance_skip_dup... || Trigger: buffer                               || Output: Amber Thomas $5.00 on 2025-08-26
[10/23/2025 07:21:09.310 PM] Action   || Name: finance_skip_dup... || Trigger: buffer                               || Output: Jordin Baylee $5.00 on 2025-08-26
[10/23/2025 07:21:09.310 PM] Action   || Name: finance_skip_dup... || Trigger: buffer                               || Output: Kathleen Cantu $1.00 on 2025-08-26
[10/23/2025 07:21:09.312 PM] Action   || Name: finance_skip_dup... || Trigger: buffer                               || Output: Amber Thomas $3.00 on 2025-08-26
[10/23/2025 07:21:09.312 PM] Action   || Name: finance_skip_dup... || Trigger: buffer                               || Output: Rob Jimenez $3.00 on 2025-08-26
[10/23/2025 07:21:09.314 PM] Action   || Name: finance_skip_dup... || Trigger: buffer                               || Output: Daniel Brantley $3.00 on 2025-08-26
[10/23/2025 07:21:09.314 PM] Action   || Name: finance_skip_dup... || Trigger: buffer                               || Output: Isabella Klein $9.70 on 2025-08-26
[10/23/2025 07:21:09.316 PM] Action   || Name: finance_skip_dup... || Trigger: buffer                               || Output: Wix $25.98 on 2025-08-26
[10/23/2025 07:21:09.316 PM] Action   || Name: finance_skip_dup... || Trigger: buffer                               || Output: Nelda Hernandez $2.00 on 2025-08-26
[10/23/2025 07:21:09.318 PM] Action   || Name: finance_skip_dup... || Trigger: buffer                               || Output: Troy Broome $1.00 on 2025-08-26
[10/23/2025 07:21:09.318 PM] Action   || Name: finance_skip_dup... || Trigger: buffer                               || Output: Div Bits $2.00 on 2025-08-26
[10/23/2025 07:21:09.320 PM] Action   || Name: finance_skip_dup... || Trigger: buffer                               || Output: Jacob Sandoval $1.00 on 2025-08-26
[10/23/2025 07:21:09.320 PM] Action   || Name: finance_skip_dup... || Trigger: buffer                               || Output: Aubrey Cunningham $10.00 on 2025-08-26
[10/23/2025 07:21:09.322 PM] Action   || Name: finance_skip_dup... || Trigger: buffer                               || Output: Maxwell Preston $5.00 on 2025-08-26
[10/23/2025 07:21:09.322 PM] Action   || Name: finance_skip_dup... || Trigger: buffer                               || Output: Sophia Herrera $6.00 on 2025-08-26
[10/23/2025 07:21:09.322 PM] Action   || Name: finance_skip_dup... || Trigger: buffer                               || Output: Derek Fuentes $25.98 on 2025-08-26
[10/23/2025 07:21:09.324 PM] Action   || Name: finance_skip_dup... || Trigger: buffer                               || Output: Miguel V $5.00 on 2025-08-26
[10/23/2025 07:21:09.324 PM] Action   || Name: finance_skip_dup... || Trigger: buffer                               || Output: Nelda Hernandez $3.00 on 2025-08-26
[10/23/2025 07:21:09.535 PM] Action   || Name: finance_skip_dup... || Trigger: buffer                               || Output: Megan Digiovanni $130.00 on 2025-08-26
[10/23/2025 07:21:09.535 PM] Action   || Name: finance_skip_dup... || Trigger: buffer                               || Output: Pedro Savala $5.00 on 2025-08-27
[10/23/2025 07:21:09.551 PM] Action   || Name: finance_skip_dup... || Trigger: buffer                               || Output: Jonathan Mcgeever $5.00 on 2025-08-27
[10/23/2025 07:21:09.551 PM] Action   || Name: finance_skip_dup... || Trigger: buffer                               || Output: NNT PETSMART # $32.46 on 2025-08-06
[10/23/2025 07:21:09.551 PM] Action   || Name: finance_skip_dup... || Trigger: buffer                               || Output: Py Store Here Pantego $54.00 on 2025-08-20
[10/23/2025 07:21:09.551 PM] Action   || Name: finance_skip_dup... || Trigger: buffer                               || Output: Megan Digiovanni $74.92 on 2025-07-30
[10/23/2025 07:21:09.551 PM] Action   || Name: finance_skip_dup... || Trigger: buffer                               || Output: TOMAHAWK LIVE TRAP $581.62 on 2025-05-12
[10/23/2025 07:21:09.551 PM] Action   || Name: finance_skip_dup... || Trigger: buffer                               || Output: TOMAHAWK LIVE TRAP $581.62 on 2025-05-12
[10/23/2025 07:21:09.551 PM] Action   || Name: finance_skip_dup... || Trigger: buffer                               || Output: Richa  Desai $6.00 on 2025-10-22
[10/23/2025 07:21:09.551 PM] Action   || Name: finance_skip_dup... || Trigger: buffer                               || Output: Sophia Herrera $5.00 on 2025-10-22
[10/23/2025 07:21:09.551 PM] Action   || Name: finance_skip_dup... || Trigger: buffer                               || Output: Muhammed  Abdalrahman $10.00 on 2025-10-22
[10/23/2025 07:21:11.371 PM] Action   || Name: finance_skip_dup... || Trigger: kind=income                          || Output: Cynthia griffith $10.00 on 2025-04-16
[10/23/2025 07:21:11.371 PM] Action   || Name: finance_skip_dup... || Trigger: kind=income                          || Output: Caleb Moran $4.00 on 2025-04-16
[10/23/2025 07:21:11.371 PM] Action   || Name: finance_skip_dup... || Trigger: kind=income                          || Output: Alberto $6.00 on 2025-04-16
[10/23/2025 07:21:11.371 PM] Action   || Name: finance_skip_dup... || Trigger: kind=income                          || Output: Jacob Sandoval $2.91 on 2025-04-16
[10/23/2025 07:21:11.371 PM] Action   || Name: finance_skip_dup... || Trigger: kind=income                          || Output: tay $5.00 on 2025-04-16
[10/23/2025 07:21:11.371 PM] Action   || Name: finance_skip_dup... || Trigger: kind=income                          || Output: Nelda Hernandez $2.00 on 2025-04-16
[10/23/2025 07:21:11.371 PM] Action   || Name: finance_skip_dup... || Trigger: kind=income                          || Output: Maria Olds $10.00 on 2025-04-16
[10/23/2025 07:21:11.371 PM] Action   || Name: finance_skip_dup... || Trigger: kind=income                          || Output: Mario Rodriguez $3.00 on 2025-04-16
[10/23/2025 07:21:11.371 PM] Action   || Name: finance_skip_dup... || Trigger: kind=income                          || Output: Elisha Taylor $5.00 on 2025-04-16
[10/23/2025 07:21:11.371 PM] Action   || Name: finance_skip_dup... || Trigger: kind=income                          || Output: Jacob Sandoval $3.00 on 2025-04-16
[10/23/2025 07:21:11.371 PM] Action   || Name: finance_skip_dup... || Trigger: kind=income                          || Output: Isabella Klein $9.70 on 2025-08-26
[10/23/2025 07:21:11.371 PM] Action   || Name: finance_skip_dup... || Trigger: kind=income                          || Output: Nelda Hernandez $2.00 on 2025-08-26
[10/23/2025 07:21:11.371 PM] Action   || Name: finance_skip_dup... || Trigger: kind=income                          || Output: Troy Broome $1.00 on 2025-08-26
[10/23/2025 07:21:11.371 PM] Action   || Name: finance_skip_dup... || Trigger: kind=income                          || Output: Div Bits $2.00 on 2025-08-26
[10/23/2025 07:21:11.371 PM] Action   || Name: finance_skip_dup... || Trigger: kind=income                          || Output: Jacob Sandoval $1.00 on 2025-08-26
[10/23/2025 07:21:11.387 PM] Action   || Name: finance_skip_dup... || Trigger: kind=income                          || Output: Aubrey Cunningham $10.00 on 2025-08-26
[10/23/2025 07:21:11.387 PM] Action   || Name: finance_skip_dup... || Trigger: kind=income                          || Output: Maxwell Preston $5.00 on 2025-08-26
[10/23/2025 07:21:11.387 PM] Action   || Name: finance_skip_dup... || Trigger: kind=income                          || Output: Sophia Herrera $6.00 on 2025-08-26
[10/23/2025 07:21:11.387 PM] Action   || Name: finance_skip_dup... || Trigger: kind=income                          || Output: Miguel V $5.00 on 2025-08-26
[10/23/2025 07:21:11.387 PM] Action   || Name: finance_skip_dup... || Trigger: kind=income                          || Output: Nelda Hernandez $3.00 on 2025-08-26
[10/23/2025 07:21:11.387 PM] Action   || Name: finance_skip_dup... || Trigger: kind=income                          || Output: Megan Digiovanni $130.00 on 2025-08-26
[10/23/2025 07:21:11.387 PM] Action   || Name: finance_skip_dup... || Trigger: kind=income                          || Output: Pedro Savala $5.00 on 2025-08-27
[10/23/2025 07:21:11.387 PM] Action   || Name: finance_skip_dup... || Trigger: kind=income                          || Output: Jonathan Mcgeever $5.00 on 2025-08-27
[10/23/2025 07:21:11.387 PM] Action   || Name: finance_skip_dup... || Trigger: kind=income                          || Output: Axel Torres $24.25 on 2025-08-22
[10/23/2025 07:21:11.387 PM] Action   || Name: finance_skip_dup... || Trigger: kind=income                          || Output: M. Padron $20.00 on 2025-08-26
[10/23/2025 07:21:11.387 PM] Action   || Name: finance_skip_dup... || Trigger: kind=income                          || Output: Addison Loera $8.00 on 2025-08-26
[10/23/2025 07:21:11.387 PM] Action   || Name: finance_skip_dup... || Trigger: kind=income                          || Output: Amber Thomas $5.00 on 2025-08-26
[10/23/2025 07:21:11.387 PM] Action   || Name: finance_skip_dup... || Trigger: kind=income                          || Output: Kathleen Cantu $1.00 on 2025-08-26
[10/23/2025 07:21:11.387 PM] Action   || Name: finance_skip_dup... || Trigger: kind=income                          || Output: Amber Thomas $3.00 on 2025-08-26
[10/23/2025 07:21:11.387 PM] Action   || Name: finance_skip_dup... || Trigger: kind=income                          || Output: Rob Jimenez $3.00 on 2025-08-26
[10/23/2025 07:21:11.387 PM] Action   || Name: finance_skip_dup... || Trigger: kind=income                          || Output: Daniel Brantley $3.00 on 2025-08-26
[10/23/2025 07:21:11.403 PM] Action   || Name: finance_skip_dup... || Trigger: kind=income                          || Output: Kristyn Jackson $9.00 on 2025-10-22
[10/23/2025 07:21:11.403 PM] Action   || Name: finance_skip_dup... || Trigger: kind=income                          || Output: Victoria Elkins $5.00 on 2025-10-22
[10/23/2025 07:21:11.403 PM] Action   || Name: finance_skip_dup... || Trigger: kind=income                          || Output: Alexander  Martinez $3.00 on 2025-10-22
[10/23/2025 07:21:11.403 PM] Action   || Name: finance_skip_dup... || Trigger: kind=income                          || Output: Emily Lanham $6.00 on 2025-10-22
[10/23/2025 07:21:11.403 PM] Action   || Name: finance_skip_dup... || Trigger: kind=income                          || Output: Mariah Hall $3.00 on 2025-10-22
[10/23/2025 07:21:11.403 PM] Action   || Name: finance_skip_dup... || Trigger: kind=income                          || Output: Kylie Crook $5.00 on 2025-09-16
[10/23/2025 07:21:11.403 PM] Action   || Name: finance_skip_dup... || Trigger: kind=income                          || Output: Jenny Nguyen $9.70 on 2025-09-03
[10/23/2025 07:21:13.572 PM] Action   || Name: finance_skip_dup... || Trigger: kind=expense                         || Output: Py Store Here Pantego $54.00 on 2025-04-20
[10/23/2025 07:21:13.572 PM] Action   || Name: finance_skip_dup... || Trigger: kind=expense                         || Output: j s $11.68 on 2025-04-22
[10/23/2025 07:21:13.572 PM] Action   || Name: finance_skip_dup... || Trigger: kind=expense                         || Output: Wix $25.98 on 2025-04-26
[10/23/2025 07:21:13.572 PM] Action   || Name: finance_skip_dup... || Trigger: kind=expense                         || Output: Wix $25.98 on 2025-08-26
[10/23/2025 07:21:13.572 PM] Action   || Name: finance_skip_dup... || Trigger: kind=expense                         || Output: Derek Fuentes $25.98 on 2025-08-26
[10/23/2025 07:21:13.572 PM] Action   || Name: finance_skip_dup... || Trigger: kind=expense                         || Output: Py Store Here Pantego $54.00 on 2025-08-20
[10/23/2025 07:21:13.572 PM] Action   || Name: finance_skip_dup... || Trigger: kind=expense                         || Output: Megan Digiovanni $47.62 on 2025-08-26
[10/23/2025 07:21:13.572 PM] Action   || Name: finance_skip_dup... || Trigger: kind=expense                         || Output: NNT PETSMART # $32.46 on 2025-08-06
[10/23/2025 07:21:13.572 PM] Action   || Name: finance_skip_dup... || Trigger: kind=expense                         || Output: Megan Digiovanni $74.92 on 2025-07-30
[10/23/2025 07:21:13.572 PM] Action   || Name: finance_skip_dup... || Trigger: kind=expense                         || Output: TOMAHAWK LIVE TRAP $581.62 on 2025-05-11
[10/23/2025 07:21:13.572 PM] Action   || Name: finance_skip_dup... || Trigger: kind=expense                         || Output: Py Store Here Pantego $54.00 on 2025-05-20
[10/23/2025 07:21:13.587 PM] Action   || Name: finance_skip_dup... || Trigger: kind=expense                         || Output: Derek Fuentes $72.45 on 2025-05-23
[10/23/2025 07:21:13.587 PM] Action   || Name: finance_skip_dup... || Trigger: kind=expense                         || Output: Wix $25.98 on 2025-05-26
[10/23/2025 07:21:13.587 PM] Action   || Name: finance_skip_dup... || Trigger: kind=expense                         || Output: Megan Digiovanni $89.91 on 2025-10-05
[10/23/2025 07:21:13.587 PM] Action   || Name: finance_skip_dup... || Trigger: kind=expense                         || Output: DOMINO'S $60.57 on 2025-09-09
[10/23/2025 07:21:13.587 PM] Action   || Name: finance_skip_dup... || Trigger: kind=expense                         || Output: Derek Fuentes $20.00 on 2025-09-10
[10/23/2025 07:23:14.712 PM] React+   || User: not_d3fault_1420    || Channel: #itty-bitty-kitty-commitee           || emoji=😭; msg="barbie with the caption "i thought this ..." by adeyumii
[10/23/2025 07:24:50.421 PM] Message  || User: yaeji               || Channel: #yapper-committee                    || Content: i just successfully deconstructed a chicken using only the knowledge...
[10/23/2025 07:25:03.333 PM] React+   || User: simplyshadow171295  || Channel: #yapper-committee                    || emoji=⁉️; msg="i just successfully deconstructed a chic..." by yaeji
[10/23/2025 07:25:17.836 PM] React+   || User: not_d3fault_1420    || Channel: #yapper-committee                    || emoji=⁉️; msg="i just successfully deconstructed a chic..." by yaeji
[10/23/2025 07:25:20.855 PM] React+   || User: not_d3fault_1420    || Channel: #yapper-committee                    || emoji=😭; msg="i just successfully deconstructed a chic..." by yaeji
[10/23/2025 07:26:12.426 PM] Message  || User: hatshura            || Channel: #feeding-team                        || Content: I'm omw to lot 50
[10/23/2025 07:26:12.426 PM] Action   || Name: feed_pending_set    || Trigger: ch=643586809166561310; user=20468... || Output: stations=Lot 50; text=I'm omw to lot 50
[10/23/2025 07:26:57.576 PM] Edit     || User: yaeji               || Channel: #yapper-committee                    || i just successfully deconstructed a chicken using only the knowledge i had fr...
[10/23/2025 07:27:12.330 PM] Edit     || User: adeyumii            || Channel: #feeding-team                        || People who haven't been fed:
**Coba**
Greens
**Snickers**
~~Microwave~~
Maint...
[10/23/2025 07:27:32.583 PM] Action   || Name: gmail_log_scheduler || Trigger: found=3                              || Output: logged=0
[10/23/2025 07:27:32.615 PM] Action   || Name: finance_skip_dup... || Trigger: buffer                               || Output: Sophia Herrera $6.00 on 2025-08-26
[10/23/2025 07:27:32.615 PM] Action   || Name: finance_skip_dup... || Trigger: buffer                               || Output: Jordin Baylee $5.00 on 2025-08-26
[10/23/2025 07:27:32.615 PM] Action   || Name: finance_skip_dup... || Trigger: buffer                               || Output: Axel Torres $24.25 on 2025-08-22
[10/23/2025 07:27:32.615 PM] Action   || Name: finance_skip_dup... || Trigger: buffer                               || Output: Megan Digiovanni $47.62 on 2025-08-26
[10/23/2025 07:27:32.615 PM] Action   || Name: finance_skip_dup... || Trigger: buffer                               || Output: M. Padron $20.00 on 2025-08-26
[10/23/2025 07:27:32.615 PM] Action   || Name: finance_skip_dup... || Trigger: buffer                               || Output: Sophia Herrera $6.00 on 2025-08-26
[10/23/2025 07:27:32.615 PM] Action   || Name: finance_skip_dup... || Trigger: buffer                               || Output: Addison Loera $8.00 on 2025-08-26
[10/23/2025 07:27:32.615 PM] Action   || Name: finance_skip_dup... || Trigger: buffer                               || Output: Amber Thomas $5.00 on 2025-08-26
[10/23/2025 07:27:32.630 PM] Action   || Name: finance_skip_dup... || Trigger: buffer                               || Output: Jordin Baylee $5.00 on 2025-08-26
[10/23/2025 07:27:32.630 PM] Action   || Name: finance_skip_dup... || Trigger: buffer                               || Output: Kathleen Cantu $1.00 on 2025-08-26
[10/23/2025 07:27:32.630 PM] Action   || Name: finance_skip_dup... || Trigger: buffer                               || Output: Amber Thomas $3.00 on 2025-08-26
[10/23/2025 07:27:32.630 PM] Action   || Name: finance_skip_dup... || Trigger: buffer                               || Output: Rob Jimenez $3.00 on 2025-08-26
[10/23/2025 07:27:32.630 PM] Action   || Name: finance_skip_dup... || Trigger: buffer                               || Output: Daniel Brantley $3.00 on 2025-08-26
[10/23/2025 07:27:32.630 PM] Action   || Name: finance_skip_dup... || Trigger: buffer                               || Output: Isabella Klein $9.70 on 2025-08-26
[10/23/2025 07:27:32.630 PM] Action   || Name: finance_skip_dup... || Trigger: buffer                               || Output: Wix $25.98 on 2025-08-26
[10/23/2025 07:27:32.630 PM] Action   || Name: finance_skip_dup... || Trigger: buffer                               || Output: Nelda Hernandez $2.00 on 2025-08-26
[10/23/2025 07:27:32.630 PM] Action   || Name: finance_skip_dup... || Trigger: buffer                               || Output: Troy Broome $1.00 on 2025-08-26
[10/23/2025 07:27:32.630 PM] Action   || Name: finance_skip_dup... || Trigger: buffer                               || Output: Div Bits $2.00 on 2025-08-26
[10/23/2025 07:27:32.630 PM] Action   || Name: finance_skip_dup... || Trigger: buffer                               || Output: Jacob Sandoval $1.00 on 2025-08-26
[10/23/2025 07:27:32.630 PM] Action   || Name: finance_skip_dup... || Trigger: buffer                               || Output: Aubrey Cunningham $10.00 on 2025-08-26
[10/23/2025 07:27:32.630 PM] Action   || Name: finance_skip_dup... || Trigger: buffer                               || Output: Maxwell Preston $5.00 on 2025-08-26
[10/23/2025 07:27:32.630 PM] Action   || Name: finance_skip_dup... || Trigger: buffer                               || Output: Sophia Herrera $6.00 on 2025-08-26
[10/23/2025 07:27:32.630 PM] Action   || Name: finance_skip_dup... || Trigger: buffer                               || Output: Derek Fuentes $25.98 on 2025-08-26
[10/23/2025 07:27:32.630 PM] Action   || Name: finance_skip_dup... || Trigger: buffer                               || Output: Miguel V $5.00 on 2025-08-26
[10/23/2025 07:27:32.630 PM] Action   || Name: finance_skip_dup... || Trigger: buffer                               || Output: Nelda Hernandez $3.00 on 2025-08-26
[10/23/2025 07:27:32.646 PM] Action   || Name: finance_skip_dup... || Trigger: buffer                               || Output: Megan Digiovanni $130.00 on 2025-08-26
[10/23/2025 07:27:32.646 PM] Action   || Name: finance_skip_dup... || Trigger: buffer                               || Output: Pedro Savala $5.00 on 2025-08-27
[10/23/2025 07:27:32.646 PM] Action   || Name: finance_skip_dup... || Trigger: buffer                               || Output: Jonathan Mcgeever $5.00 on 2025-08-27
[10/23/2025 07:27:32.646 PM] Action   || Name: finance_skip_dup... || Trigger: buffer                               || Output: NNT PETSMART # $32.46 on 2025-08-06
[10/23/2025 07:27:32.646 PM] Action   || Name: finance_skip_dup... || Trigger: buffer                               || Output: Py Store Here Pantego $54.00 on 2025-08-20
[10/23/2025 07:27:32.646 PM] Action   || Name: finance_skip_dup... || Trigger: buffer                               || Output: Megan Digiovanni $74.92 on 2025-07-30
[10/23/2025 07:27:32.646 PM] Action   || Name: finance_skip_dup... || Trigger: buffer                               || Output: TOMAHAWK LIVE TRAP $581.62 on 2025-05-12
[10/23/2025 07:27:32.646 PM] Action   || Name: finance_skip_dup... || Trigger: buffer                               || Output: TOMAHAWK LIVE TRAP $581.62 on 2025-05-12
[10/23/2025 07:27:32.646 PM] Action   || Name: finance_skip_dup... || Trigger: buffer                               || Output: Richa  Desai $6.00 on 2025-10-22
[10/23/2025 07:27:32.646 PM] Action   || Name: finance_skip_dup... || Trigger: buffer                               || Output: Sophia Herrera $5.00 on 2025-10-22
[10/23/2025 07:27:32.646 PM] Action   || Name: finance_skip_dup... || Trigger: buffer                               || Output: Muhammed  Abdalrahman $10.00 on 2025-10-22
[10/23/2025 07:27:35.319 PM] Action   || Name: finance_skip_dup... || Trigger: kind=income                          || Output: Cynthia griffith $10.00 on 2025-04-16
[10/23/2025 07:27:35.335 PM] Action   || Name: finance_skip_dup... || Trigger: kind=income                          || Output: Caleb Moran $4.00 on 2025-04-16
[10/23/2025 07:27:35.335 PM] Action   || Name: finance_skip_dup... || Trigger: kind=income                          || Output: Alberto $6.00 on 2025-04-16
[10/23/2025 07:27:35.335 PM] Action   || Name: finance_skip_dup... || Trigger: kind=income                          || Output: Jacob Sandoval $2.91 on 2025-04-16
[10/23/2025 07:27:35.335 PM] Action   || Name: finance_skip_dup... || Trigger: kind=income                          || Output: tay $5.00 on 2025-04-16
[10/23/2025 07:27:35.335 PM] Action   || Name: finance_skip_dup... || Trigger: kind=income                          || Output: Nelda Hernandez $2.00 on 2025-04-16
[10/23/2025 07:27:35.335 PM] Action   || Name: finance_skip_dup... || Trigger: kind=income                          || Output: Maria Olds $10.00 on 2025-04-16
[10/23/2025 07:27:35.335 PM] Action   || Name: finance_skip_dup... || Trigger: kind=income                          || Output: Mario Rodriguez $3.00 on 2025-04-16
[10/23/2025 07:27:35.335 PM] Action   || Name: finance_skip_dup... || Trigger: kind=income                          || Output: Elisha Taylor $5.00 on 2025-04-16
[10/23/2025 07:27:35.335 PM] Action   || Name: finance_skip_dup... || Trigger: kind=income                          || Output: Jacob Sandoval $3.00 on 2025-04-16
[10/23/2025 07:27:35.335 PM] Action   || Name: finance_skip_dup... || Trigger: kind=income                          || Output: Isabella Klein $9.70 on 2025-08-26
[10/23/2025 07:27:35.335 PM] Action   || Name: finance_skip_dup... || Trigger: kind=income                          || Output: Nelda Hernandez $2.00 on 2025-08-26
[10/23/2025 07:27:35.335 PM] Action   || Name: finance_skip_dup... || Trigger: kind=income                          || Output: Troy Broome $1.00 on 2025-08-26
[10/23/2025 07:27:35.335 PM] Action   || Name: finance_skip_dup... || Trigger: kind=income                          || Output: Div Bits $2.00 on 2025-08-26
[10/23/2025 07:27:35.335 PM] Action   || Name: finance_skip_dup... || Trigger: kind=income                          || Output: Jacob Sandoval $1.00 on 2025-08-26
[10/23/2025 07:27:35.335 PM] Action   || Name: finance_skip_dup... || Trigger: kind=income                          || Output: Aubrey Cunningham $10.00 on 2025-08-26
[10/23/2025 07:27:35.335 PM] Action   || Name: finance_skip_dup... || Trigger: kind=income                          || Output: Maxwell Preston $5.00 on 2025-08-26
[10/23/2025 07:27:35.351 PM] Action   || Name: finance_skip_dup... || Trigger: kind=income                          || Output: Sophia Herrera $6.00 on 2025-08-26
[10/23/2025 07:27:35.351 PM] Action   || Name: finance_skip_dup... || Trigger: kind=income                          || Output: Miguel V $5.00 on 2025-08-26
[10/23/2025 07:27:35.351 PM] Action   || Name: finance_skip_dup... || Trigger: kind=income                          || Output: Nelda Hernandez $3.00 on 2025-08-26
[10/23/2025 07:27:35.351 PM] Action   || Name: finance_skip_dup... || Trigger: kind=income                          || Output: Megan Digiovanni $130.00 on 2025-08-26
[10/23/2025 07:27:35.351 PM] Action   || Name: finance_skip_dup... || Trigger: kind=income                          || Output: Pedro Savala $5.00 on 2025-08-27
[10/23/2025 07:27:35.351 PM] Action   || Name: finance_skip_dup... || Trigger: kind=income                          || Output: Jonathan Mcgeever $5.00 on 2025-08-27
[10/23/2025 07:27:35.351 PM] Action   || Name: finance_skip_dup... || Trigger: kind=income                          || Output: Axel Torres $24.25 on 2025-08-22
[10/23/2025 07:27:35.351 PM] Action   || Name: finance_skip_dup... || Trigger: kind=income                          || Output: M. Padron $20.00 on 2025-08-26
[10/23/2025 07:27:35.351 PM] Action   || Name: finance_skip_dup... || Trigger: kind=income                          || Output: Addison Loera $8.00 on 2025-08-26
[10/23/2025 07:27:35.351 PM] Action   || Name: finance_skip_dup... || Trigger: kind=income                          || Output: Amber Thomas $5.00 on 2025-08-26
[10/23/2025 07:27:35.351 PM] Action   || Name: finance_skip_dup... || Trigger: kind=income                          || Output: Kathleen Cantu $1.00 on 2025-08-26
[10/23/2025 07:27:35.351 PM] Action   || Name: finance_skip_dup... || Trigger: kind=income                          || Output: Amber Thomas $3.00 on 2025-08-26
[10/23/2025 07:27:35.351 PM] Action   || Name: finance_skip_dup... || Trigger: kind=income                          || Output: Rob Jimenez $3.00 on 2025-08-26
[10/23/2025 07:27:35.351 PM] Action   || Name: finance_skip_dup... || Trigger: kind=income                          || Output: Daniel Brantley $3.00 on 2025-08-26
[10/23/2025 07:27:35.351 PM] Action   || Name: finance_skip_dup... || Trigger: kind=income                          || Output: Kristyn Jackson $9.00 on 2025-10-22
[10/23/2025 07:27:35.351 PM] Action   || Name: finance_skip_dup... || Trigger: kind=income                          || Output: Victoria Elkins $5.00 on 2025-10-22
[10/23/2025 07:27:35.367 PM] Action   || Name: finance_skip_dup... || Trigger: kind=income                          || Output: Alexander  Martinez $3.00 on 2025-10-22
[10/23/2025 07:27:35.367 PM] Action   || Name: finance_skip_dup... || Trigger: kind=income                          || Output: Emily Lanham $6.00 on 2025-10-22
[10/23/2025 07:27:35.367 PM] Action   || Name: finance_skip_dup... || Trigger: kind=income                          || Output: Mariah Hall $3.00 on 2025-10-22
[10/23/2025 07:27:35.367 PM] Action   || Name: finance_skip_dup... || Trigger: kind=income                          || Output: Kylie Crook $5.00 on 2025-09-16
[10/23/2025 07:27:35.367 PM] Action   || Name: finance_skip_dup... || Trigger: kind=income                          || Output: Jenny Nguyen $9.70 on 2025-09-03
[10/23/2025 07:27:37.886 PM] Action   || Name: finance_skip_dup... || Trigger: kind=expense                         || Output: Py Store Here Pantego $54.00 on 2025-04-20
[10/23/2025 07:27:37.886 PM] Action   || Name: finance_skip_dup... || Trigger: kind=expense                         || Output: j s $11.68 on 2025-04-22
[10/23/2025 07:27:37.886 PM] Action   || Name: finance_skip_dup... || Trigger: kind=expense                         || Output: Wix $25.98 on 2025-04-26
[10/23/2025 07:27:37.886 PM] Action   || Name: finance_skip_dup... || Trigger: kind=expense                         || Output: Wix $25.98 on 2025-08-26
[10/23/2025 07:27:37.886 PM] Action   || Name: finance_skip_dup... || Trigger: kind=expense                         || Output: Derek Fuentes $25.98 on 2025-08-26
[10/23/2025 07:27:37.886 PM] Action   || Name: finance_skip_dup... || Trigger: kind=expense                         || Output: Py Store Here Pantego $54.00 on 2025-08-20
[10/23/2025 07:27:37.886 PM] Action   || Name: finance_skip_dup... || Trigger: kind=expense                         || Output: Megan Digiovanni $47.62 on 2025-08-26
[10/23/2025 07:27:37.886 PM] Action   || Name: finance_skip_dup... || Trigger: kind=expense                         || Output: NNT PETSMART # $32.46 on 2025-08-06
[10/23/2025 07:27:37.886 PM] Action   || Name: finance_skip_dup... || Trigger: kind=expense                         || Output: Megan Digiovanni $74.92 on 2025-07-30
[10/23/2025 07:27:37.886 PM] Action   || Name: finance_skip_dup... || Trigger: kind=expense                         || Output: TOMAHAWK LIVE TRAP $581.62 on 2025-05-11
[10/23/2025 07:27:37.899 PM] Action   || Name: finance_skip_dup... || Trigger: kind=expense                         || Output: Py Store Here Pantego $54.00 on 2025-05-20
[10/23/2025 07:27:37.899 PM] Action   || Name: finance_skip_dup... || Trigger: kind=expense                         || Output: Derek Fuentes $72.45 on 2025-05-23
[10/23/2025 07:27:37.899 PM] Action   || Name: finance_skip_dup... || Trigger: kind=expense                         || Output: Wix $25.98 on 2025-05-26
[10/23/2025 07:27:37.899 PM] Action   || Name: finance_skip_dup... || Trigger: kind=expense                         || Output: Megan Digiovanni $89.91 on 2025-10-05
[10/23/2025 07:27:37.899 PM] Action   || Name: finance_skip_dup... || Trigger: kind=expense                         || Output: DOMINO'S $60.57 on 2025-09-09
[10/23/2025 07:27:37.899 PM] Action   || Name: finance_skip_dup... || Trigger: kind=expense                         || Output: Derek Fuentes $20.00 on 2025-09-10
[10/23/2025 07:27:37.899 PM] Edit     || User: yaeji               || Channel: #yapper-committee                    || i just successfully broke down an chicken using only the knowledge i had from...
[10/23/2025 07:32:59.972 PM] Action   || Name: gmail_log_scheduler || Trigger: found=3                              || Output: logged=0
[10/23/2025 07:33:00.016 PM] Action   || Name: finance_skip_dup... || Trigger: buffer                               || Output: Sophia Herrera $6.00 on 2025-08-26
[10/23/2025 07:33:00.016 PM] Action   || Name: finance_skip_dup... || Trigger: buffer                               || Output: Jordin Baylee $5.00 on 2025-08-26
[10/23/2025 07:33:00.016 PM] Action   || Name: finance_skip_dup... || Trigger: buffer                               || Output: Axel Torres $24.25 on 2025-08-22
[10/23/2025 07:33:00.016 PM] Action   || Name: finance_skip_dup... || Trigger: buffer                               || Output: Megan Digiovanni $47.62 on 2025-08-26
[10/23/2025 07:33:00.016 PM] Action   || Name: finance_skip_dup... || Trigger: buffer                               || Output: M. Padron $20.00 on 2025-08-26
[10/23/2025 07:33:00.016 PM] Action   || Name: finance_skip_dup... || Trigger: buffer                               || Output: Sophia Herrera $6.00 on 2025-08-26
[10/23/2025 07:33:00.016 PM] Action   || Name: finance_skip_dup... || Trigger: buffer                               || Output: Addison Loera $8.00 on 2025-08-26
[10/23/2025 07:33:00.016 PM] Action   || Name: finance_skip_dup... || Trigger: buffer                               || Output: Amber Thomas $5.00 on 2025-08-26
[10/23/2025 07:33:00.016 PM] Action   || Name: finance_skip_dup... || Trigger: buffer                               || Output: Jordin Baylee $5.00 on 2025-08-26
[10/23/2025 07:33:00.016 PM] Action   || Name: finance_skip_dup... || Trigger: buffer                               || Output: Kathleen Cantu $1.00 on 2025-08-26
[10/23/2025 07:33:00.016 PM] Action   || Name: finance_skip_dup... || Trigger: buffer                               || Output: Amber Thomas $3.00 on 2025-08-26
[10/23/2025 07:33:00.016 PM] Action   || Name: finance_skip_dup... || Trigger: buffer                               || Output: Rob Jimenez $3.00 on 2025-08-26
[10/23/2025 07:33:00.016 PM] Action   || Name: finance_skip_dup... || Trigger: buffer                               || Output: Daniel Brantley $3.00 on 2025-08-26
[10/23/2025 07:33:00.016 PM] Action   || Name: finance_skip_dup... || Trigger: buffer                               || Output: Isabella Klein $9.70 on 2025-08-26
[10/23/2025 07:33:00.016 PM] Action   || Name: finance_skip_dup... || Trigger: buffer                               || Output: Wix $25.98 on 2025-08-26
[10/23/2025 07:33:00.032 PM] Action   || Name: finance_skip_dup... || Trigger: buffer                               || Output: Nelda Hernandez $2.00 on 2025-08-26
[10/23/2025 07:33:00.032 PM] Action   || Name: finance_skip_dup... || Trigger: buffer                               || Output: Troy Broome $1.00 on 2025-08-26
[10/23/2025 07:33:00.032 PM] Action   || Name: finance_skip_dup... || Trigger: buffer                               || Output: Div Bits $2.00 on 2025-08-26
[10/23/2025 07:33:00.032 PM] Action   || Name: finance_skip_dup... || Trigger: buffer                               || Output: Jacob Sandoval $1.00 on 2025-08-26
[10/23/2025 07:33:00.032 PM] Action   || Name: finance_skip_dup... || Trigger: buffer                               || Output: Aubrey Cunningham $10.00 on 2025-08-26
[10/23/2025 07:33:00.032 PM] Action   || Name: finance_skip_dup... || Trigger: buffer                               || Output: Maxwell Preston $5.00 on 2025-08-26
[10/23/2025 07:33:00.032 PM] Action   || Name: finance_skip_dup... || Trigger: buffer                               || Output: Sophia Herrera $6.00 on 2025-08-26
[10/23/2025 07:33:00.032 PM] Action   || Name: finance_skip_dup... || Trigger: buffer                               || Output: Derek Fuentes $25.98 on 2025-08-26
[10/23/2025 07:33:00.032 PM] Action   || Name: finance_skip_dup... || Trigger: buffer                               || Output: Miguel V $5.00 on 2025-08-26
[10/23/2025 07:33:00.032 PM] Action   || Name: finance_skip_dup... || Trigger: buffer                               || Output: Nelda Hernandez $3.00 on 2025-08-26
[10/23/2025 07:33:00.032 PM] Action   || Name: finance_skip_dup... || Trigger: buffer                               || Output: Megan Digiovanni $130.00 on 2025-08-26
[10/23/2025 07:33:00.032 PM] Action   || Name: finance_skip_dup... || Trigger: buffer                               || Output: Pedro Savala $5.00 on 2025-08-27
[10/23/2025 07:33:00.032 PM] Action   || Name: finance_skip_dup... || Trigger: buffer                               || Output: Jonathan Mcgeever $5.00 on 2025-08-27
[10/23/2025 07:33:00.032 PM] Action   || Name: finance_skip_dup... || Trigger: buffer                               || Output: NNT PETSMART # $32.46 on 2025-08-06
[10/23/2025 07:33:00.032 PM] Action   || Name: finance_skip_dup... || Trigger: buffer                               || Output: Py Store Here Pantego $54.00 on 2025-08-20
[10/23/2025 07:33:00.032 PM] Action   || Name: finance_skip_dup... || Trigger: buffer                               || Output: Megan Digiovanni $74.92 on 2025-07-30
[10/23/2025 07:33:00.032 PM] Action   || Name: finance_skip_dup... || Trigger: buffer                               || Output: TOMAHAWK LIVE TRAP $581.62 on 2025-05-12
[10/23/2025 07:33:00.048 PM] Action   || Name: finance_skip_dup... || Trigger: buffer                               || Output: TOMAHAWK LIVE TRAP $581.62 on 2025-05-12
[10/23/2025 07:33:00.048 PM] Action   || Name: finance_skip_dup... || Trigger: buffer                               || Output: Richa  Desai $6.00 on 2025-10-22
[10/23/2025 07:33:00.048 PM] Action   || Name: finance_skip_dup... || Trigger: buffer                               || Output: Sophia Herrera $5.00 on 2025-10-22
[10/23/2025 07:33:00.048 PM] Action   || Name: finance_skip_dup... || Trigger: buffer                               || Output: Muhammed  Abdalrahman $10.00 on 2025-10-22
[10/23/2025 07:33:03.675 PM] Action   || Name: finance_skip_dup... || Trigger: kind=income                          || Output: Cynthia griffith $10.00 on 2025-04-16
[10/23/2025 07:33:03.675 PM] Action   || Name: finance_skip_dup... || Trigger: kind=income                          || Output: Caleb Moran $4.00 on 2025-04-16
[10/23/2025 07:33:03.675 PM] Action   || Name: finance_skip_dup... || Trigger: kind=income                          || Output: Alberto $6.00 on 2025-04-16
[10/23/2025 07:33:03.675 PM] Action   || Name: finance_skip_dup... || Trigger: kind=income                          || Output: Jacob Sandoval $2.91 on 2025-04-16
[10/23/2025 07:33:03.675 PM] Action   || Name: finance_skip_dup... || Trigger: kind=income                          || Output: tay $5.00 on 2025-04-16
[10/23/2025 07:33:03.675 PM] Action   || Name: finance_skip_dup... || Trigger: kind=income                          || Output: Nelda Hernandez $2.00 on 2025-04-16
[10/23/2025 07:33:03.675 PM] Action   || Name: finance_skip_dup... || Trigger: kind=income                          || Output: Maria Olds $10.00 on 2025-04-16
[10/23/2025 07:33:03.675 PM] Action   || Name: finance_skip_dup... || Trigger: kind=income                          || Output: Mario Rodriguez $3.00 on 2025-04-16
[10/23/2025 07:33:03.675 PM] Action   || Name: finance_skip_dup... || Trigger: kind=income                          || Output: Elisha Taylor $5.00 on 2025-04-16
[10/23/2025 07:33:03.675 PM] Action   || Name: finance_skip_dup... || Trigger: kind=income                          || Output: Jacob Sandoval $3.00 on 2025-04-16
[10/23/2025 07:33:03.675 PM] Action   || Name: finance_skip_dup... || Trigger: kind=income                          || Output: Isabella Klein $9.70 on 2025-08-26
[10/23/2025 07:33:03.691 PM] Action   || Name: finance_skip_dup... || Trigger: kind=income                          || Output: Nelda Hernandez $2.00 on 2025-08-26
[10/23/2025 07:33:03.691 PM] Action   || Name: finance_skip_dup... || Trigger: kind=income                          || Output: Troy Broome $1.00 on 2025-08-26
[10/23/2025 07:33:03.691 PM] Action   || Name: finance_skip_dup... || Trigger: kind=income                          || Output: Div Bits $2.00 on 2025-08-26
[10/23/2025 07:33:03.691 PM] Action   || Name: finance_skip_dup... || Trigger: kind=income                          || Output: Jacob Sandoval $1.00 on 2025-08-26
[10/23/2025 07:33:03.691 PM] Action   || Name: finance_skip_dup... || Trigger: kind=income                          || Output: Aubrey Cunningham $10.00 on 2025-08-26
[10/23/2025 07:33:03.691 PM] Action   || Name: finance_skip_dup... || Trigger: kind=income                          || Output: Maxwell Preston $5.00 on 2025-08-26
[10/23/2025 07:33:03.691 PM] Action   || Name: finance_skip_dup... || Trigger: kind=income                          || Output: Sophia Herrera $6.00 on 2025-08-26
[10/23/2025 07:33:03.691 PM] Action   || Name: finance_skip_dup... || Trigger: kind=income                          || Output: Miguel V $5.00 on 2025-08-26
[10/23/2025 07:33:03.691 PM] Action   || Name: finance_skip_dup... || Trigger: kind=income                          || Output: Nelda Hernandez $3.00 on 2025-08-26
[10/23/2025 07:33:03.691 PM] Action   || Name: finance_skip_dup... || Trigger: kind=income                          || Output: Megan Digiovanni $130.00 on 2025-08-26
[10/23/2025 07:33:03.691 PM] Action   || Name: finance_skip_dup... || Trigger: kind=income                          || Output: Pedro Savala $5.00 on 2025-08-27
[10/23/2025 07:33:03.691 PM] Action   || Name: finance_skip_dup... || Trigger: kind=income                          || Output: Jonathan Mcgeever $5.00 on 2025-08-27
[10/23/2025 07:33:03.691 PM] Action   || Name: finance_skip_dup... || Trigger: kind=income                          || Output: Axel Torres $24.25 on 2025-08-22
[10/23/2025 07:33:03.691 PM] Action   || Name: finance_skip_dup... || Trigger: kind=income                          || Output: M. Padron $20.00 on 2025-08-26
[10/23/2025 07:33:03.691 PM] Action   || Name: finance_skip_dup... || Trigger: kind=income                          || Output: Addison Loera $8.00 on 2025-08-26
[10/23/2025 07:33:03.691 PM] Action   || Name: finance_skip_dup... || Trigger: kind=income                          || Output: Amber Thomas $5.00 on 2025-08-26
[10/23/2025 07:33:03.707 PM] Action   || Name: finance_skip_dup... || Trigger: kind=income                          || Output: Kathleen Cantu $1.00 on 2025-08-26
[10/23/2025 07:33:03.707 PM] Action   || Name: finance_skip_dup... || Trigger: kind=income                          || Output: Amber Thomas $3.00 on 2025-08-26
[10/23/2025 07:33:03.707 PM] Action   || Name: finance_skip_dup... || Trigger: kind=income                          || Output: Rob Jimenez $3.00 on 2025-08-26
[10/23/2025 07:33:03.707 PM] Action   || Name: finance_skip_dup... || Trigger: kind=income                          || Output: Daniel Brantley $3.00 on 2025-08-26
[10/23/2025 07:33:03.707 PM] Action   || Name: finance_skip_dup... || Trigger: kind=income                          || Output: Kristyn Jackson $9.00 on 2025-10-22
[10/23/2025 07:33:03.707 PM] Action   || Name: finance_skip_dup... || Trigger: kind=income                          || Output: Victoria Elkins $5.00 on 2025-10-22
[10/23/2025 07:33:03.707 PM] Action   || Name: finance_skip_dup... || Trigger: kind=income                          || Output: Alexander  Martinez $3.00 on 2025-10-22
[10/23/2025 07:33:03.707 PM] Action   || Name: finance_skip_dup... || Trigger: kind=income                          || Output: Emily Lanham $6.00 on 2025-10-22
[10/23/2025 07:33:03.707 PM] Action   || Name: finance_skip_dup... || Trigger: kind=income                          || Output: Mariah Hall $3.00 on 2025-10-22
[10/23/2025 07:33:03.707 PM] Action   || Name: finance_skip_dup... || Trigger: kind=income                          || Output: Kylie Crook $5.00 on 2025-09-16
[10/23/2025 07:33:03.707 PM] Action   || Name: finance_skip_dup... || Trigger: kind=income                          || Output: Jenny Nguyen $9.70 on 2025-09-03
[10/23/2025 07:33:05.668 PM] Action   || Name: finance_skip_dup... || Trigger: kind=expense                         || Output: Py Store Here Pantego $54.00 on 2025-04-20
[10/23/2025 07:33:05.668 PM] Action   || Name: finance_skip_dup... || Trigger: kind=expense                         || Output: j s $11.68 on 2025-04-22
[10/23/2025 07:33:05.668 PM] Action   || Name: finance_skip_dup... || Trigger: kind=expense                         || Output: Wix $25.98 on 2025-04-26
[10/23/2025 07:33:05.668 PM] Action   || Name: finance_skip_dup... || Trigger: kind=expense                         || Output: Wix $25.98 on 2025-08-26
[10/23/2025 07:33:05.668 PM] Action   || Name: finance_skip_dup... || Trigger: kind=expense                         || Output: Derek Fuentes $25.98 on 2025-08-26
[10/23/2025 07:33:05.668 PM] Action   || Name: finance_skip_dup... || Trigger: kind=expense                         || Output: Py Store Here Pantego $54.00 on 2025-08-20
[10/23/2025 07:33:05.668 PM] Action   || Name: finance_skip_dup... || Trigger: kind=expense                         || Output: Megan Digiovanni $47.62 on 2025-08-26
[10/23/2025 07:33:05.668 PM] Action   || Name: finance_skip_dup... || Trigger: kind=expense                         || Output: NNT PETSMART # $32.46 on 2025-08-06
[10/23/2025 07:33:05.668 PM] Action   || Name: finance_skip_dup... || Trigger: kind=expense                         || Output: Megan Digiovanni $74.92 on 2025-07-30
[10/23/2025 07:33:05.668 PM] Action   || Name: finance_skip_dup... || Trigger: kind=expense                         || Output: TOMAHAWK LIVE TRAP $581.62 on 2025-05-11
[10/23/2025 07:33:05.668 PM] Action   || Name: finance_skip_dup... || Trigger: kind=expense                         || Output: Py Store Here Pantego $54.00 on 2025-05-20
[10/23/2025 07:33:05.668 PM] Action   || Name: finance_skip_dup... || Trigger: kind=expense                         || Output: Derek Fuentes $72.45 on 2025-05-23
[10/23/2025 07:33:05.683 PM] Action   || Name: finance_skip_dup... || Trigger: kind=expense                         || Output: Wix $25.98 on 2025-05-26
[10/23/2025 07:33:05.683 PM] Action   || Name: finance_skip_dup... || Trigger: kind=expense                         || Output: Megan Digiovanni $89.91 on 2025-10-05
[10/23/2025 07:33:05.683 PM] Action   || Name: finance_skip_dup... || Trigger: kind=expense                         || Output: DOMINO'S $60.57 on 2025-09-09
[10/23/2025 07:33:05.683 PM] Action   || Name: finance_skip_dup... || Trigger: kind=expense                         || Output: Derek Fuentes $20.00 on 2025-09-10
[10/23/2025 07:35:41.972 PM] React+   || User: slayc127            || Channel: #yapper-committee                    || emoji=😆; msg="i just successfully broke down a whole c..." by yaeji
[10/23/2025 07:35:44.304 PM] Message  || User: slayc127            || Channel: #yapper-committee                    || Content: impressive
[10/23/2025 07:35:51.724 PM] React+   || User: austinbaustinb      || Channel: #pictures-of-the-cats                || emoji=😭; msg="very elusive even" by simplyshadow171295
[10/23/2025 07:36:54.845 PM] Message  || User: celeryiscelery      || Channel: #purrley-pawsitive-pussy-pals        || Content: @Derek [TNR] are you going to the halloween party tomorrow? i know y...
[10/23/2025 07:38:24.211 PM] Message  || User: a1darek             || Channel: #purrley-pawsitive-pussy-pals        || Content: I will be grabbing sodas yes
[10/23/2025 07:38:36.297 PM] Message  || User: a1darek             || Channel: #purrley-pawsitive-pussy-pals        || Content: I'll stay for a bit! Not sure how long but I'll feel it out
[10/23/2025 07:38:43.268 PM] Message  || User: celeryiscelery      || Channel: #purrley-pawsitive-pussy-pals        || Content: okie cool
[10/23/2025 07:39:42.101 PM] Message  || User: m_digio             || Channel: #purrley-pawsitive-pussy-pals        || Content: Mm
[10/23/2025 07:40:05.922 PM] React+   || User: m_digio             || Channel: #feeding-team                        || emoji=🔥; msg="I'm omw to lot 50" by hatshura
[10/23/2025 07:40:34.459 PM] Message  || User: austinbaustinb      || Channel: #purrley-pawsitive-pussy-pals        || Content: Where
[10/23/2025 07:40:47.573 PM] Message  || User: m_digio             || Channel: #purrley-pawsitive-pussy-pals        || Content: Twisted root
[10/23/2025 07:40:50.322 PM] Message  || User: m_digio             || Channel: #purrley-pawsitive-pussy-pals        || Content: (no text; attachments=2)
[10/23/2025 07:40:51.047 PM] React+   || User: austinbaustinb      || Channel: #purrley-pawsitive-pussy-pals        || emoji=❤️; msg="if worst comes to worst we can always wa..." by celeryiscelery
[10/23/2025 07:41:07.508 PM] Message  || User: austinbaustinb      || Channel: #purrley-pawsitive-pussy-pals        || Content: Damn that’s across the street from me
[10/23/2025 07:41:08.528 PM] Message  || User: austinbaustinb      || Channel: #purrley-pawsitive-pussy-pals        || Content: Mmm
[10/23/2025 07:41:49.874 PM] Message  || User: m_digio             || Channel: #purrley-pawsitive-pussy-pals        || Content: Was that you i saw today?? The guy looked oddly austin shaped
[10/23/2025 07:42:03.781 PM] Message  || User: m_digio             || Channel: #purrley-pawsitive-pussy-pals        || Content: I live right at 404 border
[10/23/2025 07:42:11.534 PM] Message  || User: austinbaustinb      || Channel: #purrley-pawsitive-pussy-pals        || Content: If it was on foot, no
[10/23/2025 07:42:20.463 PM] Message  || User: m_digio             || Channel: #purrley-pawsitive-pussy-pals        || Content: No it was skateboard
[10/23/2025 07:42:22.431 PM] Message  || User: austinbaustinb      || Channel: #purrley-pawsitive-pussy-pals        || Content: I got my skateboard with me at all times but I do live at park place
[10/23/2025 07:42:24.349 PM] Message  || User: austinbaustinb      || Channel: #purrley-pawsitive-pussy-pals        || Content: Oh then yea
[10/23/2025 07:42:28.191 PM] Message  || User: m_digio             || Channel: #purrley-pawsitive-pussy-pals        || Content: I almost hit you with my car
[10/23/2025 07:42:47.122 PM] Message  || User: austinbaustinb      || Channel: #purrley-pawsitive-pussy-pals        || Content: I b jaywalking a lil
[10/23/2025 07:42:49.354 PM] Message  || User: austinbaustinb      || Channel: #purrley-pawsitive-pussy-pals        || Content: I dabble
[10/23/2025 07:43:12.029 PM] Message  || User: m_digio             || Channel: #purrley-pawsitive-pussy-pals        || Content: Lmao yeah i normally walk to like twisted root or flying fish or nam...
[10/23/2025 07:43:26.453 PM] Message  || User: m_digio             || Channel: #purrley-pawsitive-pussy-pals        || Content: Even to the ramen place or zios
[10/23/2025 07:45:05.111 PM] React+   || User: adeyumii            || Channel: #yapper-committee                    || emoji=⁉️; msg="i just successfully broke down a whole c..." by yaeji
[10/23/2025 07:45:06.191 PM] React+   || User: adeyumii            || Channel: #yapper-committee                    || emoji=😭; msg="i just successfully broke down a whole c..." by yaeji
[10/23/2025 07:45:10.581 PM] Message  || User: adeyumii            || Channel: #yapper-committee                    || Content: so real
[10/23/2025 07:45:36.584 PM] Message  || User: adeyumii            || Channel: #yapper-committee                    || Content: I love watching the guys speed butcher chickens but once I get to th...
[10/23/2025 07:45:53.566 PM] React+   || User: adeyumii            || Channel: #feeding-team                        || emoji=🔥; msg="I'm omw to lot 50" by hatshura
[10/23/2025 07:46:12.867 PM] Message  || User: adeyumii            || Channel: #feeding-team                        || Content: Okay so I'm gonna get Snickers coba and maintenance super quick
[10/23/2025 07:46:12.868 PM] Action   || Name: feed_pending_set    || Trigger: ch=643586809166561310; user=47432... || Output: stations=Maintenance,Business,Snickers,Mary Kay and Zen; text=Okay so...
[10/23/2025 07:47:09.630 PM] Message  || User: adeyumii            || Channel: #feeding-team                        || Content: if anyone else needs cover speak now or forever hold your peas
[10/23/2025 07:47:09.640 PM] Action   || Name: intent_router_error || Trigger: type=AttributeError                  || Output: 'IntentRouter' object has no attribute '_stations_from_schedule'
[10/23/2025 07:47:48.181 PM] React+   || User: gupguppy            || Channel: #yapper-committee                    || emoji=⁉️; msg="i just successfully broke down a whole c..." by yaeji
[10/23/2025 07:49:28.982 PM] React+   || User: reyesthighs         || Channel: #yapper-committee                    || emoji=😭; msg="i just successfully broke down a whole c..." by yaeji
[10/23/2025 07:49:30.015 PM] React-   || User: unknown             || Channel: #yapper-committee                    || emoji=😭; msg="i just successfully broke down a whole c..." by yaeji
[10/23/2025 07:49:33.707 PM] React+   || User: reyesthighs         || Channel: #yapper-committee                    || emoji=<a:hellmo:556982592927301683>; msg="i just successfully broke down a wh...
[10/23/2025 07:50:01.323 PM] Message  || User: m_digio             || Channel: #feeding-team                        || Content: Mm peas
[10/23/2025 07:50:15.525 PM] Message  || User: m_digio             || Channel: #feeding-team                        || Content: @feeding team speak or hold your peas
[10/23/2025 07:50:28.501 PM] React+   || User: simplyshadow171295  || Channel: #feeding-team                        || emoji=🫛; msg="@feeding team speak or hold your peas" by m_digio
[10/23/2025 07:50:33.019 PM] React+   || User: a1darek             || Channel: #feeding-team                        || emoji=🫛; msg="@feeding team speak or hold your peas" by m_digio
[10/23/2025 07:50:35.325 PM] React+   || User: reyesthighs         || Channel: #feeding-team                        || emoji=🫛; msg="@feeding team speak or hold your peas" by m_digio
[10/23/2025 07:50:49.688 PM] Message  || User: reyesthighs         || Channel: #feeding-team                        || Content: spare peas?? spare peas anyone?? /silly
[10/23/2025 07:51:12.662 PM] Message  || User: simplyshadow171295  || Channel: #feeding-team                        || Content: can you hold my peas , i have to feed these damn church children all...
[10/23/2025 07:51:12.671 PM] Action   || Name: feed_pending_set    || Trigger: ch=643586809166561310; user=52842... || Output: stations=Bookstore; text=can you hold my peas , i have to feed these ...
[10/23/2025 07:51:30.870 PM] Message  || User: m_digio             || Channel: #feeding-team                        || Content: Megan mightve had a silly little tikki drink at dinner
[10/23/2025 07:51:37.422 PM] React+   || User: reyesthighs         || Channel: #feeding-team                        || emoji=😆; msg="can you hold my peas , i have to feed th..." by simplyshadow171295
[10/23/2025 07:51:41.156 PM] React+   || User: m_digio             || Channel: #feeding-team                        || emoji=😆; msg="can you hold my peas , i have to feed th..." by simplyshadow171295
[10/23/2025 07:51:45.906 PM] React+   || User: _costco_wholesale_  || Channel: #feeding-team                        || emoji=🫛; msg="@feeding team speak or hold your peas" by m_digio
[10/23/2025 07:51:47.140 PM] React+   || User: simplyshadow171295  || Channel: #feeding-team                        || emoji=😆; msg="Megan mightve had a silly little tikki d..." by m_digio
[10/23/2025 07:51:50.937 PM] Message  || User: reyesthighs         || Channel: #feeding-team                        || Content: does megan,,,, have one for say,,,,, a roach??? /silly
[10/23/2025 07:51:57.930 PM] React+   || User: simplyshadow171295  || Channel: #feeding-team                        || emoji=😆; msg="can you hold my peas , i have to feed th..." by simplyshadow171295
[10/23/2025 07:51:59.048 PM] React-   || User: unknown             || Channel: #feeding-team                        || emoji=😆; msg="can you hold my peas , i have to feed th..." by simplyshadow171295
[10/23/2025 07:52:23.471 PM] Message  || User: .bettercalljack     || Channel: #yapper-committee                    || Content: Microwave
[10/23/2025 07:52:30.801 PM] Message  || User: m_digio             || Channel: #feeding-team                        || Content: Ill send some of the vibes your way as long as your brethren stay ou...
[10/23/2025 07:53:03.529 PM] React+   || User: simplyshadow171295  || Channel: #yapper-committee                    || emoji=‼️; msg="Microwave" by .bettercalljack
[10/23/2025 07:54:37.066 PM] Message  || User: a1darek             || Channel: #purrley-pawsitive-pussy-pals        || Content: Namoo bowl
[10/23/2025 07:54:38.918 PM] Message  || User: a1darek             || Channel: #purrley-pawsitive-pussy-pals        || Content: Is so yummy
[10/23/2025 07:54:40.305 PM] Message  || User: reyesthighs         || Channel: #feeding-team                        || Content: I have like 10 billion blackberry whiteclaws in my house that nobody...
[10/23/2025 07:54:42.722 PM] Message  || User: a1darek             || Channel: #purrley-pawsitive-pussy-pals        || Content: I wanna go soon
[10/23/2025 07:54:48.722 PM] React+   || User: hatshura            || Channel: #feeding-team                        || emoji=🫛; msg="@feeding team speak or hold your peas" by m_digio
[10/23/2025 07:54:49.622 PM] Message  || User: nostalgicsapphic    || Channel: #purrley-pawsitive-pussy-pals        || Content: let’s go next wednesday
[10/23/2025 07:54:54.305 PM] Message  || User: reyesthighs         || Channel: #feeding-team                        || Content: I will trade you megan,,, barter with me megan,,,, /silly /j
[10/23/2025 07:55:26.583 PM] Message  || User: nostalgicsapphic    || Channel: #purrley-pawsitive-pussy-pals        || Content: after kaz’s class
[10/23/2025 07:55:28.642 PM] Message  || User: hatshura            || Channel: #feeding-team                        || Content: Megan sounds like she needs another...
[10/23/2025 07:55:34.126 PM] React+   || User: .bettercalljack     || Channel: #feeding-team                        || emoji=🫛; msg="@feeding team speak or hold your peas" by m_digio
[10/23/2025 07:55:40.290 PM] Message  || User: hatshura            || Channel: #feeding-team                        || Content: *Lot 50 fed btw*
[10/23/2025 07:55:40.291 PM] Action   || Name: feed_pending_exp... || Trigger: ch=643586809166561310; user=20468... || Output: 
[10/23/2025 07:55:40.291 PM] Intent   || feed_update               ||                                               || station=Lot 50; dates=['2025-10-23']
[10/23/2025 07:55:42.215 PM] Action   || Name: sheet_mark          || Trigger: station=Lot 50 date=2025-10-23       || Output: ok
[10/23/2025 07:55:42.215 PM] Action   || Name: feed_update         || Trigger: station=Lot 50; dates=2025-10-23     || Output: ok
[10/23/2025 07:55:42.215 PM] Message  || User: a1darek             || Channel: #purrley-pawsitive-pussy-pals        || Content: Okay
[10/23/2025 07:55:47.120 PM] Edit     || User: lou10ntdan          || Channel: #events                              || https://open.spotify.com/playlist/6awYqvKQ2qJjhZl8rJwl9Q?si=fLXpOtBdRHOm6b5Bh...
[10/23/2025 07:56:05.072 PM] React+   || User: lemonelon_          || Channel: #feeding-team                        || emoji=🫛; msg="@feeding team speak or hold your peas" by m_digio
[10/23/2025 07:56:09.667 PM] Message  || User: nostalgicsapphic    || Channel: #purrley-pawsitive-pussy-pals        || Content: namoo bowl 4pm 🔥
[10/23/2025 07:56:59.011 PM] React+   || User: not_d3fault_1420    || Channel: #yapper-committee                    || emoji=<:macrowave:857753712591634442>; msg="Microwave" by .bettercalljack
[10/23/2025 07:57:18.098 PM] Message  || User: plink5277           || Channel: #yapper-committee                    || Content: cute littl guy
[10/23/2025 07:58:09.032 PM] Message  || User: slayc127            || Channel: #purrley-pawsitive-pussy-pals        || Content: come to kazius class
[10/23/2025 07:58:26.581 PM] React+   || User: petrichor           || Channel: #feeding-team                        || emoji=🫛; msg="@feeding team speak or hold your peas" by m_digio
[10/23/2025 07:58:33.512 PM] React+   || User: m_digio             || Channel: #feeding-team                        || emoji=❤️; msg="Megan sounds like she needs another..." by hatshura
[10/23/2025 07:58:52.029 PM] React+   || User: baseketballin       || Channel: #feeding-team                        || emoji=🫛; msg="@feeding team speak or hold your peas" by m_digio
[10/23/2025 07:58:53.491 PM] Message  || User: m_digio             || Channel: #feeding-team                        || Content: Whiteclaws🤢
[10/23/2025 07:58:56.263 PM] Message  || User: adeyumii            || Channel: #feeding-team                        || Content: very cutie patootie of them
[10/23/2025 07:59:05.211 PM] Message  || User: petrichor           || Channel: #feeding-team                        || Content: the glowing eyes in the background...
[10/23/2025 07:59:06.612 PM] Message  || User: m_digio             || Channel: #feeding-team                        || Content: Ayyyyeeee
[10/23/2025 07:59:15.121 PM] Message  || User: hatshura            || Channel: #feeding-team                        || Content: (no text; attachments=2)
[10/23/2025 07:59:19.444 PM] Message  || User: m_digio             || Channel: #feeding-team                        || Content: Boots is so cute
[10/23/2025 07:59:27.191 PM] Message  || User: reyesthighs         || Channel: #feeding-team                        || Content: don't you dare trashtalk whiteclaws omg. They're good on their own a...
[10/23/2025 07:59:39.292 PM] React+   || User: phat_cat_207        || Channel: #feeding-team                        || emoji=🫛; msg="@feeding team speak or hold your peas" by m_digio
[10/23/2025 07:59:41.539 PM] Message  || User: reyesthighs         || Channel: #feeding-team                        || Content: the baby!! so big!!
[10/23/2025 07:59:45.674 PM] Message  || User: m_digio             || Channel: #feeding-team                        || Content: Counterpoint, anything else /silly
[10/23/2025 07:59:47.104 PM] Message  || User: hatshura            || Channel: #feeding-team                        || Content: Idk Hennessy sounds better
[10/23/2025 08:00:00.965 PM] Action   || Name: send_suppressed     || Trigger: ch=643586809166561310                || Output: All stations have been fed! Yippee!!!
[10/23/2025 08:00:00.965 PM] Action   || Name: feeding_8pm         || Trigger: unfed=0                              || Output: celebrated
[10/23/2025 08:00:01.720 PM] Action   || Name: send_suppressed     || Trigger: ch=643586809166561310                || Output: All stations have been fed! Yippee!!!
[10/23/2025 08:00:01.720 PM] Action   || Name: feeding_8pm         || Trigger: unfed=0                              || Output: celebrated
[10/23/2025 08:00:02.327 PM] Action   || Name: send_suppressed     || Trigger: ch=643586809166561310                || Output: All stations have been fed! Yippee!!!
[10/23/2025 08:00:02.327 PM] Action   || Name: feeding_8pm         || Trigger: unfed=0                              || Output: celebrated
[10/23/2025 08:00:02.887 PM] Action   || Name: send_suppressed     || Trigger: ch=643586809166561310                || Output: All stations have been fed! Yippee!!!
[10/23/2025 08:00:02.888 PM] Action   || Name: feeding_8pm         || Trigger: unfed=0                              || Output: celebrated
[10/23/2025 08:00:03.460 PM] Action   || Name: send_suppressed     || Trigger: ch=643586809166561310                || Output: All stations have been fed! Yippee!!!
[10/23/2025 08:00:03.460 PM] Action   || Name: feeding_8pm         || Trigger: unfed=0                              || Output: celebrated
[10/23/2025 08:00:04.028 PM] Action   || Name: send_suppressed     || Trigger: ch=643586809166561310                || Output: All stations have been fed! Yippee!!!
[10/23/2025 08:00:04.028 PM] Action   || Name: feeding_8pm         || Trigger: unfed=0                              || Output: celebrated
[10/23/2025 08:00:04.627 PM] Action   || Name: send_suppressed     || Trigger: ch=643586809166561310                || Output: All stations have been fed! Yippee!!!
[10/23/2025 08:00:04.627 PM] Action   || Name: feeding_8pm         || Trigger: unfed=0                              || Output: celebrated
[10/23/2025 08:00:05.171 PM] Action   || Name: send_suppressed     || Trigger: ch=643586809166561310                || Output: All stations have been fed! Yippee!!!
[10/23/2025 08:00:05.171 PM] Action   || Name: feeding_8pm         || Trigger: unfed=0                              || Output: celebrated
[10/23/2025 08:00:05.782 PM] Action   || Name: send_suppressed     || Trigger: ch=643586809166561310                || Output: All stations have been fed! Yippee!!!
[10/23/2025 08:00:05.782 PM] Action   || Name: feeding_8pm         || Trigger: unfed=0                              || Output: celebrated
[10/23/2025 08:00:06.378 PM] Action   || Name: send_suppressed     || Trigger: ch=643586809166561310                || Output: All stations have been fed! Yippee!!!
[10/23/2025 08:00:06.378 PM] Action   || Name: feeding_8pm         || Trigger: unfed=0                              || Output: celebrated
[10/23/2025 08:00:06.987 PM] Action   || Name: send_suppressed     || Trigger: ch=643586809166561310                || Output: All stations have been fed! Yippee!!!
[10/23/2025 08:00:06.989 PM] Action   || Name: feeding_8pm         || Trigger: unfed=0                              || Output: celebrated
[10/23/2025 08:00:07.613 PM] Action   || Name: send_suppressed     || Trigger: ch=643586809166561310                || Output: All stations have been fed! Yippee!!!
[10/23/2025 08:00:07.613 PM] Action   || Name: feeding_8pm         || Trigger: unfed=0                              || Output: celebrated
[10/23/2025 08:00:08.239 PM] Action   || Name: send_suppressed     || Trigger: ch=643586809166561310                || Output: All stations have been fed! Yippee!!!
[10/23/2025 08:00:08.239 PM] Action   || Name: feeding_8pm         || Trigger: unfed=0                              || Output: celebrated
[10/23/2025 08:00:08.832 PM] Action   || Name: send_suppressed     || Trigger: ch=643586809166561310                || Output: All stations have been fed! Yippee!!!
[10/23/2025 08:00:08.832 PM] Action   || Name: feeding_8pm         || Trigger: unfed=0                              || Output: celebrated
[10/23/2025 08:00:08.832 PM] Message  || User: reyesthighs         || Channel: #feeding-team                        || Content: you people want to shoot vodka like my roommates
[10/23/2025 08:00:08.990 PM] Message  || User: m_digio             || Channel: #feeding-team                        || Content: Screwdrivers 🤤
[10/23/2025 08:00:15.506 PM] Message  || User: reyesthighs         || Channel: #feeding-team                        || Content: they take shots of pure blue raspberry vodka
[10/23/2025 08:00:16.085 PM] React+   || User: kitadan             || Channel: #feeding-team                        || emoji=🫛; msg="@feeding team speak or hold your peas" by m_digio
[10/23/2025 08:00:22.842 PM] React+   || User: kitadan             || Channel: #feeding-team                        || emoji=😆; msg="can you hold my peas , i have to feed th..." by simplyshadow171295
[10/23/2025 08:00:30.790 PM] Message  || User: reyesthighs         || Channel: #feeding-team                        || Content: Mimosas and screw drivers👀
[10/23/2025 08:00:39.718 PM] Message  || User: slayc127            || Channel: #feeding-team                        || Content: erm
[10/23/2025 08:00:48.919 PM] Message  || User: slayc127            || Channel: #feeding-team                        || Content: banishing yall to #yapper-committee
[10/23/2025 08:00:55.431 PM] Message  || User: m_digio             || Channel: #feeding-team                        || Content: NOTHING HAPPENING HERE/silly
[10/23/2025 08:01:04.464 PM] Message  || User: hatshura            || Channel: #feeding-team                        || Content: SCATTER PEOPLE
[10/23/2025 08:01:06.338 PM] Message  || User: m_digio             || Channel: #feeding-team                        || Content: Speaking my language
[10/23/2025 08:01:22.155 PM] Message  || User: m_digio             || Channel: #feeding-team                        || Content: Food yes good cat food fed yes cat food
[10/23/2025 08:01:26.633 PM] React+   || User: moineau_l.oiseau    || Channel: #itty-bitty-kitty-commitee           || emoji=😂; msg="Who" by astro_db
[10/23/2025 08:01:27.820 PM] Message  || User: slayc127            || Channel: #feeding-team                        || Content: smdh
[10/23/2025 08:01:28.862 PM] React+   || User: moineau_l.oiseau    || Channel: #itty-bitty-kitty-commitee           || emoji=😭; msg="Who" by astro_db
[10/23/2025 08:01:36.443 PM] Message  || User: hatshura            || Channel: #feeding-team                        || Content: <:catthumbsup:931115163317329920>
[10/23/2025 08:01:37.847 PM] React+   || User: simplyshadow171295  || Channel: #feeding-team                        || emoji=😭; msg="SCATTER PEOPLE" by hatshura
[10/23/2025 08:01:44.739 PM] React+   || User: moineau_l.oiseau    || Channel: #itty-bitty-kitty-commitee           || emoji=‼️; msg="@Atlas ᓚᘏᗢ sticker idea for the bake sal..." by adeyumii
[10/23/2025 08:02:00.403 PM] React+   || User: moineau_l.oiseau    || Channel: #itty-bitty-kitty-commitee           || emoji=😭; msg="barbie with the caption "i thought this ..." by adeyumii
[10/23/2025 08:02:11.373 PM] React+   || User: kitadan             || Channel: #yapper-committee                    || emoji=😭; msg="i just successfully broke down a whole c..." by yaeji
[10/23/2025 08:02:21.979 PM] Message  || User: m_digio             || Channel: #purrley-pawsitive-pussy-pals        || Content: I hate how early they close
[10/23/2025 08:02:25.127 PM] React+   || User: moineau_l.oiseau    || Channel: #itty-bitty-kitty-commitee           || emoji=‼️; msg="rubber formerly" by adeyumii
[10/23/2025 08:02:30.022 PM] React+   || User: m_digio             || Channel: #yapper-committee                    || emoji=<:macrowave:857753712591634442>; msg="Microwave" by .bettercalljack
[10/23/2025 08:02:39.390 PM] Message  || User: m_digio             || Channel: #yapper-committee                    || Content: (no text; attachments=1)
[10/23/2025 08:02:45.858 PM] Message  || User: m_digio             || Channel: #yapper-committee                    || Content: Ig ill share the picture
[10/23/2025 08:02:47.994 PM] Message  || User: reyesthighs         || Channel: #yapper-committee                    || Content: NEED
[10/23/2025 08:02:50.084 PM] Message  || User: reyesthighs         || Channel: #yapper-committee                    || Content: NEED IT
[10/23/2025 08:02:59.118 PM] Message  || User: m_digio             || Channel: #yapper-committee                    || Content: (no text; attachments=3)
[10/23/2025 08:03:01.169 PM] Message  || User: m_digio             || Channel: #yapper-committee                    || Content: The food too🤤
[10/23/2025 08:03:07.704 PM] Message  || User: .bettercalljack     || Channel: #yapper-committee                    || Content: Yummy (said in the context that i will have that when im of age.)
[10/23/2025 08:03:09.684 PM] Message  || User: reyesthighs         || Channel: #yapper-committee                    || Content: omg where are you
[10/23/2025 08:03:16.132 PM] React+   || User: orphean_            || Channel: #feeding-team                        || emoji=🫛; msg="@feeding team speak or hold your peas" by m_digio
[10/23/2025 08:03:28.569 PM] React+   || User: orphean_            || Channel: #feeding-team                        || emoji=😆; msg="Megan mightve had a silly little tikki d..." by m_digio
[10/23/2025 08:03:30.609 PM] Message  || User: m_digio             || Channel: #yapper-committee                    || Content: Twisted root, i js walk there from my apt so i normally get a drink ...
[10/23/2025 08:03:55.131 PM] React+   || User: orphean_            || Channel: #feeding-team                        || emoji=❤️; msg="Megan sounds like she needs another..." by hatshura
[10/23/2025 08:03:57.233 PM] React-   || User: unknown             || Channel: #feeding-team                        || emoji=❤️; msg="Megan sounds like she needs another..." by hatshura
[10/23/2025 08:03:59.194 PM] React+   || User: orphean_            || Channel: #feeding-team                        || emoji=🫁; msg="Megan sounds like she needs another..." by hatshura
[10/23/2025 08:04:04.298 PM] Message  || User: m_digio             || Channel: #yapper-committee                    || Content: Oh um *ahem* yeah its soooo gross bleh alcohol am i right🤢
[10/23/2025 08:04:20.272 PM] React+   || User: orphean_            || Channel: #feeding-team                        || emoji=💜; msg="<:catthumbsup:931115163317329920>" by hatshura
[10/23/2025 08:04:31.183 PM] React+   || User: moineau_l.oiseau    || Channel: #pet-pictures                        || emoji=😭; msg="Someone missed me" by m_digio
[10/23/2025 08:04:39.365 PM] React+   || User: moineau_l.oiseau    || Channel: #pet-pictures                        || emoji=❤️; msg=1430953421464141835
[10/23/2025 08:04:42.800 PM] React+   || User: moineau_l.oiseau    || Channel: #pet-pictures                        || emoji=❤️; msg=1430988714196340897
[10/23/2025 08:04:50.331 PM] React+   || User: moineau_l.oiseau    || Channel: #pet-pictures                        || emoji=❤️; msg="Never mind, he gave up!" by littlelindentree
[10/23/2025 08:04:52.828 PM] React+   || User: moineau_l.oiseau    || Channel: #pet-pictures                        || emoji=🥹; msg="Never mind, he gave up!" by littlelindentree
[10/23/2025 08:04:57.267 PM] Action   || Name: gmail_log_scheduler || Trigger: found=3                              || Output: logged=0
[10/23/2025 08:04:57.299 PM] Action   || Name: finance_skip_dup... || Trigger: buffer                               || Output: Sophia Herrera $6.00 on 2025-08-26
[10/23/2025 08:04:57.299 PM] Action   || Name: finance_skip_dup... || Trigger: buffer                               || Output: Jordin Baylee $5.00 on 2025-08-26
[10/23/2025 08:04:57.299 PM] Action   || Name: finance_skip_dup... || Trigger: buffer                               || Output: Axel Torres $24.25 on 2025-08-22
[10/23/2025 08:04:57.299 PM] Action   || Name: finance_skip_dup... || Trigger: buffer                               || Output: Megan Digiovanni $47.62 on 2025-08-26
[10/23/2025 08:04:57.299 PM] Action   || Name: finance_skip_dup... || Trigger: buffer                               || Output: M. Padron $20.00 on 2025-08-26
[10/23/2025 08:04:57.299 PM] Action   || Name: finance_skip_dup... || Trigger: buffer                               || Output: Sophia Herrera $6.00 on 2025-08-26
[10/23/2025 08:04:57.299 PM] Action   || Name: finance_skip_dup... || Trigger: buffer                               || Output: Addison Loera $8.00 on 2025-08-26
[10/23/2025 08:04:57.299 PM] Action   || Name: finance_skip_dup... || Trigger: buffer                               || Output: Amber Thomas $5.00 on 2025-08-26
[10/23/2025 08:04:57.315 PM] Action   || Name: finance_skip_dup... || Trigger: buffer                               || Output: Jordin Baylee $5.00 on 2025-08-26
[10/23/2025 08:04:57.315 PM] Action   || Name: finance_skip_dup... || Trigger: buffer                               || Output: Kathleen Cantu $1.00 on 2025-08-26
[10/23/2025 08:04:57.315 PM] Action   || Name: finance_skip_dup... || Trigger: buffer                               || Output: Amber Thomas $3.00 on 2025-08-26
[10/23/2025 08:04:57.315 PM] Action   || Name: finance_skip_dup... || Trigger: buffer                               || Output: Rob Jimenez $3.00 on 2025-08-26
[10/23/2025 08:04:57.315 PM] Action   || Name: finance_skip_dup... || Trigger: buffer                               || Output: Daniel Brantley $3.00 on 2025-08-26
[10/23/2025 08:04:57.315 PM] Action   || Name: finance_skip_dup... || Trigger: buffer                               || Output: Isabella Klein $9.70 on 2025-08-26
[10/23/2025 08:04:57.315 PM] Action   || Name: finance_skip_dup... || Trigger: buffer                               || Output: Wix $25.98 on 2025-08-26
[10/23/2025 08:04:57.315 PM] Action   || Name: finance_skip_dup... || Trigger: buffer                               || Output: Nelda Hernandez $2.00 on 2025-08-26
[10/23/2025 08:04:57.315 PM] Action   || Name: finance_skip_dup... || Trigger: buffer                               || Output: Troy Broome $1.00 on 2025-08-26
[10/23/2025 08:04:57.315 PM] Action   || Name: finance_skip_dup... || Trigger: buffer                               || Output: Div Bits $2.00 on 2025-08-26
[10/23/2025 08:04:57.315 PM] Action   || Name: finance_skip_dup... || Trigger: buffer                               || Output: Jacob Sandoval $1.00 on 2025-08-26
[10/23/2025 08:04:57.315 PM] Action   || Name: finance_skip_dup... || Trigger: buffer                               || Output: Aubrey Cunningham $10.00 on 2025-08-26
[10/23/2025 08:04:57.315 PM] Action   || Name: finance_skip_dup... || Trigger: buffer                               || Output: Maxwell Preston $5.00 on 2025-08-26
[10/23/2025 08:04:57.315 PM] Action   || Name: finance_skip_dup... || Trigger: buffer                               || Output: Sophia Herrera $6.00 on 2025-08-26
[10/23/2025 08:04:57.315 PM] Action   || Name: finance_skip_dup... || Trigger: buffer                               || Output: Derek Fuentes $25.98 on 2025-08-26
[10/23/2025 08:04:57.315 PM] Action   || Name: finance_skip_dup... || Trigger: buffer                               || Output: Miguel V $5.00 on 2025-08-26
[10/23/2025 08:04:57.315 PM] Action   || Name: finance_skip_dup... || Trigger: buffer                               || Output: Nelda Hernandez $3.00 on 2025-08-26
[10/23/2025 08:04:57.331 PM] Action   || Name: finance_skip_dup... || Trigger: buffer                               || Output: Megan Digiovanni $130.00 on 2025-08-26
[10/23/2025 08:04:57.331 PM] Action   || Name: finance_skip_dup... || Trigger: buffer                               || Output: Pedro Savala $5.00 on 2025-08-27
[10/23/2025 08:04:57.331 PM] Action   || Name: finance_skip_dup... || Trigger: buffer                               || Output: Jonathan Mcgeever $5.00 on 2025-08-27
[10/23/2025 08:04:57.331 PM] Action   || Name: finance_skip_dup... || Trigger: buffer                               || Output: NNT PETSMART # $32.46 on 2025-08-06
[10/23/2025 08:04:57.331 PM] Action   || Name: finance_skip_dup... || Trigger: buffer                               || Output: Py Store Here Pantego $54.00 on 2025-08-20
[10/23/2025 08:04:57.331 PM] Action   || Name: finance_skip_dup... || Trigger: buffer                               || Output: Megan Digiovanni $74.92 on 2025-07-30
[10/23/2025 08:04:57.331 PM] Action   || Name: finance_skip_dup... || Trigger: buffer                               || Output: TOMAHAWK LIVE TRAP $581.62 on 2025-05-12
[10/23/2025 08:04:57.331 PM] Action   || Name: finance_skip_dup... || Trigger: buffer                               || Output: TOMAHAWK LIVE TRAP $581.62 on 2025-05-12
[10/23/2025 08:04:57.331 PM] Action   || Name: finance_skip_dup... || Trigger: buffer                               || Output: Richa  Desai $6.00 on 2025-10-22
[10/23/2025 08:04:57.331 PM] Action   || Name: finance_skip_dup... || Trigger: buffer                               || Output: Sophia Herrera $5.00 on 2025-10-22
[10/23/2025 08:04:57.331 PM] Action   || Name: finance_skip_dup... || Trigger: buffer                               || Output: Muhammed  Abdalrahman $10.00 on 2025-10-22
[10/23/2025 08:05:00.627 PM] Action   || Name: finance_skip_dup... || Trigger: kind=income                          || Output: Cynthia griffith $10.00 on 2025-04-16
[10/23/2025 08:05:00.627 PM] Action   || Name: finance_skip_dup... || Trigger: kind=income                          || Output: Caleb Moran $4.00 on 2025-04-16
[10/23/2025 08:05:00.643 PM] Action   || Name: finance_skip_dup... || Trigger: kind=income                          || Output: Alberto $6.00 on 2025-04-16
[10/23/2025 08:05:00.643 PM] Action   || Name: finance_skip_dup... || Trigger: kind=income                          || Output: Jacob Sandoval $2.91 on 2025-04-16
[10/23/2025 08:05:00.643 PM] Action   || Name: finance_skip_dup... || Trigger: kind=income                          || Output: tay $5.00 on 2025-04-16
[10/23/2025 08:05:00.643 PM] Action   || Name: finance_skip_dup... || Trigger: kind=income                          || Output: Nelda Hernandez $2.00 on 2025-04-16
[10/23/2025 08:05:00.643 PM] Action   || Name: finance_skip_dup... || Trigger: kind=income                          || Output: Maria Olds $10.00 on 2025-04-16
[10/23/2025 08:05:00.643 PM] Action   || Name: finance_skip_dup... || Trigger: kind=income                          || Output: Mario Rodriguez $3.00 on 2025-04-16
[10/23/2025 08:05:00.643 PM] Action   || Name: finance_skip_dup... || Trigger: kind=income                          || Output: Elisha Taylor $5.00 on 2025-04-16
[10/23/2025 08:05:00.643 PM] Action   || Name: finance_skip_dup... || Trigger: kind=income                          || Output: Jacob Sandoval $3.00 on 2025-04-16
[10/23/2025 08:05:00.643 PM] Action   || Name: finance_skip_dup... || Trigger: kind=income                          || Output: Isabella Klein $9.70 on 2025-08-26
[10/23/2025 08:05:00.643 PM] Action   || Name: finance_skip_dup... || Trigger: kind=income                          || Output: Nelda Hernandez $2.00 on 2025-08-26
[10/23/2025 08:05:00.643 PM] Action   || Name: finance_skip_dup... || Trigger: kind=income                          || Output: Troy Broome $1.00 on 2025-08-26
[10/23/2025 08:05:00.643 PM] Action   || Name: finance_skip_dup... || Trigger: kind=income                          || Output: Div Bits $2.00 on 2025-08-26
[10/23/2025 08:05:00.643 PM] Action   || Name: finance_skip_dup... || Trigger: kind=income                          || Output: Jacob Sandoval $1.00 on 2025-08-26
[10/23/2025 08:05:00.643 PM] Action   || Name: finance_skip_dup... || Trigger: kind=income                          || Output: Aubrey Cunningham $10.00 on 2025-08-26
[10/23/2025 08:05:00.643 PM] Action   || Name: finance_skip_dup... || Trigger: kind=income                          || Output: Maxwell Preston $5.00 on 2025-08-26
[10/23/2025 08:05:00.643 PM] Action   || Name: finance_skip_dup... || Trigger: kind=income                          || Output: Sophia Herrera $6.00 on 2025-08-26
[10/23/2025 08:05:00.659 PM] Action   || Name: finance_skip_dup... || Trigger: kind=income                          || Output: Miguel V $5.00 on 2025-08-26
[10/23/2025 08:05:00.659 PM] Action   || Name: finance_skip_dup... || Trigger: kind=income                          || Output: Nelda Hernandez $3.00 on 2025-08-26
[10/23/2025 08:05:00.659 PM] Action   || Name: finance_skip_dup... || Trigger: kind=income                          || Output: Megan Digiovanni $130.00 on 2025-08-26
[10/23/2025 08:05:00.659 PM] Action   || Name: finance_skip_dup... || Trigger: kind=income                          || Output: Pedro Savala $5.00 on 2025-08-27
[10/23/2025 08:05:00.659 PM] Action   || Name: finance_skip_dup... || Trigger: kind=income                          || Output: Jonathan Mcgeever $5.00 on 2025-08-27
[10/23/2025 08:05:00.659 PM] Action   || Name: finance_skip_dup... || Trigger: kind=income                          || Output: Axel Torres $24.25 on 2025-08-22
[10/23/2025 08:05:00.659 PM] Action   || Name: finance_skip_dup... || Trigger: kind=income                          || Output: M. Padron $20.00 on 2025-08-26
[10/23/2025 08:05:00.659 PM] Action   || Name: finance_skip_dup... || Trigger: kind=income                          || Output: Addison Loera $8.00 on 2025-08-26
[10/23/2025 08:05:00.659 PM] Action   || Name: finance_skip_dup... || Trigger: kind=income                          || Output: Amber Thomas $5.00 on 2025-08-26
[10/23/2025 08:05:00.659 PM] Action   || Name: finance_skip_dup... || Trigger: kind=income                          || Output: Kathleen Cantu $1.00 on 2025-08-26
[10/23/2025 08:05:00.659 PM] Action   || Name: finance_skip_dup... || Trigger: kind=income                          || Output: Amber Thomas $3.00 on 2025-08-26
[10/23/2025 08:05:00.659 PM] Action   || Name: finance_skip_dup... || Trigger: kind=income                          || Output: Rob Jimenez $3.00 on 2025-08-26
[10/23/2025 08:05:00.659 PM] Action   || Name: finance_skip_dup... || Trigger: kind=income                          || Output: Daniel Brantley $3.00 on 2025-08-26
[10/23/2025 08:05:00.659 PM] Action   || Name: finance_skip_dup... || Trigger: kind=income                          || Output: Kristyn Jackson $9.00 on 2025-10-22
[10/23/2025 08:05:00.659 PM] Action   || Name: finance_skip_dup... || Trigger: kind=income                          || Output: Victoria Elkins $5.00 on 2025-10-22
[10/23/2025 08:05:00.659 PM] Action   || Name: finance_skip_dup... || Trigger: kind=income                          || Output: Alexander  Martinez $3.00 on 2025-10-22
[10/23/2025 08:05:00.675 PM] Action   || Name: finance_skip_dup... || Trigger: kind=income                          || Output: Emily Lanham $6.00 on 2025-10-22
[10/23/2025 08:05:00.675 PM] Action   || Name: finance_skip_dup... || Trigger: kind=income                          || Output: Mariah Hall $3.00 on 2025-10-22
[10/23/2025 08:05:00.675 PM] Action   || Name: finance_skip_dup... || Trigger: kind=income                          || Output: Kylie Crook $5.00 on 2025-09-16
[10/23/2025 08:05:00.675 PM] Action   || Name: finance_skip_dup... || Trigger: kind=income                          || Output: Jenny Nguyen $9.70 on 2025-09-03
[10/23/2025 08:05:02.231 PM] Action   || Name: finance_skip_dup... || Trigger: kind=expense                         || Output: Py Store Here Pantego $54.00 on 2025-04-20
[10/23/2025 08:05:02.231 PM] Action   || Name: finance_skip_dup... || Trigger: kind=expense                         || Output: j s $11.68 on 2025-04-22
[10/23/2025 08:05:02.231 PM] Action   || Name: finance_skip_dup... || Trigger: kind=expense                         || Output: Wix $25.98 on 2025-04-26
[10/23/2025 08:05:02.243 PM] Action   || Name: finance_skip_dup... || Trigger: kind=expense                         || Output: Wix $25.98 on 2025-08-26
[10/23/2025 08:05:02.243 PM] Action   || Name: finance_skip_dup... || Trigger: kind=expense                         || Output: Derek Fuentes $25.98 on 2025-08-26
[10/23/2025 08:05:02.243 PM] Action   || Name: finance_skip_dup... || Trigger: kind=expense                         || Output: Py Store Here Pantego $54.00 on 2025-08-20
[10/23/2025 08:05:02.243 PM] Action   || Name: finance_skip_dup... || Trigger: kind=expense                         || Output: Megan Digiovanni $47.62 on 2025-08-26
[10/23/2025 08:05:02.243 PM] Action   || Name: finance_skip_dup... || Trigger: kind=expense                         || Output: NNT PETSMART # $32.46 on 2025-08-06
[10/23/2025 08:05:02.243 PM] Action   || Name: finance_skip_dup... || Trigger: kind=expense                         || Output: Megan Digiovanni $74.92 on 2025-07-30
[10/23/2025 08:05:02.243 PM] Action   || Name: finance_skip_dup... || Trigger: kind=expense                         || Output: TOMAHAWK LIVE TRAP $581.62 on 2025-05-11
[10/23/2025 08:05:02.243 PM] Action   || Name: finance_skip_dup... || Trigger: kind=expense                         || Output: Py Store Here Pantego $54.00 on 2025-05-20
[10/23/2025 08:05:02.243 PM] Action   || Name: finance_skip_dup... || Trigger: kind=expense                         || Output: Derek Fuentes $72.45 on 2025-05-23
[10/23/2025 08:05:02.243 PM] Action   || Name: finance_skip_dup... || Trigger: kind=expense                         || Output: Wix $25.98 on 2025-05-26
[10/23/2025 08:05:02.243 PM] Action   || Name: finance_skip_dup... || Trigger: kind=expense                         || Output: Megan Digiovanni $89.91 on 2025-10-05
[10/23/2025 08:05:02.243 PM] Action   || Name: finance_skip_dup... || Trigger: kind=expense                         || Output: DOMINO'S $60.57 on 2025-09-09
[10/23/2025 08:05:02.243 PM] Action   || Name: finance_skip_dup... || Trigger: kind=expense                         || Output: Derek Fuentes $20.00 on 2025-09-10
[10/23/2025 08:05:05.340 PM] React+   || User: moineau_l.oiseau    || Channel: #pet-pictures                        || emoji=<:sobbing:828777375876907038>; msg=1430990224653291641
[10/23/2025 08:05:12.379 PM] React+   || User: moineau_l.oiseau    || Channel: #pet-pictures                        || emoji=❤️; msg="My other kitty is napping in the sun, I ..." by littlelindentree
[10/23/2025 08:05:13.284 PM] Action   || Name: gmail_log_scheduler || Trigger: found=3                              || Output: logged=0
[10/23/2025 08:05:13.315 PM] Action   || Name: finance_skip_dup... || Trigger: buffer                               || Output: Sophia Herrera $6.00 on 2025-08-26
[10/23/2025 08:05:13.315 PM] Action   || Name: finance_skip_dup... || Trigger: buffer                               || Output: Jordin Baylee $5.00 on 2025-08-26
[10/23/2025 08:05:13.315 PM] Action   || Name: finance_skip_dup... || Trigger: buffer                               || Output: Axel Torres $24.25 on 2025-08-22
[10/23/2025 08:05:13.315 PM] Action   || Name: finance_skip_dup... || Trigger: buffer                               || Output: Megan Digiovanni $47.62 on 2025-08-26
[10/23/2025 08:05:13.315 PM] Action   || Name: finance_skip_dup... || Trigger: buffer                               || Output: M. Padron $20.00 on 2025-08-26
[10/23/2025 08:05:13.315 PM] Action   || Name: finance_skip_dup... || Trigger: buffer                               || Output: Sophia Herrera $6.00 on 2025-08-26
[10/23/2025 08:05:13.315 PM] Action   || Name: finance_skip_dup... || Trigger: buffer                               || Output: Addison Loera $8.00 on 2025-08-26
[10/23/2025 08:05:13.315 PM] Action   || Name: finance_skip_dup... || Trigger: buffer                               || Output: Amber Thomas $5.00 on 2025-08-26
[10/23/2025 08:05:13.330 PM] Action   || Name: finance_skip_dup... || Trigger: buffer                               || Output: Jordin Baylee $5.00 on 2025-08-26
[10/23/2025 08:05:13.330 PM] Action   || Name: finance_skip_dup... || Trigger: buffer                               || Output: Kathleen Cantu $1.00 on 2025-08-26
[10/23/2025 08:05:13.330 PM] Action   || Name: finance_skip_dup... || Trigger: buffer                               || Output: Amber Thomas $3.00 on 2025-08-26
[10/23/2025 08:05:13.330 PM] Action   || Name: finance_skip_dup... || Trigger: buffer                               || Output: Rob Jimenez $3.00 on 2025-08-26
[10/23/2025 08:05:13.330 PM] Action   || Name: finance_skip_dup... || Trigger: buffer                               || Output: Daniel Brantley $3.00 on 2025-08-26
[10/23/2025 08:05:13.330 PM] Action   || Name: finance_skip_dup... || Trigger: buffer                               || Output: Isabella Klein $9.70 on 2025-08-26
[10/23/2025 08:05:13.330 PM] Action   || Name: finance_skip_dup... || Trigger: buffer                               || Output: Wix $25.98 on 2025-08-26
[10/23/2025 08:05:13.330 PM] Action   || Name: finance_skip_dup... || Trigger: buffer                               || Output: Nelda Hernandez $2.00 on 2025-08-26
[10/23/2025 08:05:13.330 PM] Action   || Name: finance_skip_dup... || Trigger: buffer                               || Output: Troy Broome $1.00 on 2025-08-26
[10/23/2025 08:05:13.330 PM] Action   || Name: finance_skip_dup... || Trigger: buffer                               || Output: Div Bits $2.00 on 2025-08-26
[10/23/2025 08:05:13.330 PM] Action   || Name: finance_skip_dup... || Trigger: buffer                               || Output: Jacob Sandoval $1.00 on 2025-08-26
[10/23/2025 08:05:13.330 PM] Action   || Name: finance_skip_dup... || Trigger: buffer                               || Output: Aubrey Cunningham $10.00 on 2025-08-26
[10/23/2025 08:05:13.330 PM] Action   || Name: finance_skip_dup... || Trigger: buffer                               || Output: Maxwell Preston $5.00 on 2025-08-26
[10/23/2025 08:05:13.330 PM] Action   || Name: finance_skip_dup... || Trigger: buffer                               || Output: Sophia Herrera $6.00 on 2025-08-26
[10/23/2025 08:05:13.330 PM] Action   || Name: finance_skip_dup... || Trigger: buffer                               || Output: Derek Fuentes $25.98 on 2025-08-26
[10/23/2025 08:05:13.330 PM] Action   || Name: finance_skip_dup... || Trigger: buffer                               || Output: Miguel V $5.00 on 2025-08-26
[10/23/2025 08:05:13.330 PM] Action   || Name: finance_skip_dup... || Trigger: buffer                               || Output: Nelda Hernandez $3.00 on 2025-08-26
[10/23/2025 08:05:13.346 PM] Action   || Name: finance_skip_dup... || Trigger: buffer                               || Output: Megan Digiovanni $130.00 on 2025-08-26
[10/23/2025 08:05:13.346 PM] Action   || Name: finance_skip_dup... || Trigger: buffer                               || Output: Pedro Savala $5.00 on 2025-08-27
[10/23/2025 08:05:13.346 PM] Action   || Name: finance_skip_dup... || Trigger: buffer                               || Output: Jonathan Mcgeever $5.00 on 2025-08-27
[10/23/2025 08:05:13.346 PM] Action   || Name: finance_skip_dup... || Trigger: buffer                               || Output: NNT PETSMART # $32.46 on 2025-08-06
[10/23/2025 08:05:13.346 PM] Action   || Name: finance_skip_dup... || Trigger: buffer                               || Output: Py Store Here Pantego $54.00 on 2025-08-20
[10/23/2025 08:05:13.346 PM] Action   || Name: finance_skip_dup... || Trigger: buffer                               || Output: Megan Digiovanni $74.92 on 2025-07-30
[10/23/2025 08:05:13.346 PM] Action   || Name: finance_skip_dup... || Trigger: buffer                               || Output: TOMAHAWK LIVE TRAP $581.62 on 2025-05-12
[10/23/2025 08:05:13.346 PM] Action   || Name: finance_skip_dup... || Trigger: buffer                               || Output: TOMAHAWK LIVE TRAP $581.62 on 2025-05-12
[10/23/2025 08:05:13.346 PM] Action   || Name: finance_skip_dup... || Trigger: buffer                               || Output: Richa  Desai $6.00 on 2025-10-22
[10/23/2025 08:05:13.346 PM] Action   || Name: finance_skip_dup... || Trigger: buffer                               || Output: Sophia Herrera $5.00 on 2025-10-22
[10/23/2025 08:05:13.346 PM] Action   || Name: finance_skip_dup... || Trigger: buffer                               || Output: Muhammed  Abdalrahman $10.00 on 2025-10-22
[10/23/2025 08:05:14.695 PM] Action   || Name: finance_skip_dup... || Trigger: kind=income                          || Output: Cynthia griffith $10.00 on 2025-04-16
[10/23/2025 08:05:14.695 PM] Action   || Name: finance_skip_dup... || Trigger: kind=income                          || Output: Caleb Moran $4.00 on 2025-04-16
[10/23/2025 08:05:14.695 PM] Action   || Name: finance_skip_dup... || Trigger: kind=income                          || Output: Alberto $6.00 on 2025-04-16
[10/23/2025 08:05:14.695 PM] Action   || Name: finance_skip_dup... || Trigger: kind=income                          || Output: Jacob Sandoval $2.91 on 2025-04-16
[10/23/2025 08:05:14.711 PM] Action   || Name: finance_skip_dup... || Trigger: kind=income                          || Output: tay $5.00 on 2025-04-16
[10/23/2025 08:05:14.711 PM] Action   || Name: finance_skip_dup... || Trigger: kind=income                          || Output: Nelda Hernandez $2.00 on 2025-04-16
[10/23/2025 08:05:14.711 PM] Action   || Name: finance_skip_dup... || Trigger: kind=income                          || Output: Maria Olds $10.00 on 2025-04-16
[10/23/2025 08:05:14.711 PM] Action   || Name: finance_skip_dup... || Trigger: kind=income                          || Output: Mario Rodriguez $3.00 on 2025-04-16
[10/23/2025 08:05:14.711 PM] Action   || Name: finance_skip_dup... || Trigger: kind=income                          || Output: Elisha Taylor $5.00 on 2025-04-16
[10/23/2025 08:05:14.711 PM] Action   || Name: finance_skip_dup... || Trigger: kind=income                          || Output: Jacob Sandoval $3.00 on 2025-04-16
[10/23/2025 08:05:14.711 PM] Action   || Name: finance_skip_dup... || Trigger: kind=income                          || Output: Isabella Klein $9.70 on 2025-08-26
[10/23/2025 08:05:14.711 PM] Action   || Name: finance_skip_dup... || Trigger: kind=income                          || Output: Nelda Hernandez $2.00 on 2025-08-26
[10/23/2025 08:05:14.711 PM] Action   || Name: finance_skip_dup... || Trigger: kind=income                          || Output: Troy Broome $1.00 on 2025-08-26
[10/23/2025 08:05:14.711 PM] Action   || Name: finance_skip_dup... || Trigger: kind=income                          || Output: Div Bits $2.00 on 2025-08-26
[10/23/2025 08:05:14.711 PM] Action   || Name: finance_skip_dup... || Trigger: kind=income                          || Output: Jacob Sandoval $1.00 on 2025-08-26
[10/23/2025 08:05:14.711 PM] Action   || Name: finance_skip_dup... || Trigger: kind=income                          || Output: Aubrey Cunningham $10.00 on 2025-08-26
[10/23/2025 08:05:14.711 PM] Action   || Name: finance_skip_dup... || Trigger: kind=income                          || Output: Maxwell Preston $5.00 on 2025-08-26
[10/23/2025 08:05:14.711 PM] Action   || Name: finance_skip_dup... || Trigger: kind=income                          || Output: Sophia Herrera $6.00 on 2025-08-26
[10/23/2025 08:05:14.711 PM] Action   || Name: finance_skip_dup... || Trigger: kind=income                          || Output: Miguel V $5.00 on 2025-08-26
[10/23/2025 08:05:14.711 PM] Action   || Name: finance_skip_dup... || Trigger: kind=income                          || Output: Nelda Hernandez $3.00 on 2025-08-26
[10/23/2025 08:05:14.727 PM] Action   || Name: finance_skip_dup... || Trigger: kind=income                          || Output: Megan Digiovanni $130.00 on 2025-08-26
[10/23/2025 08:05:14.727 PM] Action   || Name: finance_skip_dup... || Trigger: kind=income                          || Output: Pedro Savala $5.00 on 2025-08-27
[10/23/2025 08:05:14.727 PM] Action   || Name: finance_skip_dup... || Trigger: kind=income                          || Output: Jonathan Mcgeever $5.00 on 2025-08-27
[10/23/2025 08:05:14.727 PM] Action   || Name: finance_skip_dup... || Trigger: kind=income                          || Output: Axel Torres $24.25 on 2025-08-22
[10/23/2025 08:05:14.727 PM] Action   || Name: finance_skip_dup... || Trigger: kind=income                          || Output: M. Padron $20.00 on 2025-08-26
[10/23/2025 08:05:14.727 PM] Action   || Name: finance_skip_dup... || Trigger: kind=income                          || Output: Addison Loera $8.00 on 2025-08-26
[10/23/2025 08:05:14.727 PM] Action   || Name: finance_skip_dup... || Trigger: kind=income                          || Output: Amber Thomas $5.00 on 2025-08-26
[10/23/2025 08:05:14.727 PM] Action   || Name: finance_skip_dup... || Trigger: kind=income                          || Output: Kathleen Cantu $1.00 on 2025-08-26
[10/23/2025 08:05:14.727 PM] Action   || Name: finance_skip_dup... || Trigger: kind=income                          || Output: Amber Thomas $3.00 on 2025-08-26
[10/23/2025 08:05:14.727 PM] Action   || Name: finance_skip_dup... || Trigger: kind=income                          || Output: Rob Jimenez $3.00 on 2025-08-26
[10/23/2025 08:05:14.727 PM] Action   || Name: finance_skip_dup... || Trigger: kind=income                          || Output: Daniel Brantley $3.00 on 2025-08-26
[10/23/2025 08:05:14.727 PM] Action   || Name: finance_skip_dup... || Trigger: kind=income                          || Output: Kristyn Jackson $9.00 on 2025-10-22
[10/23/2025 08:05:14.727 PM] Action   || Name: finance_skip_dup... || Trigger: kind=income                          || Output: Victoria Elkins $5.00 on 2025-10-22
[10/23/2025 08:05:14.727 PM] Action   || Name: finance_skip_dup... || Trigger: kind=income                          || Output: Alexander  Martinez $3.00 on 2025-10-22
[10/23/2025 08:05:14.727 PM] Action   || Name: finance_skip_dup... || Trigger: kind=income                          || Output: Emily Lanham $6.00 on 2025-10-22
[10/23/2025 08:05:14.742 PM] Action   || Name: finance_skip_dup... || Trigger: kind=income                          || Output: Mariah Hall $3.00 on 2025-10-22
[10/23/2025 08:05:14.742 PM] Action   || Name: finance_skip_dup... || Trigger: kind=income                          || Output: Kylie Crook $5.00 on 2025-09-16
[10/23/2025 08:05:14.742 PM] Action   || Name: finance_skip_dup... || Trigger: kind=income                          || Output: Jenny Nguyen $9.70 on 2025-09-03
[10/23/2025 08:05:15.782 PM] Action   || Name: finance_skip_dup... || Trigger: kind=expense                         || Output: Py Store Here Pantego $54.00 on 2025-04-20
[10/23/2025 08:05:15.782 PM] Action   || Name: finance_skip_dup... || Trigger: kind=expense                         || Output: j s $11.68 on 2025-04-22
[10/23/2025 08:05:15.782 PM] Action   || Name: finance_skip_dup... || Trigger: kind=expense                         || Output: Wix $25.98 on 2025-04-26
[10/23/2025 08:05:15.782 PM] Action   || Name: finance_skip_dup... || Trigger: kind=expense                         || Output: Wix $25.98 on 2025-08-26
[10/23/2025 08:05:15.782 PM] Action   || Name: finance_skip_dup... || Trigger: kind=expense                         || Output: Derek Fuentes $25.98 on 2025-08-26
[10/23/2025 08:05:15.782 PM] Action   || Name: finance_skip_dup... || Trigger: kind=expense                         || Output: Py Store Here Pantego $54.00 on 2025-08-20
[10/23/2025 08:05:15.782 PM] Action   || Name: finance_skip_dup... || Trigger: kind=expense                         || Output: Megan Digiovanni $47.62 on 2025-08-26
[10/23/2025 08:05:15.782 PM] Action   || Name: finance_skip_dup... || Trigger: kind=expense                         || Output: NNT PETSMART # $32.46 on 2025-08-06
[10/23/2025 08:05:15.782 PM] Action   || Name: finance_skip_dup... || Trigger: kind=expense                         || Output: Megan Digiovanni $74.92 on 2025-07-30
[10/23/2025 08:05:15.782 PM] Action   || Name: finance_skip_dup... || Trigger: kind=expense                         || Output: TOMAHAWK LIVE TRAP $581.62 on 2025-05-11
[10/23/2025 08:05:15.782 PM] Action   || Name: finance_skip_dup... || Trigger: kind=expense                         || Output: Py Store Here Pantego $54.00 on 2025-05-20
[10/23/2025 08:05:15.782 PM] Action   || Name: finance_skip_dup... || Trigger: kind=expense                         || Output: Derek Fuentes $72.45 on 2025-05-23
[10/23/2025 08:05:15.797 PM] Action   || Name: finance_skip_dup... || Trigger: kind=expense                         || Output: Wix $25.98 on 2025-05-26
[10/23/2025 08:05:15.797 PM] Action   || Name: finance_skip_dup... || Trigger: kind=expense                         || Output: Megan Digiovanni $89.91 on 2025-10-05
[10/23/2025 08:05:15.797 PM] Action   || Name: finance_skip_dup... || Trigger: kind=expense                         || Output: DOMINO'S $60.57 on 2025-09-09
[10/23/2025 08:05:15.797 PM] Action   || Name: finance_skip_dup... || Trigger: kind=expense                         || Output: Derek Fuentes $20.00 on 2025-09-10
[10/23/2025 08:05:16.037 PM] React+   || User: moineau_l.oiseau    || Channel: #pet-pictures                        || emoji=‼️; msg="I love kitties so much" by m_digio
[10/23/2025 08:05:16.047 PM] React+   || User: moineau_l.oiseau    || Channel: #pet-pictures                        || emoji=<:smilecat:836868602220380160>; msg="I love kitties so much" by m_digio
[10/23/2025 08:05:19.217 PM] React+   || User: moineau_l.oiseau    || Channel: #pet-pictures                        || emoji=❤️; msg=1430991536631578765
[10/23/2025 08:05:25.449 PM] React+   || User: moineau_l.oiseau    || Channel: #pet-pictures                        || emoji=🍊; msg=1430992605323460752
[10/23/2025 08:05:32.149 PM] React+   || User: moineau_l.oiseau    || Channel: #pet-pictures                        || emoji=❤️; msg="Hold him like a fish" by m_digio
[10/23/2025 08:05:34.158 PM] React+   || User: moineau_l.oiseau    || Channel: #pet-pictures                        || emoji=🤣; msg="Hold him like a fish" by m_digio
[10/23/2025 08:05:46.084 PM] React+   || User: moineau_l.oiseau    || Channel: #events                              || emoji=🔥; msg="And of course the classic monster mash, ..." by reyesthighs
[10/23/2025 08:05:47.523 PM] React+   || User: moineau_l.oiseau    || Channel: #events                              || emoji=🔥; msg="and I Put A Spell On You from Hocus Pocu..." by reyesthighs
[10/23/2025 08:05:51.082 PM] React+   || User: moineau_l.oiseau    || Channel: #events                              || emoji=🔥; msg="some beetlejuice the musical would be ni..." by slayc127
[10/23/2025 08:05:51.175 PM] React+   || User: moineau_l.oiseau    || Channel: #events                              || emoji=‼️; msg="some beetlejuice the musical would be ni..." by slayc127
[10/23/2025 08:05:53.647 PM] React+   || User: moineau_l.oiseau    || Channel: #events                              || emoji=‼️; msg="Whole nightmare before Christmas soundtr..." by .s3j
[10/23/2025 08:07:24.333 PM] React+   || User: skelehusk           || Channel: #pictures-of-the-cats                || emoji=❤️; msg="the gluttony" by simplyshadow171295
[10/23/2025 08:08:36.081 PM] React+   || User: m_digio             || Channel: #pet-pictures                        || emoji=❤️; msg="the kult" by cici4f3
[10/23/2025 08:12:55.867 PM] Message  || User: a1darek             || Channel: #itty-bitty-kitty-commitee           || Content: <:sideeye:1412870825907851296>
[10/23/2025 08:13:38.532 PM] React+   || User: bubblebee5866       || Channel: #feeding-team                        || emoji=🫛; msg="@feeding team speak or hold your peas" by m_digio
[10/23/2025 08:15:17.948 PM] Message  || User: austinbaustinb      || Channel: #yapper-committee                    || Content: I can’t wait for April for when I can have my first drink!
[10/23/2025 08:16:48.415 PM] Message  || User: .bettercalljack     || Channel: #yapper-committee                    || Content: My first drink is gonna be breakimg bad vodka
[10/23/2025 08:16:57.331 PM] Message  || User: slayc127            || Channel: #yapper-committee                    || Content: twisted root on my op list
[10/23/2025 08:17:12.052 PM] Message  || User: slayc127            || Channel: #yapper-committee                    || Content: i will never not complain abt their bs black bean burger ‼️‼️‼️‼️‼️‼...
[10/23/2025 08:17:17.832 PM] Message  || User: slayc127            || Channel: #yapper-committee                    || Content: $15 for bullshit!!!!!!!!
[10/23/2025 08:17:40.119 PM] Message  || User: .bettercalljack     || Channel: #yapper-committee                    || Content: Kinda real they kinda give off that "two guys with a crazy dream" meme
[10/23/2025 08:18:10.909 PM] Message  || User: simplyshadow171295  || Channel: #itty-bitty-kitty-commitee           || Content: for the wrong reasons
[10/23/2025 08:18:20.586 PM] Message  || User: austinbaustinb      || Channel: #yapper-committee                    || Content: Tequila?
[10/23/2025 08:18:47.292 PM] Message  || User: .bettercalljack     || Channel: #yapper-committee                    || Content: (no text; attachments=1)
[10/23/2025 08:19:50.768 PM] React+   || User: bubblebee5866       || Channel: #pet-pictures                        || emoji=❤️; msg="the kult" by cici4f3
[10/23/2025 08:22:07.738 PM] React+   || User: m_digio             || Channel: #yapper-committee                    || emoji=🔥; msg=1431089511227461654
[10/23/2025 08:23:05.595 PM] Message  || User: slayc127            || Channel: #purrley-pawsitive-pussy-pals        || Content: (no text; attachments=1)
[10/23/2025 08:23:28.568 PM] Message  || User: slayc127            || Channel: #purrley-pawsitive-pussy-pals        || Content: oh this was for dms but @mckayla [retired]
[10/23/2025 08:23:31.079 PM] Message  || User: nostalgicsapphic    || Channel: #purrley-pawsitive-pussy-pals        || Content: BAEEYY
[10/23/2025 08:23:32.744 PM] Message  || User: slayc127            || Channel: #purrley-pawsitive-pussy-pals        || Content: he is less scared
[10/23/2025 08:23:44.925 PM] Message  || User: nostalgicsapphic    || Channel: #purrley-pawsitive-pussy-pals        || Content: little poof…..small baby
[10/23/2025 08:23:47.307 PM] React+   || User: nostalgicsapphic    || Channel: #purrley-pawsitive-pussy-pals        || emoji=🎉; msg="he is less scared" by slayc127
[10/23/2025 08:23:54.305 PM] Message  || User: slayc127            || Channel: #purrley-pawsitive-pussy-pals        || Content: yes......i want to Hold Them........
[10/23/2025 08:24:09.373 PM] Message  || User: slayc127            || Channel: #purrley-pawsitive-pussy-pals        || Content: I need to learn how to Socialixe them.....the bird people make it lo...
[10/23/2025 08:25:12.109 PM] Message  || User: slayc127            || Channel: #purrley-pawsitive-pussy-pals        || Content: also the socialist cyborg ep mck is so good
[10/23/2025 08:25:15.403 PM] Message  || User: slayc127            || Channel: #purrley-pawsitive-pussy-pals        || Content: finally. finished it.
[10/23/2025 08:25:18.649 PM] Message  || User: nostalgicsapphic    || Channel: #purrley-pawsitive-pussy-pals        || Content: YESSSS
[10/23/2025 08:25:39.677 PM] Message  || User: nostalgicsapphic    || Channel: #purrley-pawsitive-pussy-pals        || Content: u r catching up w me fast
[10/23/2025 08:25:43.801 PM] Message  || User: nostalgicsapphic    || Channel: #purrley-pawsitive-pussy-pals        || Content: nerd🫵
[10/23/2025 08:25:48.972 PM] Message  || User: slayc127            || Channel: #purrley-pawsitive-pussy-pals        || Content: i am skipping around mostly 💔
[10/23/2025 08:25:53.477 PM] Message  || User: slayc127            || Channel: #purrley-pawsitive-pussy-pals        || Content: going back to beginning
[10/23/2025 08:25:58.052 PM] Message  || User: slayc127            || Channel: #purrley-pawsitive-pussy-pals        || Content: :3p
[10/23/2025 08:26:03.529 PM] React+   || User: nostalgicsapphic    || Channel: #purrley-pawsitive-pussy-pals        || emoji=😆; msg="i am skipping around mostly 💔" by slayc127
[10/23/2025 08:26:09.666 PM] Message  || User: slayc127            || Channel: #purrley-pawsitive-pussy-pals        || Content: STILL CANT GET OVER THAT CHAT WE HAD ABT THAT PEOFESSOR
[10/23/2025 08:26:17.371 PM] Message  || User: nostalgicsapphic    || Channel: #purrley-pawsitive-pussy-pals        || Content: BRUH FR
[10/23/2025 08:26:19.622 PM] Message  || User: slayc127            || Channel: #purrley-pawsitive-pussy-pals        || Content: not in MY english department ‼️‼️‼️ need thay man to LEAVE
[10/23/2025 08:26:22.643 PM] React+   || User: nostalgicsapphic    || Channel: #purrley-pawsitive-pussy-pals        || emoji=‼️; msg="not in MY english department ‼️‼️‼️ need..." by slayc127
[10/23/2025 08:26:39.059 PM] React+   || User: cici4f3             || Channel: #pictures-of-the-cats                || emoji=❤️; msg="the gluttony" by simplyshadow171295
[10/23/2025 08:26:47.864 PM] React+   || User: cici4f3             || Channel: #pictures-of-the-cats                || emoji=‼️; msg="she confused" by _costco_wholesale_
[10/23/2025 08:27:10.294 PM] Message  || User: cici4f3             || Channel: #pictures-of-the-cats                || Content: laying down with mama
[10/23/2025 08:27:49.357 PM] React+   || User: emiximez            || Channel: #feeding-team                        || emoji=🫛; msg="@feeding team speak or hold your peas" by m_digio
[10/23/2025 08:28:33.385 PM] Action   || Name: gmail_log_scheduler || Trigger: found=3                              || Output: logged=0
[10/23/2025 08:28:33.423 PM] Action   || Name: finance_skip_dup... || Trigger: buffer                               || Output: Sophia Herrera $6.00 on 2025-08-26
[10/23/2025 08:28:33.423 PM] Action   || Name: finance_skip_dup... || Trigger: buffer                               || Output: Jordin Baylee $5.00 on 2025-08-26
[10/23/2025 08:28:33.425 PM] Action   || Name: finance_skip_dup... || Trigger: buffer                               || Output: Axel Torres $24.25 on 2025-08-22
[10/23/2025 08:28:33.425 PM] Action   || Name: finance_skip_dup... || Trigger: buffer                               || Output: Megan Digiovanni $47.62 on 2025-08-26
[10/23/2025 08:28:33.425 PM] Action   || Name: finance_skip_dup... || Trigger: buffer                               || Output: M. Padron $20.00 on 2025-08-26
[10/23/2025 08:28:33.429 PM] Action   || Name: finance_skip_dup... || Trigger: buffer                               || Output: Sophia Herrera $6.00 on 2025-08-26
[10/23/2025 08:28:33.429 PM] Action   || Name: finance_skip_dup... || Trigger: buffer                               || Output: Addison Loera $8.00 on 2025-08-26
[10/23/2025 08:28:33.431 PM] Action   || Name: finance_skip_dup... || Trigger: buffer                               || Output: Amber Thomas $5.00 on 2025-08-26
[10/23/2025 08:28:33.431 PM] Action   || Name: finance_skip_dup... || Trigger: buffer                               || Output: Jordin Baylee $5.00 on 2025-08-26
[10/23/2025 08:28:33.433 PM] Action   || Name: finance_skip_dup... || Trigger: buffer                               || Output: Kathleen Cantu $1.00 on 2025-08-26
[10/23/2025 08:28:33.433 PM] Action   || Name: finance_skip_dup... || Trigger: buffer                               || Output: Amber Thomas $3.00 on 2025-08-26
[10/23/2025 08:28:33.435 PM] Action   || Name: finance_skip_dup... || Trigger: buffer                               || Output: Rob Jimenez $3.00 on 2025-08-26
[10/23/2025 08:28:33.435 PM] Action   || Name: finance_skip_dup... || Trigger: buffer                               || Output: Daniel Brantley $3.00 on 2025-08-26
[10/23/2025 08:28:33.437 PM] Action   || Name: finance_skip_dup... || Trigger: buffer                               || Output: Isabella Klein $9.70 on 2025-08-26
[10/23/2025 08:28:33.437 PM] Action   || Name: finance_skip_dup... || Trigger: buffer                               || Output: Wix $25.98 on 2025-08-26
[10/23/2025 08:28:33.439 PM] Action   || Name: finance_skip_dup... || Trigger: buffer                               || Output: Nelda Hernandez $2.00 on 2025-08-26
[10/23/2025 08:28:33.439 PM] Action   || Name: finance_skip_dup... || Trigger: buffer                               || Output: Troy Broome $1.00 on 2025-08-26
[10/23/2025 08:28:33.439 PM] Action   || Name: finance_skip_dup... || Trigger: buffer                               || Output: Div Bits $2.00 on 2025-08-26
[10/23/2025 08:28:33.441 PM] Action   || Name: finance_skip_dup... || Trigger: buffer                               || Output: Jacob Sandoval $1.00 on 2025-08-26
[10/23/2025 08:28:33.441 PM] Action   || Name: finance_skip_dup... || Trigger: buffer                               || Output: Aubrey Cunningham $10.00 on 2025-08-26
[10/23/2025 08:28:33.443 PM] Action   || Name: finance_skip_dup... || Trigger: buffer                               || Output: Maxwell Preston $5.00 on 2025-08-26
[10/23/2025 08:28:33.443 PM] Action   || Name: finance_skip_dup... || Trigger: buffer                               || Output: Sophia Herrera $6.00 on 2025-08-26
[10/23/2025 08:28:33.445 PM] Action   || Name: finance_skip_dup... || Trigger: buffer                               || Output: Derek Fuentes $25.98 on 2025-08-26
[10/23/2025 08:28:33.445 PM] Action   || Name: finance_skip_dup... || Trigger: buffer                               || Output: Miguel V $5.00 on 2025-08-26
[10/23/2025 08:28:33.447 PM] Action   || Name: finance_skip_dup... || Trigger: buffer                               || Output: Nelda Hernandez $3.00 on 2025-08-26
[10/23/2025 08:28:33.447 PM] Action   || Name: finance_skip_dup... || Trigger: buffer                               || Output: Megan Digiovanni $130.00 on 2025-08-26
[10/23/2025 08:28:33.449 PM] Action   || Name: finance_skip_dup... || Trigger: buffer                               || Output: Pedro Savala $5.00 on 2025-08-27
[10/23/2025 08:28:33.449 PM] Action   || Name: finance_skip_dup... || Trigger: buffer                               || Output: Jonathan Mcgeever $5.00 on 2025-08-27
[10/23/2025 08:28:33.451 PM] Action   || Name: finance_skip_dup... || Trigger: buffer                               || Output: NNT PETSMART # $32.46 on 2025-08-06
[10/23/2025 08:28:33.451 PM] Action   || Name: finance_skip_dup... || Trigger: buffer                               || Output: Py Store Here Pantego $54.00 on 2025-08-20
[10/23/2025 08:28:33.453 PM] Action   || Name: finance_skip_dup... || Trigger: buffer                               || Output: Megan Digiovanni $74.92 on 2025-07-30
[10/23/2025 08:28:33.453 PM] Action   || Name: finance_skip_dup... || Trigger: buffer                               || Output: TOMAHAWK LIVE TRAP $581.62 on 2025-05-12
[10/23/2025 08:28:33.455 PM] Action   || Name: finance_skip_dup... || Trigger: buffer                               || Output: TOMAHAWK LIVE TRAP $581.62 on 2025-05-12
[10/23/2025 08:28:33.455 PM] Action   || Name: finance_skip_dup... || Trigger: buffer                               || Output: Richa  Desai $6.00 on 2025-10-22
[10/23/2025 08:28:33.455 PM] Action   || Name: finance_skip_dup... || Trigger: buffer                               || Output: Sophia Herrera $5.00 on 2025-10-22
[10/23/2025 08:28:33.457 PM] Action   || Name: finance_skip_dup... || Trigger: buffer                               || Output: Muhammed  Abdalrahman $10.00 on 2025-10-22
[10/23/2025 08:28:36.717 PM] Action   || Name: finance_skip_dup... || Trigger: kind=income                          || Output: Cynthia griffith $10.00 on 2025-04-16
[10/23/2025 08:28:36.717 PM] Action   || Name: finance_skip_dup... || Trigger: kind=income                          || Output: Caleb Moran $4.00 on 2025-04-16
[10/23/2025 08:28:36.717 PM] Action   || Name: finance_skip_dup... || Trigger: kind=income                          || Output: Alberto $6.00 on 2025-04-16
[10/23/2025 08:28:36.726 PM] Action   || Name: finance_skip_dup... || Trigger: kind=income                          || Output: Jacob Sandoval $2.91 on 2025-04-16
[10/23/2025 08:28:36.726 PM] Action   || Name: finance_skip_dup... || Trigger: kind=income                          || Output: tay $5.00 on 2025-04-16
[10/23/2025 08:28:36.726 PM] Action   || Name: finance_skip_dup... || Trigger: kind=income                          || Output: Nelda Hernandez $2.00 on 2025-04-16
[10/23/2025 08:28:36.726 PM] Action   || Name: finance_skip_dup... || Trigger: kind=income                          || Output: Maria Olds $10.00 on 2025-04-16
[10/23/2025 08:28:36.726 PM] Action   || Name: finance_skip_dup... || Trigger: kind=income                          || Output: Mario Rodriguez $3.00 on 2025-04-16
[10/23/2025 08:28:36.726 PM] Action   || Name: finance_skip_dup... || Trigger: kind=income                          || Output: Elisha Taylor $5.00 on 2025-04-16
[10/23/2025 08:28:36.726 PM] Action   || Name: finance_skip_dup... || Trigger: kind=income                          || Output: Jacob Sandoval $3.00 on 2025-04-16
[10/23/2025 08:28:36.726 PM] Action   || Name: finance_skip_dup... || Trigger: kind=income                          || Output: Isabella Klein $9.70 on 2025-08-26
[10/23/2025 08:28:36.726 PM] Action   || Name: finance_skip_dup... || Trigger: kind=income                          || Output: Nelda Hernandez $2.00 on 2025-08-26
[10/23/2025 08:28:36.726 PM] Action   || Name: finance_skip_dup... || Trigger: kind=income                          || Output: Troy Broome $1.00 on 2025-08-26
[10/23/2025 08:28:36.726 PM] Action   || Name: finance_skip_dup... || Trigger: kind=income                          || Output: Div Bits $2.00 on 2025-08-26
[10/23/2025 08:28:36.726 PM] Action   || Name: finance_skip_dup... || Trigger: kind=income                          || Output: Jacob Sandoval $1.00 on 2025-08-26
[10/23/2025 08:28:36.726 PM] Action   || Name: finance_skip_dup... || Trigger: kind=income                          || Output: Aubrey Cunningham $10.00 on 2025-08-26
[10/23/2025 08:28:36.726 PM] Action   || Name: finance_skip_dup... || Trigger: kind=income                          || Output: Maxwell Preston $5.00 on 2025-08-26
[10/23/2025 08:28:36.726 PM] Action   || Name: finance_skip_dup... || Trigger: kind=income                          || Output: Sophia Herrera $6.00 on 2025-08-26
[10/23/2025 08:28:36.726 PM] Action   || Name: finance_skip_dup... || Trigger: kind=income                          || Output: Miguel V $5.00 on 2025-08-26
[10/23/2025 08:28:36.742 PM] Action   || Name: finance_skip_dup... || Trigger: kind=income                          || Output: Nelda Hernandez $3.00 on 2025-08-26
[10/23/2025 08:28:36.742 PM] Action   || Name: finance_skip_dup... || Trigger: kind=income                          || Output: Megan Digiovanni $130.00 on 2025-08-26
[10/23/2025 08:28:36.742 PM] Action   || Name: finance_skip_dup... || Trigger: kind=income                          || Output: Pedro Savala $5.00 on 2025-08-27
[10/23/2025 08:28:36.742 PM] Action   || Name: finance_skip_dup... || Trigger: kind=income                          || Output: Jonathan Mcgeever $5.00 on 2025-08-27
[10/23/2025 08:28:36.742 PM] Action   || Name: finance_skip_dup... || Trigger: kind=income                          || Output: Axel Torres $24.25 on 2025-08-22
[10/23/2025 08:28:36.742 PM] Action   || Name: finance_skip_dup... || Trigger: kind=income                          || Output: M. Padron $20.00 on 2025-08-26
[10/23/2025 08:28:36.742 PM] Action   || Name: finance_skip_dup... || Trigger: kind=income                          || Output: Addison Loera $8.00 on 2025-08-26
[10/23/2025 08:28:36.742 PM] Action   || Name: finance_skip_dup... || Trigger: kind=income                          || Output: Amber Thomas $5.00 on 2025-08-26
[10/23/2025 08:28:36.742 PM] Action   || Name: finance_skip_dup... || Trigger: kind=income                          || Output: Kathleen Cantu $1.00 on 2025-08-26
[10/23/2025 08:28:36.742 PM] Action   || Name: finance_skip_dup... || Trigger: kind=income                          || Output: Amber Thomas $3.00 on 2025-08-26
[10/23/2025 08:28:36.742 PM] Action   || Name: finance_skip_dup... || Trigger: kind=income                          || Output: Rob Jimenez $3.00 on 2025-08-26
[10/23/2025 08:28:36.742 PM] Action   || Name: finance_skip_dup... || Trigger: kind=income                          || Output: Daniel Brantley $3.00 on 2025-08-26
[10/23/2025 08:28:36.742 PM] Action   || Name: finance_skip_dup... || Trigger: kind=income                          || Output: Kristyn Jackson $9.00 on 2025-10-22
[10/23/2025 08:28:36.742 PM] Action   || Name: finance_skip_dup... || Trigger: kind=income                          || Output: Victoria Elkins $5.00 on 2025-10-22
[10/23/2025 08:28:36.742 PM] Action   || Name: finance_skip_dup... || Trigger: kind=income                          || Output: Alexander  Martinez $3.00 on 2025-10-22
[10/23/2025 08:28:36.758 PM] Action   || Name: finance_skip_dup... || Trigger: kind=income                          || Output: Emily Lanham $6.00 on 2025-10-22
[10/23/2025 08:28:36.758 PM] Action   || Name: finance_skip_dup... || Trigger: kind=income                          || Output: Mariah Hall $3.00 on 2025-10-22
[10/23/2025 08:28:36.758 PM] Action   || Name: finance_skip_dup... || Trigger: kind=income                          || Output: Kylie Crook $5.00 on 2025-09-16
[10/23/2025 08:28:36.758 PM] Action   || Name: finance_skip_dup... || Trigger: kind=income                          || Output: Jenny Nguyen $9.70 on 2025-09-03
[10/23/2025 08:28:38.052 PM] Action   || Name: finance_skip_dup... || Trigger: kind=expense                         || Output: Py Store Here Pantego $54.00 on 2025-04-20
[10/23/2025 08:28:38.062 PM] Action   || Name: finance_skip_dup... || Trigger: kind=expense                         || Output: j s $11.68 on 2025-04-22
[10/23/2025 08:28:38.062 PM] Action   || Name: finance_skip_dup... || Trigger: kind=expense                         || Output: Wix $25.98 on 2025-04-26
[10/23/2025 08:28:38.062 PM] Action   || Name: finance_skip_dup... || Trigger: kind=expense                         || Output: Wix $25.98 on 2025-08-26
[10/23/2025 08:28:38.062 PM] Action   || Name: finance_skip_dup... || Trigger: kind=expense                         || Output: Derek Fuentes $25.98 on 2025-08-26
[10/23/2025 08:28:38.062 PM] Action   || Name: finance_skip_dup... || Trigger: kind=expense                         || Output: Py Store Here Pantego $54.00 on 2025-08-20
[10/23/2025 08:28:38.062 PM] Action   || Name: finance_skip_dup... || Trigger: kind=expense                         || Output: Megan Digiovanni $47.62 on 2025-08-26
[10/23/2025 08:28:38.062 PM] Action   || Name: finance_skip_dup... || Trigger: kind=expense                         || Output: NNT PETSMART # $32.46 on 2025-08-06
[10/23/2025 08:28:38.062 PM] Action   || Name: finance_skip_dup... || Trigger: kind=expense                         || Output: Megan Digiovanni $74.92 on 2025-07-30
[10/23/2025 08:28:38.062 PM] Action   || Name: finance_skip_dup... || Trigger: kind=expense                         || Output: TOMAHAWK LIVE TRAP $581.62 on 2025-05-11
[10/23/2025 08:28:38.062 PM] Action   || Name: finance_skip_dup... || Trigger: kind=expense                         || Output: Py Store Here Pantego $54.00 on 2025-05-20
[10/23/2025 08:28:38.062 PM] Action   || Name: finance_skip_dup... || Trigger: kind=expense                         || Output: Derek Fuentes $72.45 on 2025-05-23
[10/23/2025 08:28:38.062 PM] Action   || Name: finance_skip_dup... || Trigger: kind=expense                         || Output: Wix $25.98 on 2025-05-26
[10/23/2025 08:28:38.062 PM] Action   || Name: finance_skip_dup... || Trigger: kind=expense                         || Output: Megan Digiovanni $89.91 on 2025-10-05
[10/23/2025 08:28:38.062 PM] Action   || Name: finance_skip_dup... || Trigger: kind=expense                         || Output: DOMINO'S $60.57 on 2025-09-09
[10/23/2025 08:28:38.062 PM] Action   || Name: finance_skip_dup... || Trigger: kind=expense                         || Output: Derek Fuentes $20.00 on 2025-09-10
[10/23/2025 08:29:52.600 PM] Message  || User: austinbaustinb      || Channel: #purrley-pawsitive-pussy-pals        || Content: (no text; attachments=2)
[10/23/2025 08:30:07.052 PM] Message  || User: nostalgicsapphic    || Channel: #purrley-pawsitive-pussy-pals        || Content: EHEHEHEHHEHEHE
[10/23/2025 08:30:26.282 PM] React+   || User: nostalgicsapphic    || Channel: #purrley-pawsitive-pussy-pals        || emoji=❤️; msg=1431092301614157846
[10/23/2025 08:30:30.411 PM] React+   || User: nostalgicsapphic    || Channel: #purrley-pawsitive-pussy-pals        || emoji=<:gaga:1413361490634870969>; msg=1431092301614157846
[10/23/2025 08:33:04.632 PM] React+   || User: slayc127            || Channel: #purrley-pawsitive-pussy-pals        || emoji=❤️; msg=1431092301614157846
[10/23/2025 08:33:05.480 PM] React+   || User: slayc127            || Channel: #purrley-pawsitive-pussy-pals        || emoji=<:gaga:1413361490634870969>; msg=1431092301614157846
[10/23/2025 08:33:08.407 PM] Message  || User: slayc127            || Channel: #purrley-pawsitive-pussy-pals        || Content: da sillies
[10/23/2025 08:36:46.065 PM] Message  || User: adeyumii            || Channel: #feeding-team                        || Content: Only got a little bit confused looking for maintenance
[10/23/2025 08:36:46.065 PM] Action   || Name: feed_pending_set    || Trigger: ch=643586809166561310; user=47432... || Output: stations=Maintenance; text=Only got a little bit confused looking for...
[10/23/2025 08:36:59.007 PM] Message  || User: adeyumii            || Channel: #feeding-team                        || Content: (no text; attachments=3)
[10/23/2025 08:37:00.671 PM] Action   || Name: sheet_mark          || Trigger: station=Maintenance date=2025-10-23  || Output: ok
[10/23/2025 08:37:00.687 PM] Action   || Name: feed_update         || Trigger: station=Maintenance; dates=2025-1... || Output: ok
[10/23/2025 08:37:00.687 PM] Action   || Name: feed_pending_ful... || Trigger: ch=643586809166561310; user=47432... || Output: Maintenance
[10/23/2025 08:37:02.795 PM] Message  || User: adeyumii            || Channel: #feeding-team                        || Content: Coba Snickers and maintenance
[10/23/2025 08:37:02.795 PM] Action   || Name: feed_pending_set    || Trigger: ch=643586809166561310; user=47432... || Output: stations=Maintenance,Business,Snickers; text=Coba Snickers and mainte...
[10/23/2025 08:37:29.727 PM] Message  || User: m_digio             || Channel: #pet-pictures                        || Content: (no text; attachments=2)
[10/23/2025 08:38:27.553 PM] React+   || User: kitadan             || Channel: #pet-pictures                        || emoji=🖤; msg=1431094218805481502
[10/23/2025 08:42:39.524 PM] React+   || User: .bettercalljack     || Channel: #pet-pictures                        || emoji=🖤; msg=1431094218805481502
[10/23/2025 08:44:39.567 PM] React+   || User: a1darek             || Channel: #purrley-pawsitive-pussy-pals        || emoji=<:gaga:1413361490634870969>; msg=1431092301614157846
[10/23/2025 08:44:52.567 PM] Message  || User: a1darek             || Channel: #purrley-pawsitive-pussy-pals        || Content: Can u show his paws
[10/23/2025 08:45:00.993 PM] Message  || User: nostalgicsapphic    || Channel: #purrley-pawsitive-pussy-pals        || Content: PLEASE
[10/23/2025 08:45:16.926 PM] React+   || User: slayc127            || Channel: #purrley-pawsitive-pussy-pals        || emoji=😆; msg="PLEASE" by nostalgicsapphic
[10/23/2025 08:45:20.213 PM] React+   || User: slayc127            || Channel: #purrley-pawsitive-pussy-pals        || emoji=😆; msg="Can u show his paws" by a1darek
[10/23/2025 08:45:55.147 PM] Message  || User: slayc127            || Channel: #yapper-committee                    || Content: i will in fact be that person at the party tomorrow doing homework
[10/23/2025 08:47:22.534 PM] Message  || User: adeyumii            || Channel: #pictures-of-the-cats                || Content: (no text; attachments=1)
[10/23/2025 08:47:23.563 PM] Action   || Name: image_intake        || Trigger: channel=551084964318543904           || Output: rows=1
[10/23/2025 08:48:12.388 PM] Message  || User: .bettercalljack     || Channel: #yapper-committee                    || Content: Shoot i need to wash my costume
[10/23/2025 08:48:28.528 PM] Message  || User: slayc127            || Channel: #yapper-committee                    || Content: any ideas for costumes i could possibly throw together from my closet
[10/23/2025 08:48:40.258 PM] Message  || User: slayc127            || Channel: #yapper-committee                    || Content: my old options no longer fit n i didnt have time to look for anything
[10/23/2025 08:48:45.569 PM] Message  || User: plink5277           || Channel: #yapper-committee                    || Content: im being. helly
[10/23/2025 08:48:58.609 PM] Message  || User: plink5277           || Channel: #yapper-committee                    || Content: but brown and not at all ginger
[10/23/2025 08:49:12.546 PM] Message  || User: plink5277           || Channel: #yapper-committee                    || Content: hold on let me form a though..
[10/23/2025 08:49:19.602 PM] Message  || User: austinbaustinb      || Channel: #purrley-pawsitive-pussy-pals        || Content: (no text; attachments=1)
[10/23/2025 08:49:27.166 PM] Message  || User: austinbaustinb      || Channel: #purrley-pawsitive-pussy-pals        || Content: Da beans
[10/23/2025 08:49:31.834 PM] Message  || User: nostalgicsapphic    || Channel: #purrley-pawsitive-pussy-pals        || Content: DA BEANSSSS
[10/23/2025 08:49:59.435 PM] Message  || User: plink5277           || Channel: #yapper-committee                    || Content: what kind of clothes do you have
[10/23/2025 08:50:06.930 PM] Message  || User: slayc127            || Channel: #yapper-committee                    || Content: shrug
[10/23/2025 08:50:34.573 PM] React+   || User: the.lemonade.stand  || Channel: #pet-pictures                        || emoji=🖤; msg=1431094218805481502
[10/23/2025 08:50:46.606 PM] Message  || User: plink5277           || Channel: #yapper-committee                    || Content: is your hair still pink
[10/23/2025 08:50:47.347 PM] Action   || Name: gmail_log_scheduler || Trigger: found=3                              || Output: logged=0
[10/23/2025 08:50:47.459 PM] Action   || Name: finance_skip_dup... || Trigger: buffer                               || Output: Sophia Herrera $6.00 on 2025-08-26
[10/23/2025 08:50:47.459 PM] Action   || Name: finance_skip_dup... || Trigger: buffer                               || Output: Jordin Baylee $5.00 on 2025-08-26
[10/23/2025 08:50:47.459 PM] Action   || Name: finance_skip_dup... || Trigger: buffer                               || Output: Axel Torres $24.25 on 2025-08-22
[10/23/2025 08:50:47.459 PM] Action   || Name: finance_skip_dup... || Trigger: buffer                               || Output: Megan Digiovanni $47.62 on 2025-08-26
[10/23/2025 08:50:47.459 PM] Action   || Name: finance_skip_dup... || Trigger: buffer                               || Output: M. Padron $20.00 on 2025-08-26
[10/23/2025 08:50:47.459 PM] Action   || Name: finance_skip_dup... || Trigger: buffer                               || Output: Sophia Herrera $6.00 on 2025-08-26
[10/23/2025 08:50:47.459 PM] Action   || Name: finance_skip_dup... || Trigger: buffer                               || Output: Addison Loera $8.00 on 2025-08-26
[10/23/2025 08:50:47.475 PM] Action   || Name: finance_skip_dup... || Trigger: buffer                               || Output: Amber Thomas $5.00 on 2025-08-26
[10/23/2025 08:50:47.475 PM] Action   || Name: finance_skip_dup... || Trigger: buffer                               || Output: Jordin Baylee $5.00 on 2025-08-26
[10/23/2025 08:50:47.475 PM] Action   || Name: finance_skip_dup... || Trigger: buffer                               || Output: Kathleen Cantu $1.00 on 2025-08-26
[10/23/2025 08:50:47.475 PM] Action   || Name: finance_skip_dup... || Trigger: buffer                               || Output: Amber Thomas $3.00 on 2025-08-26
[10/23/2025 08:50:47.475 PM] Action   || Name: finance_skip_dup... || Trigger: buffer                               || Output: Rob Jimenez $3.00 on 2025-08-26
[10/23/2025 08:50:47.475 PM] Action   || Name: finance_skip_dup... || Trigger: buffer                               || Output: Daniel Brantley $3.00 on 2025-08-26
[10/23/2025 08:50:47.475 PM] Action   || Name: finance_skip_dup... || Trigger: buffer                               || Output: Isabella Klein $9.70 on 2025-08-26
[10/23/2025 08:50:47.475 PM] Action   || Name: finance_skip_dup... || Trigger: buffer                               || Output: Wix $25.98 on 2025-08-26
[10/23/2025 08:50:47.475 PM] Action   || Name: finance_skip_dup... || Trigger: buffer                               || Output: Nelda Hernandez $2.00 on 2025-08-26
[10/23/2025 08:50:47.475 PM] Action   || Name: finance_skip_dup... || Trigger: buffer                               || Output: Troy Broome $1.00 on 2025-08-26
[10/23/2025 08:50:47.475 PM] Action   || Name: finance_skip_dup... || Trigger: buffer                               || Output: Div Bits $2.00 on 2025-08-26
[10/23/2025 08:50:47.475 PM] Action   || Name: finance_skip_dup... || Trigger: buffer                               || Output: Jacob Sandoval $1.00 on 2025-08-26
[10/23/2025 08:50:47.475 PM] Action   || Name: finance_skip_dup... || Trigger: buffer                               || Output: Aubrey Cunningham $10.00 on 2025-08-26
[10/23/2025 08:50:47.475 PM] Action   || Name: finance_skip_dup... || Trigger: buffer                               || Output: Maxwell Preston $5.00 on 2025-08-26
[10/23/2025 08:50:47.475 PM] Action   || Name: finance_skip_dup... || Trigger: buffer                               || Output: Sophia Herrera $6.00 on 2025-08-26
[10/23/2025 08:50:47.475 PM] Action   || Name: finance_skip_dup... || Trigger: buffer                               || Output: Derek Fuentes $25.98 on 2025-08-26
[10/23/2025 08:50:47.475 PM] Action   || Name: finance_skip_dup... || Trigger: buffer                               || Output: Miguel V $5.00 on 2025-08-26
[10/23/2025 08:50:47.491 PM] Action   || Name: finance_skip_dup... || Trigger: buffer                               || Output: Nelda Hernandez $3.00 on 2025-08-26
[10/23/2025 08:50:47.491 PM] Action   || Name: finance_skip_dup... || Trigger: buffer                               || Output: Megan Digiovanni $130.00 on 2025-08-26
[10/23/2025 08:50:47.491 PM] Action   || Name: finance_skip_dup... || Trigger: buffer                               || Output: Pedro Savala $5.00 on 2025-08-27
[10/23/2025 08:50:47.491 PM] Action   || Name: finance_skip_dup... || Trigger: buffer                               || Output: Jonathan Mcgeever $5.00 on 2025-08-27
[10/23/2025 08:50:47.491 PM] Action   || Name: finance_skip_dup... || Trigger: buffer                               || Output: NNT PETSMART # $32.46 on 2025-08-06
[10/23/2025 08:50:47.491 PM] Action   || Name: finance_skip_dup... || Trigger: buffer                               || Output: Py Store Here Pantego $54.00 on 2025-08-20
[10/23/2025 08:50:47.491 PM] Action   || Name: finance_skip_dup... || Trigger: buffer                               || Output: Megan Digiovanni $74.92 on 2025-07-30
[10/23/2025 08:50:47.491 PM] Action   || Name: finance_skip_dup... || Trigger: buffer                               || Output: TOMAHAWK LIVE TRAP $581.62 on 2025-05-12
[10/23/2025 08:50:47.491 PM] Action   || Name: finance_skip_dup... || Trigger: buffer                               || Output: TOMAHAWK LIVE TRAP $581.62 on 2025-05-12
[10/23/2025 08:50:47.491 PM] Action   || Name: finance_skip_dup... || Trigger: buffer                               || Output: Richa  Desai $6.00 on 2025-10-22
[10/23/2025 08:50:47.491 PM] Action   || Name: finance_skip_dup... || Trigger: buffer                               || Output: Sophia Herrera $5.00 on 2025-10-22
[10/23/2025 08:50:47.491 PM] Action   || Name: finance_skip_dup... || Trigger: buffer                               || Output: Muhammed  Abdalrahman $10.00 on 2025-10-22
[10/23/2025 08:50:50.363 PM] Action   || Name: finance_skip_dup... || Trigger: kind=income                          || Output: Cynthia griffith $10.00 on 2025-04-16
[10/23/2025 08:50:50.363 PM] Action   || Name: finance_skip_dup... || Trigger: kind=income                          || Output: Caleb Moran $4.00 on 2025-04-16
[10/23/2025 08:50:50.363 PM] Action   || Name: finance_skip_dup... || Trigger: kind=income                          || Output: Alberto $6.00 on 2025-04-16
[10/23/2025 08:50:50.379 PM] Action   || Name: finance_skip_dup... || Trigger: kind=income                          || Output: Jacob Sandoval $2.91 on 2025-04-16
[10/23/2025 08:50:50.379 PM] Action   || Name: finance_skip_dup... || Trigger: kind=income                          || Output: tay $5.00 on 2025-04-16
[10/23/2025 08:50:50.379 PM] Action   || Name: finance_skip_dup... || Trigger: kind=income                          || Output: Nelda Hernandez $2.00 on 2025-04-16
[10/23/2025 08:50:50.379 PM] Action   || Name: finance_skip_dup... || Trigger: kind=income                          || Output: Maria Olds $10.00 on 2025-04-16
[10/23/2025 08:50:50.379 PM] Action   || Name: finance_skip_dup... || Trigger: kind=income                          || Output: Mario Rodriguez $3.00 on 2025-04-16
[10/23/2025 08:50:50.379 PM] Action   || Name: finance_skip_dup... || Trigger: kind=income                          || Output: Elisha Taylor $5.00 on 2025-04-16
[10/23/2025 08:50:50.379 PM] Action   || Name: finance_skip_dup... || Trigger: kind=income                          || Output: Jacob Sandoval $3.00 on 2025-04-16
[10/23/2025 08:50:50.379 PM] Action   || Name: finance_skip_dup... || Trigger: kind=income                          || Output: Isabella Klein $9.70 on 2025-08-26
[10/23/2025 08:50:50.379 PM] Action   || Name: finance_skip_dup... || Trigger: kind=income                          || Output: Nelda Hernandez $2.00 on 2025-08-26
[10/23/2025 08:50:50.379 PM] Action   || Name: finance_skip_dup... || Trigger: kind=income                          || Output: Troy Broome $1.00 on 2025-08-26
[10/23/2025 08:50:50.379 PM] Action   || Name: finance_skip_dup... || Trigger: kind=income                          || Output: Div Bits $2.00 on 2025-08-26
[10/23/2025 08:50:50.379 PM] Action   || Name: finance_skip_dup... || Trigger: kind=income                          || Output: Jacob Sandoval $1.00 on 2025-08-26
[10/23/2025 08:50:50.379 PM] Action   || Name: finance_skip_dup... || Trigger: kind=income                          || Output: Aubrey Cunningham $10.00 on 2025-08-26
[10/23/2025 08:50:50.379 PM] Action   || Name: finance_skip_dup... || Trigger: kind=income                          || Output: Maxwell Preston $5.00 on 2025-08-26
[10/23/2025 08:50:50.379 PM] Action   || Name: finance_skip_dup... || Trigger: kind=income                          || Output: Sophia Herrera $6.00 on 2025-08-26
[10/23/2025 08:50:50.379 PM] Action   || Name: finance_skip_dup... || Trigger: kind=income                          || Output: Miguel V $5.00 on 2025-08-26
[10/23/2025 08:50:50.395 PM] Action   || Name: finance_skip_dup... || Trigger: kind=income                          || Output: Nelda Hernandez $3.00 on 2025-08-26
[10/23/2025 08:50:50.395 PM] Action   || Name: finance_skip_dup... || Trigger: kind=income                          || Output: Megan Digiovanni $130.00 on 2025-08-26
[10/23/2025 08:50:50.395 PM] Action   || Name: finance_skip_dup... || Trigger: kind=income                          || Output: Pedro Savala $5.00 on 2025-08-27
[10/23/2025 08:50:50.395 PM] Action   || Name: finance_skip_dup... || Trigger: kind=income                          || Output: Jonathan Mcgeever $5.00 on 2025-08-27
[10/23/2025 08:50:50.395 PM] Action   || Name: finance_skip_dup... || Trigger: kind=income                          || Output: Axel Torres $24.25 on 2025-08-22
[10/23/2025 08:50:50.395 PM] Action   || Name: finance_skip_dup... || Trigger: kind=income                          || Output: M. Padron $20.00 on 2025-08-26
[10/23/2025 08:50:50.395 PM] Action   || Name: finance_skip_dup... || Trigger: kind=income                          || Output: Addison Loera $8.00 on 2025-08-26
[10/23/2025 08:50:50.395 PM] Action   || Name: finance_skip_dup... || Trigger: kind=income                          || Output: Amber Thomas $5.00 on 2025-08-26
[10/23/2025 08:50:50.395 PM] Action   || Name: finance_skip_dup... || Trigger: kind=income                          || Output: Kathleen Cantu $1.00 on 2025-08-26
[10/23/2025 08:50:50.395 PM] Action   || Name: finance_skip_dup... || Trigger: kind=income                          || Output: Amber Thomas $3.00 on 2025-08-26
[10/23/2025 08:50:50.395 PM] Action   || Name: finance_skip_dup... || Trigger: kind=income                          || Output: Rob Jimenez $3.00 on 2025-08-26
[10/23/2025 08:50:50.395 PM] Action   || Name: finance_skip_dup... || Trigger: kind=income                          || Output: Daniel Brantley $3.00 on 2025-08-26
[10/23/2025 08:50:50.395 PM] Action   || Name: finance_skip_dup... || Trigger: kind=income                          || Output: Kristyn Jackson $9.00 on 2025-10-22
[10/23/2025 08:50:50.395 PM] Action   || Name: finance_skip_dup... || Trigger: kind=income                          || Output: Victoria Elkins $5.00 on 2025-10-22
[10/23/2025 08:50:50.395 PM] Action   || Name: finance_skip_dup... || Trigger: kind=income                          || Output: Alexander  Martinez $3.00 on 2025-10-22
[10/23/2025 08:50:50.411 PM] Action   || Name: finance_skip_dup... || Trigger: kind=income                          || Output: Emily Lanham $6.00 on 2025-10-22
[10/23/2025 08:50:50.411 PM] Action   || Name: finance_skip_dup... || Trigger: kind=income                          || Output: Mariah Hall $3.00 on 2025-10-22
[10/23/2025 08:50:50.411 PM] Action   || Name: finance_skip_dup... || Trigger: kind=income                          || Output: Kylie Crook $5.00 on 2025-09-16
[10/23/2025 08:50:50.411 PM] Action   || Name: finance_skip_dup... || Trigger: kind=income                          || Output: Jenny Nguyen $9.70 on 2025-09-03
[10/23/2025 08:50:51.693 PM] Action   || Name: finance_skip_dup... || Trigger: kind=expense                         || Output: Py Store Here Pantego $54.00 on 2025-04-20
[10/23/2025 08:50:51.693 PM] Action   || Name: finance_skip_dup... || Trigger: kind=expense                         || Output: j s $11.68 on 2025-04-22
[10/23/2025 08:50:51.693 PM] Action   || Name: finance_skip_dup... || Trigger: kind=expense                         || Output: Wix $25.98 on 2025-04-26
[10/23/2025 08:50:51.693 PM] Action   || Name: finance_skip_dup... || Trigger: kind=expense                         || Output: Wix $25.98 on 2025-08-26
[10/23/2025 08:50:51.693 PM] Action   || Name: finance_skip_dup... || Trigger: kind=expense                         || Output: Derek Fuentes $25.98 on 2025-08-26
[10/23/2025 08:50:51.693 PM] Action   || Name: finance_skip_dup... || Trigger: kind=expense                         || Output: Py Store Here Pantego $54.00 on 2025-08-20
[10/23/2025 08:50:51.693 PM] Action   || Name: finance_skip_dup... || Trigger: kind=expense                         || Output: Megan Digiovanni $47.62 on 2025-08-26
[10/23/2025 08:50:51.693 PM] Action   || Name: finance_skip_dup... || Trigger: kind=expense                         || Output: NNT PETSMART # $32.46 on 2025-08-06
[10/23/2025 08:50:51.693 PM] Action   || Name: finance_skip_dup... || Trigger: kind=expense                         || Output: Megan Digiovanni $74.92 on 2025-07-30
[10/23/2025 08:50:51.693 PM] Action   || Name: finance_skip_dup... || Trigger: kind=expense                         || Output: TOMAHAWK LIVE TRAP $581.62 on 2025-05-11
[10/23/2025 08:50:51.693 PM] Action   || Name: finance_skip_dup... || Trigger: kind=expense                         || Output: Py Store Here Pantego $54.00 on 2025-05-20
[10/23/2025 08:50:51.693 PM] Action   || Name: finance_skip_dup... || Trigger: kind=expense                         || Output: Derek Fuentes $72.45 on 2025-05-23
[10/23/2025 08:50:51.693 PM] Action   || Name: finance_skip_dup... || Trigger: kind=expense                         || Output: Wix $25.98 on 2025-05-26
[10/23/2025 08:50:51.693 PM] Action   || Name: finance_skip_dup... || Trigger: kind=expense                         || Output: Megan Digiovanni $89.91 on 2025-10-05
[10/23/2025 08:50:51.693 PM] Action   || Name: finance_skip_dup... || Trigger: kind=expense                         || Output: DOMINO'S $60.57 on 2025-09-09
[10/23/2025 08:50:51.708 PM] Action   || Name: finance_skip_dup... || Trigger: kind=expense                         || Output: Derek Fuentes $20.00 on 2025-09-10
[10/23/2025 08:51:01.343 PM] Message  || User: the.lemonade.stand  || Channel: #yapper-committee                    || Content: flo from progressive
[10/23/2025 08:51:15.347 PM] Message  || User: slayc127            || Channel: #yapper-committee                    || Content: si
[10/23/2025 08:52:40.882 PM] Message  || User: plink5277           || Channel: #yapper-committee                    || Content: HMM ok idk how easy any of these would be but like, starfire, pinkie...
[10/23/2025 08:53:08.965 PM] Message  || User: plink5277           || Channel: #yapper-committee                    || Content: patrick would be soo easy
[10/23/2025 08:53:16.307 PM] Message  || User: plink5277           || Channel: #yapper-committee                    || Content: i did spongebob last year
[10/23/2025 08:53:32.295 PM] Message  || User: slayc127            || Channel: #yapper-committee                    || Content: YEAHHHHHH WAIT U CHEWED
[10/23/2025 08:53:41.095 PM] Message  || User: slayc127            || Channel: #yapper-committee                    || Content: strawberry shortcake is doable me thinks.....
[10/23/2025 08:53:45.826 PM] Message  || User: plink5277           || Channel: #yapper-committee                    || Content: FS
[10/23/2025 08:54:13.524 PM] Message  || User: plink5277           || Channel: #yapper-committee                    || Content: (no text; attachments=1)
[10/23/2025 08:54:21.413 PM] React+   || User: racerdg             || Channel: #feeding-team                        || emoji=🫛; msg="@feeding team speak or hold your peas" by m_digio
[10/23/2025 08:54:46.719 PM] Message  || User: racerdg             || Channel: #feeding-team                        || Content: Classic
[10/23/2025 08:54:58.960 PM] Message  || User: slayc127            || Channel: #yapper-committee                    || Content: YES.
[10/23/2025 08:55:08.622 PM] Message  || User: plink5277           || Channel: #yapper-committee                    || Content: might be peak ngl
[10/23/2025 08:55:38.326 PM] Message  || User: plink5277           || Channel: #yapper-committee                    || Content: basket with strwaberries
[10/23/2025 08:55:50.811 PM] Message  || User: slayc127            || Channel: #yapper-committee                    || Content: yes.......I see the vision..............
[10/23/2025 08:56:43.563 PM] Message  || User: plink5277           || Channel: #itty-bitty-kitty-commitee           || Content: what,, did he do..
[10/23/2025 08:57:02.930 PM] Message  || User: slayc127            || Channel: #purrley-pawsitive-pussy-pals        || Content: GRAHHHHHHHHHHH
[10/23/2025 08:57:09.279 PM] Message  || User: slayc127            || Channel: #purrley-pawsitive-pussy-pals        || Content: mck the black kitties we have here r so cuties
[10/23/2025 08:57:45.924 PM] Message  || User: nostalgicsapphic    || Channel: #purrley-pawsitive-pussy-pals        || Content: I KNOWWW it’s so evil i can’t take every black kitty ever.
[10/23/2025 08:57:58.869 PM] React+   || User: slayc127            || Channel: #purrley-pawsitive-pussy-pals        || emoji=‼️; msg="I KNOWWW it’s so evil i can’t take every..." by nostalgicsapphic
[10/23/2025 08:58:02.779 PM] React+   || User: hatshura            || Channel: #pet-pictures                        || emoji=🖤; msg=1431094218805481502
[10/23/2025 08:58:19.491 PM] Message  || User: hatshura            || Channel: #pet-pictures                        || Content: https://tenor.com/view/umazing-uma-musume-haru-urara-uma-gif-8811229...
[10/23/2025 08:58:35.731 PM] Message  || User: hatshura            || Channel: #yapper-committee                    || Content: Hear me out...
[10/23/2025 08:58:44.358 PM] Message  || User: hatshura            || Channel: #yapper-committee                    || Content: https://tenor.com/view/my-little-pony-mlp-pinkie-pie-dance-dancing-g...
[10/23/2025 08:58:57.963 PM] Message  || User: the.lemonade.stand  || Channel: #yapper-committee                    || Content: princess bubblegum
[10/23/2025 08:59:12.893 PM] Action   || Name: gmail_log_scheduler || Trigger: found=3                              || Output: logged=0
[10/23/2025 08:59:12.930 PM] Action   || Name: finance_skip_dup... || Trigger: buffer                               || Output: Sophia Herrera $6.00 on 2025-08-26
[10/23/2025 08:59:12.930 PM] Action   || Name: finance_skip_dup... || Trigger: buffer                               || Output: Jordin Baylee $5.00 on 2025-08-26
[10/23/2025 08:59:12.932 PM] Action   || Name: finance_skip_dup... || Trigger: buffer                               || Output: Axel Torres $24.25 on 2025-08-22
[10/23/2025 08:59:12.932 PM] Action   || Name: finance_skip_dup... || Trigger: buffer                               || Output: Megan Digiovanni $47.62 on 2025-08-26
[10/23/2025 08:59:12.934 PM] Action   || Name: finance_skip_dup... || Trigger: buffer                               || Output: M. Padron $20.00 on 2025-08-26
[10/23/2025 08:59:12.934 PM] Action   || Name: finance_skip_dup... || Trigger: buffer                               || Output: Sophia Herrera $6.00 on 2025-08-26
[10/23/2025 08:59:12.936 PM] Action   || Name: finance_skip_dup... || Trigger: buffer                               || Output: Addison Loera $8.00 on 2025-08-26
[10/23/2025 08:59:12.936 PM] Action   || Name: finance_skip_dup... || Trigger: buffer                               || Output: Amber Thomas $5.00 on 2025-08-26
[10/23/2025 08:59:12.938 PM] Action   || Name: finance_skip_dup... || Trigger: buffer                               || Output: Jordin Baylee $5.00 on 2025-08-26
[10/23/2025 08:59:12.938 PM] Action   || Name: finance_skip_dup... || Trigger: buffer                               || Output: Kathleen Cantu $1.00 on 2025-08-26
[10/23/2025 08:59:12.940 PM] Action   || Name: finance_skip_dup... || Trigger: buffer                               || Output: Amber Thomas $3.00 on 2025-08-26
[10/23/2025 08:59:12.940 PM] Action   || Name: finance_skip_dup... || Trigger: buffer                               || Output: Rob Jimenez $3.00 on 2025-08-26
[10/23/2025 08:59:12.942 PM] Action   || Name: finance_skip_dup... || Trigger: buffer                               || Output: Daniel Brantley $3.00 on 2025-08-26
[10/23/2025 08:59:12.942 PM] Action   || Name: finance_skip_dup... || Trigger: buffer                               || Output: Isabella Klein $9.70 on 2025-08-26
[10/23/2025 08:59:12.944 PM] Action   || Name: finance_skip_dup... || Trigger: buffer                               || Output: Wix $25.98 on 2025-08-26
[10/23/2025 08:59:12.944 PM] Action   || Name: finance_skip_dup... || Trigger: buffer                               || Output: Nelda Hernandez $2.00 on 2025-08-26
[10/23/2025 08:59:12.946 PM] Action   || Name: finance_skip_dup... || Trigger: buffer                               || Output: Troy Broome $1.00 on 2025-08-26
[10/23/2025 08:59:12.946 PM] Action   || Name: finance_skip_dup... || Trigger: buffer                               || Output: Div Bits $2.00 on 2025-08-26
[10/23/2025 08:59:12.948 PM] Action   || Name: finance_skip_dup... || Trigger: buffer                               || Output: Jacob Sandoval $1.00 on 2025-08-26
[10/23/2025 08:59:12.948 PM] Action   || Name: finance_skip_dup... || Trigger: buffer                               || Output: Aubrey Cunningham $10.00 on 2025-08-26
[10/23/2025 08:59:12.948 PM] Action   || Name: finance_skip_dup... || Trigger: buffer                               || Output: Maxwell Preston $5.00 on 2025-08-26
[10/23/2025 08:59:12.950 PM] Action   || Name: finance_skip_dup... || Trigger: buffer                               || Output: Sophia Herrera $6.00 on 2025-08-26
[10/23/2025 08:59:12.950 PM] Action   || Name: finance_skip_dup... || Trigger: buffer                               || Output: Derek Fuentes $25.98 on 2025-08-26
[10/23/2025 08:59:12.952 PM] Action   || Name: finance_skip_dup... || Trigger: buffer                               || Output: Miguel V $5.00 on 2025-08-26
[10/23/2025 08:59:12.952 PM] Action   || Name: finance_skip_dup... || Trigger: buffer                               || Output: Nelda Hernandez $3.00 on 2025-08-26
[10/23/2025 08:59:12.954 PM] Action   || Name: finance_skip_dup... || Trigger: buffer                               || Output: Megan Digiovanni $130.00 on 2025-08-26
[10/23/2025 08:59:12.954 PM] Action   || Name: finance_skip_dup... || Trigger: buffer                               || Output: Pedro Savala $5.00 on 2025-08-27
[10/23/2025 08:59:12.956 PM] Action   || Name: finance_skip_dup... || Trigger: buffer                               || Output: Jonathan Mcgeever $5.00 on 2025-08-27
[10/23/2025 08:59:12.956 PM] Action   || Name: finance_skip_dup... || Trigger: buffer                               || Output: NNT PETSMART # $32.46 on 2025-08-06
[10/23/2025 08:59:12.958 PM] Action   || Name: finance_skip_dup... || Trigger: buffer                               || Output: Py Store Here Pantego $54.00 on 2025-08-20
[10/23/2025 08:59:12.958 PM] Action   || Name: finance_skip_dup... || Trigger: buffer                               || Output: Megan Digiovanni $74.92 on 2025-07-30
[10/23/2025 08:59:12.960 PM] Action   || Name: finance_skip_dup... || Trigger: buffer                               || Output: TOMAHAWK LIVE TRAP $581.62 on 2025-05-12
[10/23/2025 08:59:12.960 PM] Action   || Name: finance_skip_dup... || Trigger: buffer                               || Output: TOMAHAWK LIVE TRAP $581.62 on 2025-05-12
[10/23/2025 08:59:12.960 PM] Action   || Name: finance_skip_dup... || Trigger: buffer                               || Output: Richa  Desai $6.00 on 2025-10-22
[10/23/2025 08:59:12.962 PM] Action   || Name: finance_skip_dup... || Trigger: buffer                               || Output: Sophia Herrera $5.00 on 2025-10-22
[10/23/2025 08:59:12.964 PM] Action   || Name: finance_skip_dup... || Trigger: buffer                               || Output: Muhammed  Abdalrahman $10.00 on 2025-10-22
[10/23/2025 08:59:14.680 PM] Action   || Name: finance_skip_dup... || Trigger: kind=income                          || Output: Cynthia griffith $10.00 on 2025-04-16
[10/23/2025 08:59:14.680 PM] Action   || Name: finance_skip_dup... || Trigger: kind=income                          || Output: Caleb Moran $4.00 on 2025-04-16
[10/23/2025 08:59:14.680 PM] Action   || Name: finance_skip_dup... || Trigger: kind=income                          || Output: Alberto $6.00 on 2025-04-16
[10/23/2025 08:59:14.680 PM] Action   || Name: finance_skip_dup... || Trigger: kind=income                          || Output: Jacob Sandoval $2.91 on 2025-04-16
[10/23/2025 08:59:14.680 PM] Action   || Name: finance_skip_dup... || Trigger: kind=income                          || Output: tay $5.00 on 2025-04-16
[10/23/2025 08:59:14.680 PM] Action   || Name: finance_skip_dup... || Trigger: kind=income                          || Output: Nelda Hernandez $2.00 on 2025-04-16
[10/23/2025 08:59:14.696 PM] Action   || Name: finance_skip_dup... || Trigger: kind=income                          || Output: Maria Olds $10.00 on 2025-04-16
[10/23/2025 08:59:14.696 PM] Action   || Name: finance_skip_dup... || Trigger: kind=income                          || Output: Mario Rodriguez $3.00 on 2025-04-16
[10/23/2025 08:59:14.696 PM] Action   || Name: finance_skip_dup... || Trigger: kind=income                          || Output: Elisha Taylor $5.00 on 2025-04-16
[10/23/2025 08:59:14.696 PM] Action   || Name: finance_skip_dup... || Trigger: kind=income                          || Output: Jacob Sandoval $3.00 on 2025-04-16
[10/23/2025 08:59:14.696 PM] Action   || Name: finance_skip_dup... || Trigger: kind=income                          || Output: Isabella Klein $9.70 on 2025-08-26
[10/23/2025 08:59:14.696 PM] Action   || Name: finance_skip_dup... || Trigger: kind=income                          || Output: Nelda Hernandez $2.00 on 2025-08-26
[10/23/2025 08:59:14.696 PM] Action   || Name: finance_skip_dup... || Trigger: kind=income                          || Output: Troy Broome $1.00 on 2025-08-26
[10/23/2025 08:59:14.696 PM] Action   || Name: finance_skip_dup... || Trigger: kind=income                          || Output: Div Bits $2.00 on 2025-08-26
[10/23/2025 08:59:14.696 PM] Action   || Name: finance_skip_dup... || Trigger: kind=income                          || Output: Jacob Sandoval $1.00 on 2025-08-26
[10/23/2025 08:59:14.696 PM] Action   || Name: finance_skip_dup... || Trigger: kind=income                          || Output: Aubrey Cunningham $10.00 on 2025-08-26
[10/23/2025 08:59:14.696 PM] Action   || Name: finance_skip_dup... || Trigger: kind=income                          || Output: Maxwell Preston $5.00 on 2025-08-26
[10/23/2025 08:59:14.696 PM] Action   || Name: finance_skip_dup... || Trigger: kind=income                          || Output: Sophia Herrera $6.00 on 2025-08-26
[10/23/2025 08:59:14.696 PM] Action   || Name: finance_skip_dup... || Trigger: kind=income                          || Output: Miguel V $5.00 on 2025-08-26
[10/23/2025 08:59:14.696 PM] Action   || Name: finance_skip_dup... || Trigger: kind=income                          || Output: Nelda Hernandez $3.00 on 2025-08-26
[10/23/2025 08:59:14.696 PM] Action   || Name: finance_skip_dup... || Trigger: kind=income                          || Output: Megan Digiovanni $130.00 on 2025-08-26
[10/23/2025 08:59:14.711 PM] Action   || Name: finance_skip_dup... || Trigger: kind=income                          || Output: Pedro Savala $5.00 on 2025-08-27
[10/23/2025 08:59:14.711 PM] Action   || Name: finance_skip_dup... || Trigger: kind=income                          || Output: Jonathan Mcgeever $5.00 on 2025-08-27
[10/23/2025 08:59:14.711 PM] Action   || Name: finance_skip_dup... || Trigger: kind=income                          || Output: Axel Torres $24.25 on 2025-08-22
[10/23/2025 08:59:14.711 PM] Action   || Name: finance_skip_dup... || Trigger: kind=income                          || Output: M. Padron $20.00 on 2025-08-26
[10/23/2025 08:59:14.711 PM] Action   || Name: finance_skip_dup... || Trigger: kind=income                          || Output: Addison Loera $8.00 on 2025-08-26
[10/23/2025 08:59:14.711 PM] Action   || Name: finance_skip_dup... || Trigger: kind=income                          || Output: Amber Thomas $5.00 on 2025-08-26
[10/23/2025 08:59:14.711 PM] Action   || Name: finance_skip_dup... || Trigger: kind=income                          || Output: Kathleen Cantu $1.00 on 2025-08-26
[10/23/2025 08:59:14.711 PM] Action   || Name: finance_skip_dup... || Trigger: kind=income                          || Output: Amber Thomas $3.00 on 2025-08-26
[10/23/2025 08:59:14.711 PM] Action   || Name: finance_skip_dup... || Trigger: kind=income                          || Output: Rob Jimenez $3.00 on 2025-08-26
[10/23/2025 08:59:14.711 PM] Action   || Name: finance_skip_dup... || Trigger: kind=income                          || Output: Daniel Brantley $3.00 on 2025-08-26
[10/23/2025 08:59:14.711 PM] Action   || Name: finance_skip_dup... || Trigger: kind=income                          || Output: Kristyn Jackson $9.00 on 2025-10-22
[10/23/2025 08:59:14.711 PM] Action   || Name: finance_skip_dup... || Trigger: kind=income                          || Output: Victoria Elkins $5.00 on 2025-10-22
[10/23/2025 08:59:14.711 PM] Action   || Name: finance_skip_dup... || Trigger: kind=income                          || Output: Alexander  Martinez $3.00 on 2025-10-22
[10/23/2025 08:59:14.711 PM] Action   || Name: finance_skip_dup... || Trigger: kind=income                          || Output: Emily Lanham $6.00 on 2025-10-22
[10/23/2025 08:59:14.711 PM] Action   || Name: finance_skip_dup... || Trigger: kind=income                          || Output: Mariah Hall $3.00 on 2025-10-22
[10/23/2025 08:59:14.728 PM] Action   || Name: finance_skip_dup... || Trigger: kind=income                          || Output: Kylie Crook $5.00 on 2025-09-16
[10/23/2025 08:59:14.730 PM] Action   || Name: finance_skip_dup... || Trigger: kind=income                          || Output: Jenny Nguyen $9.70 on 2025-09-03
[10/23/2025 08:59:16.246 PM] Action   || Name: finance_skip_dup... || Trigger: kind=expense                         || Output: Py Store Here Pantego $54.00 on 2025-04-20
[10/23/2025 08:59:16.246 PM] Action   || Name: finance_skip_dup... || Trigger: kind=expense                         || Output: j s $11.68 on 2025-04-22
[10/23/2025 08:59:16.246 PM] Action   || Name: finance_skip_dup... || Trigger: kind=expense                         || Output: Wix $25.98 on 2025-04-26
[10/23/2025 08:59:16.246 PM] Action   || Name: finance_skip_dup... || Trigger: kind=expense                         || Output: Wix $25.98 on 2025-08-26
[10/23/2025 08:59:16.246 PM] Action   || Name: finance_skip_dup... || Trigger: kind=expense                         || Output: Derek Fuentes $25.98 on 2025-08-26
[10/23/2025 08:59:16.255 PM] Action   || Name: finance_skip_dup... || Trigger: kind=expense                         || Output: Py Store Here Pantego $54.00 on 2025-08-20
[10/23/2025 08:59:16.255 PM] Action   || Name: finance_skip_dup... || Trigger: kind=expense                         || Output: Megan Digiovanni $47.62 on 2025-08-26
[10/23/2025 08:59:16.255 PM] Action   || Name: finance_skip_dup... || Trigger: kind=expense                         || Output: NNT PETSMART # $32.46 on 2025-08-06
[10/23/2025 08:59:16.255 PM] Action   || Name: finance_skip_dup... || Trigger: kind=expense                         || Output: Megan Digiovanni $74.92 on 2025-07-30
[10/23/2025 08:59:16.255 PM] Action   || Name: finance_skip_dup... || Trigger: kind=expense                         || Output: TOMAHAWK LIVE TRAP $581.62 on 2025-05-11
[10/23/2025 08:59:16.255 PM] Action   || Name: finance_skip_dup... || Trigger: kind=expense                         || Output: Py Store Here Pantego $54.00 on 2025-05-20
[10/23/2025 08:59:16.255 PM] Action   || Name: finance_skip_dup... || Trigger: kind=expense                         || Output: Derek Fuentes $72.45 on 2025-05-23
[10/23/2025 08:59:16.255 PM] Action   || Name: finance_skip_dup... || Trigger: kind=expense                         || Output: Wix $25.98 on 2025-05-26
[10/23/2025 08:59:16.255 PM] Action   || Name: finance_skip_dup... || Trigger: kind=expense                         || Output: Megan Digiovanni $89.91 on 2025-10-05
[10/23/2025 08:59:16.255 PM] Action   || Name: finance_skip_dup... || Trigger: kind=expense                         || Output: DOMINO'S $60.57 on 2025-09-09
[10/23/2025 08:59:16.255 PM] Action   || Name: finance_skip_dup... || Trigger: kind=expense                         || Output: Derek Fuentes $20.00 on 2025-09-10
[10/23/2025 08:59:16.255 PM] Message  || User: hatshura            || Channel: #feeding-team                        || Content: it's a tradition atp
[10/23/2025 08:59:20.380 PM] Message  || User: slayc127            || Channel: #yapper-committee                    || Content: i think ill do this for thr halloween party bestie is holding nc she...
[10/23/2025 08:59:56.700 PM] Message  || User: slayc127            || Channel: #yapper-committee                    || Content: if my hair were more pink 💔
[10/23/2025 09:00:06.673 PM] Message  || User: plink5277           || Channel: #yapper-committee                    || Content: god ts so peak
[10/23/2025 09:00:09.939 PM] Message  || User: plink5277           || Channel: #yapper-committee                    || Content: you have so many options
[10/23/2025 09:01:27.861 PM] Message  || User: m_digio             || Channel: #itty-bitty-kitty-commitee           || Content: *she* is a [redacted]
[10/23/2025 09:01:39.024 PM] Message  || User: plink5277           || Channel: #itty-bitty-kitty-commitee           || Content: oh....
[10/23/2025 09:02:36.240 PM] Message  || User: plink5277           || Channel: #itty-bitty-kitty-commitee           || Content: https://tenor.com/view/gulp-scare-scared-anxious-afraid-gif-14256344...
[10/23/2025 09:02:48.578 PM] Message  || User: plink5277           || Channel: #itty-bitty-kitty-commitee           || Content: anyone else with no merch
[10/23/2025 09:03:01.429 PM] Message  || User: adeyumii            || Channel: #feeding-team                        || Content: I didn't realize you could get to it from Davis St so I parked at th...
[10/23/2025 09:04:02.120 PM] Message  || User: m_digio             || Channel: #itty-bitty-kitty-commitee           || Content: I love boots
[10/23/2025 09:04:09.649 PM] Message  || User: m_digio             || Channel: #itty-bitty-kitty-commitee           || Content: Boots needs more love
[10/23/2025 09:04:49.790 PM] Message  || User: slayc127            || Channel: #yapper-committee                    || Content: pink hair supremacy
[10/23/2025 09:04:57.350 PM] Message  || User: slayc127            || Channel: #yapper-committee                    || Content: have been considering going back brown after i graduate
[10/23/2025 09:05:00.052 PM] Message  || User: plink5277           || Channel: #itty-bitty-kitty-commitee           || Content: mhm mhm what does she do for fun
[10/23/2025 09:05:02.195 PM] Message  || User: slayc127            || Channel: #yapper-committee                    || Content: end of an era symbolism etc
[10/23/2025 09:05:27.617 PM] Message  || User: slayc127            || Channel: #yapper-committee                    || Content: i cut my hair off after graduating highschool and dyed my hair pink ...
[10/23/2025 09:05:37.506 PM] Message  || User: slayc127            || Channel: #yapper-committee                    || Content: it would make sense
[10/23/2025 09:05:43.532 PM] Message  || User: mochenoch           || Channel: #pet-pictures                        || Content: (no text; attachments=1)
[10/23/2025 09:05:55.524 PM] Message  || User: plink5277           || Channel: #yapper-committee                    || Content: that is very symbolic
[10/23/2025 09:06:05.994 PM] React+   || User: .s3j                || Channel: #pet-pictures                        || emoji=❤️; msg=1431101324094869579
[10/23/2025 09:07:32.597 PM] Message  || User: m_digio             || Channel: #itty-bitty-kitty-commitee           || Content: Uhh look cute and eat lol
[10/23/2025 09:07:42.633 PM] Message  || User: adeyumii            || Channel: #itty-bitty-kitty-commitee           || Content: he's very cool
[10/23/2025 09:08:07.687 PM] Message  || User: adeyumii            || Channel: #itty-bitty-kitty-commitee           || Content: I have lots of pics of him in #pictures-of-the-cats if you look up e...
[10/23/2025 09:08:23.086 PM] Message  || User: m_digio             || Channel: #itty-bitty-kitty-commitee           || Content: (no text; attachments=2)
[10/23/2025 09:08:41.271 PM] React+   || User: m_digio             || Channel: #pet-pictures                        || emoji=❤️; msg=1431101324094869579
[10/23/2025 09:08:43.630 PM] Message  || User: plink5277           || Channel: #itty-bitty-kitty-commitee           || Content: daww
[10/23/2025 09:08:45.993 PM] Message  || User: adeyumii            || Channel: #itty-bitty-kitty-commitee           || Content: Hes very docile. Likes to hang out and sun bathe
[10/23/2025 09:08:46.688 PM] Message  || User: plink5277           || Channel: #itty-bitty-kitty-commitee           || Content: hes so fluffy
[10/23/2025 09:08:56.011 PM] Message  || User: plink5277           || Channel: #itty-bitty-kitty-commitee           || Content: i bet he'll get that black cat tan
[10/23/2025 09:08:57.878 PM] Message  || User: adeyumii            || Channel: #itty-bitty-kitty-commitee           || Content: You'll notice he's got kinda brown patches on him. It's sun bleaching
[10/23/2025 09:09:00.897 PM] Message  || User: plink5277           || Channel: #itty-bitty-kitty-commitee           || Content: YES
[10/23/2025 09:09:03.616 PM] Message  || User: plink5277           || Channel: #itty-bitty-kitty-commitee           || Content: thats what im saying
[10/23/2025 09:12:28.560 PM] Message  || User: slayc127            || Channel: #yapper-committee                    || Content: we shall think on it
[10/23/2025 09:12:37.927 PM] Message  || User: slayc127            || Channel: #yapper-committee                    || Content: it is my branding...../lh /silly
[10/23/2025 09:13:12.887 PM] Message  || User: adeyumii            || Channel: #feeding-team                        || Content: Also sorry that maintenance is full I lowk accidentally filled the c...
[10/23/2025 09:13:12.900 PM] Intent   || feed_update               ||                                               || station=Maintenance; dates=['2025-10-23']
[10/23/2025 09:13:14.979 PM] Action   || Name: sheet_mark          || Trigger: station=Maintenance date=2025-10-23  || Output: ok
[10/23/2025 09:13:14.981 PM] Action   || Name: feed_update         || Trigger: station=Maintenance; dates=2025-1... || Output: ok
[10/23/2025 09:13:53.293 PM] Edit     || User: adeyumii            || Channel: #feeding-team                        || People who haven't been fed:
**Coba**
~~Greens~~
**Snickers**
~~Microwave~~
M...
[10/23/2025 09:14:03.606 PM] Message  || User: .bettercalljack     || Channel: #yapper-committee                    || Content: Hesr me out for more symbolism do the thing where the inside is pink...
[10/23/2025 09:14:10.770 PM] Message  || User: .bettercalljack     || Channel: #yapper-committee                    || Content: Bc. Bc deep inside its. Still you.
[10/23/2025 09:14:15.131 PM] React+   || User: adeyumii            || Channel: #feeding-team                        || emoji=🫛; msg="@feeding team speak or hold your peas" by m_digio
[10/23/2025 09:14:46.312 PM] Message  || User: slayc127            || Channel: #yapper-committee                    || Content: SOOOOOOOO TRUE
[10/23/2025 09:14:49.447 PM] Message  || User: slayc127            || Channel: #yapper-committee                    || Content: hehehehehehehe
[10/23/2025 09:14:55.105 PM] Message  || User: .bettercalljack     || Channel: #yapper-committee                    || Content: (no text; attachments=1)
[10/23/2025 09:14:57.100 PM] React+   || User: moineau_l.oiseau    || Channel: #yapper-committee                    || emoji=🤣; msg="princess bubblegum" by the.lemonade.stand
[10/23/2025 09:15:00.051 PM] React+   || User: moineau_l.oiseau    || Channel: #yapper-committee                    || emoji=🔥; msg="princess bubblegum" by the.lemonade.stand
[10/23/2025 09:15:03.038 PM] React+   || User: .bettercalljack     || Channel: #pet-pictures                        || emoji=❤️; msg=1431101324094869579
[10/23/2025 09:15:10.654 PM] Message  || User: slayc127            || Channel: #yapper-committee                    || Content: i like the way u think.....putting it into consideration
[10/23/2025 09:15:46.785 PM] Message  || User: plink5277           || Channel: #yapper-committee                    || Content: beautiful
[10/23/2025 09:15:48.133 PM] React+   || User: moineau_l.oiseau    || Channel: #yapper-committee                    || emoji=🔥; msg="Bc. Bc deep inside its. Still you." by .bettercalljack
[10/23/2025 09:15:51.790 PM] Message  || User: slayc127            || Channel: #yapper-committee                    || Content: still heavily debating if i wanna spend 73828282 doll hairs to get m...
[10/23/2025 09:16:21.724 PM] Message  || User: slayc127            || Channel: #feeding-team                        || Content: <:SHAME:1418029043399266355>
[10/23/2025 09:16:23.427 PM] React+   || User: moineau_l.oiseau    || Channel: #pet-pictures                        || emoji=🖤; msg=1431094218805481502
[10/23/2025 09:16:26.722 PM] React+   || User: moineau_l.oiseau    || Channel: #pet-pictures                        || emoji=❤️; msg=1431101324094869579
[10/23/2025 09:16:38.599 PM] Message  || User: adeyumii            || Channel: #feeding-team                        || Content: in all fairness it's dark af over there
[10/23/2025 09:16:48.559 PM] Message  || User: adeyumii            || Channel: #feeding-team                        || Content: Did nawt see
[10/23/2025 09:17:04.679 PM] React+   || User: moineau_l.oiseau    || Channel: #memes                               || emoji=😭; msg=1430937133186809950
[10/23/2025 09:18:08.034 PM] React+   || User: moineau_l.oiseau    || Channel: #pictures-of-the-cats                || emoji=❤️; msg=1431064264730349699
[10/23/2025 09:18:09.775 PM] Message  || User: slayc127            || Channel: #feeding-team                        || Content: iz okay
[10/23/2025 09:18:09.778 PM] Action   || Name: feed_pending_set    || Trigger: ch=643586809166561310; user=35686... || Output: stations=Mary Kay and Zen; text=iz okay
[10/23/2025 09:18:15.702 PM] React+   || User: moineau_l.oiseau    || Channel: #pictures-of-the-cats                || emoji=❤️; msg="@Kitadan itzel for you. atzi is here but..." by simplyshadow17...
[10/23/2025 09:18:17.535 PM] React+   || User: moineau_l.oiseau    || Channel: #pictures-of-the-cats                || emoji=😆; msg="she looks so surprised all the time" by simplyshadow171295
[10/23/2025 09:18:30.464 PM] Message  || User: slayc127            || Channel: #yapper-committee                    || Content: (my initial bleach job was very bad)
[10/23/2025 09:18:30.734 PM] React+   || User: moineau_l.oiseau    || Channel: #pictures-of-the-cats                || emoji=😭; msg="not a cat" by simplyshadow171295
[10/23/2025 09:18:33.545 PM] React+   || User: moineau_l.oiseau    || Channel: #pictures-of-the-cats                || emoji=‼️; msg="a wild gunjan" by slayc127
[10/23/2025 09:18:35.159 PM] React+   || User: moineau_l.oiseau    || Channel: #pictures-of-the-cats                || emoji=😭; msg="very elusive even" by simplyshadow171295
[10/23/2025 09:18:37.672 PM] Message  || User: slayc127            || Channel: #yapper-committee                    || Content: but all things 2 consider
[10/23/2025 09:18:39.120 PM] React+   || User: moineau_l.oiseau    || Channel: #pictures-of-the-cats                || emoji=‼️; msg=1431066758613176401
[10/23/2025 09:18:50.760 PM] React+   || User: moineau_l.oiseau    || Channel: #pictures-of-the-cats                || emoji=🥹; msg=1431067114252271778
[10/23/2025 09:19:06.736 PM] React+   || User: moineau_l.oiseau    || Channel: #pictures-of-the-cats                || emoji=💖; msg=1431068384883118222
[10/23/2025 09:19:15.896 PM] Message  || User: racerdg             || Channel: #pictures-of-the-cats                || Content: (no text; attachments=1)
[10/23/2025 09:19:17.431 PM] Action   || Name: image_intake        || Trigger: channel=551084964318543904           || Output: rows=1
[10/23/2025 09:19:19.275 PM] Message  || User: racerdg             || Channel: #pictures-of-the-cats                || Content: (no text; attachments=1)
[10/23/2025 09:19:19.809 PM] Action   || Name: image_intake        || Trigger: channel=551084964318543904           || Output: rows=1
[10/23/2025 09:19:42.212 PM] Message  || User: moineau_l.oiseau    || Channel: #pictures-of-the-cats                || Content: They’re so freaking cute I’m gonna cry <:sobbing:828777375876907038>...
[10/23/2025 09:20:16.085 PM] Message  || User: racerdg             || Channel: #pictures-of-the-cats                || Content: (no text; attachments=1)
[10/23/2025 09:20:16.880 PM] React+   || User: moineau_l.oiseau    || Channel: #report-new-cats                     || emoji=🤣; msg="WHY havent we found the spawner guys WHE..." by slayc127
[10/23/2025 09:20:19.226 PM] React+   || User: moineau_l.oiseau    || Channel: #report-new-cats                     || emoji=😭; msg="WHY havent we found the spawner guys WHE..." by slayc127
[10/23/2025 09:20:21.318 PM] React+   || User: moineau_l.oiseau    || Channel: #report-new-cats                     || emoji=<:ree:813284570161086465>; msg="WHY havent we found the spawner guys WH...
[10/23/2025 09:20:25.690 PM] React+   || User: moineau_l.oiseau    || Channel: #report-new-cats                     || emoji=🔥; msg="absolutely dying at this" by spitonme
[10/23/2025 09:20:28.914 PM] React+   || User: moineau_l.oiseau    || Channel: #report-new-cats                     || emoji=‼️; msg="absolutely dying at this" by spitonme
[10/23/2025 09:20:49.758 PM] React+   || User: moineau_l.oiseau    || Channel: #report-new-cats                     || emoji=❤️; msg="Barbie has at least two confirmed kitten..." by m_digio
[10/23/2025 09:21:03.230 PM] React+   || User: moineau_l.oiseau    || Channel: #report-new-cats                     || emoji=😭; msg="I have the shakiest photo of one of the ..." by m_digio
[10/23/2025 09:21:34.188 PM] React+   || User: moineau_l.oiseau    || Channel: #pictures-of-the-cats                || emoji=<:happycat:834819172546510868>; msg=1431104983641882755
[10/23/2025 09:21:36.799 PM] React+   || User: moineau_l.oiseau    || Channel: #pictures-of-the-cats                || emoji=<:ree:813284570161086465>; msg=1431104983641882755
[10/23/2025 09:21:40.561 PM] React+   || User: moineau_l.oiseau    || Channel: #pictures-of-the-cats                || emoji=✨; msg=1431104983641882755
[10/23/2025 09:21:53.552 PM] React+   || User: moineau_l.oiseau    || Channel: #cat-name-ideas                      || emoji=🔥; msg="thats so fire" by baseketballin
[10/23/2025 09:22:15.754 PM] React+   || User: slayc127            || Channel: #pictures-of-the-cats                || emoji=<:happycat:834819172546510868>; msg=1431104983641882755
[10/23/2025 09:22:16.162 PM] Message  || User: adeyumii            || Channel: #pictures-of-the-cats                || Content: All of her feminine rage is gone
[10/23/2025 09:22:16.226 PM] React+   || User: slayc127            || Channel: #pictures-of-the-cats                || emoji=<:ree:813284570161086465>; msg=1431104983641882755
[10/23/2025 09:22:16.371 PM] React+   || User: slayc127            || Channel: #pictures-of-the-cats                || emoji=✨; msg=1431104983641882755
[10/23/2025 09:23:44.591 PM] React+   || User: vasyline            || Channel: #feeding-team                        || emoji=🫛; msg="@feeding team speak or hold your peas" by m_digio
[10/23/2025 09:24:22.946 PM] Message  || User: racerdg             || Channel: #pictures-of-the-cats                || Content: (no text; attachments=1)
[10/23/2025 09:24:23.793 PM] Action   || Name: image_intake        || Trigger: channel=551084964318543904           || Output: rows=1
[10/23/2025 09:26:22.363 PM] Message  || User: racerdg             || Channel: #pictures-of-the-cats                || Content: god i see at least 6 kittens out rn
[10/23/2025 09:26:26.130 PM] Message  || User: racerdg             || Channel: #pictures-of-the-cats                || Content: too many
[10/23/2025 09:27:33.954 PM] Message  || User: racerdg             || Channel: #pictures-of-the-cats                || Content: (no text; attachments=1)
[10/23/2025 09:30:50.587 PM] Message  || User: hlewagastiz         || Channel: #pet-pictures                        || Content: (no text; attachments=2)
[10/23/2025 09:31:09.875 PM] Message  || User: racerdg             || Channel: #pictures-of-the-cats                || Content: (no text; attachments=1)
[10/23/2025 09:31:10.472 PM] Action   || Name: image_intake        || Trigger: channel=551084964318543904           || Output: rows=1
[10/23/2025 09:32:22.000 PM] Message  || User: simplyshadow171295  || Channel: #pictures-of-the-cats                || Content: her bastard son that she ignores is finally back with her
[10/23/2025 09:32:22.963 PM] Message  || User: m_digio             || Channel: #events                              || Content: I *swear* if im the only one in costume tmrw i will be so sad
[10/23/2025 09:32:40.045 PM] Message  || User: .bettercalljack     || Channel: #events                              || Content: IM GOING IN A COSTUME
[10/23/2025 09:32:43.464 PM] Message  || User: m_digio             || Channel: #events                              || Content: Js putting it out there as a reminder (and warning)
[10/23/2025 09:32:48.862 PM] Message  || User: slayc127            || Channel: #events                              || Content: i will be in costume for sure
[10/23/2025 09:32:59.430 PM] React+   || User: m_digio             || Channel: #events                              || emoji=🔥; msg="IM GOING IN A COSTUME" by .bettercalljack
[10/23/2025 09:32:59.660 PM] Message  || User: slayc127            || Channel: #events                              || Content: trust i will be curling my hair very intentionally 2morrow
[10/23/2025 09:33:01.434 PM] React+   || User: m_digio             || Channel: #events                              || emoji=🔥; msg="i will be in costume for sure" by slayc127
[10/23/2025 09:33:12.316 PM] React+   || User: m_digio             || Channel: #pictures-of-the-cats                || emoji=❤️; msg=1431104744587399231
[10/23/2025 09:33:12.563 PM] Message  || User: pancakemixteamdj    || Channel: #yapper-committee                    || Content: Me af
[10/23/2025 09:33:18.795 PM] Message  || User: .bettercalljack     || Channel: #events                              || Content: (no text; attachments=1)
[10/23/2025 09:33:27.849 PM] React+   || User: simplyshadow171295  || Channel: #pictures-of-the-cats                || emoji=<:happycat:834819172546510868>; msg=1431104983641882755
[10/23/2025 09:33:29.872 PM] React+   || User: m_digio             || Channel: #events                              || emoji=🔥; msg=1431108266775019675
[10/23/2025 09:33:32.442 PM] React+   || User: slayc127            || Channel: #events                              || emoji=🔥; msg=1431108266775019675
[10/23/2025 09:33:34.694 PM] Message  || User: m_digio             || Channel: #events                              || Content: Thats so fire
[10/23/2025 09:33:42.915 PM] Message  || User: racerdg             || Channel: #yapper-committee                    || Content: oh my god i just realized the party is at the same time as the cider...
[10/23/2025 09:33:49.879 PM] Message  || User: racerdg             || Channel: #yapper-committee                    || Content: grrr
[10/23/2025 09:34:04.818 PM] Message  || User: pancakemixteamdj    || Channel: #yapper-committee                    || Content: Halfway done with one draft , need to format a essay to turn it in ,...
[10/23/2025 09:34:22.052 PM] React+   || User: m_digio             || Channel: #pet-pictures                        || emoji=❤️; msg=1431107643556237353
[10/23/2025 09:34:51.300 PM] React+   || User: bubblebee5866       || Channel: #pictures-of-the-cats                || emoji=❤️; msg=1431104744587399231
[10/23/2025 09:34:51.491 PM] Message  || User: adeyumii            || Channel: #pictures-of-the-cats                || Content: so she adopted a random kid and kicked out her only son from her lit...
[10/23/2025 09:35:01.860 PM] Message  || User: racerdg             || Channel: #pictures-of-the-cats                || Content: 👎
[10/23/2025 09:35:02.354 PM] Action   || Name: image_intake        || Trigger: channel=551084964318543904           || Output: rows=1
[10/23/2025 09:35:04.843 PM] Message  || User: adeyumii            || Channel: #pictures-of-the-cats                || Content: what a great mom
[10/23/2025 09:35:12.371 PM] Message  || User: simplyshadow171295  || Channel: #pictures-of-the-cats                || Content: (yes he is hers)
[10/23/2025 09:35:12.880 PM] Action   || Name: image_intake        || Trigger: channel=551084964318543904           || Output: rows=2
[10/23/2025 09:35:41.114 PM] React+   || User: bubblebee5866       || Channel: #pet-pictures                        || emoji=❤️; msg=1431107643556237353
[10/23/2025 09:35:42.943 PM] Message  || User: simplyshadow171295  || Channel: #pictures-of-the-cats                || Content: itztli adopted nezhui, not atzi
[10/23/2025 09:36:04.990 PM] Message  || User: adeyumii            || Channel: #pictures-of-the-cats                || Content: confusion
[10/23/2025 09:36:05.259 PM] Message  || User: racerdg             || Channel: #pictures-of-the-cats                || Content: looks like someone else agrees
[10/23/2025 09:36:05.947 PM] Action   || Name: image_intake        || Trigger: channel=551084964318543904           || Output: rows=1
[10/23/2025 09:36:11.765 PM] React+   || User: simplyshadow171295  || Channel: #pictures-of-the-cats                || emoji=👎; msg="👎" by racerdg
[10/23/2025 09:36:19.073 PM] Message  || User: adeyumii            || Channel: #pictures-of-the-cats                || Content: Who was the little gray one hanging out with the two babies we wanted
[10/23/2025 09:36:22.721 PM] Message  || User: racerdg             || Channel: #pictures-of-the-cats                || Content: dude hes just fucking staring at me
[10/23/2025 09:36:27.968 PM] Message  || User: racerdg             || Channel: #pictures-of-the-cats                || Content: this is scary
[10/23/2025 09:36:28.479 PM] Message  || User: bubblebee5866       || Channel: #pet-pictures                        || Content: Ugh, look at my beautiful boy, how is he so lovely and perfect 😭
[10/23/2025 09:36:38.347 PM] React+   || User: spitonme            || Channel: #report-new-cats                     || emoji=🐙; msg=1430993022769954826
[10/23/2025 09:36:45.507 PM] React+   || User: void_now            || Channel: #pet-pictures                        || emoji=❤️; msg="the kult" by cici4f3
[10/23/2025 09:36:55.335 PM] Message  || User: simplyshadow171295  || Channel: #pictures-of-the-cats                || Content: all the gray babies are itztli’s. i have no idea how but the gray ba...
[10/23/2025 09:37:05.318 PM] Message  || User: spitonme            || Channel: #report-new-cats                     || Content: I LOVE THAT but i feel like is u do skipper,, u gotta do another sister
[10/23/2025 09:37:11.161 PM] React+   || User: spitonme            || Channel: #report-new-cats                     || emoji=🐙; msg="I have the shakiest photo of one of the ..." by m_digio
[10/23/2025 09:37:17.188 PM] Edit     || User: spitonme            || Channel: #report-new-cats                     || I LOVE THAT but i feel like is u do skipper,, u gotta do another sister -> I ...
[10/23/2025 09:37:27.461 PM] Message  || User: adeyumii            || Channel: #pictures-of-the-cats                || Content: Yea that fucking. That's so funny
[10/23/2025 09:37:40.459 PM] Message  || User: spitonme            || Channel: #report-new-cats                     || Content: dont do another laufey/faye instead of laufey/junia
[10/23/2025 09:37:41.804 PM] Message  || User: simplyshadow171295  || Channel: #pictures-of-the-cats                || Content: it drives me up the wall
[10/23/2025 09:37:41.916 PM] Message  || User: racerdg             || Channel: #pictures-of-the-cats                || Content: stop that
[10/23/2025 09:37:44.010 PM] React+   || User: bubblebee5866       || Channel: #pet-pictures                        || emoji=❤️; msg=1431101324094869579
[10/23/2025 09:37:48.489 PM] Message  || User: spitonme            || Channel: #report-new-cats                     || Content: or perhaps we name this one junia to offset
[10/23/2025 09:37:53.900 PM] Message  || User: simplyshadow171295  || Channel: #pictures-of-the-cats                || Content: he’s a little special
[10/23/2025 09:38:02.394 PM] Message  || User: adeyumii            || Channel: #pictures-of-the-cats                || Content: It's the modifier that turns black into gray. It's a recessive gene
[10/23/2025 09:38:09.930 PM] Message  || User: simplyshadow171295  || Channel: #pictures-of-the-cats                || Content: @Cici your son is being creepy
[10/23/2025 09:38:25.350 PM] Message  || User: simplyshadow171295  || Channel: #pictures-of-the-cats                || Content: dilute is recessive in all animals i thought
[10/23/2025 09:38:35.863 PM] Message  || User: adeyumii            || Channel: #pictures-of-the-cats                || Content: Ye prob
[10/23/2025 09:38:55.880 PM] Message  || User: pancakemixteamdj    || Channel: #itty-bitty-kitty-commitee           || Content: He was hanging out with Roosevelt yesterday night
[10/23/2025 09:39:02.291 PM] Message  || User: adeyumii            || Channel: #pictures-of-the-cats                || Content: So it's like the dilution is separate from the true color gene
[10/23/2025 09:39:09.510 PM] Message  || User: simplyshadow171295  || Channel: #pictures-of-the-cats                || Content: indeed
[10/23/2025 09:39:31.079 PM] Message  || User: simplyshadow171295  || Channel: #pictures-of-the-cats                || Content: it just drives me up the wall because EVERY SINGLE BABY has the dilu...
[10/23/2025 09:39:39.494 PM] Message  || User: adeyumii            || Channel: #report-new-cats                     || Content: we had a junia :(
[10/23/2025 09:39:50.698 PM] Message  || User: simplyshadow171295  || Channel: #pictures-of-the-cats                || Content: which means the next generation of kids is going to be impossible to...
[10/23/2025 09:39:53.506 PM] Message  || User: adeyumii            || Channel: #report-new-cats                     || Content: we had laufey, Faye, and junja
[10/23/2025 09:39:56.376 PM] Edit     || User: adeyumii            || Channel: #report-new-cats                     || we had laufey, Faye, and junja -> we had laufey, Faye, and junia
[10/23/2025 09:39:59.315 PM] Message  || User: simplyshadow171295  || Channel: #pictures-of-the-cats                || Content: (if they’re not spayed)
[10/23/2025 09:40:12.609 PM] Message  || User: adeyumii            || Channel: #pictures-of-the-cats                || Content: Airrrr
[10/23/2025 09:40:14.647 PM] Edit     || User: adeyumii            || Channel: #pictures-of-the-cats                || Airrrr -> Aurrr
[10/23/2025 09:40:24.115 PM] Message  || User: m_digio             || Channel: #report-new-cats                     || Content: i wanted to aim for more neutral names and all the other sisters are...
[10/23/2025 09:40:42.558 PM] React+   || User: m_digio             || Channel: #pet-pictures                        || emoji=<:longcatupper:1084176104534835281>; msg="Ugh, look at my beautiful boy...
[10/23/2025 09:40:52.169 PM] React+   || User: m_digio             || Channel: #pet-pictures                        || emoji=<:longcatmiddle:1084176103326875688>; msg="Ugh, look at my beautiful bo...
[10/23/2025 09:40:55.426 PM] React+   || User: m_digio             || Channel: #pet-pictures                        || emoji=<:longcatlower:1084176100755787786>; msg="Ugh, look at my beautiful boy...
[10/23/2025 09:41:00.402 PM] Message  || User: simplyshadow171295  || Channel: #pictures-of-the-cats                || Content: atzi’s babies have to carry it because atzi is dilute. but itztli ca...
[10/23/2025 09:41:19.959 PM] Message  || User: austinbaustinb      || Channel: #purrley-pawsitive-pussy-pals        || Content: (no text; attachments=1)
[10/23/2025 09:41:22.334 PM] Message  || User: austinbaustinb      || Channel: #purrley-pawsitive-pussy-pals        || Content: r u fr
[10/23/2025 09:41:33.954 PM] Message  || User: racerdg             || Channel: #pictures-of-the-cats                || Content: HEY!
[10/23/2025 09:41:34.988 PM] Action   || Name: image_intake        || Trigger: channel=551084964318543904           || Output: rows=1
[10/23/2025 09:41:36.724 PM] Message  || User: nostalgicsapphic    || Channel: #purrley-pawsitive-pussy-pals        || Content: u gotta do the squiggles
[10/23/2025 09:41:42.025 PM] Message  || User: racerdg             || Channel: #pictures-of-the-cats                || Content: NOT FOR YOU!!
[10/23/2025 09:41:49.113 PM] React+   || User: simplyshadow171295  || Channel: #pictures-of-the-cats                || emoji=😭; msg="HEY!" by racerdg
[10/23/2025 09:41:53.528 PM] Message  || User: adeyumii            || Channel: #pictures-of-the-cats                || Content: I was trying to figure out who that way
[10/23/2025 09:42:01.485 PM] Message  || User: adeyumii            || Channel: #pictures-of-the-cats                || Content: I thought it was a tiny cat standing there
[10/23/2025 09:42:04.578 PM] Message  || User: adeyumii            || Channel: #pictures-of-the-cats                || Content: but nope. Melvin
[10/23/2025 09:42:11.090 PM] Message  || User: racerdg             || Channel: #pictures-of-the-cats                || Content: its so big
[10/23/2025 09:42:14.320 PM] Message  || User: simplyshadow171295  || Channel: #pictures-of-the-cats                || Content: that’s why i give the kittens wet food 😭 mom will yell at them but t...
[10/23/2025 09:42:37.301 PM] Message  || User: racerdg             || Channel: #pictures-of-the-cats                || Content: i was hearing crunching sounds and thought i was going crazy
[10/23/2025 09:42:51.354 PM] Message  || User: m_digio             || Channel: #yapper-committee                    || Content: our party is better
[10/23/2025 09:43:05.928 PM] React+   || User: simplyshadow171295  || Channel: #yapper-committee                    || emoji=‼️; msg="our party is better" by m_digio
[10/23/2025 09:43:14.927 PM] Message  || User: racerdg             || Channel: #pictures-of-the-cats                || Content: my favorite baby
[10/23/2025 09:43:15.625 PM] Action   || Name: image_intake        || Trigger: channel=551084964318543904           || Output: rows=1
[10/23/2025 09:43:19.220 PM] React+   || User: m_digio             || Channel: #pictures-of-the-cats                || emoji=❤️; msg="my favorite baby" by racerdg
[10/23/2025 09:43:19.334 PM] Message  || User: racerdg             || Channel: #pictures-of-the-cats                || Content: so sweet
[10/23/2025 09:43:35.895 PM] Message  || User: simplyshadow171295  || Channel: #pictures-of-the-cats                || Content: NEZHUI BELOVED
[10/23/2025 09:43:48.207 PM] Message  || User: racerdg             || Channel: #pictures-of-the-cats                || Content: (no text; attachments=1)
[10/23/2025 09:43:48.729 PM] Action   || Name: image_intake        || Trigger: channel=551084964318543904           || Output: rows=1
[10/23/2025 09:43:48.776 PM] Message  || User: simplyshadow171295  || Channel: #pictures-of-the-cats                || Content: she’s babby
[10/23/2025 09:43:49.385 PM] Action   || Name: image_intake        || Trigger: channel=551084964318543904           || Output: rows=1
[10/23/2025 09:43:55.028 PM] Message  || User: spitonme            || Channel: #feeding-team                        || Content: this is the worst take rver
[10/23/2025 09:44:01.474 PM] Message  || User: cici4f3             || Channel: #pictures-of-the-cats                || Content: my son.....
[10/23/2025 09:44:04.524 PM] Message  || User: simplyshadow171295  || Channel: #pictures-of-the-cats                || Content: can’t believe her mom abandoned her smh
[10/23/2025 09:44:08.391 PM] Message  || User: spitonme            || Channel: #feeding-team                        || Content: i had to give up a case of white claw to sm who didnt even want it
[10/23/2025 09:44:09.013 PM] React+   || User: simplyshadow171295  || Channel: #pictures-of-the-cats                || emoji=‼️; msg="my son....." by cici4f3
[10/23/2025 09:44:28.332 PM] Message  || User: spitonme            || Channel: #report-new-cats                     || Content: icic
[10/23/2025 09:44:52.160 PM] React+   || User: petrichor           || Channel: #yapper-committee                    || emoji=‼️; msg="our party is better" by m_digio
[10/23/2025 09:45:07.761 PM] React+   || User: spitonme            || Channel: #pictures-of-the-cats                || emoji=🐙; msg="my favorite baby" by racerdg
[10/23/2025 09:45:20.693 PM] Message  || User: racerdg             || Channel: #pictures-of-the-cats                || Content: (no text; attachments=1)
[10/23/2025 09:45:29.488 PM] Message  || User: m_digio             || Channel: #pictures-of-the-cats                || Content: dawwwwww
[10/23/2025 09:45:52.969 PM] Message  || User: simplyshadow171295  || Channel: #pictures-of-the-cats                || Content: she’s just the eepiest littol girl
[10/23/2025 09:45:59.797 PM] Message  || User: cici4f3             || Channel: #pictures-of-the-cats                || Content: I love you paquini my son
[10/23/2025 09:46:13.067 PM] React+   || User: spitonme            || Channel: #events                              || emoji=🐙; msg="I *swear* if im the only one in costume ..." by m_digio
[10/23/2025 09:46:15.598 PM] React+   || User: spitonme            || Channel: #events                              || emoji=🐙; msg="Js putting it out there as a reminder (a..." by m_digio
[10/23/2025 09:46:20.853 PM] Message  || User: simplyshadow171295  || Channel: #pictures-of-the-cats                || Content: ruling over her kingdom
[10/23/2025 09:46:21.375 PM] Action   || Name: image_intake        || Trigger: channel=551084964318543904           || Output: rows=1
[10/23/2025 09:46:31.119 PM] Message  || User: spitonme            || Channel: #events                              || Content: will be wearing the worst wig ever tmrw sorry chat
[10/23/2025 09:46:34.204 PM] Message  || User: racerdg             || Channel: #pictures-of-the-cats                || Content: wait i think i have a photo just like that
[10/23/2025 09:46:50.857 PM] Message  || User: cici4f3             || Channel: #pictures-of-the-cats                || Content: when he and his brothers were just babies
[10/23/2025 09:46:51.528 PM] Action   || Name: image_intake        || Trigger: channel=551084964318543904           || Output: rows=1
[10/23/2025 09:47:11.677 PM] Message  || User: simplyshadow171295  || Channel: #pictures-of-the-cats                || Content: she loves the windows. ever since she was a kitten she was the tinie...
[10/23/2025 09:47:19.360 PM] React+   || User: simplyshadow171295  || Channel: #pictures-of-the-cats                || emoji=‼️; msg="when he and his brothers were just babie..." by cici4f3
[10/23/2025 09:47:36.709 PM] Message  || User: adeyumii            || Channel: #pictures-of-the-cats                || Content: I want to kidnap Citlali
[10/23/2025 09:47:51.031 PM] Message  || User: simplyshadow171295  || Channel: #pictures-of-the-cats                || Content: if she’d SHOW UP 💔
[10/23/2025 09:47:59.877 PM] Message  || User: simplyshadow171295  || Channel: #pictures-of-the-cats                || Content: i never see my baby anymore
[10/23/2025 09:48:25.971 PM] Message  || User: bubblebee5866       || Channel: #yapper-committee                    || Content: Oh frick totally forgot the party was tmrw
[10/23/2025 09:48:57.382 PM] Message  || User: spitonme            || Channel: #yapper-committee                    || Content: i was gonna respond to this w some pics of me w dyed hair but
[10/23/2025 09:48:58.777 PM] Message  || User: bubblebee5866       || Channel: #yapper-committee                    || Content: Thank God I'm really good at throwing costumes together last minute
[10/23/2025 09:49:00.580 PM] Message  || User: spitonme            || Channel: #yapper-committee                    || Content: im not brave wnough
[10/23/2025 09:49:02.728 PM] React+   || User: spitonme            || Channel: #yapper-committee                    || emoji=🐙; msg="Thank God I'm really good at throwing co..." by bubblebee5866
[10/23/2025 09:49:31.630 PM] React+   || User: moineau_l.oiseau    || Channel: #events                              || emoji=🔥; msg=1431108266775019675
[10/23/2025 09:49:34.771 PM] React+   || User: moineau_l.oiseau    || Channel: #events                              || emoji=‼️; msg="Thats so fire" by m_digio
[10/23/2025 09:50:01.775 PM] Message  || User: racerdg             || Channel: #pictures-of-the-cats                || Content: whats she look like
[10/23/2025 09:50:08.774 PM] Message  || User: spitonme            || Channel: #yapper-committee                    || Content: im gonna try to fix my wig tn GULP or smth idk,, maybe after work?
[10/23/2025 09:50:16.758 PM] React+   || User: moineau_l.oiseau    || Channel: #pet-pictures                        || emoji=❤️; msg=1431107643556237353
[10/23/2025 09:50:20.101 PM] React+   || User: moineau_l.oiseau    || Channel: #pet-pictures                        || emoji=<:longcatupper:1084176104534835281>; msg="Ugh, look at my beautiful boy...
[10/23/2025 09:50:20.541 PM] React+   || User: moineau_l.oiseau    || Channel: #pet-pictures                        || emoji=<:longcatmiddle:1084176103326875688>; msg="Ugh, look at my beautiful bo...
[10/23/2025 09:50:20.709 PM] React+   || User: moineau_l.oiseau    || Channel: #pet-pictures                        || emoji=<:longcatlower:1084176100755787786>; msg="Ugh, look at my beautiful boy...
[10/23/2025 09:50:24.052 PM] Message  || User: bubblebee5866       || Channel: #yapper-committee                    || Content: It's okay, digging up old pictures of ourselves be scary sometimes 😔
[10/23/2025 09:50:26.098 PM] Message  || User: racerdg             || Channel: #pictures-of-the-cats                || Content: meow
[10/23/2025 09:50:26.098 PM] Action   || Name: send_suppressed     || Trigger: ch=551084964318543904                || Output: mrow!
[10/23/2025 09:50:26.098 PM] Action   || Name: handle_misc         || Trigger: trigger=meow                         || Output: mrow!
[10/23/2025 09:50:26.530 PM] React+   || User: spitonme            || Channel: #pet-pictures                        || emoji=🐙; msg="Never mind, he gave up!" by littlelindentree
[10/23/2025 09:50:27.512 PM] React+   || User: moineau_l.oiseau    || Channel: #pet-pictures                        || emoji=<:smilecat:836868602220380160>; msg="Ugh, look at my beautiful boy, how...
[10/23/2025 09:50:36.247 PM] Delete   || User: racerdg             || Channel: #pictures-of-the-cats                || Content: meow
[10/23/2025 09:50:38.884 PM] Message  || User: spitonme            || Channel: #pet-pictures                        || Content: fumckin baby
[10/23/2025 09:50:40.656 PM] React+   || User: spitonme            || Channel: #pet-pictures                        || emoji=🐙; msg="Ugh, look at my beautiful boy, how is he..." by bubblebee5866
[10/23/2025 09:50:43.492 PM] React+   || User: spitonme            || Channel: #pet-pictures                        || emoji=🐙; msg=1431107643556237353
[10/23/2025 09:50:49.302 PM] React+   || User: spitonme            || Channel: #pet-pictures                        || emoji=🐙; msg=1430992605323460752
[10/23/2025 09:51:26.587 PM] Message  || User: spitonme            || Channel: #yapper-committee                    || Content: sigh okay heres one pci
[10/23/2025 09:51:29.880 PM] Edit     || User: spitonme            || Channel: #yapper-committee                    || sigh okay heres one pci -> sigh okay heres one pic
[10/23/2025 09:52:01.869 PM] Message  || User: simplyshadow171295  || Channel: #pictures-of-the-cats                || Content: the brown kitty here with the w shaped collar
[10/23/2025 09:52:14.131 PM] Message  || User: racerdg             || Channel: #pictures-of-the-cats                || Content: oooh
[10/23/2025 09:52:29.795 PM] Message  || User: simplyshadow171295  || Channel: #pictures-of-the-cats                || Content: she’s the apple of my eye my absolute adoration my first kitty love
[10/23/2025 09:52:48.610 PM] Message  || User: slayc127            || Channel: #events                              || Content: chat mission strawberry shortcake costume is a success
[10/23/2025 09:52:51.864 PM] Message  || User: slayc127            || Channel: #events                              || Content: very excited 4 tomorrow
[10/23/2025 09:52:56.498 PM] React+   || User: slayc127            || Channel: #pet-pictures                        || emoji=<:longcatmiddle:1084176103326875688>; msg="Ugh, look at my beautiful bo...
[10/23/2025 09:52:57.028 PM] React+   || User: slayc127            || Channel: #pet-pictures                        || emoji=<:longcatupper:1084176104534835281>; msg="Ugh, look at my beautiful boy...
[10/23/2025 09:52:57.549 PM] React+   || User: slayc127            || Channel: #pet-pictures                        || emoji=<:smilecat:836868602220380160>; msg="Ugh, look at my beautiful boy, how...
[10/23/2025 09:52:58.012 PM] React+   || User: slayc127            || Channel: #pet-pictures                        || emoji=<:longcatlower:1084176100755787786>; msg="Ugh, look at my beautiful boy...
[10/23/2025 09:52:58.446 PM] React+   || User: slayc127            || Channel: #pet-pictures                        || emoji=🐙; msg="Ugh, look at my beautiful boy, how is he..." by bubblebee5866
[10/23/2025 09:53:07.797 PM] Message  || User: austinbaustinb      || Channel: #purrley-pawsitive-pussy-pals        || Content: we just drawin quarter notes wherever ig
[10/23/2025 09:53:11.147 PM] React+   || User: littlelindentree    || Channel: #pet-pictures                        || emoji=🖤; msg=1431094218805481502
[10/23/2025 09:53:14.027 PM] React+   || User: littlelindentree    || Channel: #pet-pictures                        || emoji=❤️; msg=1431101324094869579
[10/23/2025 09:53:15.191 PM] React+   || User: littlelindentree    || Channel: #pet-pictures                        || emoji=❤️; msg=1431107643556237353
[10/23/2025 09:53:18.589 PM] React+   || User: littlelindentree    || Channel: #pet-pictures                        || emoji=<:longcatupper:1084176104534835281>; msg="Ugh, look at my beautiful boy...
[10/23/2025 09:53:18.981 PM] React+   || User: littlelindentree    || Channel: #pet-pictures                        || emoji=<:longcatmiddle:1084176103326875688>; msg="Ugh, look at my beautiful bo...
[10/23/2025 09:53:19.273 PM] React+   || User: littlelindentree    || Channel: #pet-pictures                        || emoji=<:longcatlower:1084176100755787786>; msg="Ugh, look at my beautiful boy...
[10/23/2025 09:53:21.581 PM] React+   || User: littlelindentree    || Channel: #pet-pictures                        || emoji=<:smilecat:836868602220380160>; msg="Ugh, look at my beautiful boy, how...
[10/23/2025 09:53:29.477 PM] Message  || User: slayc127            || Channel: #purrley-pawsitive-pussy-pals        || Content: this is beyond funny
[10/23/2025 09:54:06.655 PM] React+   || User: austinbaustinb      || Channel: #events                              || emoji=🔥; msg=1431108266775019675
[10/23/2025 09:54:19.057 PM] Message  || User: slayc127            || Channel: #purrley-pawsitive-pussy-pals        || Content: @Megan [Feeding Head & PR] will u be stopping by lounge in morning
[10/23/2025 09:54:36.218 PM] Message  || User: bubblebee5866       || Channel: #yapper-committee                    || Content: Shout out to baby emo me, truly a time in my life
[10/23/2025 09:54:47.820 PM] React+   || User: slayc127            || Channel: #yapper-committee                    || emoji=🔥; msg="Shout out to baby emo me, truly a time i..." by bubblebee5866
[10/23/2025 09:55:29.930 PM] Message  || User: spitonme            || Channel: #yapper-committee                    || Content: i said one but heres 3 (also ik this isnt pink,,, i switched my phon...
[10/23/2025 09:55:33.789 PM] Message  || User: spitonme            || Channel: #yapper-committee                    || Content: be easy on me i think i was a sophomore in hs
[10/23/2025 09:55:54.110 PM] React+   || User: spitonme            || Channel: #yapper-committee                    || emoji=🐙; msg="Shout out to baby emo me, truly a time i..." by bubblebee5866
[10/23/2025 09:56:31.709 PM] Message  || User: baseketballin       || Channel: #feeding-team                        || Content: west hall fed !!!
[10/23/2025 09:56:31.709 PM] Action   || Name: feed_pending_exp... || Trigger: ch=643586809166561310; user=41372... || Output: 
[10/23/2025 09:56:31.709 PM] Intent   || feed_update               ||                                               || station=West Hall; dates=['2025-10-23']
[10/23/2025 09:56:33.333 PM] Action   || Name: sheet_mark          || Trigger: station=West Hall date=2025-10-23    || Output: ok
[10/23/2025 09:56:33.333 PM] Action   || Name: feed_update         || Trigger: station=West Hall; dates=2025-10-23  || Output: ok
[10/23/2025 09:56:40.326 PM] React+   || User: spitonme            || Channel: #events                              || emoji=🐙; msg="chat mission strawberry shortcake costum..." by slayc127
[10/23/2025 09:56:45.244 PM] Message  || User: spitonme            || Channel: #events                              || Content: yaass
[10/23/2025 09:57:04.790 PM] Message  || User: celeryiscelery      || Channel: #purrley-pawsitive-pussy-pals        || Content: who tf had a stroke writing that?
[10/23/2025 09:57:18.051 PM] Message  || User: m_digio             || Channel: #purrley-pawsitive-pussy-pals        || Content: i can if needed
[10/23/2025 09:57:30.030 PM] React+   || User: m_digio             || Channel: #feeding-team                        || emoji=🔥; msg="west hall fed !!!" by baseketballin
[10/23/2025 09:57:32.278 PM] Message  || User: austinbaustinb      || Channel: #purrley-pawsitive-pussy-pals        || Content: musicians need to be eradicated
[10/23/2025 09:57:38.184 PM] Message  || User: adeyumii            || Channel: #feeding-team                        || Content: meow meow meow I'm tomcat
All stations have been fed! Yippe!
@Megan ...
[10/23/2025 09:57:38.184 PM] Action   || Name: send_suppressed     || Trigger: ch=643586809166561310                || Output: mrow!
[10/23/2025 09:57:38.184 PM] Action   || Name: handle_misc         || Trigger: trigger=meow                         || Output: mrow!
[10/23/2025 09:57:38.191 PM] Intent   || feed_update               ||                                               || station=West Hall; dates=['2025-10-23']
[10/23/2025 09:57:38.977 PM] Action   || Name: sheet_mark          || Trigger: station=West Hall date=2025-10-23    || Output: ok
[10/23/2025 09:57:38.977 PM] Action   || Name: feed_update         || Trigger: station=West Hall; dates=2025-10-23  || Output: ok
[10/23/2025 09:57:46.002 PM] Message  || User: adeyumii            || Channel: #feeding-team                        || Content: https://tenor.com/view/cat-cats-celebration-woohoo-jumping-gif-25834998
[10/23/2025 09:57:46.390 PM] Message  || User: m_digio             || Channel: #feeding-team                        || Content: yippee
[10/23/2025 09:57:54.332 PM] Message  || User: m_digio             || Channel: #feeding-team                        || Content: https://tenor.com/view/hai-gif-10567033442484308038
[10/23/2025 09:58:09.731 PM] Message  || User: celeryiscelery      || Channel: #purrley-pawsitive-pussy-pals        || Content: for my sanity please no
[10/23/2025 09:58:11.397 PM] React+   || User: bubblebee5866       || Channel: #yapper-committee                    || emoji=<:happycat:834819172546510868>; msg="i said one but heres 3 (also ik th...
[10/23/2025 09:58:17.263 PM] Message  || User: celeryiscelery      || Channel: #purrley-pawsitive-pussy-pals        || Content: i need music even from the crazy ones
[10/23/2025 09:58:46.480 PM] Message  || User: m_digio             || Channel: #events                              || Content: i will be using colored hair spray and lightly teasing my hair so
[10/23/2025 09:58:48.818 PM] Message  || User: austinbaustinb      || Channel: #purrley-pawsitive-pussy-pals        || Content: https://tenor.com/view/coco-mama-guitar-coco-movie-smash-gif-17013968
[10/23/2025 09:58:49.086 PM] Edit     || User: austinbaustinb      || Channel: #purrley-pawsitive-pussy-pals        || https://tenor.com/view/coco-mama-guitar-coco-movie-smash-gif-17013968 -> http...
[10/23/2025 09:58:54.605 PM] Message  || User: bubblebee5866       || Channel: #yapper-committee                    || Content: The blonde goes hard
[10/23/2025 09:58:59.630 PM] Message  || User: celeryiscelery      || Channel: #purrley-pawsitive-pussy-pals        || Content: (no text; attachments=1)
[10/23/2025 09:58:59.663 PM] React+   || User: spitonme            || Channel: #events                              || emoji=🐙; msg="i will be using colored hair spray and l..." by m_digio
[10/23/2025 09:59:07.270 PM] React+   || User: spitonme            || Channel: #yapper-committee                    || emoji=🐙; msg="The blonde goes hard" by bubblebee5866
[10/23/2025 09:59:11.723 PM] Message  || User: spitonme            || Channel: #yapper-committee                    || Content: it does
[10/23/2025 09:59:16.208 PM] Message  || User: spitonme            || Channel: #yapper-committee                    || Content: sigh
[10/23/2025 09:59:19.068 PM] Message  || User: spitonme            || Channel: #yapper-committee                    || Content: i lost the plot
[10/23/2025 10:00:10.603 PM] Message  || User: bubblebee5866       || Channel: #yapper-committee                    || Content: Nah hons, it's just another character arc 😌
[10/23/2025 10:00:17.856 PM] Message  || User: a1darek             || Channel: #purrley-pawsitive-pussy-pals        || Content: (no text; attachments=1)
[10/23/2025 10:00:24.131 PM] React+   || User: celeryiscelery      || Channel: #purrley-pawsitive-pussy-pals        || emoji=😭; msg=1431115057466572901
[10/23/2025 10:00:56.522 PM] Message  || User: bubblebee5866       || Channel: #yapper-committee                    || Content: As we all know character arcs are dependent on what your hair looks ...
[10/23/2025 10:01:13.552 PM] React+   || User: orphean_            || Channel: #external-promotions                 || emoji=🐙; msg="they tagged the ccc 😭" by simplyshadow171295
[10/23/2025 10:01:25.825 PM] React+   || User: slayc127            || Channel: #yapper-committee                    || emoji=<:happycat:834819172546510868>; msg="i said one but heres 3 (also ik th...
[10/23/2025 10:01:30.785 PM] React+   || User: slayc127            || Channel: #yapper-committee                    || emoji=‼️; msg="As we all know character arcs are depend..." by bubblebee5866
[10/23/2025 10:02:48.207 PM] React+   || User: .s3j                || Channel: #pet-pictures                        || emoji=❤️; msg=1431107643556237353
[10/23/2025 10:02:53.729 PM] React+   || User: .s3j                || Channel: #pet-pictures                        || emoji=<:longcatupper:1084176104534835281>; msg="Ugh, look at my beautiful boy...
[10/23/2025 10:02:55.148 PM] React+   || User: .s3j                || Channel: #pet-pictures                        || emoji=<:smilecat:836868602220380160>; msg="Ugh, look at my beautiful boy, how...
[10/23/2025 10:03:16.207 PM] React+   || User: spitonme            || Channel: #yapper-committee                    || emoji=🐙; msg="As we all know character arcs are depend..." by bubblebee5866
[10/23/2025 10:03:44.290 PM] React+   || User: .s3j                || Channel: #events                              || emoji=🔥; msg=1431108266775019675
[10/23/2025 10:03:58.627 PM] Message  || User: .s3j                || Channel: #events                              || Content: I has costume
[10/23/2025 10:04:00.899 PM] React+   || User: cici4f3             || Channel: #events                              || emoji=🐙; msg="chat mission strawberry shortcake costum..." by slayc127
[10/23/2025 10:04:07.128 PM] Message  || User: .s3j                || Channel: #events                              || Content: Ringmaster :3
[10/23/2025 10:04:29.729 PM] React+   || User: m_digio             || Channel: #events                              || emoji=🔥; msg="I has costume" by .s3j
[10/23/2025 10:04:33.992 PM] Message  || User: m_digio             || Channel: #events                              || Content: hell yeah
[10/23/2025 10:05:14.960 PM] Message  || User: m_digio             || Channel: #events                              || Content: Yk what
[10/23/2025 10:05:18.469 PM] Message  || User: m_digio             || Channel: #events                              || Content: https://open.spotify.com/playlist/1DWLumSVyPv9nCD2GXcYRB?si=plpb_Y4I...
[10/23/2025 10:05:19.082 PM] Edit     || User: m_digio             || Channel: #events                              || https://open.spotify.com/playlist/1DWLumSVyPv9nCD2GXcYRB?si=plpb_Y4IQ1KUdz5ww...
[10/23/2025 10:05:19.187 PM] Message  || User: cici4f3             || Channel: #pictures-of-the-cats                || Content: paquinis brothers who disappeared
[10/23/2025 10:05:19.708 PM] Action   || Name: image_intake        || Trigger: channel=551084964318543904           || Output: rows=5
[10/23/2025 10:05:20.555 PM] Message  || User: m_digio             || Channel: #events                              || Content: Yall have fun
[10/23/2025 10:06:22.131 PM] Message  || User: simplyshadow171295  || Channel: #pictures-of-the-cats                || Content: oughh
[10/23/2025 10:06:37.138 PM] Message  || User: .s3j                || Channel: #events                              || Content: Hrhehe
[10/23/2025 10:06:51.112 PM] React+   || User: kitadan             || Channel: #pictures-of-the-cats                || emoji=❤️; msg="my favorite baby" by racerdg
[10/23/2025 10:08:12.613 PM] Message  || User: slayc127            || Channel: #events                              || Content: this is fire
[10/23/2025 10:08:38.409 PM] React+   || User: kitadan             || Channel: #yapper-committee                    || emoji=🔥; msg="Shout out to baby emo me, truly a time i..." by bubblebee5866
[10/23/2025 10:08:56.105 PM] React+   || User: kitadan             || Channel: #pet-pictures                        || emoji=❤️; msg=1431107643556237353
[10/23/2025 10:12:29.458 PM] Message  || User: racerdg             || Channel: #events                              || Content: phantom of the opera <a:oliviaYup:1268060170596913204>
[10/23/2025 10:13:20.096 PM] Message  || User: .bettercalljack     || Channel: #yapper-committee                    || Content: If i left the microwave pumpkin at his feeding station do yall think...
[10/23/2025 10:13:26.453 PM] Message  || User: kitadan             || Channel: #events                              || Content: Wish I could see the list, but I don't have Spotify
[10/23/2025 10:13:58.232 PM] React+   || User: kitadan             || Channel: #yapper-committee                    || emoji=<:happycat:834819172546510868>; msg="i said one but heres 3 (also ik th...
[10/23/2025 10:14:50.727 PM] Message  || User: kitadan             || Channel: #yapper-committee                    || Content: Sugar Skull I colored for a work project.
[10/23/2025 10:15:23.352 PM] Message  || User: m_digio             || Channel: #events                              || Content: ill add all the reccomendations that were given here into there tmrw...
[10/23/2025 10:15:41.594 PM] React+   || User: frostfire312        || Channel: #feeding-team                        || emoji=🫛; msg="@feeding team speak or hold your peas" by m_digio
[10/23/2025 10:16:07.790 PM] Message  || User: simplyshadow171295  || Channel: #yapper-committee                    || Content: prolly not tbh
[10/23/2025 10:16:09.198 PM] React+   || User: bubblebee5866       || Channel: #yapper-committee                    || emoji=❤️; msg="Sugar Skull I colored for a work project..." by kitadan
[10/23/2025 10:19:14.168 PM] Message  || User: bubblebee5866       || Channel: #yapper-committee                    || Content: Maybe if you put a sticky note that says "plz do not touch - microwa...
[10/23/2025 10:19:31.663 PM] Message  || User: bubblebee5866       || Channel: #yapper-committee                    || Content: Actually that might make them more tempted to touch :v
[10/23/2025 10:20:08.537 PM] Message  || User: .bettercalljack     || Channel: #yapper-committee                    || Content: Yeah placebo
[10/23/2025 10:20:11.409 PM] Message  || User: .bettercalljack     || Channel: #yapper-committee                    || Content: Ir n
[10/23/2025 10:20:15.765 PM] Message  || User: adeyumii            || Channel: #yapper-committee                    || Content: Idk sometimes people actually are respectful of stuff
[10/23/2025 10:20:16.267 PM] Message  || User: .bettercalljack     || Channel: #yapper-committee                    || Content: reverse psychology
[10/23/2025 10:20:17.552 PM] Message  || User: .bettercalljack     || Channel: #yapper-committee                    || Content: Hel
[10/23/2025 10:20:23.083 PM] Message  || User: adeyumii            || Channel: #yapper-committee                    || Content: Id worry more about the squirrels
[10/23/2025 10:20:40.593 PM] Message  || User: bubblebee5866       || Channel: #yapper-committee                    || Content: Oh a yummy squirrel treat
[10/23/2025 10:20:49.092 PM] Message  || User: adeyumii            || Channel: #yapper-committee                    || Content: Squirrels have zero respect for anything
[10/23/2025 10:20:50.897 PM] Message  || User: .bettercalljack     || Channel: #yapper-committee                    || Content: Also true
[10/23/2025 10:20:54.927 PM] React+   || User: simplyshadow171295  || Channel: #yapper-committee                    || emoji=‼️; msg="Squirrels have zero respect for anything" by adeyumii
[10/23/2025 10:20:58.106 PM] React+   || User: adeyumii            || Channel: #yapper-committee                    || emoji=‼️; msg="Squirrels have zero respect for anything" by adeyumii
[10/23/2025 10:21:00.677 PM] React-   || User: unknown             || Channel: #yapper-committee                    || emoji=‼️; msg="Squirrels have zero respect for anything" by adeyumii
[10/23/2025 10:21:12.638 PM] Message  || User: simplyshadow171295  || Channel: #yapper-committee                    || Content: in a twist of fate, microwave eats them and everyone has a happy hal...
[10/23/2025 10:21:12.974 PM] Message  || User: .bettercalljack     || Channel: #yapper-committee                    || Content: Might just place it near other carved pumpkins on campus
[10/23/2025 10:21:22.889 PM] Message  || User: bubblebee5866       || Channel: #yapper-committee                    || Content: I feel like they tend to leave non opened pumpkins alone for the mos...
[10/23/2025 10:21:32.324 PM] Message  || User: .bettercalljack     || Channel: #yapper-committee                    || Content: Its the bait for sweet treats
[10/23/2025 10:21:33.707 PM] Message  || User: pancakemixteamdj    || Channel: #yapper-committee                    || Content: It speaks to  me saying ignore your hw and finish working on me instead
[10/23/2025 10:21:36.066 PM] Message  || User: adeyumii            || Channel: #yapper-committee                    || Content: You can always see if the English lounge would like the festivities
[10/23/2025 10:22:50.928 PM] Message  || User: bubblebee5866       || Channel: #yapper-committee                    || Content: Awe, makes me think of how cute microwave would look in a pumpkin co...
[10/23/2025 10:24:04.165 PM] Message  || User: bubblebee5866       || Channel: #yapper-committee                    || Content: He'd suit it perfectly✨️
[10/23/2025 10:46:30.201 PM] Message  || User: spitonme            || Channel: #events                              || Content: would u rather we put up the ones we suggested
[10/23/2025 10:46:46.332 PM] Message  || User: spitonme            || Channel: #yapper-committee                    || Content: anypony watch kamen rider
[10/23/2025 10:47:52.280 PM] Message  || User: m_digio             || Channel: #events                              || Content: Add whatever youd like!
[10/23/2025 10:48:21.512 PM] Message  || User: m_digio             || Channel: #executive-board                     || Content: (no text; attachments=0)
[10/23/2025 10:49:04.407 PM] Message  || User: slayc127            || Channel: #events                              || Content: someone should add that one adam sandler song /j
[10/23/2025 10:49:30.352 PM] Message  || User: m_digio             || Channel: #events                              || Content: At a medium pace? Or whatever its called
[10/23/2025 10:50:37.368 PM] Message  || User: spitonme            || Channel: #events                              || Content: 😭😭😭😭
[10/23/2025 10:57:53.475 PM] Message  || User: spitonme            || Channel: #events                              || Content: who put weird al in the playlist
[10/23/2025 10:59:17.433 PM] Message  || User: m_digio             || Channel: #events                              || Content: You!!
[10/23/2025 10:59:27.597 PM] Message  || User: m_digio             || Channel: #events                              || Content: I see you
[10/23/2025 10:59:36.569 PM] Message  || User: m_digio             || Channel: #events                              || Content: <:wuuh:1331331057076932750>
[10/23/2025 11:07:40.531 PM] Message  || User: pancakemixteamdj    || Channel: #yapper-committee                    || Content: question do yall use the canvas app on yall computers or yall work t...
[10/23/2025 11:08:29.257 PM] Message  || User: izzyballz           || Channel: #yapper-committee                    || Content: chrome
[10/23/2025 11:09:38.299 PM] Message  || User: .bettercalljack     || Channel: #yapper-committee                    || Content: Chrome
[10/23/2025 11:09:49.464 PM] Message  || User: .bettercalljack     || Channel: #yapper-committee                    || Content: Ima put yhe pumpkin near the food storage
[10/23/2025 11:11:21.196 PM] Message  || User: .bettercalljack     || Channel: #events                              || Content: Ngl i was fighting the urge to add a rickroll
[10/23/2025 11:12:45.663 PM] Message  || User: pancakemixteamdj    || Channel: #yapper-committee                    || Content: Okay cool i also use chrome
[10/23/2025 11:12:50.284 PM] Message  || User: pancakemixteamdj    || Channel: #yapper-committee                    || Content: Despite it eating my ram
[10/23/2025 11:13:13.339 PM] Message  || User: yaeji               || Channel: #yapper-committee                    || Content: i use brave which is chromium based
[10/23/2025 11:13:16.633 PM] Message  || User: izzyballz           || Channel: #yapper-committee                    || Content: the lioness does not concern herself with her ram usage
[10/23/2025 11:14:33.370 PM] Message  || User: .bettercalljack     || Channel: #yapper-committee                    || Content: The lion doesnt concern himself with the fact that his hs chromebook...
[10/23/2025 11:15:12.842 PM] Message  || User: pancakemixteamdj    || Channel: #yapper-committee                    || Content: The lion doesnt concern himself that I look like a mad  man with all...
[10/23/2025 11:16:13.915 PM] Message  || User: .bettercalljack     || Channel: #yapper-committee                    || Content: The lion concerns himself when a stupid fucking lockdown brower is n...
[10/23/2025 11:16:19.531 PM] Message  || User: pancakemixteamdj    || Channel: #yapper-committee                    || Content: all these google docs are for entirely different assignmnets
[10/23/2025 11:16:40.296 PM] Message  || User: yaeji               || Channel: #yapper-committee                    || Content: i've seen so much worse tbh
[10/23/2025 11:16:59.664 PM] Message  || User: yaeji               || Channel: #yapper-committee                    || Content: when the site titles are cut off and it's just the icon
[10/23/2025 11:17:02.786 PM] Message  || User: emiximez            || Channel: #pictures-of-the-cats                || Content: I LOVE HIM
[10/23/2025 11:17:04.332 PM] Action   || Name: image_intake        || Trigger: channel=551084964318543904           || Output: rows=1
[10/23/2025 11:17:14.257 PM] Message  || User: racerdg             || Channel: #pictures-of-the-cats                || Content: omfg
[10/23/2025 11:17:37.914 PM] Message  || User: emiximez            || Channel: #pictures-of-the-cats                || Content: (no text; attachments=3)
[10/23/2025 11:17:38.731 PM] Action   || Name: image_intake        || Trigger: channel=551084964318543904           || Output: rows=1
[10/23/2025 11:17:45.755 PM] Message  || User: racerdg             || Channel: #yapper-committee                    || Content: i use firefox <a:NERD:1415865545730822305>
[10/23/2025 11:17:56.392 PM] Message  || User: izzyballz           || Channel: #yapper-committee                    || Content: nerd emoji indeed
[10/23/2025 11:17:58.343 PM] Message  || User: .bettercalljack     || Channel: #yapper-committee                    || Content: Same jve seen tabs where the icons overlapped each other
[10/23/2025 11:18:07.631 PM] Edit     || User: izzyballz           || Channel: #yapper-committee                    || nerd emoji indeed -> nerd emoji indeed /lh
[10/23/2025 11:18:13.879 PM] Message  || User: pancakemixteamdj    || Channel: #yapper-committee                    || Content: oh yeah that me at peak , mid 10 page draft
[10/23/2025 11:18:25.600 PM] Message  || User: emiximez            || Channel: #pictures-of-the-cats                || Content: that is my dad in the video
[10/23/2025 11:24:11.944 PM] Message  || User: emiximez            || Channel: #bot-spam                            || Content: tomcat who is bdubs
[10/23/2025 11:24:11.947 PM] Intent   || who_is                    ||                                               || cat=BDubs
[10/23/2025 11:24:11.947 PM] Action   || Name: muted_send          || Trigger: channel=#bot-spam                    || Output: embed
[10/23/2025 11:24:13.372 PM] Message  || User: .bettercalljack     || Channel: #pictures-of-the-cats                || Content: The artwork next to the muse
[10/23/2025 11:24:13.983 PM] Action   || Name: image_intake        || Trigger: channel=551084964318543904           || Output: rows=2
[10/23/2025 11:24:19.432 PM] Message  || User: emiximez            || Channel: #bot-spam                            || Content: oh
[10/23/2025 11:24:20.705 PM] Message  || User: emiximez            || Channel: #bot-spam                            || Content: wait
[10/23/2025 11:24:24.381 PM] Message  || User: emiximez            || Channel: #bot-spam                            || Content: sorry didn't read
[10/23/2025 11:26:14.526 PM] Message  || User: .bettercalljack     || Channel: #pictures-of-the-cats                || Content: (no text; attachments=3)
[10/23/2025 11:26:15.097 PM] Action   || Name: image_intake        || Trigger: channel=551084964318543904           || Output: rows=3
[10/23/2025 11:26:50.694 PM] React+   || User: spitonme            || Channel: #events                              || emoji=🐙; msg="You!!" by m_digio
[10/23/2025 11:26:55.589 PM] Message  || User: spitonme            || Channel: #events                              || Content: heh
[10/23/2025 11:27:35.444 PM] React+   || User: slayc127            || Channel: #events                              || emoji=🐙; msg="You!!" by m_digio
[10/23/2025 11:29:55.896 PM] React+   || User: spitonme            || Channel: #pictures-of-the-cats                || emoji=🐙; msg="I LOVE HIM" by emiximez
[10/23/2025 11:30:35.572 PM] Message  || User: spitonme            || Channel: #yapper-committee                    || Content: @🌸 예준
[10/23/2025 11:30:40.993 PM] Message  || User: spitonme            || Channel: #yapper-committee                    || Content: (no text; attachments=2)
[10/23/2025 11:33:53.515 PM] Message  || User: yaeji               || Channel: #yapper-committee                    || Content: oh my god highbeam off is actually useless 😭
[10/23/2025 11:34:00.703 PM] Message  || User: yaeji               || Channel: #yapper-committee                    || Content: you weren't lying
[10/23/2025 11:34:13.697 PM] Message  || User: mochenoch           || Channel: #yapper-committee                    || Content: Didn’t even know an app existed on the computer
[10/23/2025 11:34:25.773 PM] Message  || User: .bettercalljack     || Channel: #yapper-committee                    || Content: Same
[10/23/2025 11:37:46.435 PM] React+   || User: spitonme            || Channel: #yapper-committee                    || emoji=🐙; msg="oh my god highbeam off is actually usele..." by yaeji
[10/23/2025 11:37:47.029 PM] Message  || User: austinbaustinb      || Channel: #purrley-pawsitive-pussy-pals        || Content: R there good pet hotels for cats
[10/23/2025 11:37:52.992 PM] Message  || User: austinbaustinb      || Channel: #purrley-pawsitive-pussy-pals        || Content: We’re gonna go to Chicago for a week
[10/23/2025 11:38:18.788 PM] Message  || User: austinbaustinb      || Channel: #purrley-pawsitive-pussy-pals        || Content: And it may be a big deal to fly with toothless so we’d probs just le...
[10/23/2025 11:38:26.462 PM] React+   || User: spitonme            || Channel: #yapper-committee                    || emoji=🐙; msg="Didn’t even know an app existed on the c..." by mochenoch
[10/23/2025 11:38:44.809 PM] Message  || User: austinbaustinb      || Channel: #purrley-pawsitive-pussy-pals        || Content: And idk if it’d be better to try to see if he can live with other ca...
[10/23/2025 11:39:15.775 PM] Message  || User: .bettercalljack     || Channel: #yapper-committee                    || Content: I love student succ balls x3
[10/23/2025 11:39:31.133 PM] React+   || User: simplyshadow171295  || Channel: #yapper-committee                    || emoji=‼️; msg="the lioness does not concern herself wit..." by izzyballz
[10/23/2025 11:39:41.287 PM] React+   || User: simplyshadow171295  || Channel: #yapper-committee                    || emoji=😭; msg="The lion concerns himself when a stupid ..." by .bettercalljack
[10/23/2025 11:46:43.724 PM] React+   || User: kitadan             || Channel: #pictures-of-the-cats                || emoji=🖤; msg="I LOVE HIM" by emiximez
[10/23/2025 11:51:30.659 PM] Message  || User: spitonme            || Channel: #memes                               || Content: (no text; attachments=1)
[10/23/2025 11:59:52.922 PM] Message  || User: spitonme            || Channel: #memes                               || Content: https://www.tiktok.com/t/ZP8AK4TEB/
[10/23/2025 11:59:55.004 PM] Edit     || User: spitonme            || Channel: #memes                               || https://www.tiktok.com/t/ZP8AK4TEB/ -> https://www.tiktok.com/t/ZP8AK4TEB/
