[10/29/2025 12:00:12.638 AM] React+   || User: kitadan             || Channel: #pictures-of-the-cats                || emoji=❤️; msg="the eevening" by cici4f3
[10/29/2025 12:04:38.558 AM] Message  || User: .bettercalljack     || Channel: #itty-bitty-kitty-commitee           || Content: Realest thing ever tho
[10/29/2025 12:04:44.059 AM] Message  || User: .bettercalljack     || Channel: #itty-bitty-kitty-commitee           || Content: They need a late night store
[10/29/2025 12:05:18.771 AM] React+   || User: .bettercalljack     || Channel: #introductions                       || emoji=❤️; msg="met this adorably angry critter on my wa..." by _livywivy
[10/29/2025 12:05:19.155 AM] React+   || User: .bettercalljack     || Channel: #introductions                       || emoji=🐙; msg="met this adorably angry critter on my wa..." by _livywivy
[10/29/2025 12:06:28.224 AM] Message  || User: .s3j                || Channel: #itty-bitty-kitty-commitee           || Content: Taco Bell lobby closes at midnight and drive thru at like 1 or 2 am ...
[10/29/2025 12:06:41.585 AM] Message  || User: .s3j                || Channel: #itty-bitty-kitty-commitee           || Content: Probably a bit of a walk though
[10/29/2025 12:17:03.564 AM] React+   || User: .bettercalljack     || Channel: #feeding-team                        || emoji=🎉; msg="yippee atlascat" by m_digio
[10/29/2025 12:17:17.102 AM] Message  || User: simplyshadow171295  || Channel: #yapper-committee                    || Content: [here’s](https://cdn.prod.web.uta.edu/-/media/project/website/studen...
[10/29/2025 12:17:24.750 AM] Message  || User: simplyshadow171295  || Channel: #yapper-committee                    || Content: for ESA stuff
[10/29/2025 12:18:14.978 AM] Message  || User: slayc127            || Channel: #yapper-committee                    || Content: tysm atlas
[10/29/2025 12:18:29.872 AM] Message  || User: simplyshadow171295  || Channel: #yapper-committee                    || Content: u got it
[10/29/2025 12:18:55.922 AM] Message  || User: cici4f3             || Channel: #itty-bitty-kitty-commitee           || Content: they should build a cafe Brazil on campus
[10/29/2025 12:26:35.294 AM] Message  || User: racerdg             || Channel: #report-new-cats                     || Content: lmao are you keeping them then
[10/29/2025 12:30:18.786 AM] Message  || User: bixzu               || Channel: #bot-spam                            || Content: || I forgot there was an r <:butwhy:933106564338966558> ||
[10/29/2025 12:52:49.714 AM] Message  || User: izzyballz           || Channel: #yapper-committee                    || Content: breaking out on one side of my face only but it isn’t the side i sle...
[10/29/2025 12:53:03.528 AM] Message  || User: izzyballz           || Channel: #yapper-committee                    || Content: what am i meant to do with that
[10/29/2025 12:54:24.400 AM] Message  || User: .bettercalljack     || Channel: #yapper-committee                    || Content: Remove the skin and give it a bleach soak overnight should get impur...
[10/29/2025 01:00:44.903 AM] React+   || User: slayc127            || Channel: #yapper-committee                    || emoji=‼️; msg="Remove the skin and give it a bleach soa..." by .bettercalljack
[10/29/2025 01:00:48.135 AM] Message  || User: slayc127            || Channel: #yapper-committee                    || Content: i second this
[10/29/2025 01:04:53.224 AM] Message  || User: austinbaustinb      || Channel: #yapper-committee                    || Content: Sleep on the other side
[10/29/2025 01:06:38.693 AM] Message  || User: izzyballz           || Channel: #yapper-committee                    || Content: i’m going to if it clears then my pillow case has magic properties
[10/29/2025 01:51:47.316 AM] React+   || User: celeryiscelery      || Channel: #yapper-committee                    || emoji=❤️; msg="and then my sweet adorable precious ange..." by izzyballz
[10/29/2025 02:10:16.588 AM] Action   || Name: profiles_error      || Trigger: sheet_read                           || Output: APIError: [429]: Quota exceeded for quota metric 'Read requests' and ...
[10/29/2025 02:10:16.588 AM] Action   || Name: profiles_scheduler  || Trigger: update_all                           || Output: ran
[10/29/2025 02:10:16.927 AM] Action   || Name: profiles_error      || Trigger: sheet_read                           || Output: APIError: [429]: Quota exceeded for quota metric 'Read requests' and ...
[10/29/2025 02:10:16.927 AM] Action   || Name: profiles_scheduler  || Trigger: update_all                           || Output: ran
[10/29/2025 02:10:17.314 AM] Action   || Name: profiles_error      || Trigger: sheet_read                           || Output: APIError: [429]: Quota exceeded for quota metric 'Read requests' and ...
[10/29/2025 02:10:17.314 AM] Action   || Name: profiles_scheduler  || Trigger: update_all                           || Output: ran
[10/29/2025 02:10:17.717 AM] Action   || Name: profiles_error      || Trigger: sheet_read                           || Output: APIError: [429]: Quota exceeded for quota metric 'Read requests' and ...
[10/29/2025 02:10:17.717 AM] Action   || Name: profiles_scheduler  || Trigger: update_all                           || Output: ran
[10/29/2025 02:10:18.079 AM] Action   || Name: profiles_error      || Trigger: sheet_read                           || Output: APIError: [429]: Quota exceeded for quota metric 'Read requests' and ...
[10/29/2025 02:10:18.079 AM] Action   || Name: profiles_scheduler  || Trigger: update_all                           || Output: ran
[10/29/2025 02:10:18.139 AM] Action   || Name: profiles_error      || Trigger: sheet_read                           || Output: APIError: [429]: Quota exceeded for quota metric 'Read requests' and ...
[10/29/2025 02:10:18.141 AM] Action   || Name: profiles_scheduler  || Trigger: update_all                           || Output: ran
[10/29/2025 02:10:18.601 AM] Action   || Name: profile_update_e... || Trigger: id=1                                 || Output: 404 Not Found (error code: 10008): Unknown Message
[10/29/2025 02:10:18.650 AM] Action   || Name: profile_update_e... || Trigger: id=2                                 || Output: APIError: [429]: Quota exceeded for quota metric 'Read requests' and ...
[10/29/2025 02:10:18.698 AM] Action   || Name: profile_update_e... || Trigger: id=4                                 || Output: APIError: [429]: Quota exceeded for quota metric 'Read requests' and ...
[10/29/2025 02:10:18.762 AM] Action   || Name: profile_update_e... || Trigger: id=5                                 || Output: APIError: [429]: Quota exceeded for quota metric 'Read requests' and ...
[10/29/2025 02:10:18.841 AM] Action   || Name: profile_update_e... || Trigger: id=6                                 || Output: APIError: [429]: Quota exceeded for quota metric 'Read requests' and ...
[10/29/2025 02:10:18.906 AM] Action   || Name: profile_update_e... || Trigger: id=7                                 || Output: APIError: [429]: Quota exceeded for quota metric 'Read requests' and ...
[10/29/2025 02:10:18.953 AM] Action   || Name: profile_update_e... || Trigger: id=9                                 || Output: APIError: [429]: Quota exceeded for quota metric 'Read requests' and ...
[10/29/2025 02:10:19.017 AM] Action   || Name: profile_update_e... || Trigger: id=17                                || Output: APIError: [429]: Quota exceeded for quota metric 'Read requests' and ...
[10/29/2025 02:10:19.081 AM] Action   || Name: profile_update_e... || Trigger: id=67                                || Output: APIError: [429]: Quota exceeded for quota metric 'Read requests' and ...
[10/29/2025 02:10:19.081 AM] Action   || Name: profile_update_f... || Trigger: count=9                              || Output: 1,2,4,5,6,7,9,17,67
[10/29/2025 02:10:19.081 AM] Action   || Name: profiles_scheduler  || Trigger: update_all                           || Output: ran
[10/29/2025 02:10:19.081 AM] Action   || Name: profile_update_e... || Trigger: id=1                                 || Output: 404 Not Found (error code: 10008): Unknown Message
[10/29/2025 02:10:19.144 AM] Action   || Name: profile_update_e... || Trigger: id=2                                 || Output: APIError: [429]: Quota exceeded for quota metric 'Read requests' and ...
[10/29/2025 02:10:19.193 AM] Action   || Name: profile_update_e... || Trigger: id=4                                 || Output: APIError: [429]: Quota exceeded for quota metric 'Read requests' and ...
[10/29/2025 02:10:19.265 AM] Action   || Name: profile_update_e... || Trigger: id=5                                 || Output: APIError: [429]: Quota exceeded for quota metric 'Read requests' and ...
[10/29/2025 02:10:19.321 AM] Action   || Name: profile_update_e... || Trigger: id=6                                 || Output: APIError: [429]: Quota exceeded for quota metric 'Read requests' and ...
[10/29/2025 02:10:19.384 AM] Action   || Name: profile_update_e... || Trigger: id=7                                 || Output: APIError: [429]: Quota exceeded for quota metric 'Read requests' and ...
[10/29/2025 02:10:19.449 AM] Action   || Name: profile_update_e... || Trigger: id=9                                 || Output: APIError: [429]: Quota exceeded for quota metric 'Read requests' and ...
[10/29/2025 02:10:19.528 AM] Action   || Name: profile_update_e... || Trigger: id=17                                || Output: APIError: [429]: Quota exceeded for quota metric 'Read requests' and ...
[10/29/2025 02:10:19.592 AM] Action   || Name: profile_update_e... || Trigger: id=67                                || Output: APIError: [429]: Quota exceeded for quota metric 'Read requests' and ...
[10/29/2025 02:10:19.592 AM] Action   || Name: profile_update_f... || Trigger: count=9                              || Output: 1,2,4,5,6,7,9,17,67
[10/29/2025 02:10:19.592 AM] Action   || Name: profiles_scheduler  || Trigger: update_all                           || Output: ran
[10/29/2025 02:10:19.592 AM] Action   || Name: profile_update_e... || Trigger: id=1                                 || Output: 404 Not Found (error code: 10008): Unknown Message
[10/29/2025 02:10:19.655 AM] Action   || Name: profile_update_e... || Trigger: id=2                                 || Output: APIError: [429]: Quota exceeded for quota metric 'Read requests' and ...
[10/29/2025 02:10:19.719 AM] Action   || Name: profile_update_e... || Trigger: id=4                                 || Output: APIError: [429]: Quota exceeded for quota metric 'Read requests' and ...
[10/29/2025 02:10:19.767 AM] Action   || Name: profile_update_e... || Trigger: id=5                                 || Output: APIError: [429]: Quota exceeded for quota metric 'Read requests' and ...
[10/29/2025 02:10:19.835 AM] Action   || Name: profile_update_e... || Trigger: id=6                                 || Output: APIError: [429]: Quota exceeded for quota metric 'Read requests' and ...
[10/29/2025 02:10:19.895 AM] Action   || Name: profile_update_e... || Trigger: id=7                                 || Output: APIError: [429]: Quota exceeded for quota metric 'Read requests' and ...
[10/29/2025 02:10:19.962 AM] Action   || Name: profile_update_e... || Trigger: id=9                                 || Output: APIError: [429]: Quota exceeded for quota metric 'Read requests' and ...
[10/29/2025 02:10:20.008 AM] Action   || Name: profile_update_e... || Trigger: id=17                                || Output: APIError: [429]: Quota exceeded for quota metric 'Read requests' and ...
[10/29/2025 02:10:20.072 AM] Action   || Name: profile_update_e... || Trigger: id=67                                || Output: APIError: [429]: Quota exceeded for quota metric 'Read requests' and ...
[10/29/2025 02:10:20.072 AM] Action   || Name: profile_update_f... || Trigger: count=9                              || Output: 1,2,4,5,6,7,9,17,67
[10/29/2025 02:10:20.072 AM] Action   || Name: profiles_scheduler  || Trigger: update_all                           || Output: ran
[10/29/2025 02:10:20.072 AM] Action   || Name: profile_update_e... || Trigger: id=1                                 || Output: 404 Not Found (error code: 10008): Unknown Message
[10/29/2025 02:10:20.155 AM] Action   || Name: profile_update_e... || Trigger: id=2                                 || Output: APIError: [429]: Quota exceeded for quota metric 'Read requests' and ...
[10/29/2025 02:10:20.216 AM] Action   || Name: profile_update_e... || Trigger: id=4                                 || Output: APIError: [429]: Quota exceeded for quota metric 'Read requests' and ...
[10/29/2025 02:10:20.295 AM] Action   || Name: profile_update_e... || Trigger: id=5                                 || Output: APIError: [429]: Quota exceeded for quota metric 'Read requests' and ...
[10/29/2025 02:10:20.361 AM] Action   || Name: profile_update_e... || Trigger: id=6                                 || Output: APIError: [429]: Quota exceeded for quota metric 'Read requests' and ...
[10/29/2025 02:10:20.423 AM] Action   || Name: profile_update_e... || Trigger: id=7                                 || Output: APIError: [429]: Quota exceeded for quota metric 'Read requests' and ...
[10/29/2025 02:10:20.487 AM] Action   || Name: profile_update_e... || Trigger: id=9                                 || Output: APIError: [429]: Quota exceeded for quota metric 'Read requests' and ...
[10/29/2025 02:10:20.551 AM] Action   || Name: profile_update_e... || Trigger: id=17                                || Output: APIError: [429]: Quota exceeded for quota metric 'Read requests' and ...
[10/29/2025 02:10:20.600 AM] Action   || Name: profile_update_e... || Trigger: id=67                                || Output: APIError: [429]: Quota exceeded for quota metric 'Read requests' and ...
[10/29/2025 02:10:20.600 AM] Action   || Name: profile_update_f... || Trigger: count=9                              || Output: 1,2,4,5,6,7,9,17,67
[10/29/2025 02:10:20.600 AM] Action   || Name: profiles_scheduler  || Trigger: update_all                           || Output: ran
[10/29/2025 02:10:20.600 AM] Action   || Name: profile_update_e... || Trigger: id=1                                 || Output: 404 Not Found (error code: 10008): Unknown Message
[10/29/2025 02:10:20.662 AM] Action   || Name: profile_update_e... || Trigger: id=2                                 || Output: APIError: [429]: Quota exceeded for quota metric 'Read requests' and ...
[10/29/2025 02:10:20.739 AM] Action   || Name: profile_update_e... || Trigger: id=4                                 || Output: APIError: [429]: Quota exceeded for quota metric 'Read requests' and ...
[10/29/2025 02:10:20.789 AM] Action   || Name: profile_update_e... || Trigger: id=5                                 || Output: APIError: [429]: Quota exceeded for quota metric 'Read requests' and ...
[10/29/2025 02:10:20.868 AM] Action   || Name: profile_update_e... || Trigger: id=6                                 || Output: APIError: [429]: Quota exceeded for quota metric 'Read requests' and ...
[10/29/2025 02:10:20.932 AM] Action   || Name: profile_update_e... || Trigger: id=7                                 || Output: APIError: [429]: Quota exceeded for quota metric 'Read requests' and ...
[10/29/2025 02:10:20.980 AM] Action   || Name: profile_update_e... || Trigger: id=9                                 || Output: APIError: [429]: Quota exceeded for quota metric 'Read requests' and ...
[10/29/2025 02:10:21.060 AM] Action   || Name: profile_update_e... || Trigger: id=17                                || Output: APIError: [429]: Quota exceeded for quota metric 'Read requests' and ...
[10/29/2025 02:10:21.108 AM] Action   || Name: profile_update_e... || Trigger: id=67                                || Output: APIError: [429]: Quota exceeded for quota metric 'Read requests' and ...
[10/29/2025 02:10:21.108 AM] Action   || Name: profile_update_f... || Trigger: count=9                              || Output: 1,2,4,5,6,7,9,17,67
[10/29/2025 02:10:21.108 AM] Action   || Name: profiles_scheduler  || Trigger: update_all                           || Output: ran
[10/29/2025 02:10:21.338 AM] Action   || Name: profile_update_e... || Trigger: id=1                                 || Output: 404 Not Found (error code: 10008): Unknown Message
[10/29/2025 02:10:21.382 AM] Action   || Name: profile_update_e... || Trigger: id=2                                 || Output: APIError: [429]: Quota exceeded for quota metric 'Read requests' and ...
[10/29/2025 02:10:21.447 AM] Action   || Name: profile_update_e... || Trigger: id=4                                 || Output: APIError: [429]: Quota exceeded for quota metric 'Read requests' and ...
[10/29/2025 02:10:21.519 AM] Action   || Name: profile_update_e... || Trigger: id=5                                 || Output: APIError: [429]: Quota exceeded for quota metric 'Read requests' and ...
[10/29/2025 02:10:21.574 AM] Action   || Name: profile_update_e... || Trigger: id=6                                 || Output: APIError: [429]: Quota exceeded for quota metric 'Read requests' and ...
[10/29/2025 02:10:21.637 AM] Action   || Name: profile_update_e... || Trigger: id=7                                 || Output: APIError: [429]: Quota exceeded for quota metric 'Read requests' and ...
[10/29/2025 02:10:21.697 AM] Action   || Name: profile_update_e... || Trigger: id=9                                 || Output: APIError: [429]: Quota exceeded for quota metric 'Read requests' and ...
[10/29/2025 02:10:21.748 AM] Action   || Name: profile_update_e... || Trigger: id=17                                || Output: APIError: [429]: Quota exceeded for quota metric 'Read requests' and ...
[10/29/2025 02:10:21.812 AM] Action   || Name: profile_update_e... || Trigger: id=67                                || Output: APIError: [429]: Quota exceeded for quota metric 'Read requests' and ...
[10/29/2025 02:10:21.812 AM] Action   || Name: profile_update_f... || Trigger: count=9                              || Output: 1,2,4,5,6,7,9,17,67
[10/29/2025 02:10:21.812 AM] Action   || Name: profiles_scheduler  || Trigger: update_all                           || Output: ran
[10/29/2025 02:10:22.118 AM] Action   || Name: profile_update_e... || Trigger: id=1                                 || Output: 404 Not Found (error code: 10008): Unknown Message
[10/29/2025 02:10:22.182 AM] Action   || Name: profile_update_e... || Trigger: id=2                                 || Output: APIError: [429]: Quota exceeded for quota metric 'Read requests' and ...
[10/29/2025 02:10:22.246 AM] Action   || Name: profile_update_e... || Trigger: id=4                                 || Output: APIError: [429]: Quota exceeded for quota metric 'Read requests' and ...
[10/29/2025 02:10:22.295 AM] Action   || Name: profile_update_e... || Trigger: id=5                                 || Output: APIError: [429]: Quota exceeded for quota metric 'Read requests' and ...
[10/29/2025 02:10:22.358 AM] Action   || Name: profile_update_e... || Trigger: id=6                                 || Output: APIError: [429]: Quota exceeded for quota metric 'Read requests' and ...
[10/29/2025 02:10:22.423 AM] Action   || Name: profile_update_e... || Trigger: id=7                                 || Output: APIError: [429]: Quota exceeded for quota metric 'Read requests' and ...
[10/29/2025 02:10:22.503 AM] Action   || Name: profile_update_e... || Trigger: id=9                                 || Output: APIError: [429]: Quota exceeded for quota metric 'Read requests' and ...
[10/29/2025 02:10:22.567 AM] Action   || Name: profile_update_e... || Trigger: id=17                                || Output: APIError: [429]: Quota exceeded for quota metric 'Read requests' and ...
[10/29/2025 02:10:22.632 AM] Action   || Name: profile_update_e... || Trigger: id=67                                || Output: APIError: [429]: Quota exceeded for quota metric 'Read requests' and ...
[10/29/2025 02:10:22.632 AM] Action   || Name: profile_update_f... || Trigger: count=9                              || Output: 1,2,4,5,6,7,9,17,67
[10/29/2025 02:10:22.632 AM] Action   || Name: profiles_scheduler  || Trigger: update_all                           || Output: ran
[10/29/2025 02:10:24.367 AM] Action   || Name: profile_update_e... || Trigger: id=1                                 || Output: 404 Not Found (error code: 10008): Unknown Message
[10/29/2025 02:10:24.436 AM] Action   || Name: profile_update_e... || Trigger: id=2                                 || Output: APIError: [429]: Quota exceeded for quota metric 'Read requests' and ...
[10/29/2025 02:10:24.482 AM] Action   || Name: profile_update_e... || Trigger: id=4                                 || Output: APIError: [429]: Quota exceeded for quota metric 'Read requests' and ...
[10/29/2025 02:10:24.545 AM] Action   || Name: profile_update_e... || Trigger: id=5                                 || Output: APIError: [429]: Quota exceeded for quota metric 'Read requests' and ...
[10/29/2025 02:10:24.624 AM] Action   || Name: profile_update_e... || Trigger: id=6                                 || Output: APIError: [429]: Quota exceeded for quota metric 'Read requests' and ...
[10/29/2025 02:10:24.672 AM] Action   || Name: profile_update_e... || Trigger: id=7                                 || Output: APIError: [429]: Quota exceeded for quota metric 'Read requests' and ...
[10/29/2025 02:10:24.749 AM] Action   || Name: profile_update_e... || Trigger: id=9                                 || Output: APIError: [429]: Quota exceeded for quota metric 'Read requests' and ...
[10/29/2025 02:10:24.816 AM] Action   || Name: profile_update_e... || Trigger: id=17                                || Output: APIError: [429]: Quota exceeded for quota metric 'Read requests' and ...
[10/29/2025 02:10:24.862 AM] Action   || Name: profile_update_e... || Trigger: id=67                                || Output: APIError: [429]: Quota exceeded for quota metric 'Read requests' and ...
[10/29/2025 02:10:24.862 AM] Action   || Name: profile_update_f... || Trigger: count=9                              || Output: 1,2,4,5,6,7,9,17,67
[10/29/2025 02:10:24.862 AM] Action   || Name: profiles_scheduler  || Trigger: update_all                           || Output: ran
[10/29/2025 02:34:45.584 AM] React+   || User: vasyline            || Channel: #introductions                       || emoji=❤️; msg="met this adorably angry critter on my wa..." by _livywivy
[10/29/2025 03:00:01.505 AM] Action   || Name: dues_membership_... || Trigger: sheet=1PBvCd6gTwc1_aqlCtn93xPW7XJ... || Output: ws=Membership Application List
[10/29/2025 03:00:05.028 AM] Action   || Name: dues_membership_... || Trigger: row=2                                || Output: Date|Mavorgs Invite|Semester|Email|Full Name|Discord Username|Payment...
[10/29/2025 03:00:05.028 AM] Action   || Name: dues_membership_... || Trigger: total=1002                           || Output: usable=858
[10/29/2025 03:00:05.028 AM] Action   || Name: dues_scheduler      || Trigger: count=0                              || Output: done
[10/29/2025 03:00:05.044 AM] Action   || Name: dues_membership_... || Trigger: sheet=1PBvCd6gTwc1_aqlCtn93xPW7XJ... || Output: ws=Membership Application List
[10/29/2025 03:00:05.044 AM] Action   || Name: dues_scheduler      || Trigger: count=0                              || Output: done
[10/29/2025 03:00:05.044 AM] Action   || Name: dues_membership_... || Trigger: sheet=1PBvCd6gTwc1_aqlCtn93xPW7XJ... || Output: ws=Membership Application List
[10/29/2025 03:00:05.044 AM] Action   || Name: dues_scheduler      || Trigger: count=0                              || Output: done
[10/29/2025 03:00:05.044 AM] Action   || Name: dues_membership_... || Trigger: sheet=1PBvCd6gTwc1_aqlCtn93xPW7XJ... || Output: ws=Membership Application List
[10/29/2025 03:00:05.044 AM] Action   || Name: dues_scheduler      || Trigger: count=0                              || Output: done
[10/29/2025 03:00:05.044 AM] Action   || Name: dues_membership_... || Trigger: sheet=1PBvCd6gTwc1_aqlCtn93xPW7XJ... || Output: ws=Membership Application List
[10/29/2025 03:00:05.044 AM] Action   || Name: dues_scheduler      || Trigger: count=0                              || Output: done
[10/29/2025 03:00:05.316 AM] Action   || Name: dues_membership_... || Trigger: sheet=1PBvCd6gTwc1_aqlCtn93xPW7XJ... || Output: ws=Membership Application List
[10/29/2025 03:00:05.316 AM] Action   || Name: dues_scheduler      || Trigger: count=0                              || Output: done
[10/29/2025 03:00:05.332 AM] Action   || Name: dues_membership_... || Trigger: sheet=1PBvCd6gTwc1_aqlCtn93xPW7XJ... || Output: ws=Membership Application List
[10/29/2025 03:00:05.332 AM] Action   || Name: dues_scheduler      || Trigger: count=0                              || Output: done
[10/29/2025 03:00:05.668 AM] Action   || Name: dues_membership_... || Trigger: sheet=1PBvCd6gTwc1_aqlCtn93xPW7XJ... || Output: ws=Membership Application List
[10/29/2025 03:00:05.668 AM] Action   || Name: dues_scheduler      || Trigger: count=0                              || Output: done
[10/29/2025 03:00:06.411 AM] Action   || Name: dues_membership_... || Trigger: sheet=1PBvCd6gTwc1_aqlCtn93xPW7XJ... || Output: ws=Membership Application List
[10/29/2025 03:00:06.411 AM] Action   || Name: dues_scheduler      || Trigger: count=0                              || Output: done
[10/29/2025 03:00:08.361 AM] Action   || Name: dues_membership_... || Trigger: sheet=1PBvCd6gTwc1_aqlCtn93xPW7XJ... || Output: ws=Membership Application List
[10/29/2025 03:00:08.361 AM] Action   || Name: dues_scheduler      || Trigger: count=0                              || Output: done
[10/29/2025 03:00:08.599 AM] Action   || Name: dues_membership_... || Trigger: sheet=1PBvCd6gTwc1_aqlCtn93xPW7XJ... || Output: ws=Membership Application List
[10/29/2025 03:00:08.599 AM] Action   || Name: dues_scheduler      || Trigger: count=0                              || Output: done
[10/29/2025 03:00:09.559 AM] Action   || Name: dues_membership_... || Trigger: sheet=1PBvCd6gTwc1_aqlCtn93xPW7XJ... || Output: ws=Membership Application List
[10/29/2025 03:00:09.559 AM] Action   || Name: dues_scheduler      || Trigger: count=0                              || Output: done
[10/29/2025 03:00:10.548 AM] Action   || Name: dues_membership_... || Trigger: sheet=1PBvCd6gTwc1_aqlCtn93xPW7XJ... || Output: ws=Membership Application List
[10/29/2025 03:00:10.548 AM] Action   || Name: dues_scheduler      || Trigger: count=0                              || Output: done
[10/29/2025 03:00:12.388 AM] Action   || Name: dues_membership_... || Trigger: sheet=1PBvCd6gTwc1_aqlCtn93xPW7XJ... || Output: ws=Membership Application List
[10/29/2025 03:00:12.388 AM] Action   || Name: dues_scheduler      || Trigger: count=0                              || Output: done
[10/29/2025 05:17:37.837 AM] React+   || User: kitadan             || Channel: #yapper-committee                    || emoji=‼️; msg="Remove the skin and give it a bleach soa..." by .bettercalljack
[10/29/2025 05:51:54.468 AM] React+   || User: adeyumii            || Channel: #report-new-cats                     || emoji=😭; msg=1432920675739373659
[10/29/2025 05:52:51.815 AM] Message  || User: adeyumii            || Channel: #feeding-team                        || Content: I was asleep rip
[10/29/2025 07:28:17.386 AM] React+   || User: spitonme            || Channel: #itty-bitty-kitty-commitee           || emoji=🐙; msg="They need a late night store" by .bettercalljack
[10/29/2025 07:28:32.213 AM] React+   || User: spitonme            || Channel: #pictures-of-the-cats                || emoji=🐙; msg=1432808001915322499
[10/29/2025 07:58:37.006 AM] Message  || User: austinbaustinb      || Channel: #purrley-pawsitive-pussy-pals        || Content: profen
[10/29/2025 07:59:21.489 AM] Message  || User: izzyballz           || Channel: #yapper-committee                    || Content: HELLO WDYM FEELS LIKE 31
[10/29/2025 08:03:26.426 AM] Message  || User: reyesthighs         || Channel: #yapper-committee                    || Content: https://tenor.com/view/james-wilson-house-md-house-md-james-wilson-s...
[10/29/2025 08:03:26.694 AM] Edit     || User: reyesthighs         || Channel: #yapper-committee                    || https://tenor.com/view/james-wilson-house-md-house-md-james-wilson-sparkle-we...
[10/29/2025 08:03:38.076 AM] Message  || User: adeyumii            || Channel: #yapper-committee                    || Content: feeling like a German up in here with the windows open for lüften
[10/29/2025 08:03:53.600 AM] React+   || User: simplyshadow171295  || Channel: #yapper-committee                    || emoji=😭; msg="feeling like a German up in here with th..." by adeyumii
[10/29/2025 08:03:56.314 AM] React+   || User: reyesthighs         || Channel: #yapper-committee                    || emoji=😭; msg="feeling like a German up in here with th..." by adeyumii
[10/29/2025 08:03:57.622 AM] React+   || User: simplyshadow171295  || Channel: #yapper-committee                    || emoji=✨; msg="https://tenor.com/view/james-wilson-hous..." by reyesthighs
[10/29/2025 08:16:59.621 AM] Message  || User: not_d3fault_1420    || Channel: #pictures-of-the-cats                || Content: (no text; attachments=1)
[10/29/2025 08:17:29.021 AM] Message  || User: not_d3fault_1420    || Channel: #pictures-of-the-cats                || Content: he was happy to see me lol
[10/29/2025 08:17:45.917 AM] Message  || User: simplyshadow171295  || Channel: #pictures-of-the-cats                || Content: ugh i haven’t seen that man all week, i need to go visit
[10/29/2025 08:18:36.680 AM] React+   || User: kitadan             || Channel: #yapper-committee                    || emoji=✨; msg="https://tenor.com/view/james-wilson-hous..." by reyesthighs
[10/29/2025 08:18:38.779 AM] React+   || User: kitadan             || Channel: #yapper-committee                    || emoji=😭; msg="feeling like a German up in here with th..." by adeyumii
[10/29/2025 08:22:38.177 AM] React+   || User: not_d3fault_1420    || Channel: #yapper-committee                    || emoji=😭; msg="HELLO WDYM FEELS LIKE 31" by izzyballz
[10/29/2025 08:22:54.368 AM] Message  || User: austinbaustinb      || Channel: #yapper-committee                    || Content: I’m so sad I got work rn I want to go outside
[10/29/2025 08:22:59.124 AM] Message  || User: austinbaustinb      || Channel: #yapper-committee                    || Content: I want to feel cold again
[10/29/2025 08:23:24.335 AM] Message  || User: austinbaustinb      || Channel: #yapper-committee                    || Content: It’s gonna “feel like” 50 when im off
[10/29/2025 08:47:18.753 AM] Message  || User: adeyumii            || Channel: #pictures-of-the-cats                || Content: Today might be a microwave in the lap day
[10/29/2025 08:48:22.691 AM] React+   || User: simplyshadow171295  || Channel: #pictures-of-the-cats                || emoji=‼️; msg="Today might be a microwave in the lap da..." by adeyumii
[10/29/2025 08:56:38.977 AM] Message  || User: reyesthighs         || Channel: #yapper-committee                    || Content: its so cold outside chat
[10/29/2025 08:56:59.373 AM] Message  || User: reyesthighs         || Channel: #yapper-committee                    || Content: my class requires me to wear a dress for my presentation
[10/29/2025 08:57:11.651 AM] Message  || User: reyesthighs         || Channel: #yapper-committee                    || Content: I am going to skip my other two classes IDGAF
[10/29/2025 08:57:59.585 AM] Message  || User: adeyumii            || Channel: #yapper-committee                    || Content: real
[10/29/2025 08:59:04.972 AM] React+   || User: spitonme            || Channel: #yapper-committee                    || emoji=🐙; msg="I’m so sad I got work rn I want to go ou..." by austinbaustinb
[10/29/2025 08:59:23.634 AM] Message  || User: spitonme            || Channel: #pictures-of-the-cats                || Content: #needthat
[10/29/2025 09:01:25.361 AM] React+   || User: kitadan             || Channel: #pictures-of-the-cats                || emoji=‼️; msg="Today might be a microwave in the lap da..." by adeyumii
[10/29/2025 09:09:14.706 AM] React+   || User: orphean_            || Channel: #feeding-team                        || emoji=🫁; msg="I was asleep rip" by adeyumii
[10/29/2025 09:09:38.880 AM] Message  || User: orphean_            || Channel: #feeding-team                        || Content: west hall fed!
[10/29/2025 09:09:38.880 AM] Intent   || feed_update               ||                                               || station=West Hall; dates=['2025-10-29']
[10/29/2025 09:09:41.055 AM] Action   || Name: sheet_mark          || Trigger: station=West Hall date=2025-10-29    || Output: ok
[10/29/2025 09:09:41.055 AM] Action   || Name: feed_update         || Trigger: station=West Hall; dates=2025-10-29  || Output: ok
[10/29/2025 09:18:54.948 AM] Message  || User: a1darek             || Channel: #purrley-pawsitive-pussy-pals        || Content: You be what
[10/29/2025 09:22:25.483 AM] React+   || User: the.lemonade.stand  || Channel: #report-new-cats                     || emoji=😭; msg=1432920675739373659
[10/29/2025 09:33:15.251 AM] React+   || User: austinbaustinb      || Channel: #purrley-pawsitive-pussy-pals        || emoji=🇵; msg="You be what" by a1darek
[10/29/2025 09:33:33.561 AM] React+   || User: austinbaustinb      || Channel: #purrley-pawsitive-pussy-pals        || emoji=🇷; msg="You be what" by a1darek
[10/29/2025 09:33:37.490 AM] React+   || User: austinbaustinb      || Channel: #purrley-pawsitive-pussy-pals        || emoji=🇴; msg="You be what" by a1darek
[10/29/2025 09:33:41.471 AM] React+   || User: austinbaustinb      || Channel: #purrley-pawsitive-pussy-pals        || emoji=🇫; msg="You be what" by a1darek
[10/29/2025 09:33:44.845 AM] React+   || User: austinbaustinb      || Channel: #purrley-pawsitive-pussy-pals        || emoji=🇪; msg="You be what" by a1darek
[10/29/2025 09:34:04.669 AM] React+   || User: austinbaustinb      || Channel: #purrley-pawsitive-pussy-pals        || emoji=🇳; msg="You be what" by a1darek
[10/29/2025 09:35:17.968 AM] Message  || User: austinbaustinb      || Channel: #purrley-pawsitive-pussy-pals        || Content: Fuckkkkk dude waffles rn sounds so good
[10/29/2025 09:35:23.178 AM] Message  || User: austinbaustinb      || Channel: #executive-board                     || Content: HEY!!!!!!!
[10/29/2025 09:35:49.607 AM] React+   || User: slayc127            || Channel: #purrley-pawsitive-pussy-pals        || emoji=😆; msg="You be what" by a1darek
[10/29/2025 09:36:10.690 AM] Message  || User: austinbaustinb      || Channel: #executive-board                     || Content: When the feeding station is done where should I put it. Its a little...
[10/29/2025 09:42:06.511 AM] React+   || User: m_digio             || Channel: #purrley-pawsitive-pussy-pals        || emoji=🇵; msg="You be what" by a1darek
[10/29/2025 09:42:06.715 AM] React+   || User: m_digio             || Channel: #purrley-pawsitive-pussy-pals        || emoji=🇷; msg="You be what" by a1darek
[10/29/2025 09:42:07.082 AM] React+   || User: m_digio             || Channel: #purrley-pawsitive-pussy-pals        || emoji=🇴; msg="You be what" by a1darek
[10/29/2025 09:42:07.551 AM] React+   || User: m_digio             || Channel: #purrley-pawsitive-pussy-pals        || emoji=🇫; msg="You be what" by a1darek
[10/29/2025 09:42:08.811 AM] React+   || User: m_digio             || Channel: #purrley-pawsitive-pussy-pals        || emoji=🇪; msg="You be what" by a1darek
[10/29/2025 09:42:09.693 AM] React+   || User: m_digio             || Channel: #purrley-pawsitive-pussy-pals        || emoji=🇳; msg="You be what" by a1darek
[10/29/2025 09:42:44.075 AM] Message  || User: m_digio             || Channel: #executive-board                     || Content: This box is going at fine arts so like in the bushes is fine
[10/29/2025 09:43:46.096 AM] React+   || User: austinbaustinb      || Channel: #executive-board                     || emoji=👍; msg="This box is going at fine arts so like i..." by m_digio
[10/29/2025 09:45:27.020 AM] Message  || User: slayc127            || Channel: #purrley-pawsitive-pussy-pals        || Content: i am supposed to eat with my antibiotics but nothing appeals to me
[10/29/2025 09:48:53.191 AM] Message  || User: austinbaustinb      || Channel: #purrley-pawsitive-pussy-pals        || Content: Saltine crackers?
[10/29/2025 09:49:07.797 AM] Message  || User: m_digio             || Channel: #purrley-pawsitive-pussy-pals        || Content: Soup
[10/29/2025 09:49:53.947 AM] Message  || User: slayc127            || Channel: #purrley-pawsitive-pussy-pals        || Content: i have had too much of both
[10/29/2025 09:50:06.600 AM] Message  || User: slayc127            || Channel: #purrley-pawsitive-pussy-pals        || Content: i shall figure something out 😔
[10/29/2025 09:50:21.576 AM] Message  || User: m_digio             || Channel: #purrley-pawsitive-pussy-pals        || Content: Mashed potatos
[10/29/2025 09:50:30.394 AM] Message  || User: slayc127            || Channel: #purrley-pawsitive-pussy-pals        || Content: i actually did just buy potatoes
[10/29/2025 09:57:45.117 AM] Message  || User: izzyballz           || Channel: #yapper-committee                    || Content: oh i hate this weather
[10/29/2025 09:57:50.912 AM] Message  || User: izzyballz           || Channel: #yapper-committee                    || Content: i can’t stand cold wind
[10/29/2025 09:57:58.093 AM] Message  || User: .bettercalljack     || Channel: #yapper-committee                    || Content: Same
[10/29/2025 09:58:02.060 AM] Message  || User: slayc127            || Channel: #yapper-committee                    || Content: do u realize u r living my dream guys
[10/29/2025 09:58:04.256 AM] Message  || User: .bettercalljack     || Channel: #yapper-committee                    || Content: I feel like an actual reptile rn
[10/29/2025 09:58:09.697 AM] Message  || User: .bettercalljack     || Channel: #yapper-committee                    || Content: WHY IS THE WIND IN MY CLOTHES
[10/29/2025 09:58:10.345 AM] Message  || User: slayc127            || Channel: #yapper-committee                    || Content: cold weather kazius cannot enjoy...how cruel
[10/29/2025 09:58:14.173 AM] React+   || User: slayc127            || Channel: #yapper-committee                    || emoji=😭; msg="WHY IS THE WIND IN MY CLOTHES" by .bettercalljack
[10/29/2025 09:58:14.873 AM] React+   || User: a1darek             || Channel: #purrley-pawsitive-pussy-pals        || emoji=‼️; msg="Fuckkkkk dude waffles rn sounds so good" by austinbaustinb
[10/29/2025 09:58:19.070 AM] Message  || User: izzyballz           || Channel: #yapper-committee                    || Content: LICH
[10/29/2025 09:58:32.292 AM] Message  || User: a1darek             || Channel: #purrley-pawsitive-pussy-pals        || Content: Waffle house beckons you
[10/29/2025 09:58:35.989 AM] React+   || User: slayc127            || Channel: #purrley-pawsitive-pussy-pals        || emoji=😆; msg="Waffle house beckons you" by a1darek
[10/29/2025 09:58:37.856 AM] Message  || User: izzyballz           || Channel: #yapper-committee                    || Content: go stand outside bro 😞✌️
[10/29/2025 09:58:43.090 AM] Message  || User: slayc127            || Channel: #purrley-pawsitive-pussy-pals        || Content: waffle house waffles r Mid
[10/29/2025 09:59:04.136 AM] Message  || User: slayc127            || Channel: #yapper-committee                    || Content: no...i must suffer in my apartment /silly
[10/29/2025 09:59:08.815 AM] Message  || User: m_digio             || Channel: #purrley-pawsitive-pussy-pals        || Content: Hashbrown bowl🤤🤤
[10/29/2025 09:59:11.088 AM] Message  || User: izzyballz           || Channel: #yapper-committee                    || Content: izzy balls needs to get a jacket
[10/29/2025 10:00:19.256 AM] Message  || User: izzyballz           || Channel: #yapper-committee                    || Content: guys the equate french vanilla meal replacement shakes are pretty good
[10/29/2025 10:01:16.061 AM] Message  || User: austinbaustinb      || Channel: #purrley-pawsitive-pussy-pals        || Content: Can someone blow up my job and then my classes
[10/29/2025 10:01:18.897 AM] React+   || User: slayc127            || Channel: #yapper-committee                    || emoji=😭; msg="guys the equate french vanilla meal repl..." by izzyballz
[10/29/2025 10:01:23.022 AM] React+   || User: slayc127            || Channel: #purrley-pawsitive-pussy-pals        || emoji=😆; msg="Can someone blow up my job and then my c..." by austinbaustinb
[10/29/2025 10:01:23.872 AM] React+   || User: slayc127            || Channel: #purrley-pawsitive-pussy-pals        || emoji=😭; msg="Can someone blow up my job and then my c..." by austinbaustinb
[10/29/2025 10:02:45.809 AM] React+   || User: .bettercalljack     || Channel: #pictures-of-the-cats                || emoji=‼️; msg="Today might be a microwave in the lap da..." by adeyumii
[10/29/2025 10:04:56.219 AM] React+   || User: a1darek             || Channel: #purrley-pawsitive-pussy-pals        || emoji=❤️; msg="Can someone blow up my job and then my c..." by austinbaustinb
[10/29/2025 10:06:26.390 AM] Message  || User: simplyshadow171295  || Channel: #pictures-of-the-cats                || Content: oh man, how will i ever conjoin these two words??
the humble apostro...
[10/29/2025 10:06:30.214 AM] Action   || Name: image_intake        || Trigger: channel=551084964318543904           || Output: rows=1
[10/29/2025 10:06:35.315 AM] React+   || User: izzyballz           || Channel: #pictures-of-the-cats                || emoji=❤️; msg="oh man, how will i ever conjoin these tw..." by simplyshadow17...
[10/29/2025 10:06:48.736 AM] React+   || User: a1darek             || Channel: #pictures-of-the-cats                || emoji=❤️; msg="oh man, how will i ever conjoin these tw..." by simplyshadow17...
[10/29/2025 10:07:03.636 AM] Message  || User: izzyballz           || Channel: #yapper-committee                    || Content: just got publicly called out for not turning in my english essay so ...
[10/29/2025 10:07:07.303 AM] React+   || User: .bettercalljack     || Channel: #pictures-of-the-cats                || emoji=❤️; msg="oh man, how will i ever conjoin these tw..." by simplyshadow17...
[10/29/2025 10:07:19.224 AM] Message  || User: izzyballz           || Channel: #yapper-committee                    || Content: and i am one of two people who don't have it done
[10/29/2025 10:07:34.669 AM] React+   || User: m_digio             || Channel: #pictures-of-the-cats                || emoji=❤️; msg="oh man, how will i ever conjoin these tw..." by simplyshadow17...
[10/29/2025 10:07:53.016 AM] Message  || User: .s3j                || Channel: #yapper-committee                    || Content: I HOPE this weather stays the same my outfit is so cute and cozy
[10/29/2025 10:08:06.352 AM] Message  || User: .s3j                || Channel: #yapper-committee                    || Content: Though the wind is actually insane
[10/29/2025 10:08:20.833 AM] React+   || User: .s3j                || Channel: #pictures-of-the-cats                || emoji=❤️; msg="oh man, how will i ever conjoin these tw..." by simplyshadow17...
[10/29/2025 10:08:22.359 AM] React+   || User: adeyumii            || Channel: #pictures-of-the-cats                || emoji=❤️; msg="oh man, how will i ever conjoin these tw..." by simplyshadow17...
[10/29/2025 10:08:36.165 AM] Message  || User: adeyumii            || Channel: #pictures-of-the-cats                || Content: He looks like how people pose newborns in baby photoshoots
[10/29/2025 10:08:45.966 AM] React+   || User: simplyshadow171295  || Channel: #pictures-of-the-cats                || emoji=😭; msg="He looks like how people pose newborns i..." by adeyumii
[10/29/2025 10:09:15.957 AM] Message  || User: a1darek             || Channel: #purrley-pawsitive-pussy-pals        || Content: (no text; attachments=1)
[10/29/2025 10:12:25.175 AM] Message  || User: simplyshadow171295  || Channel: #pictures-of-the-cats                || Content: he’s taking a restroom break
[10/29/2025 10:13:59.283 AM] Message  || User: yaeji               || Channel: #yapper-committee                    || Content: i opened all four windows to let that cold in
[10/29/2025 10:14:12.061 AM] Edit     || User: yaeji               || Channel: #yapper-committee                    || i opened all four windows to let that cold in -> i opened all four windows in...
[10/29/2025 10:16:39.238 AM] React+   || User: slayc127            || Channel: #pictures-of-the-cats                || emoji=❤️; msg="oh man, how will i ever conjoin these tw..." by simplyshadow17...
[10/29/2025 10:16:41.795 AM] React+   || User: slayc127            || Channel: #pictures-of-the-cats                || emoji=😭; msg="He looks like how people pose newborns i..." by adeyumii
[10/29/2025 10:16:59.858 AM] Message  || User: yaeji               || Channel: #yapper-committee                    || Content: it cancels out the radiator effect my computer has
[10/29/2025 10:17:04.050 AM] Message  || User: yaeji               || Channel: #yapper-committee                    || Content: -5 degrees
[10/29/2025 10:17:16.859 AM] React+   || User: slayc127            || Channel: #purrley-pawsitive-pussy-pals        || emoji=😭; msg=1433110447409856683
[10/29/2025 10:17:40.798 AM] React+   || User: slayc127            || Channel: #yapper-committee                    || emoji=😭; msg="just got publicly called out for not tur..." by izzyballz
[10/29/2025 10:17:45.181 AM] Message  || User: slayc127            || Channel: #yapper-committee                    || Content: LMFAO?
[10/29/2025 10:19:41.524 AM] Message  || User: simplyshadow171295  || Channel: #pictures-of-the-cats                || Content: interview done successfully
[10/29/2025 10:19:46.483 AM] Message  || User: izzyballz           || Channel: #yapper-committee                    || Content: finally read through the rubric this isn't even hard
[10/29/2025 10:19:49.760 AM] Message  || User: izzyballz           || Channel: #yapper-committee                    || Content: fuck my chungus life
[10/29/2025 10:20:09.713 AM] Message  || User: slayc127            || Channel: #yapper-committee                    || Content: is this the essay u were talking about literally a month ago
[10/29/2025 10:20:11.665 AM] Message  || User: slayc127            || Channel: #yapper-committee                    || Content: staring at u
[10/29/2025 10:20:15.404 AM] Message  || User: izzyballz           || Channel: #yapper-committee                    || Content: no different one
[10/29/2025 10:20:19.478 AM] Message  || User: izzyballz           || Channel: #yapper-committee                    || Content: i did turn that one in
[10/29/2025 10:20:19.574 AM] Message  || User: slayc127            || Channel: #yapper-committee                    || Content: okay good
[10/29/2025 10:20:24.868 AM] Message  || User: izzyballz           || Channel: #yapper-committee                    || Content: same class though
[10/29/2025 10:20:25.715 AM] React+   || User: slayc127            || Channel: #pictures-of-the-cats                || emoji=😆; msg="interview done successfully" by simplyshadow171295
[10/29/2025 10:20:33.814 AM] Message  || User: slayc127            || Channel: #yapper-committee                    || Content: unfortunate
[10/29/2025 10:22:44.096 AM] Message  || User: izzyballz           || Channel: #yapper-committee                    || Content: and i still have a month of online class work to do by tmr at 5pm ju...
[10/29/2025 10:22:49.358 AM] Message  || User: izzyballz           || Channel: #yapper-committee                    || Content: why do i do this to myself
[10/29/2025 10:22:53.491 AM] Message  || User: izzyballz           || Channel: #yapper-committee                    || Content: fully my fault btw
[10/29/2025 10:23:41.419 AM] Message  || User: simplyshadow171295  || Channel: #pictures-of-the-cats                || Content: you think he’s hungry
[10/29/2025 10:23:42.832 AM] Action   || Name: image_intake        || Trigger: channel=551084964318543904           || Output: rows=1
[10/29/2025 10:23:54.921 AM] Message  || User: simplyshadow171295  || Channel: #pictures-of-the-cats                || Content: he also went in his house for a minute
[10/29/2025 10:23:55.685 AM] Action   || Name: image_intake        || Trigger: channel=551084964318543904           || Output: rows=1
[10/29/2025 10:23:56.064 AM] React+   || User: slayc127            || Channel: #pictures-of-the-cats                || emoji=😆; msg="you think he’s hungry" by simplyshadow171295
[10/29/2025 10:23:58.279 AM] React+   || User: slayc127            || Channel: #pictures-of-the-cats                || emoji=😭; msg="he also went in his house for a minute" by simplyshadow171295
[10/29/2025 10:24:01.506 AM] React+   || User: slayc127            || Channel: #pictures-of-the-cats                || emoji=😆; msg="he also went in his house for a minute" by simplyshadow171295
[10/29/2025 10:24:09.262 AM] React+   || User: spitonme            || Channel: #yapper-committee                    || emoji=🐙; msg="just got publicly called out for not tur..." by izzyballz
[10/29/2025 10:24:09.928 AM] Message  || User: slayc127            || Channel: #pictures-of-the-cats                || Content: bro said no paparazzi
[10/29/2025 10:24:21.682 AM] React+   || User: spitonme            || Channel: #yapper-committee                    || emoji=🐙; msg="fully my fault btw" by izzyballz
[10/29/2025 10:24:24.003 AM] Message  || User: spitonme            || Channel: #yapper-committee                    || Content: me af
[10/29/2025 10:31:35.386 AM] React+   || User: .bettercalljack     || Channel: #pictures-of-the-cats                || emoji=😆; msg="you think he’s hungry" by simplyshadow171295
[10/29/2025 10:31:41.048 AM] React+   || User: .bettercalljack     || Channel: #pictures-of-the-cats                || emoji=😭; msg="he also went in his house for a minute" by simplyshadow171295
[10/29/2025 10:31:41.400 AM] React+   || User: .bettercalljack     || Channel: #pictures-of-the-cats                || emoji=😆; msg="he also went in his house for a minute" by simplyshadow171295
[10/29/2025 10:32:05.194 AM] Message  || User: .bettercalljack     || Channel: #yapper-committee                    || Content: Me
[10/29/2025 10:32:32.526 AM] Message  || User: izzyballz           || Channel: #yapper-committee                    || Content: do i sign up for shifts on tuesday wednesday or monday wednesday
[10/29/2025 10:32:44.030 AM] Message  || User: spitonme            || Channel: #yapper-committee                    || Content: tues wed
[10/29/2025 10:32:55.246 AM] Message  || User: izzyballz           || Channel: #yapper-committee                    || Content: cute
[10/29/2025 10:33:12.361 AM] Message  || User: izzyballz           || Channel: #yapper-committee                    || Content: this is when my second job comes in handy because why am i off for 4...
[10/29/2025 10:33:17.708 AM] React+   || User: spitonme            || Channel: #yapper-committee                    || emoji=🐙; msg="this is when my second job comes in hand..." by izzyballz
[10/29/2025 10:33:18.400 AM] Message  || User: izzyballz           || Channel: #yapper-committee                    || Content: no thank you let me clock in
[10/29/2025 10:33:30.796 AM] Message  || User: spitonme            || Channel: #yapper-committee                    || Content: ur bag is def up
[10/29/2025 10:33:33.417 AM] Message  || User: spitonme            || Channel: #yapper-committee                    || Content: my bag is down
[10/29/2025 10:36:32.690 AM] Message  || User: slayc127            || Channel: #announcements                       || Content: @​here harassing everyone to remind them to sign up for our bake sal...
[10/29/2025 10:46:06.064 AM] Message  || User: izzyballz           || Channel: #yapper-committee                    || Content: @Shiki Luvr Acacia 🐙 i am heading to the library
[10/29/2025 10:46:14.094 AM] Message  || User: spitonme            || Channel: #yapper-committee                    || Content: okok
[10/29/2025 10:46:18.077 AM] Message  || User: spitonme            || Channel: #yapper-committee                    || Content: im actually at coba rn
[10/29/2025 10:46:30.483 AM] Message  || User: spitonme            || Channel: #yapper-committee                    || Content: which direction r h headed from
[10/29/2025 10:47:02.729 AM] Message  || User: spitonme            || Channel: #yapper-committee                    || Content: thank uu
[10/29/2025 10:47:05.621 AM] Message  || User: izzyballz           || Channel: #yapper-committee                    || Content: preston
[10/29/2025 10:47:25.016 AM] Message  || User: izzyballz           || Channel: #yapper-committee                    || Content: i’m staying in the library anyways so idm waiting
[10/29/2025 10:47:47.885 AM] Message  || User: spitonme            || Channel: #yapper-committee                    || Content: oki
[10/29/2025 10:49:10.159 AM] Message  || User: spitonme            || Channel: #yapper-committee                    || Content: im by mikeys alley
[10/29/2025 10:49:47.761 AM] React+   || User: kitadan             || Channel: #pictures-of-the-cats                || emoji=❤️; msg="oh man, how will i ever conjoin these tw..." by simplyshadow17...
[10/29/2025 10:49:58.499 AM] React+   || User: kitadan             || Channel: #pictures-of-the-cats                || emoji=😆; msg="interview done successfully" by simplyshadow171295
[10/29/2025 10:50:02.792 AM] React+   || User: kitadan             || Channel: #pictures-of-the-cats                || emoji=😆; msg="he also went in his house for a minute" by simplyshadow171295
[10/29/2025 10:50:08.129 AM] Message  || User: spitonme            || Channel: #yapper-committee                    || Content: its fuckem wimdy
[10/29/2025 10:51:39.391 AM] Message  || User: spitonme            || Channel: #yapper-committee                    || Content: here now
[10/29/2025 10:52:20.610 AM] Message  || User: spitonme            || Channel: #yapper-committee                    || Content: im by the elevators
[10/29/2025 10:53:40.887 AM] Delete   || User: spitonme            || Channel: #yapper-committee                    || Content: im by the elevators
[10/29/2025 10:55:23.998 AM] Message  || User: izzyballz           || Channel: #yapper-committee                    || Content: i otw
[10/29/2025 10:55:26.996 AM] React+   || User: slayc127            || Channel: #yapper-committee                    || emoji=😆; msg="its fuckem wimdy" by spitonme
[10/29/2025 10:55:28.643 AM] Message  || User: spitonme            || Channel: #yapper-committee                    || Content: oki
[10/29/2025 10:57:15.494 AM] Message  || User: izzyballz           || Channel: #yapper-committee                    || Content: i am by the elevators floor 1
[10/29/2025 10:57:34.093 AM] Message  || User: izzyballz           || Channel: #yapper-committee                    || Content: wearing blue sweater under blue jacket
[10/29/2025 10:57:41.727 AM] Message  || User: izzyballz           || Channel: #yapper-committee                    || Content: and blue jeans
[10/29/2025 10:59:04.185 AM] Message  || User: simplyshadow171295  || Channel: #yapper-committee                    || Content: whyyy did my professor post the practice exams for today’s exam yest...
[10/29/2025 10:59:19.858 AM] React+   || User: slayc127            || Channel: #yapper-committee                    || emoji=😭; msg="whyyy did my professor post the practice..." by simplyshadow171295
[10/29/2025 11:01:42.192 AM] Message  || User: mochenoch           || Channel: #yapper-committee                    || Content: You know I’d rather it be cold than windy cause like
[10/29/2025 11:01:45.997 AM] Message  || User: mochenoch           || Channel: #yapper-committee                    || Content: It’s ruining my hair
[10/29/2025 11:01:50.824 AM] Message  || User: mochenoch           || Channel: #yapper-committee                    || Content: <:weep:800595104711966801>
[10/29/2025 11:03:02.133 AM] React+   || User: _costco_wholesale_  || Channel: #pictures-of-the-cats                || emoji=😆; msg="he also went in his house for a minute" by simplyshadow171295
[10/29/2025 11:03:22.306 AM] React+   || User: _costco_wholesale_  || Channel: #yapper-committee                    || emoji=😭; msg="whyyy did my professor post the practice..." by simplyshadow171295
[10/29/2025 11:04:17.566 AM] Message  || User: lemonelon_          || Channel: #itty-bitty-kitty-commitee           || Content: y am I getting blown away
[10/29/2025 11:04:28.794 AM] React+   || User: slayc127            || Channel: #itty-bitty-kitty-commitee           || emoji=😭; msg="y am I getting blown away" by lemonelon_
[10/29/2025 11:04:29.248 AM] Message  || User: lemonelon_          || Channel: #itty-bitty-kitty-commitee           || Content: (no text; attachments=1)
[10/29/2025 11:04:33.680 AM] Message  || User: lemonelon_          || Channel: #itty-bitty-kitty-commitee           || Content: help
[10/29/2025 11:04:38.402 AM] Message  || User: slayc127            || Channel: #itty-bitty-kitty-commitee           || Content: the return of the bit
[10/29/2025 11:04:40.353 AM] Message  || User: slayc127            || Channel: #itty-bitty-kitty-commitee           || Content: i love it
[10/29/2025 11:04:56.063 AM] React+   || User: simplyshadow171295  || Channel: #itty-bitty-kitty-commitee           || emoji=😭; msg="y am I getting blown away" by lemonelon_
[10/29/2025 11:05:07.019 AM] Message  || User: izzyballz           || Channel: #yapper-committee                    || Content: forgot i have to call my psychiatrist 🫩
[10/29/2025 11:05:12.806 AM] Message  || User: reyesthighs         || Channel: #feeding-team                        || Content: @feeding team Any way someone can cover Michael today?
[10/29/2025 11:05:12.806 AM] Intent   || sub_request               ||                                               || station=Microwave; dates=['2025-10-29']
[10/29/2025 11:05:12.869 AM] Action   || Name: sub_request         || Trigger: station=Microwave; dates=2025-10-29  || Output: status=logged; trigger=cover; text=<@&643587274797481988> Any way som...
[10/29/2025 11:05:20.318 AM] Message  || User: simplyshadow171295  || Channel: #feeding-team                        || Content: i can ;3
[10/29/2025 11:05:23.568 AM] Edit     || User: simplyshadow171295  || Channel: #feeding-team                        || i can ;3 -> i can :3
[10/29/2025 11:05:49.442 AM] Message  || User: lemonelon_          || Channel: #itty-bitty-kitty-commitee           || Content: I am an outfit repeater 💔
[10/29/2025 11:05:54.479 AM] React+   || User: mochenoch           || Channel: #itty-bitty-kitty-commitee           || emoji=😭; msg="y am I getting blown away" by lemonelon_
[10/29/2025 11:06:03.284 AM] Message  || User: slayc127            || Channel: #itty-bitty-kitty-commitee           || Content: same here hehe
[10/29/2025 11:06:05.924 AM] Message  || User: mochenoch           || Channel: #itty-bitty-kitty-commitee           || Content: https://tenor.com/view/open-door-wind-windy-day-child-blown-away-bye...
[10/29/2025 11:06:06.144 AM] Message  || User: slayc127            || Channel: #itty-bitty-kitty-commitee           || Content: by bit i meant the meme
[10/29/2025 11:07:17.431 AM] Message  || User: izzyballz           || Channel: #yapper-committee                    || Content: sigh please give me my prescription
[10/29/2025 11:07:19.182 AM] React+   || User: lemonelon_          || Channel: #itty-bitty-kitty-commitee           || emoji=❤️; msg="https://tenor.com/view/open-door-wind-wi..." by mochenoch
[10/29/2025 11:07:21.390 AM] React+   || User: lemonelon_          || Channel: #itty-bitty-kitty-commitee           || emoji=❤️; msg="by bit i meant the meme" by slayc127
[10/29/2025 11:07:39.559 AM] Message  || User: lemonelon_          || Channel: #itty-bitty-kitty-commitee           || Content: by the outfit I also meant the meme /silly
[10/29/2025 11:08:09.896 AM] Message  || User: slayc127            || Channel: #itty-bitty-kitty-commitee           || Content: LMFAO
[10/29/2025 11:08:15.974 AM] Message  || User: mochenoch           || Channel: #itty-bitty-kitty-commitee           || Content: oh fiuck
[10/29/2025 11:08:20.256 AM] Message  || User: mochenoch           || Channel: #itty-bitty-kitty-commitee           || Content: KAZ I FORGOT THE PURSES
[10/29/2025 11:08:23.712 AM] Message  || User: mochenoch           || Channel: #itty-bitty-kitty-commitee           || Content: hhhh tomorrow
[10/29/2025 11:10:50.407 AM] Message  || User: slayc127            || Channel: #itty-bitty-kitty-commitee           || Content: iz so okay i will not be able to grab them till later anyway 🩷
[10/29/2025 11:11:53.608 AM] Message  || User: mochenoch           || Channel: #itty-bitty-kitty-commitee           || Content: also
[10/29/2025 11:12:19.561 AM] Message  || User: mochenoch           || Channel: #itty-bitty-kitty-commitee           || Content: my cat escaped like a week ago, and I thought I was in the clear til...
[10/29/2025 11:12:40.378 AM] Message  || User: mochenoch           || Channel: #itty-bitty-kitty-commitee           || Content: <:aaaaaaaaaaaa:1412870173634859180> it's back to dropping money on f...
[10/29/2025 11:14:12.051 AM] Message  || User: almunds             || Channel: #report-new-cats                     || Content: There’s a cat outside my window!!
[10/29/2025 11:14:13.563 AM] Action   || Name: image_intake        || Trigger: channel=639882573199441930           || Output: rows=1
[10/29/2025 11:14:50.921 AM] Message  || User: almunds             || Channel: #report-new-cats                     || Content: Said a quick hello and left
[10/29/2025 11:14:52.851 AM] Message  || User: simplyshadow171295  || Channel: #report-new-cats                     || Content: where at?
[10/29/2025 11:15:01.881 AM] Message  || User: almunds             || Channel: #report-new-cats                     || Content: My home in Plano
[10/29/2025 11:15:11.702 AM] Message  || User: simplyshadow171295  || Channel: #report-new-cats                     || Content: oop. this would be the wrong channel
[10/29/2025 11:15:18.911 AM] Message  || User: almunds             || Channel: #report-new-cats                     || Content: Ooohh sorry
[10/29/2025 11:15:22.586 AM] Message  || User: simplyshadow171295  || Channel: #report-new-cats                     || Content: all good!
[10/29/2025 11:16:05.262 AM] Message  || User: almunds             || Channel: #report-new-cats                     || Content: Should I put it in #pet-pictures ?
[10/29/2025 11:16:30.163 AM] Message  || User: simplyshadow171295  || Channel: #report-new-cats                     || Content: yes please :3 no need to delete here though
[10/29/2025 11:16:38.127 AM] React+   || User: almunds             || Channel: #report-new-cats                     || emoji=👍; msg="yes please :3 no need to delete here tho..." by simplyshadow171295
[10/29/2025 11:16:48.856 AM] Message  || User: almunds             || Channel: #pet-pictures                        || Content: (no text; attachments=0)
[10/29/2025 11:17:05.202 AM] Message  || User: almunds             || Channel: #pet-pictures                        || Content: Said a quick hello and left
[10/29/2025 11:20:17.351 AM] Message  || User: izzyballz           || Channel: #yapper-committee                    || Content: i’m crying i should’ve just asked for the physical prescription and ...
[10/29/2025 11:20:17.367 AM] Intent   || feed_update               ||                                               || station=Greens; dates=['2025-10-29']
[10/29/2025 11:20:17.367 AM] Action   || Name: feed_update_ignored || Trigger: station=Greens                       || Output: channel_blocked:915790807720661042
[10/29/2025 11:20:55.124 AM] React+   || User: slayc127            || Channel: #itty-bitty-kitty-commitee           || emoji=😭; msg="my cat escaped like a week ago, and I th..." by mochenoch
[10/29/2025 11:20:55.955 AM] React+   || User: slayc127            || Channel: #itty-bitty-kitty-commitee           || emoji=😭; msg="<:aaaaaaaaaaaa:1412870173634859180> it's..." by mochenoch
[10/29/2025 11:20:57.980 AM] Message  || User: slayc127            || Channel: #itty-bitty-kitty-commitee           || Content: NOOOOOOOO
[10/29/2025 11:21:11.380 AM] React+   || User: slayc127            || Channel: #pet-pictures                        || emoji=😆; msg="Said a quick hello and left" by almunds
[10/29/2025 11:22:51.923 AM] React+   || User: .bettercalljack     || Channel: #itty-bitty-kitty-commitee           || emoji=😭; msg="y am I getting blown away" by lemonelon_
[10/29/2025 11:23:34.958 AM] Message  || User: mochenoch           || Channel: #itty-bitty-kitty-commitee           || Content: sucks cause she can't wear the flea collars since she got a bad rash...
[10/29/2025 11:23:35.622 AM] React+   || User: lemonelon_          || Channel: #itty-bitty-kitty-commitee           || emoji=😭; msg="my cat escaped like a week ago, and I th..." by mochenoch
[10/29/2025 11:23:39.716 AM] Message  || User: mochenoch           || Channel: #itty-bitty-kitty-commitee           || Content: topical is fine
[10/29/2025 11:24:20.274 AM] React+   || User: m_digio             || Channel: #itty-bitty-kitty-commitee           || emoji=❤️; msg="https://tenor.com/view/open-door-wind-wi..." by mochenoch
[10/29/2025 11:24:45.799 AM] Message  || User: mochenoch           || Channel: #yapper-committee                    || Content: could you do it now?
[10/29/2025 11:25:32.302 AM] React+   || User: not_d3fault_1420    || Channel: #pictures-of-the-cats                || emoji=‼️; msg="Today might be a microwave in the lap da..." by adeyumii
[10/29/2025 11:25:37.121 AM] React+   || User: not_d3fault_1420    || Channel: #pictures-of-the-cats                || emoji=❤️; msg="oh man, how will i ever conjoin these tw..." by simplyshadow17...
[10/29/2025 11:25:38.855 AM] Message  || User: izzyballz           || Channel: #yapper-committee                    || Content: id have to go over there and it’s like 20 minutes away in the opposi...
[10/29/2025 11:25:40.262 AM] React+   || User: not_d3fault_1420    || Channel: #pictures-of-the-cats                || emoji=😭; msg="he also went in his house for a minute" by simplyshadow171295
[10/29/2025 11:25:43.379 AM] Message  || User: mochenoch           || Channel: #yapper-committee                    || Content: damn
[10/29/2025 11:25:46.887 AM] React+   || User: not_d3fault_1420    || Channel: #pictures-of-the-cats                || emoji=😆; msg="you think he’s hungry" by simplyshadow171295
[10/29/2025 11:26:10.670 AM] React+   || User: kc.yt               || Channel: #pictures-of-the-cats                || emoji=❤️; msg="oh man, how will i ever conjoin these tw..." by simplyshadow17...
[10/29/2025 11:26:36.949 AM] Message  || User: slayc127            || Channel: #yapper-committee                    || Content: are we enjoying the michael q&a on the insta
[10/29/2025 11:26:40.804 AM] Message  || User: slayc127            || Channel: #yapper-committee                    || Content: i am having a blast personally
[10/29/2025 11:27:20.233 AM] Message  || User: not_d3fault_1420    || Channel: #pet-pictures                        || Content: some stray cats that showed in my yard up the other day
[10/29/2025 11:27:20.979 AM] Message  || User: mochenoch           || Channel: #bot-spam                            || Content: whatever man :(
[10/29/2025 11:27:28.304 AM] Edit     || User: not_d3fault_1420    || Channel: #pet-pictures                        || some stray cats that showed in my yard up the other day -> some stray cats th...
[10/29/2025 11:27:28.935 AM] Message  || User: reyesthighs         || Channel: #feeding-team                        || Content: Thank you Atlas
[10/29/2025 11:28:01.468 AM] Message  || User: not_d3fault_1420    || Channel: #yapper-committee                    || Content: yesss
[10/29/2025 11:28:08.782 AM] React+   || User: slayc127            || Channel: #yapper-committee                    || emoji=‼️; msg="yesss" by not_d3fault_1420
[10/29/2025 11:28:17.865 AM] React+   || User: simplyshadow171295  || Channel: #feeding-team                        || emoji=🫡; msg="Thank you Atlas" by reyesthighs
[10/29/2025 11:29:54.530 AM] Message  || User: not_d3fault_1420    || Channel: #pictures-of-the-cats                || Content: loafed up in the cold (from earlier)
[10/29/2025 11:29:57.170 AM] Action   || Name: image_intake        || Trigger: channel=551084964318543904           || Output: rows=1
[10/29/2025 11:30:41.125 AM] React+   || User: slayc127            || Channel: #pictures-of-the-cats                || emoji=😭; msg="loafed up in the cold (from earlier)" by not_d3fault_1420
[10/29/2025 11:35:28.667 AM] Message  || User: simplyshadow171295  || Channel: #feeding-team                        || Content: mike fed
[10/29/2025 11:35:28.683 AM] Intent   || feed_update               ||                                               || station=Microwave; dates=['2025-10-29']
[10/29/2025 11:35:32.933 AM] Action   || Name: sheet_mark          || Trigger: station=Microwave date=2025-10-29    || Output: ok
[10/29/2025 11:35:32.933 AM] Action   || Name: feed_update         || Trigger: station=Microwave; dates=2025-10-29  || Output: ok
[10/29/2025 11:38:53.684 AM] Message  || User: pancakemixteamdj    || Channel: #yapper-committee                    || Content: I’m about to eat at Taco Bell
[10/29/2025 11:39:07.560 AM] Message  || User: pancakemixteamdj    || Channel: #yapper-committee                    || Content: It about to get swarmed by high schoolers
[10/29/2025 11:40:01.994 AM] Message  || User: izzyballz           || Channel: #yapper-committee                    || Content: aw fuck i was ab to go to the starbucks over there
[10/29/2025 11:41:19.777 AM] Message  || User: izzyballz           || Channel: #feeding-team                        || Content: greed
[10/29/2025 11:42:12.630 AM] Message  || User: mochenoch           || Channel: #yapper-committee                    || Content: https://tenor.com/view/orange-cat-laughing-gif-13031147940704744720
[10/29/2025 11:42:13.121 AM] Message  || User: mochenoch           || Channel: #yapper-committee                    || Content: my cat watching my bank account go up
[10/29/2025 11:42:30.376 AM] Message  || User: izzyballz           || Channel: #yapper-committee                    || Content: bro i just looked at myself in the mirror and there was a fully unbl...
[10/29/2025 11:42:32.688 AM] Message  || User: izzyballz           || Channel: #yapper-committee                    || Content: we can’t be serious
[10/29/2025 11:42:35.201 AM] Message  || User: izzyballz           || Channel: #yapper-committee                    || Content: let me go
[10/29/2025 11:42:45.902 AM] Message  || User: mochenoch           || Channel: #yapper-committee                    || Content: it's a fashion statement dw
[10/29/2025 11:43:31.508 AM] React+   || User: simplyshadow171295  || Channel: #pictures-of-the-cats                || emoji=😭; msg="loafed up in the cold (from earlier)" by not_d3fault_1420
[10/29/2025 11:45:48.549 AM] React+   || User: m_digio             || Channel: #pictures-of-the-cats                || emoji=😭; msg="loafed up in the cold (from earlier)" by not_d3fault_1420
[10/29/2025 11:49:20.489 AM] React+   || User: vasyline            || Channel: #pictures-of-the-cats                || emoji=❤️; msg="oh man, how will i ever conjoin these tw..." by simplyshadow17...
[10/29/2025 11:49:23.585 AM] React+   || User: vasyline            || Channel: #pictures-of-the-cats                || emoji=😭; msg="He looks like how people pose newborns i..." by adeyumii
[10/29/2025 11:49:27.339 AM] React+   || User: vasyline            || Channel: #pictures-of-the-cats                || emoji=😆; msg="you think he’s hungry" by simplyshadow171295
[10/29/2025 11:55:32.990 AM] Message  || User: slayc127            || Channel: #executive-board                     || Content: @​here pinging neow, if u havent filled this out please do so! if u ...
[10/29/2025 11:56:33.798 AM] React+   || User: nostalgicsapphic    || Channel: #purrley-pawsitive-pussy-pals        || emoji=😆; msg=1432920784921432105
[10/29/2025 11:56:44.616 AM] React+   || User: nostalgicsapphic    || Channel: #purrley-pawsitive-pussy-pals        || emoji=🇵; msg="You be what" by a1darek
[10/29/2025 11:56:45.009 AM] React+   || User: nostalgicsapphic    || Channel: #purrley-pawsitive-pussy-pals        || emoji=🇷; msg="You be what" by a1darek
[10/29/2025 11:56:45.259 AM] React+   || User: nostalgicsapphic    || Channel: #purrley-pawsitive-pussy-pals        || emoji=🇴; msg="You be what" by a1darek
[10/29/2025 11:56:45.763 AM] React+   || User: nostalgicsapphic    || Channel: #purrley-pawsitive-pussy-pals        || emoji=🇫; msg="You be what" by a1darek
[10/29/2025 11:56:46.612 AM] React+   || User: nostalgicsapphic    || Channel: #purrley-pawsitive-pussy-pals        || emoji=🇳; msg="You be what" by a1darek
[10/29/2025 11:56:47.394 AM] React+   || User: nostalgicsapphic    || Channel: #purrley-pawsitive-pussy-pals        || emoji=🇪; msg="You be what" by a1darek
[10/29/2025 11:56:51.868 AM] React+   || User: nostalgicsapphic    || Channel: #purrley-pawsitive-pussy-pals        || emoji=😆; msg="Waffle house beckons you" by a1darek
[10/29/2025 11:56:57.254 AM] React+   || User: nostalgicsapphic    || Channel: #purrley-pawsitive-pussy-pals        || emoji=😆; msg="Can someone blow up my job and then my c..." by austinbaustinb
[10/29/2025 11:56:57.715 AM] React+   || User: nostalgicsapphic    || Channel: #purrley-pawsitive-pussy-pals        || emoji=❤️; msg="Can someone blow up my job and then my c..." by austinbaustinb
[10/29/2025 11:56:58.001 AM] React+   || User: nostalgicsapphic    || Channel: #purrley-pawsitive-pussy-pals        || emoji=😭; msg="Can someone blow up my job and then my c..." by austinbaustinb
[10/29/2025 11:57:08.620 AM] Message  || User: celeryiscelery      || Channel: #purrley-pawsitive-pussy-pals        || Content: also be careful w how much you’re in the sun, being in the sun on an...
[10/29/2025 11:57:20.428 AM] Message  || User: celeryiscelery      || Channel: #purrley-pawsitive-pussy-pals        || Content: and if you do have to be out in the sun just make sure to cover up <...
[10/29/2025 11:58:51.795 AM] Message  || User: austinbaustinb      || Channel: #purrley-pawsitive-pussy-pals        || Content: Hows this work
[10/29/2025 11:59:17.883 AM] React+   || User: hatshura            || Channel: #announcements                       || emoji=<:sad_thumbs_up:813282922189553694>; msg="@​everyone reminders: our nex...
[10/29/2025 12:00:55.389 PM] Message  || User: simplyshadow171295  || Channel: #yapper-committee                    || Content: there are so many children. they are all saying 67
[10/29/2025 12:01:00.997 PM] React+   || User: not_d3fault_1420    || Channel: #yapper-committee                    || emoji=😭; msg="there are so many children. they are all..." by simplyshadow171295
[10/29/2025 12:01:09.786 PM] Message  || User: not_d3fault_1420    || Channel: #yapper-committee                    || Content: my condolences
[10/29/2025 12:01:46.421 PM] Message  || User: celeryiscelery      || Channel: #purrley-pawsitive-pussy-pals        || Content: they increase photosensitivity and in some cases depending on how hi...
[10/29/2025 12:01:50.271 PM] Message  || User: not_d3fault_1420    || Channel: #pictures-of-the-cats                || Content: (no text; attachments=2)
[10/29/2025 12:01:51.489 PM] Action   || Name: image_intake        || Trigger: channel=551084964318543904           || Output: rows=2
[10/29/2025 12:01:57.240 PM] React+   || User: simplyshadow171295  || Channel: #yapper-committee                    || emoji=😆; msg="my condolences" by not_d3fault_1420
[10/29/2025 12:02:16.331 PM] Message  || User: austinbaustinb      || Channel: #purrley-pawsitive-pussy-pals        || Content: Same thing with acne meds?
[10/29/2025 12:03:18.912 PM] React+   || User: simplyshadow171295  || Channel: #pictures-of-the-cats                || emoji=‼️; msg=1433138776497983570
[10/29/2025 12:04:22.057 PM] Message  || User: celeryiscelery      || Channel: #purrley-pawsitive-pussy-pals        || Content: some of them! but rather than making you exhausted *and* more sensit...
[10/29/2025 12:05:15.340 PM] Message  || User: celeryiscelery      || Channel: #purrley-pawsitive-pussy-pals        || Content: similar to how when you’re using products with salicylic acid or hya...
[10/29/2025 12:05:38.044 PM] Edit     || User: celeryiscelery      || Channel: #purrley-pawsitive-pussy-pals        || similar to how when you’re using products with salicylic acid or hyaluronic a...
[10/29/2025 12:05:53.471 PM] React+   || User: vasyline            || Channel: #pictures-of-the-cats                || emoji=‼️; msg=1433138776497983570
[10/29/2025 12:09:01.556 PM] Message  || User: .bettercalljack     || Channel: #yapper-committee                    || Content: Yes
[10/29/2025 12:09:25.994 PM] Message  || User: .bettercalljack     || Channel: #yapper-committee                    || Content: The fact hes the "last one" of the og cats though omfg
[10/29/2025 12:09:40.517 PM] Message  || User: .bettercalljack     || Channel: #yapper-committee                    || Content: What if the campus cats are all a part of the same anime drama with ...
[10/29/2025 12:10:02.592 PM] React+   || User: .bettercalljack     || Channel: #pictures-of-the-cats                || emoji=😭; msg="loafed up in the cold (from earlier)" by not_d3fault_1420
[10/29/2025 12:10:04.464 PM] React+   || User: .bettercalljack     || Channel: #pictures-of-the-cats                || emoji=‼️; msg=1433138776497983570
[10/29/2025 12:10:14.836 PM] Message  || User: .bettercalljack     || Channel: #yapper-committee                    || Content: <:macrowave:857753712591634442>
[10/29/2025 12:10:16.516 PM] Message  || User: izzyballz           || Channel: #yapper-committee                    || Content: there are maybe 13 original sentences left
[10/29/2025 12:10:56.047 PM] Message  || User: izzyballz           || Channel: #yapper-committee                    || Content: i think if i put my car in neutral rn the wind would push it
[10/29/2025 12:11:06.021 PM] Message  || User: izzyballz           || Channel: #yapper-committee                    || Content: i’m sitting it it off rn and it’s shaking
[10/29/2025 12:11:38.201 PM] Message  || User: .bettercalljack     || Channel: #yapper-committee                    || Content: Ive been in a car where the wind literally almost pushed it into the...
[10/29/2025 12:11:47.908 PM] React+   || User: austinbaustinb      || Channel: #purrley-pawsitive-pussy-pals        || emoji=👍; msg="similar to when you’re using skin produc..." by celeryiscelery
[10/29/2025 12:13:37.186 PM] Message  || User: izzyballz           || Channel: #yapper-committee                    || Content: i lowkey think this was happening to me earlier i was trying to figu...
[10/29/2025 12:13:55.785 PM] Message  || User: izzyballz           || Channel: #yapper-committee                    || Content: i thought i just sucked though
[10/29/2025 12:14:19.125 PM] Message  || User: .bettercalljack     || Channel: #yapper-committee                    || Content: https://www.instagram.com/reel/DQPmAxfCasv/?igsh=MTd5ZWIxa3ZoczE1eQ==
[10/29/2025 12:14:19.748 PM] Edit     || User: .bettercalljack     || Channel: #yapper-committee                    || https://www.instagram.com/reel/DQPmAxfCasv/?igsh=MTd5ZWIxa3ZoczE1eQ== -> http...
[10/29/2025 12:14:45.637 PM] Message  || User: .bettercalljack     || Channel: #yapper-committee                    || Content: Thats probably why yikes
[10/29/2025 12:17:01.520 PM] Message  || User: adeyumii            || Channel: #pictures-of-the-cats                || Content: The house being on the other side is still tripping me up
[10/29/2025 12:19:24.703 PM] React+   || User: vasyline            || Channel: #pictures-of-the-cats                || emoji=😭; msg="loafed up in the cold (from earlier)" by not_d3fault_1420
[10/29/2025 12:21:45.158 PM] Message  || User: izzyballz           || Channel: #yapper-committee                    || Content: i so could sleep in here
[10/29/2025 12:22:08.681 PM] React+   || User: gupguppy            || Channel: #itty-bitty-kitty-commitee           || emoji=😭; msg="y am I getting blown away" by lemonelon_
[10/29/2025 12:22:16.959 PM] React+   || User: gupguppy            || Channel: #itty-bitty-kitty-commitee           || emoji=❤️; msg="https://tenor.com/view/open-door-wind-wi..." by mochenoch
[10/29/2025 12:22:17.087 PM] Message  || User: spitonme            || Channel: #yapper-committee                    || Content: excuse me
[10/29/2025 12:22:32.184 PM] Message  || User: .bettercalljack     || Channel: #yapper-committee                    || Content: https://tenor.com/view/zesty-cat-niklas-cat-tongue-gif-9842551414196...
[10/29/2025 12:22:43.432 PM] Message  || User: spitonme            || Channel: #yapper-committee                    || Content: its giving haikyuu
[10/29/2025 12:22:51.377 PM] Message  || User: spitonme            || Channel: #yapper-committee                    || Content: where senpai leaves to pursue higher education
[10/29/2025 12:23:53.657 PM] Message  || User: izzyballz           || Channel: #feeding-team                        || Content: maintenance kitties are getting downgraded to special kitty like the...
[10/29/2025 12:23:53.661 PM] Action   || Name: feed_pending_set    || Trigger: ch=643586809166561310; user=89187... || Output: stations=Maintenance; text=maintenance kitties are getting downgraded...
[10/29/2025 12:24:01.470 PM] Message  || User: izzyballz           || Channel: #feeding-team                        || Content: i am out of friskies
[10/29/2025 12:25:07.155 PM] React+   || User: moineau_l.oiseau    || Channel: #introductions                       || emoji=❤️; msg="met this adorably angry critter on my wa..." by _livywivy
[10/29/2025 12:25:08.155 PM] React+   || User: moineau_l.oiseau    || Channel: #introductions                       || emoji=💕; msg="Thats Snickers!" by m_digio
[10/29/2025 12:25:10.222 PM] React+   || User: moineau_l.oiseau    || Channel: #introductions                       || emoji=‼️; msg="Thats Snickers!" by m_digio
[10/29/2025 12:25:17.948 PM] React+   || User: moineau_l.oiseau    || Channel: #introductions                       || emoji=‼️; msg="omg what a doll, very photogenic despite..." by _livywivy
[10/29/2025 12:25:36.481 PM] Message  || User: moineau_l.oiseau    || Channel: #introductions                       || Content: @kazius [membership+fundraising] Snickers mention!
[10/29/2025 12:26:00.086 PM] React-   || User: unknown             || Channel: #introductions                       || emoji=‼️; msg="omg what a doll, very photogenic despite..." by _livywivy
[10/29/2025 12:26:05.014 PM] React+   || User: moineau_l.oiseau    || Channel: #introductions                       || emoji=<:smilecat:836868602220380160>; msg="she loves attention as long as it ...
[10/29/2025 12:26:06.974 PM] Message  || User: .bettercalljack     || Channel: #yapper-committee                    || Content: Idk any specific anime examples just the way a lot of cats here have...
[10/29/2025 12:26:23.193 PM] React+   || User: moineau_l.oiseau    || Channel: #itty-bitty-kitty-commitee           || emoji=😭; msg="y am I getting blown away" by lemonelon_
[10/29/2025 12:26:25.340 PM] React+   || User: moineau_l.oiseau    || Channel: #itty-bitty-kitty-commitee           || emoji=‼️; msg="y am I getting blown away" by lemonelon_
[10/29/2025 12:26:29.950 PM] React+   || User: kitadan             || Channel: #yapper-committee                    || emoji=😭; msg="there are so many children. they are all..." by simplyshadow171295
[10/29/2025 12:26:33.512 PM] Message  || User: .bettercalljack     || Channel: #yapper-committee                    || Content: And the males get confused for being pregnant
[10/29/2025 12:26:40.213 PM] React+   || User: moineau_l.oiseau    || Channel: #itty-bitty-kitty-commitee           || emoji=‼️; msg="same here hehe" by slayc127
[10/29/2025 12:26:46.051 PM] React+   || User: moineau_l.oiseau    || Channel: #itty-bitty-kitty-commitee           || emoji=❤️; msg="https://tenor.com/view/open-door-wind-wi..." by mochenoch
[10/29/2025 12:26:48.252 PM] React+   || User: moineau_l.oiseau    || Channel: #itty-bitty-kitty-commitee           || emoji=😭; msg="https://tenor.com/view/open-door-wind-wi..." by mochenoch
[10/29/2025 12:26:50.774 PM] React+   || User: moineau_l.oiseau    || Channel: #itty-bitty-kitty-commitee           || emoji=‼️; msg="https://tenor.com/view/open-door-wind-wi..." by mochenoch
[10/29/2025 12:29:41.337 PM] Message  || User: kcreepertux04       || Channel: #yapper-committee                    || Content: some of the sentences of all time right there
[10/29/2025 12:29:57.162 PM] Message  || User: izzyballz           || Channel: #feeding-team                        || Content: maintenance fed
[10/29/2025 12:29:57.162 PM] Action   || Name: feed_pending_exp... || Trigger: ch=643586809166561310; user=89187... || Output: 
[10/29/2025 12:29:57.162 PM] Intent   || feed_update               ||                                               || station=Maintenance; dates=['2025-10-29']
[10/29/2025 12:29:59.688 PM] Action   || Name: sheet_mark          || Trigger: station=Maintenance date=2025-10-29  || Output: ok
[10/29/2025 12:29:59.688 PM] Action   || Name: feed_update         || Trigger: station=Maintenance; dates=2025-1... || Output: ok
[10/29/2025 12:35:30.926 PM] Message  || User: slayc127            || Channel: #yapper-committee                    || Content: uta housing internet is my nemesis
[10/29/2025 12:35:31.792 PM] Message  || User: slayc127            || Channel: #yapper-committee                    || Content: pmo
[10/29/2025 12:37:43.089 PM] React+   || User: gupguppy            || Channel: #yapper-committee                    || emoji=😆; msg="some of the sentences of all time right ..." by kcreepertux04
[10/29/2025 12:38:11.471 PM] Message  || User: gupguppy            || Channel: #yapper-committee                    || Content: Microsoft stuff is down rn so depending on what ur trying to do, it ...
[10/29/2025 12:40:10.475 PM] Message  || User: gupguppy            || Channel: #yapper-committee                    || Content: felt that about microwave being deeply unhelpful with classes, bro d...
[10/29/2025 12:40:22.329 PM] React+   || User: gupguppy            || Channel: #report-new-cats                     || emoji=‼️; msg="black cat day was a spawner" by spitonme
[10/29/2025 12:40:27.855 PM] React+   || User: gupguppy            || Channel: #report-new-cats                     || emoji=😭; msg=1432920675739373659
[10/29/2025 12:40:36.731 PM] React+   || User: gupguppy            || Channel: #report-new-cats                     || emoji=🖤; msg="I love black cats sm" by void_now
[10/29/2025 12:43:59.365 PM] React+   || User: slayc127            || Channel: #yapper-committee                    || emoji=😆; msg="felt that about microwave being deeply u..." by gupguppy
[10/29/2025 12:44:08.006 PM] Message  || User: slayc127            || Channel: #introductions                       || Content: SNICKERS MENTION ‼️‼️‼️‼️
[10/29/2025 12:44:10.723 PM] React+   || User: slayc127            || Channel: #introductions                       || emoji=❤️; msg="met this adorably angry critter on my wa..." by _livywivy
[10/29/2025 12:44:11.922 PM] React+   || User: slayc127            || Channel: #introductions                       || emoji=🐙; msg="met this adorably angry critter on my wa..." by _livywivy
[10/29/2025 12:44:33.926 PM] Message  || User: slayc127            || Channel: #introductions                       || Content: SHE ISNT SCARYYYYYYYY 😭😭😭😭😭😭😭😭😭😭😭😭😭😭😭😭😭😭😭😭 i am devastated she is a ...
[10/29/2025 12:44:33.942 PM] Message  || User: pancakemixteamdj    || Channel: #yapper-committee                    || Content: What the fak
[10/29/2025 12:44:50.695 PM] Message  || User: slayc127            || Channel: #introductions                       || Content: ty for rhe pics tho she is such a model
[10/29/2025 12:44:57.957 PM] Message  || User: izzyballz           || Channel: #introductions                       || Content: message says scared btw /lh
[10/29/2025 12:45:04.682 PM] Message  || User: slayc127            || Channel: #introductions                       || Content: OH
[10/29/2025 12:45:07.488 PM] Message  || User: slayc127            || Channel: #introductions                       || Content: kazius cant read
[10/29/2025 12:45:10.165 PM] Message  || User: slayc127            || Channel: #introductions                       || Content: im sick thats my excuse
[10/29/2025 12:45:20.345 PM] Message  || User: izzyballz           || Channel: #yapper-committee                    || Content: cooked
[10/29/2025 12:45:28.862 PM] Message  || User: slayc127            || Channel: #purrley-pawsitive-pussy-pals        || Content: heard! ive yet to step outside today so ill keep that in mind :3
[10/29/2025 12:45:51.300 PM] Message  || User: nostalgicsapphic    || Channel: #purrley-pawsitive-pussy-pals        || Content: open ur window :D
[10/29/2025 12:46:13.867 PM] Message  || User: slayc127            || Channel: #purrley-pawsitive-pussy-pals        || Content: i actually have had my window open all day :3 heard ur voice in the ...
[10/29/2025 12:47:20.611 PM] Message  || User: slayc127            || Channel: #yapper-committee                    || Content: this q&a is actually so fun and also informative
[10/29/2025 12:47:26.309 PM] Message  || User: a1darek             || Channel: #yapper-committee                    || Content: bios screen of doom and desprair
[10/29/2025 12:47:31.076 PM] React+   || User: slayc127            || Channel: #yapper-committee                    || emoji=😆; msg="bios screen of doom and desprair" by a1darek
[10/29/2025 12:48:08.844 PM] Message  || User: a1darek             || Channel: #introductions                       || Content: (no text; attachments=1)
[10/29/2025 12:48:14.193 PM] Message  || User: austinbaustinb      || Channel: #purrley-pawsitive-pussy-pals        || Content: FUCK brah I gotta find toothless some cat buddies so they can have p...
[10/29/2025 12:48:21.033 PM] Message  || User: austinbaustinb      || Channel: #purrley-pawsitive-pussy-pals        || Content: Warblerrrrr
[10/29/2025 12:48:25.481 PM] Message  || User: a1darek             || Channel: #yapper-committee                    || Content: unrelated but Bandai has an official gachapon in parks mall now
[10/29/2025 12:48:35.356 PM] Message  || User: a1darek             || Channel: #yapper-committee                    || Content: A tad pricey but I got a couple things to feed my consumerism
[10/29/2025 12:48:39.719 PM] React+   || User: nostalgicsapphic    || Channel: #purrley-pawsitive-pussy-pals        || emoji=❤️; msg="i actually have had my window open all d..." by slayc127
[10/29/2025 12:48:44.680 PM] Message  || User: nostalgicsapphic    || Channel: #purrley-pawsitive-pussy-pals        || Content: YIPPPEEEE
[10/29/2025 12:48:46.830 PM] React+   || User: kitadan             || Channel: #pictures-of-the-cats                || emoji=‼️; msg=1433138776497983570
[10/29/2025 12:48:49.683 PM] Message  || User: plink5277           || Channel: #yapper-committee                    || Content: It is so fun
[10/29/2025 12:48:54.620 PM] React+   || User: nostalgicsapphic    || Channel: #purrley-pawsitive-pussy-pals        || emoji=😆; msg="FUCK brah I gotta find toothless some ca..." by austinbaustinb
[10/29/2025 12:49:33.689 PM] Message  || User: a1darek             || Channel: #yapper-committee                    || Content: (no text; attachments=1)
[10/29/2025 12:49:38.616 PM] Message  || User: a1darek             || Channel: #yapper-committee                    || Content: he looks like the wave
[10/29/2025 12:49:48.665 PM] Message  || User: a1darek             || Channel: #yapper-committee                    || Content: (he was 6 dollars)
[10/29/2025 12:51:35.733 PM] React+   || User: slayc127            || Channel: #purrley-pawsitive-pussy-pals        || emoji=😆; msg="FUCK brah I gotta find toothless some ca..." by austinbaustinb
[10/29/2025 12:51:49.011 PM] Message  || User: slayc127            || Channel: #introductions                       || Content: threat direct to ur inbox
[10/29/2025 12:53:56.282 PM] React+   || User: izzyballz           || Channel: #introductions                       || emoji=❤️; msg=1433150430808113193
[10/29/2025 12:54:09.069 PM] Message  || User: izzyballz           || Channel: #introductions                       || Content: i have this post on my wall
[10/29/2025 12:54:58.251 PM] React+   || User: slayc127            || Channel: #yapper-committee                    || emoji=😭; msg=1433150786702938142
[10/29/2025 12:55:02.143 PM] Message  || User: slayc127            || Channel: #yapper-committee                    || Content: gimme
[10/29/2025 12:55:51.620 PM] React+   || User: adeyumii            || Channel: #yapper-committee                    || emoji=😆; msg="bios screen of doom and desprair" by a1darek
[10/29/2025 12:57:40.313 PM] React+   || User: rice.muncher        || Channel: #itty-bitty-kitty-commitee           || emoji=😭; msg="y am I getting blown away" by lemonelon_
[10/29/2025 12:58:13.747 PM] React+   || User: lemonelon_          || Channel: #itty-bitty-kitty-commitee           || emoji=🐙; msg="They need a late night store" by .bettercalljack
[10/29/2025 12:58:21.913 PM] React+   || User: lemonelon_          || Channel: #itty-bitty-kitty-commitee           || emoji=❤️; msg="Taco Bell lobby closes at midnight and d..." by .s3j
[10/29/2025 12:58:24.255 PM] React+   || User: lemonelon_          || Channel: #itty-bitty-kitty-commitee           || emoji=❤️; msg="Probably a bit of a walk though" by .s3j
[10/29/2025 01:06:21.076 PM] React+   || User: m_digio             || Channel: #introductions                       || emoji=❤️; msg=1433150430808113193
[10/29/2025 01:06:44.029 PM] Edit     || User: a1darek             || Channel: #introductions                       ||  -> 
[10/29/2025 01:06:44.035 PM] Message  || User: m_digio             || Channel: #introductions                       || Content: (no text; attachments=0)
[10/29/2025 01:06:45.288 PM] React+   || User: nyahao              || Channel: #pictures-of-the-cats                || emoji=‼️; msg=1433138776497983570
[10/29/2025 01:06:48.187 PM] React+   || User: nyahao              || Channel: #pictures-of-the-cats                || emoji=😭; msg="loafed up in the cold (from earlier)" by not_d3fault_1420
[10/29/2025 01:07:45.550 PM] Message  || User: hatshura            || Channel: #feeding-team                        || Content: https://tenor.com/view/angry-cat-instant-gif-24474761
[10/29/2025 01:08:50.019 PM] Message  || User: slayc127            || Channel: #purrley-pawsitive-pussy-pals        || Content: it is very nice
[10/29/2025 01:10:58.341 PM] Message  || User: m_digio             || Channel: #purrley-pawsitive-pussy-pals        || Content: Jumpscare /sillu
[10/29/2025 01:11:12.533 PM] Edit     || User: m_digio             || Channel: #purrley-pawsitive-pussy-pals        || Jumpscare /sillu -> Jumpscare /silly
[10/29/2025 01:11:15.488 PM] React+   || User: nostalgicsapphic    || Channel: #purrley-pawsitive-pussy-pals        || emoji=😆; msg="Jumpscare /silly" by m_digio
[10/29/2025 01:14:40.140 PM] Message  || User: cici4f3             || Channel: #report-new-cats                     || Content: plano mention
[10/29/2025 01:15:29.083 PM] Message  || User: cici4f3             || Channel: #yapper-committee                    || Content: my car does the same thing I used to sleep back there in highschool ...
[10/29/2025 01:18:29.323 PM] Message  || User: yaeji               || Channel: #yapper-committee                    || Content: turn it into a camper and become a nomad
[10/29/2025 01:22:58.070 PM] React+   || User: swiftieanna13       || Channel: #pictures-of-the-cats                || emoji=😭; msg="loafed up in the cold (from earlier)" by not_d3fault_1420
[10/29/2025 01:22:58.651 PM] React+   || User: swiftieanna13       || Channel: #pictures-of-the-cats                || emoji=‼️; msg=1433138776497983570
[10/29/2025 01:23:53.861 PM] Message  || User: .s3j                || Channel: #yapper-committee                    || Content: Tree fell on Mitchell
[10/29/2025 01:24:19.797 PM] Message  || User: not_d3fault_1420    || Channel: #yapper-committee                    || Content: ngl im lowkey tempted to skip my history class
[10/29/2025 01:24:27.706 PM] Message  || User: not_d3fault_1420    || Channel: #yapper-committee                    || Content: chat should I?
[10/29/2025 01:24:31.218 PM] Message  || User: austinbaustinb      || Channel: #yapper-committee                    || Content: No
[10/29/2025 01:24:35.854 PM] Message  || User: gupguppy            || Channel: #yapper-committee                    || Content: no
[10/29/2025 01:24:47.650 PM] Message  || User: austinbaustinb      || Channel: #yapper-committee                    || Content: If u do ur gonna end up like me and have 4 years left at this school...
[10/29/2025 01:28:56.129 PM] Message  || User: slayc127            || Channel: #yapper-committee                    || Content: yes
[10/29/2025 01:29:08.168 PM] Message  || User: slayc127            || Channel: #yapper-committee                    || Content: kazius endorses the occasional skipped class
[10/29/2025 01:29:24.633 PM] Message  || User: slayc127            || Channel: #yapper-committee                    || Content: cant think of a single time ive regretted it
[10/29/2025 01:29:29.495 PM] React+   || User: .bettercalljack     || Channel: #yapper-committee                    || emoji=😭; msg=1433150786702938142
[10/29/2025 01:29:33.961 PM] Message  || User: slayc127            || Channel: #yapper-committee                    || Content: better than an accidentally missed class
[10/29/2025 01:30:33.304 PM] React+   || User: slayc127            || Channel: #purrley-pawsitive-pussy-pals        || emoji=😆; msg="Jumpscare /silly" by m_digio
[10/29/2025 01:31:08.612 PM] Message  || User: .bettercalljack     || Channel: #yapper-committee                    || Content: Microwave is the equivalent of that one male history teacher whos al...
[10/29/2025 01:32:58.129 PM] React+   || User: slayc127            || Channel: #yapper-committee                    || emoji=‼️; msg="Microwave is the equivalent of that one ..." by .bettercalljack
[10/29/2025 01:33:04.612 PM] Message  || User: slayc127            || Channel: #yapper-committee                    || Content: yes but michael would never be a coach
[10/29/2025 01:33:11.937 PM] Message  || User: .bettercalljack     || Channel: #yapper-committee                    || Content: Culinary
[10/29/2025 01:33:33.323 PM] Message  || User: slayc127            || Channel: #yapper-committee                    || Content: hes like some of my high school teachers that got away w a bunch of ...
[10/29/2025 01:38:03.557 PM] React+   || User: moineau_l.oiseau    || Channel: #introductions                       || emoji=✨; msg="ty for rhe pics tho she is such a model" by slayc127
[10/29/2025 01:40:38.063 PM] Message  || User: spitonme            || Channel: #yapper-committee                    || Content: @kazius [membership+fundraising] and co,, i got a fucking 85% on my ...
[10/29/2025 01:42:29.379 PM] React+   || User: spitonme            || Channel: #introductions                       || emoji=🐙; msg=1433150430808113193
[10/29/2025 01:42:49.134 PM] Message  || User: spitonme            || Channel: #introductions                       || Content: i think of this all the time
[10/29/2025 01:42:56.804 PM] Message  || User: spitonme            || Channel: #itty-bitty-kitty-commitee           || Content: it fumlen wimdy
[10/29/2025 01:43:03.757 PM] Edit     || User: spitonme            || Channel: #itty-bitty-kitty-commitee           || it fumlen wimdy -> it fumken wimdy
[10/29/2025 01:43:34.827 PM] Message  || User: spitonme            || Channel: #itty-bitty-kitty-commitee           || Content: PAWS do u need diatomaceous earth
[10/29/2025 01:44:04.031 PM] React+   || User: lemonelon_          || Channel: #itty-bitty-kitty-commitee           || emoji=<:JScat:891493569179832351>; msg="it fumken wimdy" by spitonme
[10/29/2025 01:44:18.121 PM] Message  || User: spitonme            || Channel: #bot-spam                            || Content: im dead at my one attempt
[10/29/2025 01:45:31.457 PM] Message  || User: slayc127            || Channel: #yapper-committee                    || Content: SHUT UP
[10/29/2025 01:45:33.977 PM] Message  || User: slayc127            || Channel: #yapper-committee                    || Content: YEAHHHHHHHHHH
[10/29/2025 01:46:00.084 PM] React+   || User: not_d3fault_1420    || Channel: #yapper-committee                    || emoji=‼️; msg="Microwave is the equivalent of that one ..." by .bettercalljack
[10/29/2025 01:46:39.170 PM] Message  || User: spitonme            || Channel: #yapper-committee                    || Content: 😛✌️
[10/29/2025 01:46:47.005 PM] Message  || User: spitonme            || Channel: #yapper-committee                    || Content: its my practice exam
[10/29/2025 01:46:53.975 PM] Message  || User: spitonme            || Channel: #yapper-committee                    || Content: my real one is friday
[10/29/2025 01:47:01.161 PM] React+   || User: otirain_butdiscorb  || Channel: #pictures-of-the-cats                || emoji=‼️; msg=1433138776497983570
[10/29/2025 01:47:53.672 PM] Message  || User: mochenoch           || Channel: #itty-bitty-kitty-commitee           || Content: No it’s not a flea infestation this time
[10/29/2025 01:47:59.091 PM] React+   || User: .bettercalljack     || Channel: #introductions                       || emoji=❤️; msg=1433150430808113193
[10/29/2025 01:47:59.255 PM] React+   || User: .bettercalljack     || Channel: #introductions                       || emoji=🐙; msg=1433150430808113193
[10/29/2025 01:48:17.361 PM] Message  || User: mochenoch           || Channel: #itty-bitty-kitty-commitee           || Content: At least I believe because I haven’t been bitten
[10/29/2025 01:48:44.574 PM] Message  || User: mochenoch           || Channel: #itty-bitty-kitty-commitee           || Content: I already got her topical medicine and applied it
[10/29/2025 01:49:39.099 PM] React+   || User: simplyshadow171295  || Channel: #yapper-committee                    || emoji=😆; msg="some of the sentences of all time right ..." by kcreepertux04
[10/29/2025 01:50:03.742 PM] React+   || User: simplyshadow171295  || Channel: #yapper-committee                    || emoji=‼️; msg="Microwave is the equivalent of that one ..." by .bettercalljack
[10/29/2025 01:52:18.219 PM] React+   || User: simplyshadow171295  || Channel: #introductions                       || emoji=❤️; msg=1433150430808113193
[10/29/2025 01:53:18.178 PM] Message  || User: pancakemixteamdj    || Channel: #yapper-committee                    || Content: My car about to hate me today
[10/29/2025 01:53:26.292 PM] Message  || User: simplyshadow171295  || Channel: #yapper-committee                    || Content: cc playing golden on the ipad
[10/29/2025 01:54:35.875 PM] React+   || User: a1darek             || Channel: #purrley-pawsitive-pussy-pals        || emoji=😆; msg="FUCK brah I gotta find toothless some ca..." by austinbaustinb
[10/29/2025 01:55:36.275 PM] Message  || User: izzyballz           || Channel: #yapper-committee                    || Content: YAYYYYY
[10/29/2025 01:56:12.086 PM] Message  || User: izzyballz           || Channel: #yapper-committee                    || Content: going to the walgreens soon pray to god they have my shit
[10/29/2025 01:57:34.352 PM] Message  || User: pancakemixteamdj    || Channel: #yapper-committee                    || Content: We driving all around DFW today
[10/29/2025 01:57:48.005 PM] Message  || User: kcreepertux04       || Channel: #yapper-committee                    || Content: we pray, microsoft servers being down been causing some issues on ou...
[10/29/2025 01:58:08.967 PM] React+   || User: spitonme            || Channel: #yapper-committee                    || emoji=🐙; msg="YAYYYYY" by izzyballz
[10/29/2025 01:58:10.194 PM] React+   || User: spitonme            || Channel: #yapper-committee                    || emoji=🐙; msg="We driving all around DFW today" by pancakemixteamdj
[10/29/2025 01:58:13.712 PM] React+   || User: spitonme            || Channel: #yapper-committee                    || emoji=🐙; msg="we pray, microsoft servers being down be..." by kcreepertux04
[10/29/2025 01:58:15.219 PM] Message  || User: spitonme            || Channel: #yapper-committee                    || Content: noooo
[10/29/2025 01:58:43.126 PM] Message  || User: spitonme            || Channel: #feeding-team                        || Content: snickers fed
[10/29/2025 01:58:43.126 PM] Intent   || feed_update               ||                                               || station=Snickers; dates=['2025-10-29']
[10/29/2025 01:58:45.237 PM] Action   || Name: sheet_mark          || Trigger: station=Snickers date=2025-10-29     || Output: ok
[10/29/2025 01:58:45.237 PM] Action   || Name: feed_update         || Trigger: station=Snickers; dates=2025-10-29   || Output: ok
[10/29/2025 01:58:49.739 PM] Message  || User: spitonme            || Channel: #feeding-team                        || Content: and some hobo
[10/29/2025 02:00:50.144 PM] Message  || User: izzyballz           || Channel: #yapper-committee                    || Content: (no text; attachments=1)
[10/29/2025 02:01:01.216 PM] Message  || User: kcreepertux04       || Channel: #yapper-committee                    || Content: we love
[10/29/2025 02:01:10.355 PM] Message  || User: kcreepertux04       || Channel: #yapper-committee                    || Content: thanks microsoft 👍
[10/29/2025 02:01:14.840 PM] Message  || User: izzyballz           || Channel: #yapper-committee                    || Content: my doctor just called and said they just sent the prescription over ...
[10/29/2025 02:01:22.967 PM] Message  || User: izzyballz           || Channel: #yapper-committee                    || Content: i have an hour 💔💔💔💔💔💔
[10/29/2025 02:01:43.309 PM] Message  || User: kcreepertux04       || Channel: #yapper-committee                    || Content: oh girl yeah if they sent it over its not gonna be ready in an hour
[10/29/2025 02:02:04.852 PM] Message  || User: izzyballz           || Channel: #yapper-committee                    || Content: fuck my chungus life
[10/29/2025 02:02:36.551 PM] Message  || User: kcreepertux04       || Channel: #yapper-committee                    || Content: unless you go in and request it as a waiter, its been put into the F...
[10/29/2025 02:02:36.579 PM] Intent   || feed_update               ||                                               || station=Mary Kay and Zen; dates=['2025-11-05', '2025-11-06', '2025-11-07', '2...
[10/29/2025 02:02:36.579 PM] Action   || Name: feed_update_ignored || Trigger: station=Mary Kay and Zen             || Output: channel_blocked:915790807720661042
[10/29/2025 02:02:43.684 PM] Message  || User: kcreepertux04       || Channel: #yapper-committee                    || Content: they also just got back from lunch so its a catchup game atm
[10/29/2025 02:03:43.222 PM] Message  || User: kcreepertux04       || Channel: #yapper-committee                    || Content: also it can take a bit from the eRX to route from your doctors offic...
[10/29/2025 02:04:17.705 PM] Message  || User: kcreepertux04       || Channel: #yapper-committee                    || Content: so long as they have the script from the dr tho then they can rush i...
[10/29/2025 02:04:49.113 PM] Message  || User: izzyballz           || Channel: #yapper-committee                    || Content: ok so i’m heading over there and praying
[10/29/2025 02:05:00.627 PM] Message  || User: kcreepertux04       || Channel: #yapper-committee                    || Content: theyll do everything to get you taken care of
[10/29/2025 02:05:39.419 PM] Message  || User: kcreepertux04       || Channel: #yapper-committee                    || Content: so long as they A.) have the script from the dr and B.) have the med...
[10/29/2025 02:06:30.488 PM] React+   || User: m_digio             || Channel: #feeding-team                        || emoji=❤️; msg="snickers fed" by spitonme
[10/29/2025 02:07:20.723 PM] Message  || User: izzyballz           || Channel: #yapper-committee                    || Content: all the issues are 100% on my doctors side idk wtf he’s doing
[10/29/2025 02:07:38.978 PM] Message  || User: kcreepertux04       || Channel: #yapper-committee                    || Content: as someone who works in pharmacy, i can tell you, doctors are idiots
[10/29/2025 02:07:50.806 PM] Message  || User: izzyballz           || Channel: #yapper-committee                    || Content: he was supposed to send it yesterday at like 11 in the am
[10/29/2025 02:07:58.429 PM] Message  || User: izzyballz           || Channel: #yapper-committee                    || Content: here we are over 24 hours later
[10/29/2025 02:08:02.520 PM] Message  || User: izzyballz           || Channel: #yapper-committee                    || Content: “he just sent it!”
[10/29/2025 02:08:03.867 PM] Message  || User: izzyballz           || Channel: #yapper-committee                    || Content: ok bro
[10/29/2025 02:08:18.758 PM] Message  || User: izzyballz           || Channel: #yapper-committee                    || Content: mind you he said start it tmr aka today aka like 6 hours ago
[10/29/2025 02:08:33.884 PM] Message  || User: kcreepertux04       || Channel: #yapper-committee                    || Content: i tell you, absolute dumbasses
[10/29/2025 02:08:55.263 PM] Message  || User: mica.aaa            || Channel: #feeding-team                        || Content: greens fed
[10/29/2025 02:08:55.263 PM] Intent   || feed_update               ||                                               || station=Greens; dates=['2025-10-29']
[10/29/2025 02:08:56.986 PM] Action   || Name: sheet_mark          || Trigger: station=Greens date=2025-10-29       || Output: ok
[10/29/2025 02:08:56.988 PM] Action   || Name: feed_update         || Trigger: station=Greens; dates=2025-10-29     || Output: ok
[10/29/2025 02:09:08.400 PM] Message  || User: kcreepertux04       || Channel: #yapper-committee                    || Content: you would be shocked at the amount of times drs write scripts wrong ...
[10/29/2025 02:09:37.552 PM] Message  || User: kcreepertux04       || Channel: #yapper-committee                    || Content: if i get one more dr that tells a patient the script will be ready w...
[10/29/2025 02:10:41.951 PM] Message  || User: spitonme            || Channel: #yapper-committee                    || Content: mofine
[10/29/2025 02:10:43.892 PM] Message  || User: spitonme            || Channel: #yapper-committee                    || Content: 1 pound
[10/29/2025 02:10:45.053 PM] Message  || User: spitonme            || Channel: #yapper-committee                    || Content: togo
[10/29/2025 02:10:59.353 PM] Message  || User: izzyballz           || Channel: #yapper-committee                    || Content: mine said exactly this and then didn’t even send the script
[10/29/2025 02:11:23.157 PM] Message  || User: kcreepertux04       || Channel: #yapper-committee                    || Content: "one pound, mofine, to go" was a vocal stim at my last store my god
[10/29/2025 02:11:28.128 PM] Message  || User: kcreepertux04       || Channel: #yapper-committee                    || Content: we said that shit all the time it was hilarious
[10/29/2025 02:11:28.804 PM] Message  || User: spitonme            || Channel: #yapper-committee                    || Content: 😭
[10/29/2025 02:11:31.885 PM] React+   || User: spitonme            || Channel: #yapper-committee                    || emoji=🐙; msg=""one pound, mofine, to go" was a vocal s..." by kcreepertux04
[10/29/2025 02:11:39.294 PM] Message  || User: kcreepertux04       || Channel: #yapper-committee                    || Content: ill beat him up <3
[10/29/2025 02:12:41.601 PM] Message  || User: not_d3fault_1420    || Channel: #pet-pictures                        || Content: my friends cat, Ollie
[10/29/2025 02:12:57.436 PM] React+   || User: spitonme            || Channel: #pet-pictures                        || emoji=🐙; msg="my friends cat, Ollie" by not_d3fault_1420
[10/29/2025 02:13:07.623 PM] Message  || User: spitonme            || Channel: #pet-pictures                        || Content: the fucking lipstick is sending me
[10/29/2025 02:13:12.493 PM] Message  || User: spitonme            || Channel: #pet-pictures                        || Content: makesnit so much more beautiful
[10/29/2025 02:19:08.141 PM] React+   || User: .bettercalljack     || Channel: #pet-pictures                        || emoji=🐙; msg="my friends cat, Ollie" by not_d3fault_1420
[10/29/2025 02:20:21.826 PM] React+   || User: .bettercalljack     || Channel: #feeding-team                        || emoji=❤️; msg="snickers fed" by spitonme
[10/29/2025 02:23:32.676 PM] Message  || User: plink5277           || Channel: #itty-bitty-kitty-commitee           || Content: Lord how many questions are there for the man himself
[10/29/2025 02:23:39.071 PM] Message  || User: plink5277           || Channel: #itty-bitty-kitty-commitee           || Content: YES ITS BAD
[10/29/2025 02:24:29.786 PM] React+   || User: plink5277           || Channel: #pet-pictures                        || emoji=🐙; msg="my friends cat, Ollie" by not_d3fault_1420
[10/29/2025 02:25:10.965 PM] React+   || User: m_digio             || Channel: #pet-pictures                        || emoji=🐙; msg="my friends cat, Ollie" by not_d3fault_1420
[10/29/2025 02:25:19.393 PM] Message  || User: plink5277           || Channel: #pet-pictures                        || Content: (no text; attachments=1)
[10/29/2025 02:25:29.525 PM] Message  || User: plink5277           || Channel: #pet-pictures                        || Content: My cat in 2016 quality
[10/29/2025 02:25:36.820 PM] Message  || User: izzyballz           || Channel: #yapper-committee                    || Content: crying they still don’t have the script
[10/29/2025 02:25:49.721 PM] Message  || User: plink5277           || Channel: #pet-pictures                        || Content: (no text; attachments=1)
[10/29/2025 02:26:13.741 PM] Message  || User: kcreepertux04       || Channel: #yapper-committee                    || Content: is ur dr szending it to the right place?
[10/29/2025 02:26:20.480 PM] Edit     || User: kcreepertux04       || Channel: #yapper-committee                    || is ur dr szending it to the right place? -> is ur dr sending it to the right ...
[10/29/2025 02:26:31.162 PM] Message  || User: izzyballz           || Channel: #yapper-committee                    || Content: who fucking knows man
[10/29/2025 02:27:10.939 PM] Message  || User: plink5277           || Channel: #itty-bitty-kitty-commitee           || Content: Are those heated outside cat houses fire hazards
[10/29/2025 02:28:08.371 PM] Message  || User: plink5277           || Channel: #pictures-of-the-cats                || Content: He looks like he could use a blanket
[10/29/2025 02:29:22.401 PM] Message  || User: izzyballz           || Channel: #yapper-committee                    || Content: i did specifically say send it to this location but they may have se...
[10/29/2025 02:29:38.340 PM] Message  || User: slayc127            || Channel: #itty-bitty-kitty-commitee           || Content: too many man
[10/29/2025 02:29:42.437 PM] Message  || User: izzyballz           || Channel: #yapper-committee                    || Content: if they did there’s at least some hope that i get it today cause my ...
[10/29/2025 02:30:10.824 PM] Message  || User: spitonme            || Channel: #pet-pictures                        || Content: do u understand how terrifying it was to open this chat
[10/29/2025 02:30:23.141 PM] React+   || User: slayc127            || Channel: #pet-pictures                        || emoji=😭; msg="do u understand how terrifying it was to..." by spitonme
[10/29/2025 02:30:34.821 PM] Message  || User: spitonme            || Channel: #yapper-committee                    || Content: im sorry man this sucks
[10/29/2025 02:31:12.334 PM] React+   || User: plink5277           || Channel: #pet-pictures                        || emoji=😛; msg="do u understand how terrifying it was to..." by spitonme
[10/29/2025 02:31:15.009 PM] Message  || User: izzyballz           || Channel: #yapper-committee                    || Content: it’s ok at least this isn’t something i need to live that’d suck ass
[10/29/2025 02:32:59.404 PM] React+   || User: simplyshadow171295  || Channel: #feeding-team                        || emoji=❤️; msg="snickers fed" by spitonme
[10/29/2025 02:33:23.639 PM] Message  || User: izzyballz           || Channel: #yapper-committee                    || Content: i’m learning lessons though i will be requesting a physical script a...
[10/29/2025 02:33:27.799 PM] Action   || Name: send_suppressed     || Trigger: ch=1341696618688286720               || Output: Gmail authorization needed. Open and approve, then reply: 'TomCat, au...
[10/29/2025 02:33:27.799 PM] Action   || Name: gmail_auth_url      || Trigger:                                      || Output: https://accounts.google.com/o/oauth2/auth?response_type=code&client_i...
[10/29/2025 02:33:27.799 PM] Action   || Name: gmail_log_scheduler || Trigger: auth                                 || Output: pending
[10/29/2025 02:33:38.722 PM] Message  || User: izzyballz           || Channel: #yapper-committee                    || Content: cause why has it been a day and you are just now sending it
[10/29/2025 02:43:55.493 PM] Action   || Name: send_suppressed     || Trigger: ch=1341696618688286720               || Output: Gmail authorization needed. Open and approve, then reply: 'TomCat, au...
[10/29/2025 02:43:55.493 PM] Action   || Name: gmail_auth_url      || Trigger:                                      || Output: https://accounts.google.com/o/oauth2/auth?response_type=code&client_i...
[10/29/2025 02:43:55.495 PM] Action   || Name: gmail_log_scheduler || Trigger: auth                                 || Output: pending
[10/29/2025 02:43:59.776 PM] Action   || Name: send_suppressed     || Trigger: ch=1341696618688286720               || Output: Gmail authorization needed. Open and approve, then reply: 'TomCat, au...
[10/29/2025 02:43:59.776 PM] Action   || Name: gmail_auth_url      || Trigger:                                      || Output: https://accounts.google.com/o/oauth2/auth?response_type=code&client_i...
[10/29/2025 02:43:59.776 PM] Action   || Name: gmail_log_scheduler || Trigger: auth                                 || Output: pending
[10/29/2025 02:44:30.714 PM] React+   || User: spitonme            || Channel: #yapper-committee                    || emoji=🐙; msg="it’s ok at least this isn’t something i ..." by izzyballz
[10/29/2025 02:45:03.756 PM] Message  || User: spitonme            || Channel: #yapper-committee                    || Content: sucks more when youre a minor and gotta rely on ur mom to request a ...
[10/29/2025 02:45:06.742 PM] Message  || User: spitonme            || Channel: #yapper-committee                    || Content: 😣
[10/29/2025 02:45:22.234 PM] Message  || User: spitonme            || Channel: #yapper-committee                    || Content: that lowk doesn’t believe in adhd or medicine… hashtag weird
[10/29/2025 02:45:31.530 PM] Message  || User: slayc127            || Channel: #yapper-committee                    || Content: smdh
[10/29/2025 02:46:12.562 PM] Message  || User: .bettercalljack     || Channel: #yapper-committee                    || Content: I need adhd accommodations or meds but my mom literally lost the papers
[10/29/2025 02:46:12.869 PM] Message  || User: _costco_wholesale_  || Channel: #feeding-team                        || Content: we already had mkz to worry about 😭
[10/29/2025 02:46:12.875 PM] Action   || Name: feed_pending_set    || Trigger: ch=643586809166561310; user=75192... || Output: stations=Mary Kay and Zen; text=we already had mkz to worry about 😭
[10/29/2025 02:46:42.996 PM] React+   || User: _costco_wholesale_  || Channel: #pet-pictures                        || emoji=🐙; msg="my friends cat, Ollie" by not_d3fault_1420
[10/29/2025 02:46:43.067 PM] Message  || User: izzyballz           || Channel: #yapper-committee                    || Content: wow !
[10/29/2025 02:47:59.345 PM] Message  || User: .bettercalljack     || Channel: #yapper-committee                    || Content: 😭
[10/29/2025 02:48:44.838 PM] React+   || User: m_digio             || Channel: #yapper-committee                    || emoji=❤️; msg=""one pound, mofine, to go" was a vocal s..." by kcreepertux04
[10/29/2025 02:49:08.750 PM] React+   || User: spitonme            || Channel: #feeding-team                        || emoji=🐙; msg="we already had mkz to worry about 😭" by _costco_wholesale_
[10/29/2025 02:49:37.473 PM] Message  || User: izzyballz           || Channel: #yapper-committee                    || Content: nurse has been calling the pharmacy to check on the script for 49 mi...
[10/29/2025 02:49:47.937 PM] Message  || User: spitonme            || Channel: #yapper-committee                    || Content: download mychart
[10/29/2025 02:49:48.490 PM] Message  || User: izzyballz           || Channel: #yapper-committee                    || Content: i got 11 and then i gotta go clock in
[10/29/2025 02:49:56.300 PM] Message  || User: spitonme            || Channel: #yapper-committee                    || Content: or whatever app ur place has
[10/29/2025 02:50:13.168 PM] React+   || User: _rambone_           || Channel: #executive-board                     || emoji=👍; msg="wont ping till tomorrow because its kind..." by slayc127
[10/29/2025 02:50:14.423 PM] Message  || User: izzyballz           || Channel: #yapper-committee                    || Content: bro my place deadass doesn’t have an app i do not have my medical re...
[10/29/2025 02:50:21.117 PM] Message  || User: spitonme            || Channel: #yapper-committee                    || Content: ?!
[10/29/2025 02:50:57.774 PM] Message  || User: spitonme            || Channel: #yapper-committee                    || Content: idk mine was thru cooks children 💔 i aged out
[10/29/2025 02:50:58.279 PM] Message  || User: izzyballz           || Channel: #yapper-committee                    || Content: my mom may or may not have a folder deep in her closet somewhere but...
[10/29/2025 02:51:19.236 PM] Action   || Name: send_suppressed     || Trigger: ch=1341696618688286720               || Output: Gmail authorization needed. Open and approve, then reply: 'TomCat, au...
[10/29/2025 02:51:19.236 PM] Action   || Name: gmail_auth_url      || Trigger:                                      || Output: https://accounts.google.com/o/oauth2/auth?response_type=code&client_i...
[10/29/2025 02:51:19.236 PM] Action   || Name: gmail_log_scheduler || Trigger: auth                                 || Output: pending
[10/29/2025 02:51:27.162 PM] Message  || User: izzyballz           || Channel: #yapper-committee                    || Content: mine is some fuck ass tiny pediatric clinic in the middle of some su...
[10/29/2025 02:51:31.098 PM] Message  || User: spitonme            || Channel: #yapper-committee                    || Content: 😭
[10/29/2025 02:51:35.180 PM] Message  || User: .bettercalljack     || Channel: #yapper-committee                    || Content: Same
[10/29/2025 02:51:57.566 PM] Message  || User: .bettercalljack     || Channel: #yapper-committee                    || Content: Mine was take health in the small towns urgent care 💔
[10/29/2025 02:52:12.413 PM] Edit     || User: .bettercalljack     || Channel: #yapper-committee                    || Mine was take health in the small towns urgent care 💔 -> Mine was tele health...
[10/29/2025 02:56:16.827 PM] Message  || User: kitadan             || Channel: #feeding-team                        || Content: Zen fed.
[10/29/2025 02:56:16.827 PM] Intent   || feed_update               ||                                               || station=Mary Kay and Zen; dates=['2025-10-29']
[10/29/2025 02:56:19.012 PM] Action   || Name: sheet_mark          || Trigger: station=Mary Kay and Zen date=202... || Output: ok
[10/29/2025 02:56:19.012 PM] Action   || Name: feed_update         || Trigger: station=Mary Kay and Zen; dates=2... || Output: ok
[10/29/2025 02:56:44.538 PM] Message  || User: kitadan             || Channel: #feeding-team                        || Content: And the new camper at Zen who is feeding the Mary Kay cats now.
[10/29/2025 02:56:44.546 PM] Intent   || feed_update               ||                                               || station=Mary Kay and Zen; dates=['2025-10-29']
[10/29/2025 02:56:45.250 PM] Action   || Name: sheet_mark          || Trigger: station=Mary Kay and Zen date=202... || Output: ok
[10/29/2025 02:56:45.250 PM] Action   || Name: feed_update         || Trigger: station=Mary Kay and Zen; dates=2... || Output: ok
[10/29/2025 02:56:48.698 PM] Message  || User: izzyballz           || Channel: #yapper-committee                    || Content: at least a comment i left on a tiktok is blowing up (i hate when thi...
[10/29/2025 02:56:51.347 PM] Message  || User: izzyballz           || Channel: #yapper-committee                    || Content: fun until it isn’t
[10/29/2025 02:57:35.967 PM] Message  || User: void_now            || Channel: #feeding-team                        || Content: Good for thor and freya
[10/29/2025 03:00:27.193 PM] Message  || User: izzyballz           || Channel: #yapper-committee                    || Content: THEY SENT IT TO THE CVS MY BY HOUSE
[10/29/2025 03:00:35.173 PM] Message  || User: izzyballz           || Channel: #yapper-committee                    || Content: THE ONE I ASKED THEM NOT TO SEND IT TO
[10/29/2025 03:00:56.451 PM] Message  || User: izzyballz           || Channel: #yapper-committee                    || Content: it does work out though i’ll tell my mom to get it
[10/29/2025 03:01:22.420 PM] Message  || User: reyesthighs         || Channel: #yapper-committee                    || Content: FOUL.
[10/29/2025 03:01:46.668 PM] Message  || User: reyesthighs         || Channel: #yapper-committee                    || Content: Roommates cat sat next to me on my bed licking his balls and then IM...
[10/29/2025 03:01:47.928 PM] Message  || User: reyesthighs         || Channel: #yapper-committee                    || Content: NO
[10/29/2025 03:02:01.132 PM] Message  || User: reyesthighs         || Channel: #yapper-committee                    || Content: I had to hold him at arms lenght
[10/29/2025 03:02:03.026 PM] React+   || User: yaeji               || Channel: #yapper-committee                    || emoji=💀; msg="Roommates cat sat next to me on my bed l..." by reyesthighs
[10/29/2025 03:02:08.968 PM] React+   || User: yaeji               || Channel: #yapper-committee                    || emoji=💀; msg="*Sniff sniff*" by Carl-bot
[10/29/2025 03:03:39.726 PM] React+   || User: slayc127            || Channel: #yapper-committee                    || emoji=💀; msg="Roommates cat sat next to me on my bed l..." by reyesthighs
[10/29/2025 03:03:52.021 PM] React+   || User: reyesthighs         || Channel: #cat-name-ideas                      || emoji=✅; msg="ben dover" by emiximez
[10/29/2025 03:13:40.909 PM] React+   || User: bixzu               || Channel: #pet-pictures                        || emoji=😭; msg="do u understand how terrifying it was to..." by spitonme
[10/29/2025 03:17:09.682 PM] Message  || User: obesemouse          || Channel: #itty-bitty-kitty-commitee           || Content: I have a plastic litter box i dont use anymore since i switched to s...
[10/29/2025 03:17:32.563 PM] Message  || User: obesemouse          || Channel: #itty-bitty-kitty-commitee           || Content: Also shouldve worded that better… my cats use the litter box*
[10/29/2025 03:18:12.177 PM] React+   || User: vasyline            || Channel: #feeding-team                        || emoji=❤️; msg="snickers fed" by spitonme
[10/29/2025 03:18:30.962 PM] Message  || User: m_digio             || Channel: #itty-bitty-kitty-commitee           || Content: Is the litterbox easier to use than a toilet /silly
[10/29/2025 03:18:43.374 PM] Join     || User: chimkenmcnummet ... || Guild: Campus Cat Coalition                   || age_days=1287; invite=rAEFDeT
[10/29/2025 03:19:44.126 PM] React+   || User: .s3j                || Channel: #pet-pictures                        || emoji=🐙; msg="my friends cat, Ollie" by not_d3fault_1420
[10/29/2025 03:19:51.306 PM] React+   || User: .s3j                || Channel: #pet-pictures                        || emoji=😭; msg="do u understand how terrifying it was to..." by spitonme
[10/29/2025 03:19:52.002 PM] Message  || User: spitonme            || Channel: #yapper-committee                    || Content: ew
[10/29/2025 03:20:02.875 PM] Message  || User: spitonme            || Channel: #yapper-committee                    || Content: why he still has his balls
[10/29/2025 03:20:51.488 PM] Action   || Name: send_suppressed     || Trigger: ch=1341696618688286720               || Output: Gmail authorization needed. Open and approve, then reply: 'TomCat, au...
[10/29/2025 03:20:51.488 PM] Action   || Name: gmail_auth_url      || Trigger:                                      || Output: https://accounts.google.com/o/oauth2/auth?response_type=code&client_i...
[10/29/2025 03:20:51.488 PM] Action   || Name: gmail_log_scheduler || Trigger: auth                                 || Output: pending
[10/29/2025 03:20:55.673 PM] Action   || Name: send_suppressed     || Trigger: ch=1341696618688286720               || Output: Gmail authorization needed. Open and approve, then reply: 'TomCat, au...
[10/29/2025 03:20:55.673 PM] Action   || Name: gmail_auth_url      || Trigger:                                      || Output: https://accounts.google.com/o/oauth2/auth?response_type=code&client_i...
[10/29/2025 03:20:55.673 PM] Action   || Name: gmail_log_scheduler || Trigger: auth                                 || Output: pending
[10/29/2025 03:21:16.222 PM] React+   || User: adeyumii            || Channel: #yapper-committee                    || emoji=💀; msg="Roommates cat sat next to me on my bed l..." by reyesthighs
[10/29/2025 03:21:17.241 PM] React+   || User: adeyumii            || Channel: #yapper-committee                    || emoji=💀; msg="*Sniff sniff*" by Carl-bot
[10/29/2025 03:22:02.238 PM] Action   || Name: send_suppressed     || Trigger: ch=1341696618688286720               || Output: Gmail authorization needed. Open and approve, then reply: 'TomCat, au...
[10/29/2025 03:22:02.238 PM] Action   || Name: gmail_auth_url      || Trigger:                                      || Output: https://accounts.google.com/o/oauth2/auth?response_type=code&client_i...
[10/29/2025 03:22:02.238 PM] Action   || Name: gmail_log_scheduler || Trigger: auth                                 || Output: pending
[10/29/2025 03:22:49.208 PM] React+   || User: simplyshadow171295  || Channel: #yapper-committee                    || emoji=💀; msg="Roommates cat sat next to me on my bed l..." by reyesthighs
[10/29/2025 03:22:58.369 PM] React+   || User: simplyshadow171295  || Channel: #itty-bitty-kitty-commitee           || emoji=😭; msg="Is the litterbox easier to use than a to..." by m_digio
[10/29/2025 03:23:18.117 PM] React+   || User: a1darek             || Channel: #yapper-committee                    || emoji=💀; msg="Roommates cat sat next to me on my bed l..." by reyesthighs
[10/29/2025 03:23:47.983 PM] React+   || User: _costco_wholesale_  || Channel: #itty-bitty-kitty-commitee           || emoji=😭; msg="Is the litterbox easier to use than a to..." by m_digio
[10/29/2025 03:26:28.545 PM] React+   || User: cici4f3             || Channel: #itty-bitty-kitty-commitee           || emoji=😭; msg="Is the litterbox easier to use than a to..." by m_digio
[10/29/2025 03:27:18.356 PM] Message  || User: cici4f3             || Channel: #itty-bitty-kitty-commitee           || Content: is it covered or open?
[10/29/2025 03:27:37.715 PM] React+   || User: obesemouse          || Channel: #itty-bitty-kitty-commitee           || emoji=😭; msg="Is the litterbox easier to use than a to..." by m_digio
[10/29/2025 03:28:00.422 PM] Message  || User: obesemouse          || Channel: #itty-bitty-kitty-commitee           || Content: it is an open one
[10/29/2025 03:28:30.007 PM] Message  || User: not_d3fault_1420    || Channel: #pictures-of-the-cats                || Content: (no text; attachments=1)
[10/29/2025 03:28:30.899 PM] Action   || Name: image_intake        || Trigger: channel=551084964318543904           || Output: rows=1
[10/29/2025 03:28:34.302 PM] Message  || User: not_d3fault_1420    || Channel: #pictures-of-the-cats                || Content: he's chillin in the sun now
[10/29/2025 03:28:42.194 PM] Action   || Name: send_suppressed     || Trigger: ch=1341696618688286720               || Output: Gmail authorization needed. Open and approve, then reply: 'TomCat, au...
[10/29/2025 03:28:42.194 PM] Action   || Name: gmail_auth_url      || Trigger:                                      || Output: https://accounts.google.com/o/oauth2/auth?response_type=code&client_i...
[10/29/2025 03:28:42.194 PM] Action   || Name: gmail_log_scheduler || Trigger: auth                                 || Output: pending
[10/29/2025 03:28:54.440 PM] Message  || User: not_d3fault_1420    || Channel: #pictures-of-the-cats                || Content: only cause he got up to lay down by me
[10/29/2025 03:29:15.244 PM] React+   || User: cici4f3             || Channel: #yapper-committee                    || emoji=💀; msg="Roommates cat sat next to me on my bed l..." by reyesthighs
[10/29/2025 03:29:23.073 PM] Message  || User: plink5277           || Channel: #yapper-committee                    || Content: This reminds me of my stupid friends dog situation. His family had a...
[10/29/2025 03:29:25.168 PM] Message  || User: cici4f3             || Channel: #yapper-committee                    || Content: marcelo behavior
[10/29/2025 03:29:29.880 PM] Message  || User: adeyumii            || Channel: #pictures-of-the-cats                || Content: he's so clingy
[10/29/2025 03:29:36.504 PM] Message  || User: plink5277           || Channel: #yapper-committee                    || Content: Not the cat having balls just balls in general btw ^^^
[10/29/2025 03:29:41.935 PM] Message  || User: adeyumii            || Channel: #pictures-of-the-cats                || Content: I love when he follows someone into the grass to lay with them
[10/29/2025 03:29:42.406 PM] Message  || User: not_d3fault_1420    || Channel: #pictures-of-the-cats                || Content: (no text; attachments=1)
[10/29/2025 03:29:42.884 PM] Action   || Name: image_intake        || Trigger: channel=551084964318543904           || Output: rows=1
[10/29/2025 03:29:46.652 PM] React+   || User: slayc127            || Channel: #pictures-of-the-cats                || emoji=‼️; msg="I love when he follows someone into the ..." by adeyumii
[10/29/2025 03:29:50.391 PM] Message  || User: slayc127            || Channel: #pictures-of-the-cats                || Content: sobbing
[10/29/2025 03:29:51.071 PM] React+   || User: not_d3fault_1420    || Channel: #pictures-of-the-cats                || emoji=‼️; msg="I love when he follows someone into the ..." by adeyumii
[10/29/2025 03:29:54.858 PM] React+   || User: simplyshadow171295  || Channel: #yapper-committee                    || emoji=😭; msg="This reminds me of my stupid friends dog..." by plink5277
[10/29/2025 03:29:57.039 PM] Edit     || User: plink5277           || Channel: #yapper-committee                    || This reminds me of my stupid friends dog situation. His family had a bunch of...
[10/29/2025 03:30:11.149 PM] Message  || User: adeyumii            || Channel: #pictures-of-the-cats                || Content: There were several times when I was in the dorm where I'd go lay in ...
[10/29/2025 03:30:27.790 PM] React+   || User: simplyshadow171295  || Channel: #pictures-of-the-cats                || emoji=‼️; msg="I love when he follows someone into the ..." by adeyumii
[10/29/2025 03:30:44.636 PM] React+   || User: kitadan             || Channel: #yapper-committee                    || emoji=💀; msg="Roommates cat sat next to me on my bed l..." by reyesthighs
[10/29/2025 03:30:54.038 PM] Message  || User: adeyumii            || Channel: #yapper-committee                    || Content: He's fixed
[10/29/2025 03:30:57.544 PM] Message  || User: adeyumii            || Channel: #yapper-committee                    || Content: It's residual balls
[10/29/2025 03:31:03.544 PM] Message  || User: yaeji               || Channel: #yapper-committee                    || Content: my male hamster had gigantic balls relative to his size
[10/29/2025 03:31:11.548 PM] Message  || User: void_now            || Channel: #yapper-committee                    || Content: he's got the biggest damn ones I've ever seen ngl
[10/29/2025 03:31:13.292 PM] Message  || User: adeyumii            || Channel: #yapper-committee                    || Content: Average rodent tho tbh
[10/29/2025 03:31:26.787 PM] Message  || User: yaeji               || Channel: #yapper-committee                    || Content: like they had some hang to them
[10/29/2025 03:31:37.230 PM] Message  || User: adeyumii            || Channel: #yapper-committee                    || Content: Hes fixed tho we promise 😭
[10/29/2025 03:32:03.506 PM] Message  || User: void_now            || Channel: #yapper-committee                    || Content: I believe y'all dw, he just honestly looks uneutered 😭
[10/29/2025 03:32:49.334 PM] Message  || User: adeyumii            || Channel: #yapper-committee                    || Content: he's just friend shaped
[10/29/2025 03:33:08.582 PM] Message  || User: .bettercalljack     || Channel: #yapper-committee                    || Content: IM LEGITIMATELY BEING BLOWM BY TU8S WIND
[10/29/2025 03:33:57.286 PM] Message  || User: plink5277           || Channel: #yapper-committee                    || Content: MY CAT HAS THE SAME THING
[10/29/2025 03:33:58.744 PM] Action   || Name: send_suppressed     || Trigger: ch=1341696618688286720               || Output: Gmail authorization needed. Open and approve, then reply: 'TomCat, au...
[10/29/2025 03:33:58.744 PM] Action   || Name: gmail_auth_url      || Trigger:                                      || Output: https://accounts.google.com/o/oauth2/auth?response_type=code&client_i...
[10/29/2025 03:33:58.744 PM] Action   || Name: gmail_log_scheduler || Trigger: auth                                 || Output: pending
[10/29/2025 03:34:29.935 PM] Message  || User: plink5277           || Channel: #yapper-committee                    || Content: He still has his little nuts and I have to tell ppl he’s neutered
[10/29/2025 03:34:31.836 PM] Message  || User: void_now            || Channel: #yapper-committee                    || Content: are you saying having big balls = friend shaped /s 😭
[10/29/2025 03:34:36.116 PM] Message  || User: void_now            || Channel: #yapper-committee                    || Content: KILL YOURSELF
[10/29/2025 03:34:52.948 PM] Message  || User: adeyumii            || Channel: #yapper-committee                    || Content: I was referring to his giant ass head
[10/29/2025 03:35:05.608 PM] Message  || User: plink5277           || Channel: #yapper-committee                    || Content: Ugh I mis my cat :((((((
[10/29/2025 03:35:12.696 PM] Message  || User: adeyumii            || Channel: #yapper-committee                    || Content: (no text; attachments=1)
[10/29/2025 03:35:20.495 PM] Message  || User: void_now            || Channel: #yapper-committee                    || Content: ohh
[10/29/2025 03:35:20.770 PM] Message  || User: plink5277           || Channel: #yapper-committee                    || Content: He’s actually man shaped
[10/29/2025 03:35:22.828 PM] Message  || User: void_now            || Channel: #yapper-committee                    || Content: yeah he has that
[10/29/2025 03:35:26.669 PM] Message  || User: plink5277           || Channel: #yapper-committee                    || Content: Bro has biceps
[10/29/2025 03:35:35.665 PM] Message  || User: adeyumii            || Channel: #yapper-committee                    || Content: He's built like a middle aged Italian guy from new york
[10/29/2025 03:35:49.236 PM] Message  || User: plink5277           || Channel: #yapper-committee                    || Content: He looks like he’s walking here
[10/29/2025 03:35:50.880 PM] React+   || User: not_d3fault_1420    || Channel: #yapper-committee                    || emoji=💀; msg="Roommates cat sat next to me on my bed l..." by reyesthighs
[10/29/2025 03:35:56.552 PM] Message  || User: bubblebee5866       || Channel: #feeding-team                        || Content: Buisness fed
[10/29/2025 03:35:56.552 PM] Action   || Name: feed_pending_exp... || Trigger: ch=643586809166561310; user=60994... || Output: 
[10/29/2025 03:35:56.552 PM] Intent   || feed_update               ||                                               || station=Business; dates=['2025-10-29']
[10/29/2025 03:36:00.866 PM] Action   || Name: sheet_mark          || Trigger: station=Business date=2025-10-29     || Output: ok
[10/29/2025 03:36:00.882 PM] Action   || Name: feed_update         || Trigger: station=Business; dates=2025-10-29   || Output: ok
[10/29/2025 03:36:20.017 PM] Message  || User: adeyumii            || Channel: #yapper-committee                    || Content: Made of circles
[10/29/2025 03:36:25.562 PM] React+   || User: not_d3fault_1420    || Channel: #itty-bitty-kitty-commitee           || emoji=😭; msg="y am I getting blown away" by lemonelon_
[10/29/2025 03:36:30.137 PM] React+   || User: void_now            || Channel: #yapper-committee                    || emoji=😭; msg="He looks like he’s walking here" by plink5277
[10/29/2025 03:42:41.924 PM] Message  || User: bubblebee5866       || Channel: #pictures-of-the-cats                || Content: Here come the chonky babes
[10/29/2025 03:42:43.410 PM] Action   || Name: image_intake        || Trigger: channel=551084964318543904           || Output: rows=7
[10/29/2025 03:43:57.694 PM] Message  || User: bubblebee5866       || Channel: #pictures-of-the-cats                || Content: (no text; attachments=1)
[10/29/2025 03:43:58.370 PM] Action   || Name: image_intake        || Trigger: channel=551084964318543904           || Output: rows=1
[10/29/2025 03:44:00.340 PM] Message  || User: bubblebee5866       || Channel: #pictures-of-the-cats                || Content: Eggy
[10/29/2025 03:44:50.277 PM] Message  || User: bubblebee5866       || Channel: #pictures-of-the-cats                || Content: (no text; attachments=1)
[10/29/2025 03:44:51.019 PM] Action   || Name: image_intake        || Trigger: channel=551084964318543904           || Output: rows=1
[10/29/2025 03:54:05.134 PM] React+   || User: moineau_l.oiseau    || Channel: #itty-bitty-kitty-commitee           || emoji=<:JScat:891493569179832351>; msg="it fumken wimdy" by spitonme
[10/29/2025 03:54:05.849 PM] React-   || User: unknown             || Channel: #itty-bitty-kitty-commitee           || emoji=<:JScat:891493569179832351>; msg="it fumken wimdy" by spitonme
[10/29/2025 03:54:08.096 PM] React+   || User: moineau_l.oiseau    || Channel: #itty-bitty-kitty-commitee           || emoji=‼️; msg="it fumken wimdy" by spitonme
[10/29/2025 03:54:48.290 PM] React+   || User: moineau_l.oiseau    || Channel: #itty-bitty-kitty-commitee           || emoji=😭; msg="Is the litterbox easier to use than a to..." by m_digio
[10/29/2025 03:55:57.156 PM] React+   || User: moineau_l.oiseau    || Channel: #yapper-committee                    || emoji=😭; msg="If u do ur gonna end up like me and have..." by austinbaustinb
[10/29/2025 03:56:24.675 PM] React+   || User: moineau_l.oiseau    || Channel: #yapper-committee                    || emoji=😭; msg=1433150786702938142
[10/29/2025 03:58:01.297 PM] React+   || User: moineau_l.oiseau    || Channel: #pet-pictures                        || emoji=😆; msg="Said a quick hello and left" by almunds
[10/29/2025 03:58:11.238 PM] React+   || User: moineau_l.oiseau    || Channel: #pet-pictures                        || emoji=❤️; msg="some stray cats that showed up in my yar..." by not_d3fault_1420
[10/29/2025 03:58:17.797 PM] React+   || User: moineau_l.oiseau    || Channel: #pet-pictures                        || emoji=<:smilecat:836868602220380160>; msg="my friends cat, Ollie" by not_d3fa...
[10/29/2025 03:58:24.305 PM] React+   || User: moineau_l.oiseau    || Channel: #pet-pictures                        || emoji=‼️; msg="the fucking lipstick is sending me" by spitonme
[10/29/2025 03:58:35.627 PM] React+   || User: moineau_l.oiseau    || Channel: #pet-pictures                        || emoji=🤣; msg=1433174886108364933
[10/29/2025 03:59:24.773 PM] React+   || User: moineau_l.oiseau    || Channel: #events                              || emoji=‼️; msg="sorry yall events at 1pm are not somethi..." by cici4f3
[10/29/2025 04:02:50.651 PM] Message  || User: cici4f3             || Channel: #pictures-of-the-cats                || Content: one egg and one eraser
[10/29/2025 04:03:34.521 PM] Message  || User: adeyumii            || Channel: #pictures-of-the-cats                || Content: but no twig. not a single one
[10/29/2025 04:04:19.284 PM] Message  || User: bubblebee5866       || Channel: #pictures-of-the-cats                || Content: twixy was under a bench with a person on it and I didn't want to be ...
[10/29/2025 04:05:47.471 PM] Message  || User: cici4f3             || Channel: #pictures-of-the-cats                || Content: no twig 💔💔💔
[10/29/2025 04:06:18.810 PM] React+   || User: moineau_l.oiseau    || Channel: #pictures-of-the-cats                || emoji=😆; msg="you think he’s hungry" by simplyshadow171295
[10/29/2025 04:06:20.831 PM] React+   || User: moineau_l.oiseau    || Channel: #pictures-of-the-cats                || emoji=😭; msg="he also went in his house for a minute" by simplyshadow171295
[10/29/2025 04:06:21.132 PM] Action   || Name: send_suppressed     || Trigger: ch=1341696618688286720               || Output: Gmail authorization needed. Open and approve, then reply: 'TomCat, au...
[10/29/2025 04:06:21.132 PM] Action   || Name: gmail_auth_url      || Trigger:                                      || Output: https://accounts.google.com/o/oauth2/auth?response_type=code&client_i...
[10/29/2025 04:06:21.132 PM] Action   || Name: gmail_log_scheduler || Trigger: auth                                 || Output: pending
[10/29/2025 04:06:21.418 PM] React+   || User: moineau_l.oiseau    || Channel: #pictures-of-the-cats                || emoji=😆; msg="he also went in his house for a minute" by simplyshadow171295
[10/29/2025 04:06:24.130 PM] React+   || User: moineau_l.oiseau    || Channel: #pictures-of-the-cats                || emoji=😭; msg="loafed up in the cold (from earlier)" by not_d3fault_1420
[10/29/2025 04:06:24.641 PM] Action   || Name: send_suppressed     || Trigger: ch=1341696618688286720               || Output: Gmail authorization needed. Open and approve, then reply: 'TomCat, au...
[10/29/2025 04:06:24.641 PM] Action   || Name: gmail_auth_url      || Trigger:                                      || Output: https://accounts.google.com/o/oauth2/auth?response_type=code&client_i...
[10/29/2025 04:06:24.641 PM] Action   || Name: gmail_log_scheduler || Trigger: auth                                 || Output: pending
[10/29/2025 04:06:27.561 PM] React+   || User: moineau_l.oiseau    || Channel: #pictures-of-the-cats                || emoji=‼️; msg=1433138776497983570
[10/29/2025 04:06:30.230 PM] React+   || User: moineau_l.oiseau    || Channel: #pictures-of-the-cats                || emoji=‼️; msg="I love when he follows someone into the ..." by adeyumii
[10/29/2025 04:07:12.668 PM] React+   || User: moineau_l.oiseau    || Channel: #pictures-of-the-cats                || emoji=<:smilecat:836868602220380160>; msg=1433194895572471930
[10/29/2025 04:08:10.912 PM] React+   || User: kitadan             || Channel: #pictures-of-the-cats                || emoji=<:smilecat:836868602220380160>; msg=1433194895572471930
[10/29/2025 04:09:19.862 PM] React+   || User: moineau_l.oiseau    || Channel: #report-new-cats                     || emoji=😭; msg=1432920675739373659
[10/29/2025 04:10:20.516 PM] Message  || User: reyesthighs         || Channel: #yapper-committee                    || Content: He is neutered but he has leftovers
[10/29/2025 04:13:53.785 PM] Message  || User: a1darek             || Channel: #purrley-pawsitive-pussy-pals        || Content: https://tenor.com/view/say-that-again-gif-968943876633031890
[10/29/2025 04:20:29.320 PM] Message  || User: .bettercalljack     || Channel: #yapper-committee                    || Content: Someone here wanted me to talk about getting my tongue piercing, lit...
[10/29/2025 04:21:27.405 PM] Message  || User: .bettercalljack     || Channel: #yapper-committee                    || Content: But i also was mentally blanking out
[10/29/2025 04:21:42.174 PM] Message  || User: plink5277           || Channel: #yapper-committee                    || Content: Why does this happen I wonder bc some cats just don have anything left
[10/29/2025 04:24:24.054 PM] Message  || User: reyesthighs         || Channel: #yapper-committee                    || Content: I think it's timing? Idk I don't do the surgery
[10/29/2025 04:27:14.699 PM] Message  || User: celeryiscelery      || Channel: #purrley-pawsitive-pussy-pals        || Content: i’m very confused
[10/29/2025 04:30:00.733 PM] Action   || Name: send_suppressed     || Trigger: ch=1341696618688286720               || Output: Gmail authorization needed. Open and approve, then reply: 'TomCat, au...
[10/29/2025 04:30:00.733 PM] Action   || Name: gmail_auth_url      || Trigger:                                      || Output: https://accounts.google.com/o/oauth2/auth?response_type=code&client_i...
[10/29/2025 04:30:00.733 PM] Action   || Name: gmail_log_scheduler || Trigger: auth                                 || Output: pending
[10/29/2025 04:30:51.779 PM] React+   || User: vasyline            || Channel: #pictures-of-the-cats                || emoji=‼️; msg="I love when he follows someone into the ..." by adeyumii
[10/29/2025 04:32:34.834 PM] Message  || User: m_digio             || Channel: #purrley-pawsitive-pussy-pals        || Content: Why
[10/29/2025 04:32:58.972 PM] Message  || User: a1darek             || Channel: #purrley-pawsitive-pussy-pals        || Content: Sorry I'm talking to mckayla and kenne and we were talking movies an...
[10/29/2025 04:35:04.297 PM] Message  || User: pancakemixteamdj    || Channel: #yapper-committee                    || Content: Well chat as far as I know my laptop slimmed itself so I might have ...
[10/29/2025 04:35:24.036 PM] Message  || User: _costco_wholesale_  || Channel: #pictures-of-the-cats                || Content: michelle
[10/29/2025 04:35:24.673 PM] Action   || Name: image_intake        || Trigger: channel=551084964318543904           || Output: rows=1
[10/29/2025 04:35:26.241 PM] Message  || User: adeyumii            || Channel: #yapper-committee                    || Content: rip a real one
[10/29/2025 04:35:28.695 PM] Edit     || User: a1darek             || Channel: #purrley-pawsitive-pussy-pals        || Sorry I'm talking to mckayla and kenne and we were talking movies and this du...
[10/29/2025 04:36:05.115 PM] Message  || User: adeyumii            || Channel: #pictures-of-the-cats                || Content: microscope
[10/29/2025 04:36:30.660 PM] Message  || User: _costco_wholesale_  || Channel: #pictures-of-the-cats                || Content: (no text; attachments=3)
[10/29/2025 04:36:31.282 PM] Action   || Name: image_intake        || Trigger: channel=551084964318543904           || Output: rows=3
[10/29/2025 04:37:20.786 PM] Message  || User: _costco_wholesale_  || Channel: #pictures-of-the-cats                || Content: (no text; attachments=1)
[10/29/2025 04:37:21.472 PM] Action   || Name: image_intake        || Trigger: channel=551084964318543904           || Output: rows=1
[10/29/2025 04:37:41.484 PM] Message  || User: not_d3fault_1420    || Channel: #pictures-of-the-cats                || Content: looaf
[10/29/2025 04:37:46.384 PM] React+   || User: not_d3fault_1420    || Channel: #pictures-of-the-cats                || emoji=❤️; msg=1433207900569993388
[10/29/2025 04:38:01.040 PM] Message  || User: celeryiscelery      || Channel: #purrley-pawsitive-pussy-pals        || Content: both of yalls messages had no context 😭
[10/29/2025 04:38:02.341 PM] Message  || User: cici4f3             || Channel: #yapper-committee                    || Content: hello this was me, it hurt less than an earlobe???
[10/29/2025 04:38:13.319 PM] Message  || User: cici4f3             || Channel: #yapper-committee                    || Content: Idk why I'm scared of getting a tongue I literally have an industrial
[10/29/2025 04:38:16.444 PM] Message  || User: .bettercalljack     || Channel: #yapper-committee                    || Content: Yes idk how to explain
[10/29/2025 04:38:38.615 PM] Message  || User: .bettercalljack     || Channel: #yapper-committee                    || Content: For me imo the earlobe was really bad idk why but the tongue was lit...
[10/29/2025 04:39:04.904 PM] Message  || User: celeryiscelery      || Channel: #purrley-pawsitive-pussy-pals        || Content: not quite my tempo
[10/29/2025 04:39:11.985 PM] Message  || User: adeyumii            || Channel: #pictures-of-the-cats                || Content: He literally falls asleep like an old man
[10/29/2025 04:39:20.307 PM] Message  || User: adeyumii            || Channel: #pictures-of-the-cats                || Content: Arms crossed, slumped
[10/29/2025 04:42:03.345 PM] Message  || User: slayc127            || Channel: #purrley-pawsitive-pussy-pals        || Content: cant believe yall r having fun without me
[10/29/2025 04:42:44.967 PM] Message  || User: cici4f3             || Channel: #yapper-committee                    || Content: did you just get it done today?
[10/29/2025 04:43:41.422 PM] React+   || User: not_d3fault_1420    || Channel: #yapper-committee                    || emoji=😭; msg="Well chat as far as I know my laptop sli..." by pancakemixteamdj
[10/29/2025 04:46:28.327 PM] Message  || User: .bettercalljack     || Channel: #yapper-committee                    || Content: Yes
[10/29/2025 04:46:35.879 PM] Message  || User: .bettercalljack     || Channel: #yapper-committee                    || Content: Literally like at 3:50
[10/29/2025 04:47:43.926 PM] Message  || User: .bettercalljack     || Channel: #yapper-committee                    || Content: Idk why my 2nd earlobe was so bad in my experience but it hurt less ...
[10/29/2025 04:48:12.875 PM] Message  || User: .bettercalljack     || Channel: #yapper-committee                    || Content: Even hurt more when i got impulsive and did a 3rd with a safety pin 😭
[10/29/2025 04:50:36.514 PM] Message  || User: izzyballz           || Channel: #yapper-committee                    || Content: customer service will kill me i think
[10/29/2025 04:50:50.158 PM] Edit     || User: .bettercalljack     || Channel: #yapper-committee                    || Even hurt more when i got impulsive and did a 3rd with a safety pin 😭 -> It r...
[10/29/2025 04:51:06.665 PM] Message  || User: izzyballz           || Channel: #yapper-committee                    || Content: like fuck why are you being so difficult right now
[10/29/2025 04:51:56.146 PM] Message  || User: .bettercalljack     || Channel: #itty-bitty-kitty-commitee           || Content: This is what liberals are doing in american schools nowadays. (Get t...
[10/29/2025 04:52:05.964 PM] Edit     || User: .bettercalljack     || Channel: #itty-bitty-kitty-commitee           || This is what liberals are doing in american schools nowadays. (Get the refere...
[10/29/2025 04:52:10.575 PM] Action   || Name: send_suppressed     || Trigger: ch=1341696618688286720               || Output: Gmail authorization needed. Open and approve, then reply: 'TomCat, au...
[10/29/2025 04:52:10.575 PM] Action   || Name: gmail_auth_url      || Trigger:                                      || Output: https://accounts.google.com/o/oauth2/auth?response_type=code&client_i...
[10/29/2025 04:52:10.575 PM] Action   || Name: gmail_log_scheduler || Trigger: auth                                 || Output: pending
[10/29/2025 04:52:12.309 PM] Message  || User: pancakemixteamdj    || Channel: #itty-bitty-kitty-commitee           || Content: ^^
[10/29/2025 04:52:38.386 PM] React+   || User: pancakemixteamdj    || Channel: #feeding-team                        || emoji=❤️; msg="snickers fed" by spitonme
[10/29/2025 04:53:06.732 PM] Edit     || User: .bettercalljack     || Channel: #yapper-committee                    || It rven hurt more when i got impulsive and did a 3rd with a safety pin 😭 -> I...
[10/29/2025 04:54:09.107 PM] React+   || User: spitonme            || Channel: #yapper-committee                    || emoji=🐙; msg="customer service will kill me i think" by izzyballz
[10/29/2025 04:54:10.505 PM] Message  || User: .bettercalljack     || Channel: #yapper-committee                    || Content: Rewrote this bc it sounded like "no shit doing that would hurt more"
[10/29/2025 04:54:21.919 PM] Message  || User: .bettercalljack     || Channel: #yapper-committee                    || Content: Doing this hurt LESS than the 2nd earlobe
[10/29/2025 04:54:25.057 PM] React+   || User: spitonme            || Channel: #itty-bitty-kitty-commitee           || emoji=🐙; msg="This is what liberals are doing in ameri..." by .bettercalljack
[10/29/2025 04:54:46.324 PM] React+   || User: .bettercalljack     || Channel: #yapper-committee                    || emoji=🐙; msg="customer service will kill me i think" by izzyballz
[10/29/2025 04:55:21.604 PM] React+   || User: m_digio             || Channel: #itty-bitty-kitty-commitee           || emoji=❤️; msg="This is what liberals are doing in ameri..." by .bettercalljack
[10/29/2025 04:56:27.814 PM] Message  || User: spitonme            || Channel: #yapper-committee                    || Content: should i get snakebites or angelbites
[10/29/2025 04:56:35.244 PM] Message  || User: .bettercalljack     || Channel: #yapper-committee                    || Content: Snakebites
[10/29/2025 04:56:58.755 PM] Message  || User: .bettercalljack     || Channel: #yapper-committee                    || Content: I wanted to get angel bites in the near future but bc theyre like cl...
[10/29/2025 04:57:01.508 PM] Message  || User: .bettercalljack     || Channel: #yapper-committee                    || Content: I looked it up
[10/29/2025 04:57:35.371 PM] Message  || User: a1darek             || Channel: #purrley-pawsitive-pussy-pals        || Content: just don't be sick
[10/29/2025 04:57:37.975 PM] Message  || User: spitonme            || Channel: #pictures-of-the-cats                || Content: tomcat play michelle by sir chloe
[10/29/2025 04:57:48.579 PM] Message  || User: .bettercalljack     || Channel: #yapper-committee                    || Content: Nvm i got
[10/29/2025 04:57:54.612 PM] Message  || User: .bettercalljack     || Channel: #yapper-committee                    || Content: confused with anfel fanga
[10/29/2025 04:58:06.812 PM] Message  || User: .bettercalljack     || Channel: #yapper-committee                    || Content: Ignore what i said idk about angel bites
[10/29/2025 04:58:12.060 PM] Message  || User: .bettercalljack     || Channel: #yapper-committee                    || Content: https://tenor.com/view/zesty-cat-niklas-cat-tongue-gif-9842551414196...
[10/29/2025 04:58:36.174 PM] Message  || User: .bettercalljack     || Channel: #yapper-committee                    || Content: Wait theyre the same
[10/29/2025 04:58:43.637 PM] Message  || User: spitonme            || Channel: #yapper-committee                    || Content: same same
[10/29/2025 04:58:59.715 PM] Message  || User: spitonme            || Channel: #yapper-committee                    || Content: foes this mean minecraft is saved
[10/29/2025 04:59:01.153 PM] Message  || User: .bettercalljack     || Channel: #yapper-committee                    || Content: I am still blanking out 😭
[10/29/2025 05:00:40.167 PM] Message  || User: void_now            || Channel: #pictures-of-the-cats                || Content: Ginger snoozing on the steps ❤️
[10/29/2025 05:00:41.437 PM] Action   || Name: image_intake        || Trigger: channel=551084964318543904           || Output: rows=2
[10/29/2025 05:00:43.540 PM] Action   || Name: send_suppressed     || Trigger: ch=1341696618688286720               || Output: Gmail authorization needed. Open and approve, then reply: 'TomCat, au...
[10/29/2025 05:00:43.540 PM] Action   || Name: gmail_auth_url      || Trigger:                                      || Output: https://accounts.google.com/o/oauth2/auth?response_type=code&client_i...
[10/29/2025 05:00:43.540 PM] Action   || Name: gmail_log_scheduler || Trigger: auth                                 || Output: pending
[10/29/2025 05:01:11.547 PM] Message  || User: void_now            || Channel: #pictures-of-the-cats                || Content: (no text; attachments=1)
[10/29/2025 05:01:12.158 PM] Action   || Name: image_intake        || Trigger: channel=551084964318543904           || Output: rows=1
[10/29/2025 05:01:23.085 PM] Message  || User: void_now            || Channel: #report-new-cats                     || Content: There’s a new cat at Zen
[10/29/2025 05:01:23.994 PM] Action   || Name: image_intake        || Trigger: channel=639882573199441930           || Output: rows=1
[10/29/2025 05:01:37.937 PM] React+   || User: kitadan             || Channel: #pictures-of-the-cats                || emoji=❤️; msg=1433214111927238799
[10/29/2025 05:01:52.695 PM] Message  || User: m_digio             || Channel: #report-new-cats                     || Content: Boooooooo
[10/29/2025 05:01:54.903 PM] Message  || User: m_digio             || Channel: #report-new-cats                     || Content: <:SHAME:1418029043399266355>
[10/29/2025 05:01:56.177 PM] Message  || User: m_digio             || Channel: #report-new-cats                     || Content: <:angy:1423115141872091298>
[10/29/2025 05:02:02.317 PM] React+   || User: kitadan             || Channel: #report-new-cats                     || emoji=‼️; msg="There’s a new cat at Zen" by void_now
[10/29/2025 05:03:27.151 PM] Message  || User: void_now            || Channel: #report-new-cats                     || Content: (no text; attachments=1)
[10/29/2025 05:03:27.740 PM] Action   || Name: image_intake        || Trigger: channel=639882573199441930           || Output: rows=1
[10/29/2025 05:03:49.998 PM] React+   || User: kitadan             || Channel: #report-new-cats                     || emoji=‼️; msg=1433214680666472530
[10/29/2025 05:03:51.257 PM] Message  || User: void_now            || Channel: #report-new-cats                     || Content: Im ngl they’re ugly as shit 😭
[10/29/2025 05:04:06.928 PM] Message  || User: void_now            || Channel: #report-new-cats                     || Content: Do I get to name them
[10/29/2025 05:04:17.462 PM] Message  || User: .bettercalljack     || Channel: #report-new-cats                     || Content: MR BEAN
[10/29/2025 05:04:21.766 PM] Message  || User: .bettercalljack     || Channel: #report-new-cats                     || Content: Not forced
[10/29/2025 05:04:45.505 PM] Edit     || User: .bettercalljack     || Channel: #report-new-cats                     || Not forced -> Not forced to name them that
[10/29/2025 05:04:55.315 PM] React+   || User: .bettercalljack     || Channel: #report-new-cats                     || emoji=‼️; msg=1433214680666472530
[10/29/2025 05:05:06.074 PM] React+   || User: m_digio             || Channel: #report-new-cats                     || emoji=😭; msg="Im ngl they’re ugly as shit 😭" by void_now
[10/29/2025 05:05:12.298 PM] Message  || User: m_digio             || Channel: #report-new-cats                     || Content: Yes
[10/29/2025 05:05:21.996 PM] React+   || User: .bettercalljack     || Channel: #report-new-cats                     || emoji=😭; msg="Im ngl they’re ugly as shit 😭" by void_now
[10/29/2025 05:05:29.467 PM] Message  || User: void_now            || Channel: #report-new-cats                     || Content: Tumor
[10/29/2025 05:05:39.617 PM] Message  || User: .bettercalljack     || Channel: #report-new-cats                     || Content: Beautiful
[10/29/2025 05:06:09.034 PM] React+   || User: void_now            || Channel: #report-new-cats                     || emoji=😁; msg="Yes" by m_digio
[10/29/2025 05:06:13.121 PM] React+   || User: .bettercalljack     || Channel: #report-new-cats                     || emoji=😁; msg="Yes" by m_digio
[10/29/2025 05:06:15.178 PM] React-   || User: unknown             || Channel: #report-new-cats                     || emoji=😁; msg="Yes" by m_digio
[10/29/2025 05:06:31.525 PM] Message  || User: m_digio             || Channel: #report-new-cats                     || Content: <:wuuh:1331331057076932750>
[10/29/2025 05:06:48.371 PM] React+   || User: m_digio             || Channel: #pictures-of-the-cats                || emoji=❤️; msg=1433214111927238799
[10/29/2025 05:07:04.193 PM] Message  || User: void_now            || Channel: #report-new-cats                     || Content: Hm
[10/29/2025 05:07:06.462 PM] Message  || User: void_now            || Channel: #report-new-cats                     || Content: Baldwin
[10/29/2025 05:07:10.318 PM] Message  || User: void_now            || Channel: #report-new-cats                     || Content: Because he looks bald
[10/29/2025 05:07:19.157 PM] Message  || User: .bettercalljack     || Channel: #report-new-cats                     || Content: Baldwin's tumor
[10/29/2025 05:07:40.890 PM] Message  || User: void_now            || Channel: #report-new-cats                     || Content: No tumor I like tumor
[10/29/2025 05:07:51.554 PM] Message  || User: adeyumii            || Channel: #report-new-cats                     || Content: Probably just a guy trying to get with noir based on that first pic
[10/29/2025 05:07:59.472 PM] Message  || User: void_now            || Channel: #report-new-cats                     || Content: Def 💀
[10/29/2025 05:08:00.765 PM] Message  || User: izzyballz           || Channel: #yapper-committee                    || Content: highkey i cannot stand the elderly like 85% of the time
[10/29/2025 05:08:04.291 PM] Message  || User: m_digio             || Channel: #report-new-cats                     || Content: Tumor is fitting then
[10/29/2025 05:08:25.078 PM] Message  || User: izzyballz           || Channel: #yapper-committee                    || Content: probably more than that that’s being nice
[10/29/2025 05:08:33.762 PM] Message  || User: void_now            || Channel: #report-new-cats                     || Content: 😁
[10/29/2025 05:08:55.120 PM] Message  || User: .bettercalljack     || Channel: #yapper-committee                    || Content: I imagine dealing with them is a nightmare bc anything with a screen...
[10/29/2025 05:08:57.727 PM] Message  || User: m_digio             || Channel: #report-new-cats                     || Content: @Atlas ᓚᘏᗢ
[10/29/2025 05:09:18.223 PM] Message  || User: simplyshadow171295  || Channel: #report-new-cats                     || Content: you want to kill giacomo??
[10/29/2025 05:09:18.710 PM] Message  || User: void_now            || Channel: #report-new-cats                     || Content: ||why does he kinda look like Hitler though||
[10/29/2025 05:09:29.774 PM] Message  || User: m_digio             || Channel: #report-new-cats                     || Content: ??
[10/29/2025 05:09:41.863 PM] Message  || User: simplyshadow171295  || Channel: #report-new-cats                     || Content: you kill giacomo with new cat
[10/29/2025 05:09:45.929 PM] Message  || User: simplyshadow171295  || Channel: #report-new-cats                     || Content: i’m giacomo
[10/29/2025 05:09:50.304 PM] Message  || User: m_digio             || Channel: #report-new-cats                     || Content: Oh
[10/29/2025 05:09:58.942 PM] React+   || User: _costco_wholesale_  || Channel: #report-new-cats                     || emoji=😆; msg="i’m giacomo" by simplyshadow171295
[10/29/2025 05:10:00.093 PM] Message  || User: m_digio             || Channel: #report-new-cats                     || Content: *kill giacomo*
[10/29/2025 05:10:07.943 PM] Message  || User: void_now            || Channel: #report-new-cats                     || Content: ??
[10/29/2025 05:10:20.040 PM] Message  || User: void_now            || Channel: #report-new-cats                     || Content: Wait is the cat already named
[10/29/2025 05:10:29.310 PM] Message  || User: simplyshadow171295  || Channel: #pictures-of-the-cats                || Content: she was hungry
[10/29/2025 05:10:29.787 PM] Action   || Name: image_intake        || Trigger: channel=551084964318543904           || Output: rows=1
[10/29/2025 05:10:47.791 PM] Message  || User: m_digio             || Channel: #report-new-cats                     || Content: No
[10/29/2025 05:10:48.906 PM] React+   || User: izzyballz           || Channel: #itty-bitty-kitty-commitee           || emoji=🐙; msg="This is what liberals are doing in ameri..." by .bettercalljack
[10/29/2025 05:10:49.220 PM] React+   || User: izzyballz           || Channel: #itty-bitty-kitty-commitee           || emoji=❤️; msg="This is what liberals are doing in ameri..." by .bettercalljack
[10/29/2025 05:10:53.559 PM] Message  || User: simplyshadow171295  || Channel: #report-new-cats                     || Content: no
[10/29/2025 05:11:15.949 PM] React+   || User: simplyshadow171295  || Channel: #report-new-cats                     || emoji=😭; msg="*kill giacomo*" by m_digio
[10/29/2025 05:11:58.583 PM] React+   || User: m_digio             || Channel: #pictures-of-the-cats                || emoji=❤️; msg="she was hungry" by simplyshadow171295
[10/29/2025 05:12:21.735 PM] Message  || User: simplyshadow171295  || Channel: #pictures-of-the-cats                || Content: there are multiple children in the window
[10/29/2025 05:12:29.748 PM] Message  || User: simplyshadow171295  || Channel: #pictures-of-the-cats                || Content: and we are feeding a kitten
[10/29/2025 05:12:35.538 PM] Message  || User: _costco_wholesale_  || Channel: #pictures-of-the-cats                || Content: we look like creeps
[10/29/2025 05:12:38.370 PM] Message  || User: izzyballz           || Channel: #yapper-committee                    || Content: and my dad is texting me stupid questions i cant
[10/29/2025 05:12:46.225 PM] React+   || User: simplyshadow171295  || Channel: #pictures-of-the-cats                || emoji=‼️; msg="we look like creeps" by _costco_wholesale_
[10/29/2025 05:13:03.070 PM] React+   || User: _costco_wholesale_  || Channel: #itty-bitty-kitty-commitee           || emoji=🐙; msg="This is what liberals are doing in ameri..." by .bettercalljack
[10/29/2025 05:13:19.311 PM] React+   || User: _costco_wholesale_  || Channel: #report-new-cats                     || emoji=😭; msg="*kill giacomo*" by m_digio
[10/29/2025 05:13:24.603 PM] React+   || User: simplyshadow171295  || Channel: #itty-bitty-kitty-commitee           || emoji=❤️; msg="This is what liberals are doing in ameri..." by .bettercalljack
[10/29/2025 05:14:10.205 PM] Message  || User: m_digio             || Channel: #pictures-of-the-cats                || Content: Teehee js normal ccc behavior
[10/29/2025 05:14:13.266 PM] Message  || User: _rambone_           || Channel: #executive-board                     || Content: Lmk what day we end up going with so I can request the day off!
[10/29/2025 05:14:23.490 PM] Message  || User: slayc127            || Channel: #executive-board                     || Content: heard!
[10/29/2025 05:14:26.390 PM] React+   || User: kitadan             || Channel: #report-new-cats                     || emoji=😭; msg="Im ngl they’re ugly as shit 😭" by void_now
[10/29/2025 05:14:32.110 PM] React+   || User: kitadan             || Channel: #report-new-cats                     || emoji=😁; msg="Yes" by m_digio
[10/29/2025 05:14:33.781 PM] Message  || User: simplyshadow171295  || Channel: #pictures-of-the-cats                || Content: there’s an adult that keeps making eye contact with us
[10/29/2025 05:14:40.455 PM] Message  || User: _costco_wholesale_  || Channel: #pictures-of-the-cats                || Content: lol
[10/29/2025 05:14:43.686 PM] Message  || User: simplyshadow171295  || Channel: #pictures-of-the-cats                || Content: she’s eating out of my tupperware though i can’t leave
[10/29/2025 05:14:52.811 PM] React+   || User: kitadan             || Channel: #report-new-cats                     || emoji=😭; msg="*kill giacomo*" by m_digio
[10/29/2025 05:14:54.266 PM] Message  || User: _costco_wholesale_  || Channel: #pictures-of-the-cats                || Content: im surprised none of have had the police called on us yet
[10/29/2025 05:15:00.600 PM] Message  || User: simplyshadow171295  || Channel: #pictures-of-the-cats                || Content: (no text; attachments=1)
[10/29/2025 05:15:01.219 PM] Action   || Name: image_intake        || Trigger: channel=551084964318543904           || Output: rows=1
[10/29/2025 05:15:28.755 PM] Message  || User: slayc127            || Channel: #purrley-pawsitive-pussy-pals        || Content: >:(
[10/29/2025 05:15:52.134 PM] Message  || User: slayc127            || Channel: #purrley-pawsitive-pussy-pals        || Content: just spent two hours finally finishing the mending on my jeans 🥀
[10/29/2025 05:17:37.030 PM] React+   || User: _rambone_           || Channel: #executive-board                     || emoji=<:Minecraft_Heart:1218320511206162513>; msg="heard!" by slayc127
[10/29/2025 05:18:11.408 PM] Message  || User: kitadan             || Channel: #report-new-cats                     || Content: Tumor trying to Noir to have two more.
[10/29/2025 05:19:24.424 PM] React+   || User: void_now            || Channel: #report-new-cats                     || emoji=😭; msg="Tumor trying to Noir to have two more." by kitadan
[10/29/2025 05:19:54.105 PM] React+   || User: a1darek             || Channel: #itty-bitty-kitty-commitee           || emoji=❤️; msg="This is what liberals are doing in ameri..." by .bettercalljack
[10/29/2025 05:21:20.057 PM] React+   || User: _costco_wholesale_  || Channel: #report-new-cats                     || emoji=😭; msg="Tumor trying to Noir to have two more." by kitadan
[10/29/2025 05:26:55.515 PM] React+   || User: adeyumii            || Channel: #report-new-cats                     || emoji=😭; msg="Tumor trying to Noir to have two more." by kitadan
[10/29/2025 05:31:58.280 PM] Message  || User: simplyshadow171295  || Channel: #pictures-of-the-cats                || Content: citlali and meatball
[10/29/2025 05:31:58.765 PM] Action   || Name: image_intake        || Trigger: channel=551084964318543904           || Output: rows=1
[10/29/2025 05:32:59.851 PM] React+   || User: bubblebee5866       || Channel: #pictures-of-the-cats                || emoji=❤️; msg=1433207900569993388
[10/29/2025 05:33:02.128 PM] Message  || User: adeyumii            || Channel: #pictures-of-the-cats                || Content: god I love Citlali
[10/29/2025 05:36:15.765 PM] React+   || User: cici4f3             || Channel: #yapper-committee                    || emoji=😭; msg="It rven hurt more than when i got impuls..." by .bettercalljack
[10/29/2025 05:36:43.701 PM] Message  || User: cici4f3             || Channel: #yapper-committee                    || Content: you'll have to keep me up to date with how it feels to heal it
[10/29/2025 05:36:51.604 PM] React+   || User: cici4f3             || Channel: #pictures-of-the-cats                || emoji=❤️; msg="she was hungry" by simplyshadow171295
[10/29/2025 05:37:12.033 PM] Message  || User: .bettercalljack     || Channel: #yapper-committee                    || Content: Its wack rn theres literally like
[10/29/2025 05:37:20.596 PM] Message  || User: _costco_wholesale_  || Channel: #pictures-of-the-cats                || Content: (no text; attachments=1)
[10/29/2025 05:37:21.172 PM] Action   || Name: image_intake        || Trigger: channel=551084964318543904           || Output: rows=1
[10/29/2025 05:37:31.558 PM] Message  || User: .bettercalljack     || Channel: #yapper-committee                    || Content: Idk imagine a permanent dentist tool in your motuh and you cant clos...
[10/29/2025 05:37:56.121 PM] Message  || User: .bettercalljack     || Channel: #yapper-committee                    || Content: But i should downsize in two weeks
[10/29/2025 05:38:43.085 PM] Message  || User: cici4f3             || Channel: #yapper-committee                    || Content: is it kinda like the sensation of having a permanent retainer in you...
[10/29/2025 05:38:53.027 PM] Message  || User: simplyshadow171295  || Channel: #pictures-of-the-cats                || Content: she was sunbathing
[10/29/2025 05:38:53.601 PM] Action   || Name: image_intake        || Trigger: channel=551084964318543904           || Output: rows=1
[10/29/2025 05:39:05.271 PM] Message  || User: .bettercalljack     || Channel: #yapper-committee                    || Content: Yes except its now touching the top and bottom of your mouth
[10/29/2025 05:41:05.007 PM] Message  || User: .bettercalljack     || Channel: #yapper-committee                    || Content: Smart shakes meal exchange is also goated rn its cold and a "meal"
[10/29/2025 05:41:32.024 PM] React+   || User: slayc127            || Channel: #pictures-of-the-cats                || emoji=😭; msg="she was sunbathing" by simplyshadow171295
[10/29/2025 05:41:36.264 PM] Edit     || User: simplyshadow171295  || Channel: #pictures-of-the-cats                || she was sunbathing -> she was sunbathing
[10/29/2025 05:41:36.264 PM] Message  || User: slayc127            || Channel: #pictures-of-the-cats                || Content: (no text; attachments=0)
[10/29/2025 05:41:39.286 PM] Message  || User: _costco_wholesale_  || Channel: #pictures-of-the-cats                || Content: SHES SO CUTE
[10/29/2025 05:41:50.923 PM] React+   || User: _costco_wholesale_  || Channel: #pictures-of-the-cats                || emoji=❤️; msg=1433224282971967559
[10/29/2025 05:42:02.493 PM] React+   || User: bubblebee5866       || Channel: #pictures-of-the-cats                || emoji=🩷; msg="citlali and meatball" by simplyshadow171295
[10/29/2025 05:42:05.787 PM] React+   || User: kitadan             || Channel: #pictures-of-the-cats                || emoji=😭; msg="she was sunbathing" by simplyshadow171295
[10/29/2025 05:43:47.924 PM] Message  || User: bubblebee5866       || Channel: #report-new-cats                     || Content: This poor cat getting bullied out heeeere 😔
[10/29/2025 05:45:51.518 PM] React+   || User: bubblebee5866       || Channel: #introductions                       || emoji=❤️; msg="met this adorably angry critter on my wa..." by _livywivy
[10/29/2025 05:46:38.353 PM] Message  || User: m_digio             || Channel: #report-new-cats                     || Content: He deserves it
[10/29/2025 05:46:54.145 PM] Message  || User: m_digio             || Channel: #report-new-cats                     || Content: I swear if noir gets pregnant again I'm gonna scream
[10/29/2025 05:48:40.690 PM] React+   || User: vasyline            || Channel: #pictures-of-the-cats                || emoji=😭; msg="she was sunbathing" by simplyshadow171295
[10/29/2025 05:49:18.356 PM] Message  || User: .bettercalljack     || Channel: #yapper-committee                    || Content: And swallowing normally like the body does makes it too closed for i...
[10/29/2025 05:53:20.369 PM] React+   || User: austinbaustinb      || Channel: #executive-board                     || emoji=👍; msg="wont ping till tomorrow because its kind..." by slayc127
[10/29/2025 05:56:31.831 PM] React+   || User: .bettercalljack     || Channel: #pictures-of-the-cats                || emoji=😭; msg="she was sunbathing" by simplyshadow171295
[10/29/2025 05:56:48.439 PM] React+   || User: simplyshadow171295  || Channel: #report-new-cats                     || emoji=😭; msg="Tumor trying to Noir to have two more." by kitadan
[10/29/2025 05:56:56.025 PM] Message  || User: .bettercalljack     || Channel: #report-new-cats                     || Content: Imagine a bunch of balding mini noirs
[10/29/2025 05:57:28.369 PM] Message  || User: simplyshadow171295  || Channel: #pictures-of-the-cats                || Content: I LOVE HER
[10/29/2025 05:57:31.017 PM] React+   || User: simplyshadow171295  || Channel: #pictures-of-the-cats                || emoji=❤️; msg=1433224282971967559
[10/29/2025 05:58:04.576 PM] Message  || User: void_now            || Channel: #report-new-cats                     || Content: god her kids gonna be ugly as fuck
[10/29/2025 05:58:09.292 PM] React+   || User: adeyumii            || Channel: #pictures-of-the-cats                || emoji=😭; msg="she was sunbathing" by simplyshadow171295
[10/29/2025 05:58:34.801 PM] React+   || User: _costco_wholesale_  || Channel: #report-new-cats                     || emoji=😭; msg="god her kids gonna be ugly as fuck" by void_now
[10/29/2025 05:59:10.682 PM] React+   || User: adeyumii            || Channel: #report-new-cats                     || emoji=😭; msg="god her kids gonna be ugly as fuck" by void_now
[10/29/2025 06:06:16.765 PM] Message  || User: frostfire312        || Channel: #feeding-team                        || Content: (no text; attachments=7)
[10/29/2025 06:07:02.670 PM] Message  || User: frostfire312        || Channel: #feeding-team                        || Content: Lot 50 fed and kittens counted
[10/29/2025 06:07:02.676 PM] Intent   || feed_update               ||                                               || station=Lot 50; dates=['2025-10-29']
[10/29/2025 06:07:04.457 PM] Action   || Name: sheet_mark          || Trigger: station=Lot 50 date=2025-10-29       || Output: ok
[10/29/2025 06:07:04.457 PM] Action   || Name: feed_update         || Trigger: station=Lot 50; dates=2025-10-29     || Output: ok
[10/29/2025 06:07:10.154 PM] Message  || User: _costco_wholesale_  || Channel: #external-promotions                 || Content: pumpkin painting and snacks at brazos rn
[10/29/2025 06:07:24.308 PM] Message  || User: frostfire312        || Channel: #feeding-team                        || Content: Also hop fed but no picture <:catthumbsup:931115163317329920>
[10/29/2025 06:07:24.308 PM] Intent   || feed_update               ||                                               || station=HOP; dates=['2025-10-29']
[10/29/2025 06:07:25.094 PM] Action   || Name: sheet_mark          || Trigger: station=HOP date=2025-10-29          || Output: ok
[10/29/2025 06:07:25.307 PM] Action   || Name: feed_update         || Trigger: station=HOP; dates=2025-10-29        || Output: ok
[10/29/2025 06:13:20.137 PM] Message  || User: adeyumii            || Channel: #feeding-team                        || Content: Meow meow meow I'm ~~tomcat~~ mirandacat.

### This is who hasn't be...
[10/29/2025 06:13:20.137 PM] Action   || Name: send_suppressed     || Trigger: ch=643586809166561310                || Output: mrow!
[10/29/2025 06:13:20.137 PM] Action   || Name: handle_misc         || Trigger: trigger=Meow                         || Output: mrow!
[10/29/2025 06:13:41.813 PM] Message  || User: adeyumii            || Channel: #feeding-team                        || Content: https://tenor.com/view/cat-cats-celebration-woohoo-jumping-gif-25834998
[10/29/2025 06:15:07.279 PM] Message  || User: adeyumii            || Channel: #feeding-team                        || Content: Gory brought her kittens over to eat. Yay
[10/29/2025 06:15:32.783 PM] React+   || User: m_digio             || Channel: #feeding-team                        || emoji=❤️; msg="Meow meow meow I'm ~~tomcat~~ mirandacat..." by adeyumii
[10/29/2025 06:15:38.423 PM] Message  || User: m_digio             || Channel: #feeding-team                        || Content: Wahoo
[10/29/2025 06:15:50.685 PM] React+   || User: m_digio             || Channel: #external-promotions                 || emoji=❤️; msg="pumpkin painting and snacks at brazos rn" by _costco_wholesale_
[10/29/2025 06:15:54.356 PM] React+   || User: simplyshadow171295  || Channel: #external-promotions                 || emoji=❤️; msg="pumpkin painting and snacks at brazos rn" by _costco_wholesale_
[10/29/2025 06:21:00.772 PM] Message  || User: cici4f3             || Channel: #yapper-committee                    || Content: I wonder if a tongue could be pierced with like a flatback
[10/29/2025 06:21:08.344 PM] Message  || User: cici4f3             || Channel: #yapper-committee                    || Content: where did you get it done?
[10/29/2025 06:21:12.518 PM] React+   || User: cici4f3             || Channel: #pictures-of-the-cats                || emoji=😭; msg="she was sunbathing" by simplyshadow171295
[10/29/2025 06:24:35.272 PM] React+   || User: kitadan             || Channel: #report-new-cats                     || emoji=😭; msg="god her kids gonna be ugly as fuck" by void_now
[10/29/2025 06:27:27.242 PM] React+   || User: kitadan             || Channel: #external-promotions                 || emoji=❤️; msg="pumpkin painting and snacks at brazos rn" by _costco_wholesale_
[10/29/2025 06:27:46.449 PM] React+   || User: kitadan             || Channel: #feeding-team                        || emoji=❤️; msg=1433230490852266084
[10/29/2025 06:28:47.476 PM] React+   || User: kitadan             || Channel: #feeding-team                        || emoji=❤️; msg="Meow meow meow I'm ~~tomcat~~ mirandacat..." by adeyumii
[10/29/2025 06:29:54.676 PM] Message  || User: .bettercalljack     || Channel: #yapper-committee                    || Content: Arlington ink
[10/29/2025 06:32:17.635 PM] Message  || User: slayc127            || Channel: #executive-board                     || Content: itz a slim margin but its looking like the 21st would be best
[10/29/2025 06:32:27.810 PM] Message  || User: slayc127            || Channel: #executive-board                     || Content: probably 5-7 or 8
[10/29/2025 06:33:14.905 PM] Message  || User: pancakemixteamdj    || Channel: #yapper-committee                    || Content: My laptop lives  to fight another day
[10/29/2025 06:33:18.782 PM] Message  || User: pancakemixteamdj    || Channel: #yapper-committee                    || Content: But we down 90$
[10/29/2025 06:33:27.887 PM] Action   || Name: send_suppressed     || Trigger: ch=1341696618688286720               || Output: Gmail authorization needed. Open and approve, then reply: 'TomCat, au...
[10/29/2025 06:33:27.887 PM] Action   || Name: gmail_auth_url      || Trigger:                                      || Output: https://accounts.google.com/o/oauth2/auth?response_type=code&client_i...
[10/29/2025 06:33:27.887 PM] Action   || Name: gmail_log_scheduler || Trigger: auth                                 || Output: pending
[10/29/2025 06:41:05.436 PM] Message  || User: slayc127            || Channel: #executive-board                     || Content: forgot we were tabling w another org for november 🥀💔
[10/29/2025 06:41:42.578 PM] Message  || User: m_digio             || Channel: #executive-board                     || Content: Who?
[10/29/2025 06:41:53.646 PM] Message  || User: slayc127            || Channel: #executive-board                     || Content: mavs for public health iirc
[10/29/2025 06:42:10.605 PM] Message  || User: slayc127            || Channel: #executive-board                     || Content: one of their officers is dming me questions i dont want to answer ✊️😔
[10/29/2025 06:42:23.996 PM] Message  || User: slayc127            || Channel: #executive-board                     || Content: ill deal w it tomorrow
[10/29/2025 06:42:46.288 PM] Message  || User: m_digio             || Channel: #executive-board                     || Content: This is the nov 4th fundraiser?
[10/29/2025 06:43:05.259 PM] Message  || User: slayc127            || Channel: #executive-board                     || Content: ya
[10/29/2025 06:43:55.583 PM] Action   || Name: send_suppressed     || Trigger: ch=1341696618688286720               || Output: Gmail authorization needed. Open and approve, then reply: 'TomCat, au...
[10/29/2025 06:43:55.583 PM] Action   || Name: gmail_auth_url      || Trigger:                                      || Output: https://accounts.google.com/o/oauth2/auth?response_type=code&client_i...
[10/29/2025 06:43:55.583 PM] Action   || Name: gmail_log_scheduler || Trigger: auth                                 || Output: pending
[10/29/2025 06:43:59.848 PM] Action   || Name: send_suppressed     || Trigger: ch=1341696618688286720               || Output: Gmail authorization needed. Open and approve, then reply: 'TomCat, au...
[10/29/2025 06:43:59.848 PM] Action   || Name: gmail_auth_url      || Trigger:                                      || Output: https://accounts.google.com/o/oauth2/auth?response_type=code&client_i...
[10/29/2025 06:43:59.848 PM] Action   || Name: gmail_log_scheduler || Trigger: auth                                 || Output: pending
[10/29/2025 06:45:32.766 PM] Message  || User: slayc127            || Channel: #executive-board                     || Content: (no text; attachments=1)
[10/29/2025 06:47:38.937 PM] Message  || User: celeryiscelery      || Channel: #executive-board                     || Content: what org is this?
[10/29/2025 06:47:41.964 PM] Delete   || User: celeryiscelery      || Channel: #executive-board                     || Content: what org is this?
[10/29/2025 06:51:19.311 PM] Action   || Name: send_suppressed     || Trigger: ch=1341696618688286720               || Output: Gmail authorization needed. Open and approve, then reply: 'TomCat, au...
[10/29/2025 06:51:19.311 PM] Action   || Name: gmail_auth_url      || Trigger:                                      || Output: https://accounts.google.com/o/oauth2/auth?response_type=code&client_i...
[10/29/2025 06:51:19.311 PM] Action   || Name: gmail_log_scheduler || Trigger: auth                                 || Output: pending
[10/29/2025 06:56:56.017 PM] Join     || User: joc_.__ (4229750... || Guild: Campus Cat Coalition                   || age_days=2787; invite=rAEFDeT
[10/29/2025 07:01:43.606 PM] React+   || User: littletechyyy       || Channel: #itty-bitty-kitty-commitee           || emoji=🐙; msg="This is what liberals are doing in ameri..." by .bettercalljack
[10/29/2025 07:03:55.979 PM] React+   || User: moineau_l.oiseau    || Channel: #executive-board                     || emoji=👍; msg="wont ping till tomorrow because its kind..." by slayc127
[10/29/2025 07:04:30.385 PM] React+   || User: moineau_l.oiseau    || Channel: #executive-board                     || emoji=‼️; msg="itz a slim margin but its looking like t..." by slayc127
[10/29/2025 07:14:49.809 PM] Message  || User: bixzu               || Channel: #pictures-of-the-cats                || Content: I brought him a pinecone as an offering
[10/29/2025 07:14:50.575 PM] Action   || Name: image_intake        || Trigger: channel=551084964318543904           || Output: rows=1
[10/29/2025 07:15:12.935 PM] React+   || User: bluedragon5864      || Channel: #pictures-of-the-cats                || emoji=‼️; msg="I brought him a pinecone as an offering" by bixzu
[10/29/2025 07:15:33.040 PM] Message  || User: adeyumii            || Channel: #pictures-of-the-cats                || Content: I want his hair routine
[10/29/2025 07:15:54.384 PM] React+   || User: .bettercalljack     || Channel: #pictures-of-the-cats                || emoji=‼️; msg="I brought him a pinecone as an offering" by bixzu
[10/29/2025 07:16:28.912 PM] React+   || User: _costco_wholesale_  || Channel: #pictures-of-the-cats                || emoji=‼️; msg="I brought him a pinecone as an offering" by bixzu
[10/29/2025 07:17:01.782 PM] Message  || User: not_d3fault_1420    || Channel: #pictures-of-the-cats                || Content: looks like a mini bobcat
[10/29/2025 07:17:05.525 PM] React+   || User: not_d3fault_1420    || Channel: #pictures-of-the-cats                || emoji=‼️; msg="I brought him a pinecone as an offering" by bixzu
[10/29/2025 07:17:25.865 PM] React+   || User: not_d3fault_1420    || Channel: #pictures-of-the-cats                || emoji=😭; msg="she was sunbathing" by simplyshadow171295
[10/29/2025 07:18:30.318 PM] React+   || User: slayc127            || Channel: #pictures-of-the-cats                || emoji=‼️; msg="I brought him a pinecone as an offering" by bixzu
[10/29/2025 07:18:35.803 PM] Message  || User: .bettercalljack     || Channel: #pictures-of-the-cats                || Content: His fur genuinely looks like silk
[10/29/2025 07:19:51.415 PM] Message  || User: bixzu               || Channel: #pictures-of-the-cats                || Content: He licked me
[10/29/2025 07:19:55.112 PM] Message  || User: bixzu               || Channel: #pictures-of-the-cats                || Content: I've been blessed
[10/29/2025 07:20:32.840 PM] Message  || User: .bettercalljack     || Channel: #pictures-of-the-cats                || Content: Same he licked me when i was stressed out one day
[10/29/2025 07:20:41.465 PM] Message  || User: bixzu               || Channel: #pictures-of-the-cats                || Content: Aw he knows
[10/29/2025 07:20:48.876 PM] Message  || User: .bettercalljack     || Channel: #pictures-of-the-cats                || Content: I held out my hand to see if he was gonna prepare or lean into it an...
[10/29/2025 07:20:50.236 PM] React+   || User: m_digio             || Channel: #pictures-of-the-cats                || emoji=‼️; msg="I brought him a pinecone as an offering" by bixzu
[10/29/2025 07:20:51.555 PM] Action   || Name: send_suppressed     || Trigger: ch=1341696618688286720               || Output: Gmail authorization needed. Open and approve, then reply: 'TomCat, au...
[10/29/2025 07:20:51.555 PM] Action   || Name: gmail_auth_url      || Trigger:                                      || Output: https://accounts.google.com/o/oauth2/auth?response_type=code&client_i...
[10/29/2025 07:20:51.555 PM] Action   || Name: gmail_log_scheduler || Trigger: auth                                 || Output: pending
[10/29/2025 07:20:55.752 PM] Action   || Name: send_suppressed     || Trigger: ch=1341696618688286720               || Output: Gmail authorization needed. Open and approve, then reply: 'TomCat, au...
[10/29/2025 07:20:55.754 PM] Action   || Name: gmail_auth_url      || Trigger:                                      || Output: https://accounts.google.com/o/oauth2/auth?response_type=code&client_i...
[10/29/2025 07:20:55.754 PM] Action   || Name: gmail_log_scheduler || Trigger: auth                                 || Output: pending
[10/29/2025 07:20:59.035 PM] Edit     || User: .bettercalljack     || Channel: #pictures-of-the-cats                || I held out my hand to see if he was gonna prepare or lean into it and he just...
[10/29/2025 07:21:05.121 PM] Message  || User: m_digio             || Channel: #purrley-pawsitive-pussy-pals        || Content: Making potions
[10/29/2025 07:21:06.641 PM] Message  || User: bixzu               || Channel: #pictures-of-the-cats                || Content: Fr, ans he is soso soft
[10/29/2025 07:21:08.069 PM] Message  || User: .bettercalljack     || Channel: #pictures-of-the-cats                || Content: Microwave is goated
[10/29/2025 07:21:49.796 PM] Edit     || User: bixzu               || Channel: #pictures-of-the-cats                || Fr, ans he is soso soft -> Fr, and he is soso soft
[10/29/2025 07:21:59.354 PM] React+   || User: bixzu               || Channel: #pictures-of-the-cats                || emoji=😭; msg="I held out my hand to see if he was gonn..." by .bettercalljack
[10/29/2025 07:22:02.311 PM] Action   || Name: send_suppressed     || Trigger: ch=1341696618688286720               || Output: Gmail authorization needed. Open and approve, then reply: 'TomCat, au...
[10/29/2025 07:22:02.311 PM] Action   || Name: gmail_auth_url      || Trigger:                                      || Output: https://accounts.google.com/o/oauth2/auth?response_type=code&client_i...
[10/29/2025 07:22:02.311 PM] Action   || Name: gmail_log_scheduler || Trigger: auth                                 || Output: pending
[10/29/2025 07:26:26.487 PM] Message  || User: m_digio             || Channel: #purrley-pawsitive-pussy-pals        || Content: (no text; attachments=2)
[10/29/2025 07:28:42.250 PM] Action   || Name: send_suppressed     || Trigger: ch=1341696618688286720               || Output: Gmail authorization needed. Open and approve, then reply: 'TomCat, au...
[10/29/2025 07:28:42.250 PM] Action   || Name: gmail_auth_url      || Trigger:                                      || Output: https://accounts.google.com/o/oauth2/auth?response_type=code&client_i...
[10/29/2025 07:28:42.250 PM] Action   || Name: gmail_log_scheduler || Trigger: auth                                 || Output: pending
[10/29/2025 07:30:15.424 PM] Message  || User: the.lemonade.stand  || Channel: #executive-board                     || Content: for the 21st I might just be depleted of energy bc of a final I have...
[10/29/2025 07:31:50.786 PM] React+   || User: kitadan             || Channel: #pictures-of-the-cats                || emoji=‼️; msg="I brought him a pinecone as an offering" by bixzu
[10/29/2025 07:33:58.795 PM] Action   || Name: send_suppressed     || Trigger: ch=1341696618688286720               || Output: Gmail authorization needed. Open and approve, then reply: 'TomCat, au...
[10/29/2025 07:33:58.795 PM] Action   || Name: gmail_auth_url      || Trigger:                                      || Output: https://accounts.google.com/o/oauth2/auth?response_type=code&client_i...
[10/29/2025 07:33:58.795 PM] Action   || Name: gmail_log_scheduler || Trigger: auth                                 || Output: pending
[10/29/2025 07:34:51.705 PM] Message  || User: the.lemonade.stand  || Channel: #purrley-pawsitive-pussy-pals        || Content: girl that’s a bath and body works body spray
[10/29/2025 07:35:29.938 PM] React+   || User: vasyline            || Channel: #pictures-of-the-cats                || emoji=‼️; msg="I brought him a pinecone as an offering" by bixzu
[10/29/2025 07:39:22.928 PM] Message  || User: m_digio             || Channel: #purrley-pawsitive-pussy-pals        || Content: (no text; attachments=1)
[10/29/2025 07:39:23.436 PM] Message  || User: m_digio             || Channel: #purrley-pawsitive-pussy-pals        || Content: Mini potions
[10/29/2025 07:39:27.729 PM] Message  || User: abstractly_         || Channel: #feeding-team                        || Content: hi y’all, can smb feed coba tmrw? i’ve been sick since tuesday and i...
[10/29/2025 07:39:27.745 PM] Intent   || sub_request               ||                                               || station=Business; dates=['2025-11-04']
[10/29/2025 07:39:27.793 PM] Action   || Name: sub_request_denied  || Trigger: station=Business; dates=2025-11-04   || Output: user=568451921828904962; allowed=856586084943396879; text=hi y’all, c...
[10/29/2025 07:40:03.223 PM] React+   || User: nyahao              || Channel: #pictures-of-the-cats                || emoji=❤️; msg=1433207900569993388
[10/29/2025 07:41:22.957 PM] React+   || User: pancakemixteamdj    || Channel: #pictures-of-the-cats                || emoji=‼️; msg="I brought him a pinecone as an offering" by bixzu
[10/29/2025 07:43:59.827 PM] Message  || User: celeryiscelery      || Channel: #purrley-pawsitive-pussy-pals        || Content: it’s the way i won’t be able to have any of them 🥲
[10/29/2025 07:44:07.771 PM] Message  || User: adeyumii            || Channel: #feeding-team                        || Content: I can!
[10/29/2025 07:45:33.469 PM] Message  || User: m_digio             || Channel: #purrley-pawsitive-pussy-pals        || Content: Why???
[10/29/2025 07:46:39.081 PM] Message  || User: slayc127            || Channel: #executive-board                     || Content: completely understood
[10/29/2025 07:46:59.131 PM] Message  || User: slayc127            || Channel: #executive-board                     || Content: im personally leaning towards the 28th bc i have my senior symposium...
[10/29/2025 07:50:32.322 PM] Message  || User: celeryiscelery      || Channel: #purrley-pawsitive-pussy-pals        || Content: the interactions it has w my meds is something i don’t want to find ...
[10/29/2025 07:50:46.308 PM] React+   || User: slayc127            || Channel: #purrley-pawsitive-pussy-pals        || emoji=❤️; msg="the interactions it has w my meds is som..." by celeryiscelery
[10/29/2025 07:51:42.171 PM] Message  || User: m_digio             || Channel: #purrley-pawsitive-pussy-pals        || Content: Ahh safety
[10/29/2025 07:51:53.482 PM] Message  || User: m_digio             || Channel: #purrley-pawsitive-pussy-pals        || Content: I have normal jello i can make but i am out of cups
[10/29/2025 07:51:54.900 PM] Message  || User: celeryiscelery      || Channel: #purrley-pawsitive-pussy-pals        || Content: sprite for me 🤓
[10/29/2025 07:52:02.549 PM] Message  || User: celeryiscelery      || Channel: #purrley-pawsitive-pussy-pals        || Content: no you’re okay
[10/29/2025 07:52:07.077 PM] Message  || User: m_digio             || Channel: #purrley-pawsitive-pussy-pals        || Content: Sprite and cranberry sprite
[10/29/2025 07:52:09.562 PM] Message  || User: celeryiscelery      || Channel: #purrley-pawsitive-pussy-pals        || Content: i shall just enjoy the vibes
[10/29/2025 07:52:13.163 PM] Message  || User: celeryiscelery      || Channel: #purrley-pawsitive-pussy-pals        || Content: god bless
[10/29/2025 07:52:38.955 PM] Message  || User: a1darek             || Channel: #purrley-pawsitive-pussy-pals        || Content: ill drink for you :)
[10/29/2025 07:52:48.244 PM] Message  || User: celeryiscelery      || Channel: #purrley-pawsitive-pussy-pals        || Content: yes
[10/29/2025 07:52:50.582 PM] Message  || User: m_digio             || Channel: #purrley-pawsitive-pussy-pals        || Content: I'll put some glitter in it so you can have pretty sprite like my pr...
[10/29/2025 07:52:50.961 PM] Message  || User: celeryiscelery      || Channel: #purrley-pawsitive-pussy-pals        || Content: you do that
[10/29/2025 07:53:00.035 PM] Message  || User: celeryiscelery      || Channel: #purrley-pawsitive-pussy-pals        || Content: mueheheheh
[10/29/2025 07:53:37.678 PM] React+   || User: m_digio             || Channel: #purrley-pawsitive-pussy-pals        || emoji=❤️; msg="mueheheheh" by celeryiscelery
[10/29/2025 07:56:36.363 PM] Message  || User: abstractly_         || Channel: #feeding-team                        || Content: tysm i’m so sorry 💔
[10/29/2025 07:57:14.483 PM] Message  || User: adeyumii            || Channel: #feeding-team                        || Content: It's okay dw about it! Everyone gets sick at some point. I'm sure ev...
[10/29/2025 07:57:14.499 PM] Action   || Name: feed_pending_set    || Trigger: ch=643586809166561310; user=47432... || Output: stations=Mary Kay and Zen; text=It's okay dw about it! Everyone gets ...
[10/29/2025 07:57:47.831 PM] Message  || User: spitonme            || Channel: #feeding-team                        || Content: everyone wants to feed coba i think
[10/29/2025 07:57:47.846 PM] Action   || Name: feed_pending_set    || Trigger: ch=643586809166561310; user=54396... || Output: stations=Business; text=everyone wants to feed coba i think
[10/29/2025 07:59:06.846 PM] Message  || User: austinbaustinb      || Channel: #purrley-pawsitive-pussy-pals        || Content: (no text; attachments=1)
[10/29/2025 07:59:12.520 PM] Message  || User: austinbaustinb      || Channel: #purrley-pawsitive-pussy-pals        || Content: Next up
[10/29/2025 07:59:18.873 PM] React+   || User: nostalgicsapphic    || Channel: #purrley-pawsitive-pussy-pals        || emoji=🔥; msg=1433258887397773416
[10/29/2025 07:59:25.904 PM] Message  || User: abstractly_         || Channel: #feeding-team                        || Content: thank u guys 🥹
[10/29/2025 07:59:28.240 PM] React+   || User: m_digio             || Channel: #purrley-pawsitive-pussy-pals        || emoji=🔥; msg=1433258887397773416
[10/29/2025 07:59:35.342 PM] Message  || User: m_digio             || Channel: #purrley-pawsitive-pussy-pals        || Content: https://tenor.com/view/thats-it-yes-thats-it-that-right-there-omg-th...
[10/29/2025 07:59:44.237 PM] Message  || User: m_digio             || Channel: #purrley-pawsitive-pussy-pals        || Content: I HAVE THOSE IN MY FRIDGE'
[10/29/2025 07:59:56.778 PM] Edit     || User: m_digio             || Channel: #purrley-pawsitive-pussy-pals        || I HAVE THOSE IN MY FRIDGE' -> I HAVE THOSE IN MY FRIDGE
[10/29/2025 08:00:01.686 PM] Action   || Name: send_suppressed     || Trigger: ch=643586809166561310                || Output: All stations have been fed! Yippee!!!
[10/29/2025 08:00:01.686 PM] Action   || Name: feeding_8pm         || Trigger: unfed=0                              || Output: celebrated
[10/29/2025 08:00:02.735 PM] Action   || Name: send_suppressed     || Trigger: ch=643586809166561310                || Output: All stations have been fed! Yippee!!!
[10/29/2025 08:00:02.735 PM] Action   || Name: feeding_8pm         || Trigger: unfed=0                              || Output: celebrated
[10/29/2025 08:00:03.573 PM] Action   || Name: send_suppressed     || Trigger: ch=643586809166561310                || Output: All stations have been fed! Yippee!!!
[10/29/2025 08:00:03.573 PM] Action   || Name: feeding_8pm         || Trigger: unfed=0                              || Output: celebrated
[10/29/2025 08:00:04.180 PM] Action   || Name: send_suppressed     || Trigger: ch=643586809166561310                || Output: All stations have been fed! Yippee!!!
[10/29/2025 08:00:04.180 PM] Action   || Name: feeding_8pm         || Trigger: unfed=0                              || Output: celebrated
[10/29/2025 08:00:04.767 PM] Action   || Name: send_suppressed     || Trigger: ch=643586809166561310                || Output: All stations have been fed! Yippee!!!
[10/29/2025 08:00:04.783 PM] Action   || Name: feeding_8pm         || Trigger: unfed=0                              || Output: celebrated
[10/29/2025 08:00:05.392 PM] Action   || Name: send_suppressed     || Trigger: ch=643586809166561310                || Output: All stations have been fed! Yippee!!!
[10/29/2025 08:00:05.392 PM] Action   || Name: feeding_8pm         || Trigger: unfed=0                              || Output: celebrated
[10/29/2025 08:00:06.016 PM] Action   || Name: send_suppressed     || Trigger: ch=643586809166561310                || Output: All stations have been fed! Yippee!!!
[10/29/2025 08:00:06.016 PM] Action   || Name: feeding_8pm         || Trigger: unfed=0                              || Output: celebrated
[10/29/2025 08:00:06.633 PM] Action   || Name: send_suppressed     || Trigger: ch=643586809166561310                || Output: All stations have been fed! Yippee!!!
[10/29/2025 08:00:06.633 PM] Action   || Name: feeding_8pm         || Trigger: unfed=0                              || Output: celebrated
[10/29/2025 08:00:07.238 PM] Action   || Name: send_suppressed     || Trigger: ch=643586809166561310                || Output: All stations have been fed! Yippee!!!
[10/29/2025 08:00:07.238 PM] Action   || Name: feeding_8pm         || Trigger: unfed=0                              || Output: celebrated
[10/29/2025 08:00:07.827 PM] Action   || Name: send_suppressed     || Trigger: ch=643586809166561310                || Output: All stations have been fed! Yippee!!!
[10/29/2025 08:00:07.827 PM] Action   || Name: feeding_8pm         || Trigger: unfed=0                              || Output: celebrated
[10/29/2025 08:00:08.423 PM] Action   || Name: send_suppressed     || Trigger: ch=643586809166561310                || Output: All stations have been fed! Yippee!!!
[10/29/2025 08:00:08.423 PM] Action   || Name: feeding_8pm         || Trigger: unfed=0                              || Output: celebrated
[10/29/2025 08:00:09.002 PM] Action   || Name: send_suppressed     || Trigger: ch=643586809166561310                || Output: All stations have been fed! Yippee!!!
[10/29/2025 08:00:09.002 PM] Action   || Name: feeding_8pm         || Trigger: unfed=0                              || Output: celebrated
[10/29/2025 08:00:09.663 PM] Action   || Name: send_suppressed     || Trigger: ch=643586809166561310                || Output: All stations have been fed! Yippee!!!
[10/29/2025 08:00:09.663 PM] Action   || Name: feeding_8pm         || Trigger: unfed=0                              || Output: celebrated
[10/29/2025 08:00:10.262 PM] Action   || Name: send_suppressed     || Trigger: ch=643586809166561310                || Output: All stations have been fed! Yippee!!!
[10/29/2025 08:00:10.262 PM] Action   || Name: feeding_8pm         || Trigger: unfed=0                              || Output: celebrated
[10/29/2025 08:00:18.788 PM] Message  || User: m_digio             || Channel: #purrley-pawsitive-pussy-pals        || Content: im gonna start putting glitter in all my drinks now this is so pretty
[10/29/2025 08:00:31.178 PM] Message  || User: austinbaustinb      || Channel: #purrley-pawsitive-pussy-pals        || Content: R those microplastics
[10/29/2025 08:00:44.730 PM] Message  || User: m_digio             || Channel: #purrley-pawsitive-pussy-pals        || Content: mica powers so techically minerals/rocks
[10/29/2025 08:00:45.632 PM] Message  || User: austinbaustinb      || Channel: #purrley-pawsitive-pussy-pals        || Content: And does it make your doo glittery
[10/29/2025 08:00:54.123 PM] Message  || User: m_digio             || Channel: #purrley-pawsitive-pussy-pals        || Content: i hope so /silly
[10/29/2025 08:00:57.715 PM] React+   || User: austinbaustinb      || Channel: #purrley-pawsitive-pussy-pals        || emoji=‼️; msg="i hope so /silly" by m_digio
[10/29/2025 08:01:20.715 PM] React+   || User: gupguppy            || Channel: #yapper-committee                    || emoji=<:sadmic2:891494052120395827>; msg="But we down 90$" by pancakemixteamdj
[10/29/2025 08:01:35.206 PM] Message  || User: gupguppy            || Channel: #yapper-committee                    || Content: what happened
[10/29/2025 08:01:47.514 PM] Message  || User: m_digio             || Channel: #purrley-pawsitive-pussy-pals        || Content: ||someone from back home killed themselves|| content warning
[10/29/2025 08:04:52.018 PM] Message  || User: austinbaustinb      || Channel: #purrley-pawsitive-pussy-pals        || Content: Damn
[10/29/2025 08:05:09.511 PM] Message  || User: austinbaustinb      || Channel: #purrley-pawsitive-pussy-pals        || Content: It’s always a really hard feeling when you get that news later than ...
[10/29/2025 08:05:14.125 PM] Message  || User: adeyumii            || Channel: #yapper-committee                    || Content: corrupted files
[10/29/2025 08:06:09.500 PM] Message  || User: m_digio             || Channel: #purrley-pawsitive-pussy-pals        || Content: they were in this hs/college program where basically they isolate yo...
[10/29/2025 08:06:19.168 PM] Message  || User: m_digio             || Channel: #purrley-pawsitive-pussy-pals        || Content: this isnt the first person in the program to do this
[10/29/2025 08:06:21.201 PM] Action   || Name: send_suppressed     || Trigger: ch=1341696618688286720               || Output: Gmail authorization needed. Open and approve, then reply: 'TomCat, au...
[10/29/2025 08:06:21.201 PM] Action   || Name: gmail_auth_url      || Trigger:                                      || Output: https://accounts.google.com/o/oauth2/auth?response_type=code&client_i...
[10/29/2025 08:06:21.201 PM] Action   || Name: gmail_log_scheduler || Trigger: auth                                 || Output: pending
[10/29/2025 08:06:24.750 PM] Action   || Name: send_suppressed     || Trigger: ch=1341696618688286720               || Output: Gmail authorization needed. Open and approve, then reply: 'TomCat, au...
[10/29/2025 08:06:24.750 PM] Action   || Name: gmail_auth_url      || Trigger:                                      || Output: https://accounts.google.com/o/oauth2/auth?response_type=code&client_i...
[10/29/2025 08:06:24.750 PM] Action   || Name: gmail_log_scheduler || Trigger: auth                                 || Output: pending
[10/29/2025 08:10:56.335 PM] Message  || User: slayc127            || Channel: #purrley-pawsitive-pussy-pals        || Content: bro what???
[10/29/2025 08:11:31.358 PM] Message  || User: m_digio             || Channel: #purrley-pawsitive-pussy-pals        || Content: southeast texas sucks
[10/29/2025 08:17:57.745 PM] Message  || User: a1darek             || Channel: #purrley-pawsitive-pussy-pals        || Content: macroplastics
[10/29/2025 08:18:05.353 PM] Message  || User: a1darek             || Channel: #purrley-pawsitive-pussy-pals        || Content: youre not meant to be able to see microplastics
[10/29/2025 08:18:57.304 PM] Message  || User: the.lemonade.stand  || Channel: #purrley-pawsitive-pussy-pals        || Content: repost
[10/29/2025 08:19:04.209 PM] React+   || User: m_digio             || Channel: #purrley-pawsitive-pussy-pals        || emoji=❤️; msg="repost" by the.lemonade.stand
[10/29/2025 08:19:34.406 PM] React+   || User: the.lemonade.stand  || Channel: #executive-board                     || emoji=👍; msg="im personally leaning towards the 28th b..." by slayc127
[10/29/2025 08:21:01.089 PM] Message  || User: pancakemixteamdj    || Channel: #yapper-committee                    || Content: Windows decided to update itself into death
[10/29/2025 08:22:18.005 PM] Message  || User: celeryiscelery      || Channel: #purrley-pawsitive-pussy-pals        || Content: if it didn’t work for fall what makes you think it’s gonna work for ...
[10/29/2025 08:23:00.203 PM] Message  || User: a1darek             || Channel: #purrley-pawsitive-pussy-pals        || Content: Bro
[10/29/2025 08:23:08.954 PM] React+   || User: simplyshadow171295  || Channel: #pictures-of-the-cats                || emoji=‼️; msg="I brought him a pinecone as an offering" by bixzu
[10/29/2025 08:23:30.801 PM] Message  || User: ludavis             || Channel: #memes                               || Content: https://vxtwitter.com/literallymecats/status/1983583220873752675?t=3...
[10/29/2025 08:23:31.747 PM] Edit     || User: ludavis             || Channel: #memes                               || https://vxtwitter.com/literallymecats/status/1983583220873752675?t=3V0pNn5O1T...
[10/29/2025 08:23:34.619 PM] Message  || User: yaeji               || Channel: #yapper-committee                    || Content: i had to flash my bios to update to a version of windows i didn't ev...
[10/29/2025 08:23:44.594 PM] Message  || User: yaeji               || Channel: #yapper-committee                    || Content: and then a huge thunderstorm rolled over
[10/29/2025 08:23:57.526 PM] Edit     || User: yaeji               || Channel: #yapper-committee                    || and then a huge thunderstorm rolled over -> and then a huge thunderstorm came...
[10/29/2025 08:24:02.231 PM] Message  || User: austinbaustinb      || Channel: #purrley-pawsitive-pussy-pals        || Content: I hate this school brah
[10/29/2025 08:24:11.317 PM] Message  || User: austinbaustinb      || Channel: #purrley-pawsitive-pussy-pals        || Content: How do u have negative school spirit
[10/29/2025 08:24:15.981 PM] Message  || User: austinbaustinb      || Channel: #purrley-pawsitive-pussy-pals        || Content: They should pay me
[10/29/2025 08:24:21.072 PM] Message  || User: celeryiscelery      || Channel: #purrley-pawsitive-pussy-pals        || Content: they need to be cutting parking costs if i can only park in a single...
[10/29/2025 08:24:53.138 PM] Message  || User: celeryiscelery      || Channel: #purrley-pawsitive-pussy-pals        || Content: with what they charge for parking, you should be able to park wherev...
[10/29/2025 08:28:01.903 PM] React+   || User: austinbaustinb      || Channel: #purrley-pawsitive-pussy-pals        || emoji=‼️; msg="with what they charge for parking, you s..." by celeryiscelery
[10/29/2025 08:28:05.659 PM] React+   || User: austinbaustinb      || Channel: #purrley-pawsitive-pussy-pals        || emoji=‼️; msg="they need to be cutting parking costs if..." by celeryiscelery
[10/29/2025 08:28:10.035 PM] Message  || User: racerdg             || Channel: #memes                               || Content: 🔁
[10/29/2025 08:28:14.483 PM] Message  || User: austinbaustinb      || Channel: #purrley-pawsitive-pussy-pals        || Content: Yeah thats literally why I skate everywhere
[10/29/2025 08:28:27.056 PM] Message  || User: austinbaustinb      || Channel: #purrley-pawsitive-pussy-pals        || Content: It might be convenient to have a parking pass for west campus for mu...
[10/29/2025 08:28:33.878 PM] Message  || User: austinbaustinb      || Channel: #purrley-pawsitive-pussy-pals        || Content: But like $20000 a year. Bffr
[10/29/2025 08:29:21.849 PM] Message  || User: austinbaustinb      || Channel: #yapper-committee                    || Content: On a PC? Or laptop?
[10/29/2025 08:29:43.739 PM] Message  || User: austinbaustinb      || Channel: #yapper-committee                    || Content: That’s kinda the thing I like about laptops like u just have a built...
[10/29/2025 08:30:00.813 PM] Action   || Name: send_suppressed     || Trigger: ch=1341696618688286720               || Output: Gmail authorization needed. Open and approve, then reply: 'TomCat, au...
[10/29/2025 08:30:00.817 PM] Action   || Name: gmail_auth_url      || Trigger:                                      || Output: https://accounts.google.com/o/oauth2/auth?response_type=code&client_i...
[10/29/2025 08:30:00.817 PM] Action   || Name: gmail_log_scheduler || Trigger: auth                                 || Output: pending
[10/29/2025 08:34:09.790 PM] Message  || User: .bettercalljack     || Channel: #pictures-of-the-cats                || Content: (no text; attachments=4)
[10/29/2025 08:34:10.335 PM] Action   || Name: image_intake        || Trigger: channel=551084964318543904           || Output: rows=4
[10/29/2025 08:34:41.439 PM] Message  || User: simplyshadow171295  || Channel: #pictures-of-the-cats                || Content: @kazius [membership+fundraising] snickers ping
[10/29/2025 08:34:45.307 PM] React+   || User: simplyshadow171295  || Channel: #pictures-of-the-cats                || emoji=‼️; msg=1433267707498729483
[10/29/2025 08:34:54.740 PM] React+   || User: simplyshadow171295  || Channel: #pictures-of-the-cats                || emoji=😭; msg="I held out my hand to see if he was gonn..." by .bettercalljack
[10/29/2025 08:35:19.985 PM] Message  || User: m_digio             || Channel: #executive-board                     || Content: if you havent responded yet
1. grab your own table
2.no flyer yet
3....
[10/29/2025 08:35:22.322 PM] Message  || User: simplyshadow171295  || Channel: #pictures-of-the-cats                || Content: that’d be my bad i gave him treats so he’d cooperate with his interv...
[10/29/2025 08:39:42.357 PM] Message  || User: .bettercalljack     || Channel: #pictures-of-the-cats                || Content: Sbivjrt
[10/29/2025 08:39:53.656 PM] Message  || User: .bettercalljack     || Channel: #pictures-of-the-cats                || Content: Snicker*
[10/29/2025 08:42:54.819 PM] Message  || User: .bettercalljack     || Channel: #pictures-of-the-cats                || Content: Oh this was 1-2 days ago
[10/29/2025 08:43:03.594 PM] React+   || User: slayc127            || Channel: #pictures-of-the-cats                || emoji=‼️; msg=1433267707498729483
[10/29/2025 08:43:10.340 PM] Message  || User: slayc127            || Channel: #pictures-of-the-cats                || Content: THE LADYYYYY
[10/29/2025 08:43:25.120 PM] React+   || User: slayc127            || Channel: #purrley-pawsitive-pussy-pals        || emoji=‼️; msg="they need to be cutting parking costs if..." by celeryiscelery
[10/29/2025 08:43:27.604 PM] React+   || User: slayc127            || Channel: #purrley-pawsitive-pussy-pals        || emoji=‼️; msg="with what they charge for parking, you s..." by celeryiscelery
[10/29/2025 08:43:59.124 PM] React+   || User: .bettercalljack     || Channel: #pictures-of-the-cats                || emoji=‼️; msg=1433267707498729483
[10/29/2025 08:45:32.260 PM] Message  || User: simplyshadow171295  || Channel: #pictures-of-the-cats                || Content: oh lmao
[10/29/2025 08:47:19.704 PM] React+   || User: kitadan             || Channel: #pictures-of-the-cats                || emoji=‼️; msg=1433267707498729483
[10/29/2025 08:52:10.687 PM] Action   || Name: send_suppressed     || Trigger: ch=1341696618688286720               || Output: Gmail authorization needed. Open and approve, then reply: 'TomCat, au...
[10/29/2025 08:52:10.687 PM] Action   || Name: gmail_auth_url      || Trigger:                                      || Output: https://accounts.google.com/o/oauth2/auth?response_type=code&client_i...
[10/29/2025 08:52:10.687 PM] Action   || Name: gmail_log_scheduler || Trigger: auth                                 || Output: pending
[10/29/2025 08:54:06.556 PM] Message  || User: .bettercalljack     || Channel: #yapper-committee                    || Content: This tongue piercing is a saw trap
[10/29/2025 08:54:13.603 PM] Message  || User: .bettercalljack     || Channel: #yapper-committee                    || Content: Reminds menof braces
[10/29/2025 08:54:54.630 PM] Message  || User: m_digio             || Channel: #purrley-pawsitive-pussy-pals        || Content: You spin me right round baby right round like a record baby
[10/29/2025 08:55:47.927 PM] Message  || User: racerdg             || Channel: #yapper-committee                    || Content: oh shit hows the healing been
[10/29/2025 08:55:55.495 PM] Message  || User: racerdg             || Channel: #yapper-committee                    || Content: i was thinking of getting one
[10/29/2025 08:56:13.649 PM] Message  || User: .bettercalljack     || Channel: #yapper-committee                    || Content: Just got it today
[10/29/2025 08:56:20.024 PM] Message  || User: racerdg             || Channel: #yapper-committee                    || Content: ‼️
[10/29/2025 08:56:45.244 PM] Message  || User: .bettercalljack     || Channel: #yapper-committee                    || Content: The bar touches the top and bottom of my mouth and it hurts to do an...
[10/29/2025 08:57:19.088 PM] Message  || User: .bettercalljack     || Channel: #yapper-committee                    || Content: But will be over in 2 weeks with the downsize i am excite
[10/29/2025 08:57:20.945 PM] Message  || User: yaeji               || Channel: #yapper-committee                    || Content: pc
[10/29/2025 08:57:35.188 PM] Message  || User: yaeji               || Channel: #yapper-committee                    || Content: and no ups
[10/29/2025 09:00:43.635 PM] Action   || Name: send_suppressed     || Trigger: ch=1341696618688286720               || Output: Gmail authorization needed. Open and approve, then reply: 'TomCat, au...
[10/29/2025 09:00:43.635 PM] Action   || Name: gmail_auth_url      || Trigger:                                      || Output: https://accounts.google.com/o/oauth2/auth?response_type=code&client_i...
[10/29/2025 09:00:43.635 PM] Action   || Name: gmail_log_scheduler || Trigger: auth                                 || Output: pending
[10/29/2025 09:04:07.417 PM] React+   || User: otirain_butdiscorb  || Channel: #pictures-of-the-cats                || emoji=‼️; msg=1433267707498729483
[10/29/2025 09:05:23.080 PM] React+   || User: the_frog.sorcerer   || Channel: #pet-pictures                        || emoji=😆; msg="Said a quick hello and left" by almunds
[10/29/2025 09:05:34.302 PM] React+   || User: the_frog.sorcerer   || Channel: #pet-pictures                        || emoji=🤣; msg=1433174886108364933
[10/29/2025 09:06:30.195 PM] Message  || User: the_frog.sorcerer   || Channel: #pet-pictures                        || Content: (no text; attachments=2)
[10/29/2025 09:07:02.411 PM] React+   || User: simplyshadow171295  || Channel: #pet-pictures                        || emoji=😭; msg="do u understand how terrifying it was to..." by spitonme
[10/29/2025 09:09:41.811 PM] React+   || User: .bettercalljack     || Channel: #pet-pictures                        || emoji=😭; msg="do u understand how terrifying it was to..." by spitonme
[10/29/2025 09:09:44.087 PM] React+   || User: .bettercalljack     || Channel: #pet-pictures                        || emoji=🤣; msg=1433174886108364933
[10/29/2025 09:17:15.060 PM] Message  || User: austinbaustinb      || Channel: #purrley-pawsitive-pussy-pals        || Content: Mmmm dinner
[10/29/2025 09:30:43.940 PM] React+   || User: not_d3fault_1420    || Channel: #pictures-of-the-cats                || emoji=😭; msg="I held out my hand to see if he was gonn..." by .bettercalljack
[10/29/2025 09:30:46.917 PM] Message  || User: the_frog.sorcerer   || Channel: #itty-bitty-kitty-commitee           || Content: Idea :: the Nicki Minaj american flag but its microwave
[10/29/2025 09:30:47.661 PM] React+   || User: not_d3fault_1420    || Channel: #pictures-of-the-cats                || emoji=‼️; msg=1433267707498729483
[10/29/2025 09:30:54.663 PM] Message  || User: spitonme            || Channel: #pictures-of-the-cats                || Content: i love this
[10/29/2025 09:31:02.105 PM] Message  || User: spitonme            || Channel: #itty-bitty-kitty-commitee           || Content: oml
[10/29/2025 09:31:54.528 PM] Message  || User: not_d3fault_1420    || Channel: #pictures-of-the-cats                || Content: thats probably why he was more tolerant of me lol
[10/29/2025 09:32:11.824 PM] React+   || User: not_d3fault_1420    || Channel: #pictures-of-the-cats                || emoji=🍞; msg="michelle" by _costco_wholesale_
[10/29/2025 09:32:17.721 PM] Message  || User: simplyshadow171295  || Channel: #pictures-of-the-cats                || Content: indeed
[10/29/2025 09:33:27.026 PM] React+   || User: not_d3fault_1420    || Channel: #itty-bitty-kitty-commitee           || emoji=‼️; msg="Idea :: the Nicki Minaj american flag bu..." by the_frog.sorcerer
[10/29/2025 09:33:28.627 PM] React+   || User: a1darek             || Channel: #itty-bitty-kitty-commitee           || emoji=❤️; msg="Idea :: the Nicki Minaj american flag bu..." by the_frog.sorcerer
[10/29/2025 09:33:56.808 PM] Message  || User: a1darek             || Channel: #itty-bitty-kitty-commitee           || Content: @ marketing/fundraising
[10/29/2025 09:34:03.624 PM] React+   || User: a1darek             || Channel: #pet-pictures                        || emoji=❤️; msg=1433275846923255918
[10/29/2025 09:34:38.612 PM] Message  || User: the_frog.sorcerer   || Channel: #itty-bitty-kitty-commitee           || Content: Ill put it in that chat too
[10/29/2025 09:36:18.229 PM] React+   || User: kitadan             || Channel: #pet-pictures                        || emoji=❤️; msg=1433275846923255918
[10/29/2025 09:44:47.824 PM] Message  || User: spitonme            || Channel: #memes                               || Content: (no text; attachments=1)
[10/29/2025 09:44:50.092 PM] Message  || User: spitonme            || Channel: #memes                               || Content: https://www.tiktok.com/t/ZP8D2jCJ8/
[10/29/2025 09:44:51.164 PM] Edit     || User: spitonme            || Channel: #memes                               || https://www.tiktok.com/t/ZP8D2jCJ8/ -> https://www.tiktok.com/t/ZP8D2jCJ8/
[10/29/2025 09:44:55.139 PM] Message  || User: spitonme            || Channel: #memes                               || Content: this is literally pencil
[10/29/2025 09:47:20.821 PM] React+   || User: bixzu               || Channel: #pictures-of-the-cats                || emoji=‼️; msg=1433267707498729483
[10/29/2025 09:49:31.524 PM] Message  || User: izzyballz           || Channel: #yapper-committee                    || Content: deadass just ruined my night
[10/29/2025 09:50:38.762 PM] Message  || User: izzyballz           || Channel: #report-new-cats                     || Content: new maintenance kitty dropped i didn’t get to send earlier
[10/29/2025 09:50:40.470 PM] Action   || Name: image_intake        || Trigger: channel=639882573199441930           || Output: rows=2
[10/29/2025 09:52:24.798 PM] Message  || User: izzyballz           || Channel: #report-new-cats                     || Content: does it count as maintenance if it’s like the immediate vicinity
[10/29/2025 09:54:00.584 PM] Message  || User: simplyshadow171295  || Channel: #report-new-cats                     || Content: as long as it’s on uta property
[10/29/2025 09:54:31.365 PM] React+   || User: simplyshadow171295  || Channel: #memes                               || emoji=😭; msg=1433285484163108885
[10/29/2025 09:54:39.748 PM] Message  || User: izzyballz           || Channel: #report-new-cats                     || Content: (no text; attachments=1)
[10/29/2025 09:54:40.626 PM] Action   || Name: image_intake        || Trigger: channel=639882573199441930           || Output: rows=1
[10/29/2025 09:55:28.739 PM] Message  || User: simplyshadow171295  || Channel: #report-new-cats                     || Content: i’ll count it
[10/29/2025 09:55:37.472 PM] Message  || User: simplyshadow171295  || Channel: #report-new-cats                     || Content: what are you thinking for a name
[10/29/2025 09:56:36.778 PM] Message  || User: izzyballz           || Channel: #report-new-cats                     || Content: harvey or bramblestar you decide
[10/29/2025 09:58:15.022 PM] React+   || User: simplyshadow171295  || Channel: #report-new-cats                     || emoji=🫡; msg="harvey or bramblestar you decide" by izzyballz
[10/29/2025 09:59:59.380 PM] Message  || User: izzyballz           || Channel: #feeding-team                        || Content: all of you who walk to the driving stations are so strong shout out ...
[10/29/2025 10:01:24.853 PM] React+   || User: m_digio             || Channel: #feeding-team                        || emoji=‼️; msg="all of you who walk to the driving stati..." by izzyballz
[10/29/2025 10:01:28.545 PM] Message  || User: .bettercalljack     || Channel: #feeding-team                        || Content: Does zen count
[10/29/2025 10:01:28.545 PM] Action   || Name: feed_pending_set    || Trigger: ch=643586809166561310; user=10377... || Output: stations=Mary Kay and Zen; text=Does zen count
[10/29/2025 10:01:53.575 PM] Message  || User: izzyballz           || Channel: #feeding-team                        || Content: i would never ever even conceive the idea of walking from the food s...
[10/29/2025 10:01:53.591 PM] Action   || Name: feed_pending_set    || Trigger: ch=643586809166561310; user=89187... || Output: stations=Maintenance,HOP,Mary Kay and Zen; text=i would never ever ev...
[10/29/2025 10:01:57.074 PM] Message  || User: izzyballz           || Channel: #feeding-team                        || Content: yes
[10/29/2025 10:02:06.543 PM] Message  || User: izzyballz           || Channel: #feeding-team                        || Content: and then back to food storage
[10/29/2025 10:02:23.424 PM] Message  || User: izzyballz           || Channel: #feeding-team                        || Content: i would not do this you guys are soldiers
[10/29/2025 10:02:40.372 PM] Message  || User: .bettercalljack     || Channel: #feeding-team                        || Content: https://spotify.link/uubBIKypSXb this song just plays in my head
[10/29/2025 10:02:40.730 PM] Edit     || User: .bettercalljack     || Channel: #feeding-team                        || https://spotify.link/uubBIKypSXb this song just plays in my head -> https://s...
[10/29/2025 10:04:12.157 PM] Message  || User: izzyballz           || Channel: #feeding-team                        || Content: literally the only station i feed other than maintenance is microwav...
[10/29/2025 10:04:12.170 PM] Action   || Name: feed_pending_set    || Trigger: ch=643586809166561310; user=89187... || Output: stations=Maintenance,Microwave; text=literally the only station i fee...
[10/29/2025 10:04:14.828 PM] Message  || User: izzyballz           || Channel: #feeding-team                        || Content: right there
[10/29/2025 10:04:49.142 PM] Message  || User: izzyballz           || Channel: #feeding-team                        || Content: and i have food in my car specifically for maintenance
[10/29/2025 10:04:49.142 PM] Action   || Name: feed_pending_set    || Trigger: ch=643586809166561310; user=89187... || Output: stations=Maintenance; text=and i have food in my car specifically for...
[10/29/2025 10:04:52.815 PM] Message  || User: izzyballz           || Channel: #feeding-team                        || Content: food storage does not see me
[10/29/2025 10:05:03.335 PM] Message  || User: izzyballz           || Channel: #feeding-team                        || Content: i hate walking
[10/29/2025 10:06:04.301 PM] Message  || User: m_digio             || Channel: #feeding-team                        || Content: walking to zen is crazy
[10/29/2025 10:06:04.305 PM] Action   || Name: feed_pending_set    || Trigger: ch=643586809166561310; user=49903... || Output: stations=Mary Kay and Zen; text=walking to zen is crazy
[10/29/2025 10:06:22.829 PM] Message  || User: izzyballz           || Channel: #feeding-team                        || Content: plus you come from west hall i would literally never ever do that
[10/29/2025 10:06:24.142 PM] Action   || Name: feed_pending_set    || Trigger: ch=643586809166561310; user=89187... || Output: stations=West Hall; text=plus you come from west hall i would literal...
[10/29/2025 10:07:04.555 PM] Message  || User: .bettercalljack     || Channel: #feeding-team                        || Content: I am used to it and its fun angel lets you pick him up i can confirm...
[10/29/2025 10:07:48.291 PM] React+   || User: .bettercalljack     || Channel: #pet-pictures                        || emoji=❤️; msg=1433275846923255918
[10/29/2025 10:09:52.675 PM] Message  || User: izzyballz           || Channel: #yapper-committee                    || Content: girl dinner
[10/29/2025 10:10:59.835 PM] React+   || User: racerdg             || Channel: #feeding-team                        || emoji=‼️; msg="all of you who walk to the driving stati..." by izzyballz
[10/29/2025 10:11:16.303 PM] Message  || User: racerdg             || Channel: #feeding-team                        || Content: i walked to maintenance once and i dont want to do it again
[10/29/2025 10:11:16.303 PM] Action   || Name: feed_pending_set    || Trigger: ch=643586809166561310; user=69466... || Output: stations=Maintenance; text=i walked to maintenance once and i dont wa...
[10/29/2025 10:12:08.420 PM] Message  || User: racerdg             || Channel: #yapper-committee                    || Content: girl whats with your camera
[10/29/2025 10:12:26.574 PM] Message  || User: izzyballz           || Channel: #yapper-committee                    || Content: idk grease or something
[10/29/2025 10:12:30.615 PM] Message  || User: racerdg             || Channel: #yapper-committee                    || Content: my girl dinner
[10/29/2025 10:13:02.262 PM] Message  || User: the_frog.sorcerer   || Channel: #yapper-committee                    || Content: I like it … its so euphoria season 1
[10/29/2025 10:13:08.823 PM] Message  || User: .bettercalljack     || Channel: #yapper-committee                    || Content: HEKP
[10/29/2025 10:13:30.243 PM] Message  || User: .bettercalljack     || Channel: #yapper-committee                    || Content: Smart shake matcha was my girl dinner
[10/29/2025 10:16:33.049 PM] Message  || User: spitonme            || Channel: #feeding-team                        || Content: @ anyone who feeds and lives on campus this is the method
[10/29/2025 10:16:33.055 PM] Action   || Name: feed_pending_set    || Trigger: ch=643586809166561310; user=54396... || Output: stations=West Campus; text=@ anyone who feeds and lives on campus thi...
[10/29/2025 10:17:14.203 PM] Message  || User: spitonme            || Channel: #feeding-team                        || Content: 5pm meal exchange, get a water bottle and an empty grande starbucks ...
[10/29/2025 10:17:14.224 PM] Intent   || feed_update               ||                                               || station=Mary Kay and Zen; dates=['2025-10-29']
[10/29/2025 10:17:18.963 PM] Action   || Name: sheet_mark          || Trigger: station=Mary Kay and Zen date=202... || Output: ok
[10/29/2025 10:17:18.965 PM] Action   || Name: feed_update         || Trigger: station=Mary Kay and Zen; dates=2... || Output: ok
[10/29/2025 10:17:18.967 PM] Message  || User: spitonme            || Channel: #feeding-team                        || Content: boom
[10/29/2025 10:17:32.948 PM] Message  || User: spitonme            || Channel: #feeding-team                        || Content: tbh u do not even need to pay to grab the ones by chikfila
[10/29/2025 10:17:35.492 PM] Message  || User: spitonme            || Channel: #feeding-team                        || Content: they wont notice
[10/29/2025 10:17:45.180 PM] Edit     || User: spitonme            || Channel: #feeding-team                        || tbh u do not even need to pay to grab the ones by chikfila -> tbh u do not ev...
[10/29/2025 10:17:56.499 PM] Message  || User: spitonme            || Channel: #feeding-team                        || Content: so this is rlly for anyone on campus
[10/29/2025 10:17:56.518 PM] Action   || Name: feed_pending_set    || Trigger: ch=643586809166561310; user=54396... || Output: stations=West Campus; text=so this is rlly for anyone on campus
[10/29/2025 10:18:05.195 PM] Edit     || User: spitonme            || Channel: #feeding-team                        || so this is rlly for anyone on campus -> so this is rlly for anyone
[10/29/2025 10:19:47.409 PM] Message  || User: spitonme            || Channel: #yapper-committee                    || Content: i work on halloween,,, thinking of wearing trad goth makeup and bats...
[10/29/2025 10:20:05.684 PM] Message  || User: spitonme            || Channel: #yapper-committee                    || Content: #stoked i have an excuse to live my alt truth
[10/29/2025 10:20:17.190 PM] Message  || User: spitonme            || Channel: #yapper-committee                    || Content: lowk want to ask if i can wear my long skirt instead of pants
[10/29/2025 10:20:30.821 PM] Message  || User: spitonme            || Channel: #yapper-committee                    || Content: (same one i wore to halloween party)
[10/29/2025 10:22:46.761 PM] React+   || User: austinbaustinb      || Channel: #yapper-committee                    || emoji=‼️; msg="girl whats with your camera" by racerdg
[10/29/2025 10:25:34.358 PM] React+   || User: izzyballz           || Channel: #yapper-committee                    || emoji=‼️; msg="i work on halloween,,, thinking of weari..." by spitonme
[10/29/2025 10:26:27.413 PM] Message  || User: izzyballz           || Channel: #yapper-committee                    || Content: ok so my tiktok comment from earlier is at 7k likes shows over
[10/29/2025 10:26:34.532 PM] Message  || User: spitonme            || Channel: #yapper-committee                    || Content: 😭
[10/29/2025 10:26:43.403 PM] Message  || User: izzyballz           || Channel: #yapper-committee                    || Content: i hate when they blow up why are you clogging my inbox
[10/29/2025 10:26:51.034 PM] Message  || User: izzyballz           || Channel: #yapper-committee                    || Content: open my phone and it’s 99+ notifs
[10/29/2025 10:33:27.985 PM] Action   || Name: send_suppressed     || Trigger: ch=1341696618688286720               || Output: Gmail authorization needed. Open and approve, then reply: 'TomCat, au...
[10/29/2025 10:33:27.985 PM] Action   || Name: gmail_auth_url      || Trigger:                                      || Output: https://accounts.google.com/o/oauth2/auth?response_type=code&client_i...
[10/29/2025 10:33:27.985 PM] Action   || Name: gmail_log_scheduler || Trigger: auth                                 || Output: pending
[10/29/2025 10:33:40.788 PM] Message  || User: _costco_wholesale_  || Channel: #feeding-team                        || Content: the water comes with the meal exchange (?)
[10/29/2025 10:33:43.295 PM] Message  || User: hatshura            || Channel: #yapper-committee                    || Content: Why the fruity pebbles not looking fruity?
[10/29/2025 10:33:49.605 PM] Message  || User: spitonme            || Channel: #feeding-team                        || Content: im fucking crying
[10/29/2025 10:33:55.266 PM] Message  || User: racerdg             || Channel: #yapper-committee                    || Content: lmfao
[10/29/2025 10:34:12.159 PM] Message  || User: _costco_wholesale_  || Channel: #feeding-team                        || Content: wait am i illiterate
[10/29/2025 10:34:15.725 PM] Message  || User: spitonme            || Channel: #feeding-team                        || Content: ik at least subway and chikfila do
[10/29/2025 10:34:16.411 PM] Message  || User: racerdg             || Channel: #yapper-committee                    || Content: i had them with some yogurt i just already ate it
[10/29/2025 10:34:28.259 PM] Message  || User: spitonme            || Channel: #feeding-team                        || Content: i didnt eat anywhere else
[10/29/2025 10:34:34.238 PM] Message  || User: _costco_wholesale_  || Channel: #feeding-team                        || Content: the meal exchanges come with a water or bubly
[10/29/2025 10:34:38.280 PM] Message  || User: spitonme            || Channel: #feeding-team                        || Content: yah
[10/29/2025 10:34:44.706 PM] Message  || User: spitonme            || Channel: #feeding-team                        || Content: and subway its that plus cookies or chips
[10/29/2025 10:34:51.534 PM] Message  || User: _costco_wholesale_  || Channel: #feeding-team                        || Content: wait im so confused
[10/29/2025 10:34:57.996 PM] Message  || User: hatshura            || Channel: #yapper-committee                    || Content: :3
[10/29/2025 10:34:58.997 PM] React+   || User: _costco_wholesale_  || Channel: #feeding-team                        || emoji=👍; msg="and subway its that plus cookies or chip..." by spitonme
[10/29/2025 10:35:10.387 PM] Message  || User: _costco_wholesale_  || Channel: #feeding-team                        || Content: wdym about the Starbucks cup
[10/29/2025 10:35:23.378 PM] Message  || User: spitonme            || Channel: #feeding-team                        || Content: just ask starbs worker
[10/29/2025 10:35:27.941 PM] Message  || User: spitonme            || Channel: #feeding-team                        || Content: for an empty grande cup
[10/29/2025 10:35:28.346 PM] Message  || User: _costco_wholesale_  || Channel: #feeding-team                        || Content: there’s some insane life changing hack I don’t understand rn
[10/29/2025 10:35:28.360 PM] Action   || Name: feed_pending_set    || Trigger: ch=643586809166561310; user=75192... || Output: stations=Microwave; text=there’s some insane life changing hack I don...
[10/29/2025 10:35:36.345 PM] Message  || User: spitonme            || Channel: #feeding-team                        || Content: if u mention the cats theyll just give it to you
[10/29/2025 10:35:38.304 PM] React+   || User: _costco_wholesale_  || Channel: #feeding-team                        || emoji=👍; msg="for an empty grande cup" by spitonme
[10/29/2025 10:35:46.682 PM] React+   || User: _costco_wholesale_  || Channel: #feeding-team                        || emoji=👍; msg="if u mention the cats theyll just give i..." by spitonme
[10/29/2025 10:35:49.959 PM] Message  || User: spitonme            || Channel: #feeding-team                        || Content: and then u can just use that cup forever as a scoop/return it
[10/29/2025 10:36:04.417 PM] Message  || User: pancakemixteamdj    || Channel: #yapper-committee                    || Content: Ain’t no fucking way they brought it back
[10/29/2025 10:36:22.224 PM] Message  || User: izzyballz           || Channel: #yapper-committee                    || Content: got me fucked up
[10/29/2025 10:36:54.162 PM] Message  || User: pancakemixteamdj    || Channel: #yapper-committee                    || Content: Donr matter to me really cause my ass stays in lot 50
[10/29/2025 10:37:02.013 PM] Message  || User: spitonme            || Channel: #feeding-team                        || Content: (to the ccc bin)
[10/29/2025 10:38:38.203 PM] React+   || User: bubblebee5866       || Channel: #pictures-of-the-cats                || emoji=‼️; msg="I brought him a pinecone as an offering" by bixzu
[10/29/2025 10:42:18.541 PM] Message  || User: izzyballz           || Channel: #yapper-committee                    || Content: actually why do you do that
[10/29/2025 10:42:45.756 PM] Message  || User: izzyballz           || Channel: #yapper-committee                    || Content: like all of the time or when lot 49 is packed
[10/29/2025 10:43:21.874 PM] Message  || User: izzyballz           || Channel: #yapper-committee                    || Content: cause i pull up on like fridays where lot 49 is half empty and then ...
[10/29/2025 10:43:55.635 PM] Action   || Name: send_suppressed     || Trigger: ch=1341696618688286720               || Output: Gmail authorization needed. Open and approve, then reply: 'TomCat, au...
[10/29/2025 10:43:55.635 PM] Action   || Name: gmail_auth_url      || Trigger:                                      || Output: https://accounts.google.com/o/oauth2/auth?response_type=code&client_i...
[10/29/2025 10:43:55.635 PM] Action   || Name: gmail_log_scheduler || Trigger: auth                                 || Output: pending
[10/29/2025 10:43:59.915 PM] Action   || Name: send_suppressed     || Trigger: ch=1341696618688286720               || Output: Gmail authorization needed. Open and approve, then reply: 'TomCat, au...
[10/29/2025 10:43:59.915 PM] Action   || Name: gmail_auth_url      || Trigger:                                      || Output: https://accounts.google.com/o/oauth2/auth?response_type=code&client_i...
[10/29/2025 10:43:59.915 PM] Action   || Name: gmail_log_scheduler || Trigger: auth                                 || Output: pending
[10/29/2025 10:45:07.713 PM] Message  || User: yaeji               || Channel: #yapper-committee                    || Content: bbb bB bBb RrrrUuuuuuuuuuuuuuuh
[10/29/2025 10:50:45.806 PM] Message  || User: rice.muncher        || Channel: #yapper-committee                    || Content: (no text; attachments=1)
[10/29/2025 10:50:51.760 PM] Message  || User: rice.muncher        || Channel: #yapper-committee                    || Content: they done beheaded microwave
[10/29/2025 10:51:19.383 PM] Action   || Name: send_suppressed     || Trigger: ch=1341696618688286720               || Output: Gmail authorization needed. Open and approve, then reply: 'TomCat, au...
[10/29/2025 10:51:19.383 PM] Action   || Name: gmail_auth_url      || Trigger:                                      || Output: https://accounts.google.com/o/oauth2/auth?response_type=code&client_i...
[10/29/2025 10:51:19.383 PM] Action   || Name: gmail_log_scheduler || Trigger: auth                                 || Output: pending
[10/29/2025 10:51:50.687 PM] Message  || User: pancakemixteamdj    || Channel: #yapper-committee                    || Content: Lot 50 such a vibe
[10/29/2025 10:52:02.820 PM] Message  || User: pancakemixteamdj    || Channel: #yapper-committee                    || Content: Also i park there to see lot 50 cats on my out
[10/29/2025 10:52:30.987 PM] React+   || User: _costco_wholesale_  || Channel: #memes                               || emoji=😭; msg=1433285484163108885
[10/29/2025 10:52:54.869 PM] Message  || User: racerdg             || Channel: #yapper-committee                    || Content: i didnt know wplace was still ip
[10/29/2025 10:52:57.853 PM] Edit     || User: racerdg             || Channel: #yapper-committee                    || i didnt know wplace was still ip -> i didnt know wplace was still up
[10/29/2025 10:56:05.822 PM] Message  || User: spitonme            || Channel: #memes                               || Content: https://www.tiktok.com/t/ZP8D2yhL3/
[10/29/2025 10:56:06.367 PM] Edit     || User: spitonme            || Channel: #memes                               || https://www.tiktok.com/t/ZP8D2yhL3/ -> https://www.tiktok.com/t/ZP8D2yhL3/
[10/29/2025 10:58:44.992 PM] React+   || User: bubblebee5866       || Channel: #pet-pictures                        || emoji=❤️; msg=1433275846923255918
[10/29/2025 10:59:05.187 PM] React-   || User: unknown             || Channel: #pet-pictures                        || emoji=🤣; msg=1433174886108364933
[10/29/2025 10:59:06.933 PM] React+   || User: the_frog.sorcerer   || Channel: #pet-pictures                        || emoji=🤣; msg=1433174886108364933
[10/29/2025 10:59:39.775 PM] Message  || User: izzyballz           || Channel: #yapper-committee                    || Content: earlier today i was in the bathroom at work and then a like 65 year ...
[10/29/2025 10:59:50.669 PM] Message  || User: izzyballz           || Channel: #yapper-committee                    || Content: i said um
[10/29/2025 11:00:33.524 PM] Message  || User: izzyballz           || Channel: #yapper-committee                    || Content: and i could see the wheels turning in his head and after like 25 sec...
[10/29/2025 11:01:25.203 PM] React+   || User: the_frog.sorcerer   || Channel: #yapper-committee                    || emoji=💔; msg="and i could see the wheels turning in hi..." by izzyballz
[10/29/2025 11:06:59.426 PM] Message  || User: pancakemixteamdj    || Channel: #yapper-committee                    || Content: I have genuine fear  of walking into the wrong restroom to the point...
[10/29/2025 11:07:32.988 PM] Message  || User: the_frog.sorcerer   || Channel: #yapper-committee                    || Content: Smart bc i have been that 65 year old man many times 💔
[10/29/2025 11:07:50.845 PM] Message  || User: the_frog.sorcerer   || Channel: #yapper-committee                    || Content: i look at my feet when i walk
[10/29/2025 11:10:38.564 PM] Message  || User: .bettercalljack     || Channel: #yapper-committee                    || Content: I did that once as a kid and have been changed ever sense
[10/29/2025 11:11:13.990 PM] Message  || User: .bettercalljack     || Channel: #yapper-committee                    || Content: Since
[10/29/2025 11:20:21.684 PM] React+   || User: kitadan             || Channel: #yapper-committee                    || emoji=👍; msg="Also i park there to see lot 50 cats on ..." by pancakemixteamdj
[10/29/2025 11:20:51.622 PM] Action   || Name: send_suppressed     || Trigger: ch=1341696618688286720               || Output: Gmail authorization needed. Open and approve, then reply: 'TomCat, au...
[10/29/2025 11:20:51.622 PM] Action   || Name: gmail_auth_url      || Trigger:                                      || Output: https://accounts.google.com/o/oauth2/auth?response_type=code&client_i...
[10/29/2025 11:20:51.632 PM] Action   || Name: gmail_log_scheduler || Trigger: auth                                 || Output: pending
[10/29/2025 11:20:55.850 PM] Action   || Name: send_suppressed     || Trigger: ch=1341696618688286720               || Output: Gmail authorization needed. Open and approve, then reply: 'TomCat, au...
[10/29/2025 11:20:55.853 PM] Action   || Name: gmail_auth_url      || Trigger:                                      || Output: https://accounts.google.com/o/oauth2/auth?response_type=code&client_i...
[10/29/2025 11:20:55.853 PM] Action   || Name: gmail_log_scheduler || Trigger: auth                                 || Output: pending
[10/29/2025 11:21:13.337 PM] React+   || User: kitadan             || Channel: #report-new-cats                     || emoji=🫡; msg="harvey or bramblestar you decide" by izzyballz
[10/29/2025 11:21:51.067 PM] Message  || User: kitadan             || Channel: #report-new-cats                     || Content: With how big he is Harvey  like the hurricane.
[10/29/2025 11:22:02.396 PM] Action   || Name: send_suppressed     || Trigger: ch=1341696618688286720               || Output: Gmail authorization needed. Open and approve, then reply: 'TomCat, au...
[10/29/2025 11:22:02.396 PM] Action   || Name: gmail_auth_url      || Trigger:                                      || Output: https://accounts.google.com/o/oauth2/auth?response_type=code&client_i...
[10/29/2025 11:22:02.396 PM] Action   || Name: gmail_log_scheduler || Trigger: auth                                 || Output: pending
[10/29/2025 11:22:33.360 PM] React+   || User: _costco_wholesale_  || Channel: #report-new-cats                     || emoji=😭; msg="With how big he is Harvey  like the hurr..." by kitadan
[10/29/2025 11:23:35.680 PM] React+   || User: kitadan             || Channel: #feeding-team                        || emoji=❤️; msg="I am used to it and its fun angel lets y..." by .bettercalljack
[10/29/2025 11:24:05.878 PM] React+   || User: kitadan             || Channel: #feeding-team                        || emoji=👍; msg="for an empty grande cup" by spitonme
[10/29/2025 11:24:10.127 PM] React+   || User: kitadan             || Channel: #feeding-team                        || emoji=👍; msg="if u mention the cats theyll just give i..." by spitonme
[10/29/2025 11:24:34.692 PM] React+   || User: simplyshadow171295  || Channel: #report-new-cats                     || emoji=😭; msg="With how big he is Harvey  like the hurr..." by kitadan
[10/29/2025 11:24:51.714 PM] Message  || User: simplyshadow171295  || Channel: #report-new-cats                     || Content: he’s chunky
[10/29/2025 11:28:42.324 PM] Action   || Name: send_suppressed     || Trigger: ch=1341696618688286720               || Output: Gmail authorization needed. Open and approve, then reply: 'TomCat, au...
[10/29/2025 11:28:42.324 PM] Action   || Name: gmail_auth_url      || Trigger:                                      || Output: https://accounts.google.com/o/oauth2/auth?response_type=code&client_i...
[10/29/2025 11:28:42.324 PM] Action   || Name: gmail_log_scheduler || Trigger: auth                                 || Output: pending
[10/29/2025 11:29:31.113 PM] React+   || User: mochenoch           || Channel: #introductions                       || emoji=❤️; msg=1433150430808113193
[10/29/2025 11:33:58.882 PM] Action   || Name: send_suppressed     || Trigger: ch=1341696618688286720               || Output: Gmail authorization needed. Open and approve, then reply: 'TomCat, au...
[10/29/2025 11:33:58.882 PM] Action   || Name: gmail_auth_url      || Trigger:                                      || Output: https://accounts.google.com/o/oauth2/auth?response_type=code&client_i...
[10/29/2025 11:33:58.897 PM] Action   || Name: gmail_log_scheduler || Trigger: auth                                 || Output: pending
[10/29/2025 11:45:34.798 PM] React+   || User: .bettercalljack     || Channel: #report-new-cats                     || emoji=😭; msg="With how big he is Harvey  like the hurr..." by kitadan
[10/29/2025 11:46:11.920 PM] Message  || User: m_digio             || Channel: #executive-board                     || Content: (no text; attachments=0)
[10/29/2025 11:46:12.294 PM] Message  || User: m_digio             || Channel: #executive-board                     || Content: Talking abt little cat painted canvases
[10/29/2025 11:46:16.822 PM] Message  || User: m_digio             || Channel: #executive-board                     || Content: Im feeling 7
[10/29/2025 11:47:48.723 PM] Message  || User: racerdg             || Channel: #report-new-cats                     || Content: i really like harvey
[10/29/2025 11:48:22.248 PM] Message  || User: .bettercalljack     || Channel: #report-new-cats                     || Content: That is definitely a harvy
[10/29/2025 11:49:44.714 PM] Message  || User: simplyshadow171295  || Channel: #report-new-cats                     || Content: that was the plan
[10/29/2025 11:50:57.103 PM] Message  || User: m_digio             || Channel: #report-new-cats                     || Content: I KNOW HIM
[10/29/2025 11:51:04.348 PM] Message  || User: m_digio             || Channel: #report-new-cats                     || Content: He can be an honorary cat
[10/29/2025 11:51:16.588 PM] Message  || User: m_digio             || Channel: #report-new-cats                     || Content: I think he belongs to one of the houses over there
[10/29/2025 11:51:40.030 PM] Message  || User: m_digio             || Channel: #report-new-cats                     || Content: Used to see him all the time when i lived at meadow run, been there ...
[10/29/2025 11:52:08.686 PM] React+   || User: simplyshadow171295  || Channel: #report-new-cats                     || emoji=‼️; msg="Used to see him all the time when i live..." by m_digio
[10/29/2025 11:52:29.540 PM] Message  || User: simplyshadow171295  || Channel: #report-new-cats                     || Content: did you ever name him or nah
[10/29/2025 11:52:48.628 PM] Message  || User: m_digio             || Channel: #report-new-cats                     || Content: Nah i js called him like mister or kitty or whatever
[10/29/2025 11:52:54.966 PM] Message  || User: m_digio             || Channel: #report-new-cats                     || Content: I like harvey
[10/29/2025 11:53:14.201 PM] Message  || User: m_digio             || Channel: #report-new-cats                     || Content: I lived through harvey lmao lore drop
[10/29/2025 11:57:04.797 PM] Message  || User: izzyballz           || Channel: #report-new-cats                     || Content: ive been waiting to name a cat harvey since i got my cat like a year...
[10/29/2025 11:58:49.792 PM] Message  || User: izzyballz           || Channel: #report-new-cats                     || Content: except its referencing the alex g song not the hurricane you guys ar...
[10/29/2025 11:59:28.072 PM] Message  || User: izzyballz           || Channel: #report-new-cats                     || Content: /silly
