[10/11/2025 12:13:23.717 AM] Message  || User: spitonme            || Channel: #bot-spam                            || Content: holy fucking shit
[10/11/2025 12:13:28.074 AM] Message  || User: spitonme            || Channel: #bot-spam                            || Content: guys look at that
[10/11/2025 12:23:15.693 AM] Message  || User: celeryiscelery      || Channel: #executive-board                     || Content: is this something you wanna do all at the same time or make like two...
[10/11/2025 12:25:23.598 AM] Message  || User: yaeji               || Channel: #bot-spam                            || Content: on 2 would've been legendary
[10/11/2025 12:25:39.533 AM] Message  || User: spitonme            || Channel: #bot-spam                            || Content: literally i got so excited when i saw all the green
[10/11/2025 12:25:44.334 AM] Message  || User: spitonme            || Channel: #bot-spam                            || Content: and then it missed one
[10/11/2025 12:25:51.697 AM] Message  || User: spitonme            || Channel: #bot-spam                            || Content: and then on my third try??? fml
[10/11/2025 12:27:49.936 AM] Message  || User: yaeji               || Channel: #bot-spam                            || Content: i can't even think of two variations of that word with the fourth le...
[10/11/2025 12:28:36.973 AM] Message  || User: yaeji               || Channel: #bot-spam                            || Content: well maybe i can
[10/11/2025 12:28:53.512 AM] Message  || User: yaeji               || Channel: #bot-spam                            || Content: but literally the only two
[10/11/2025 12:31:19.321 AM] Message  || User: austinbaustinb      || Channel: #executive-board                     || Content: Definitely a prototype or two first
[10/11/2025 12:31:45.689 AM] Message  || User: austinbaustinb      || Channel: #executive-board                     || Content: And I’ll pay for those on my own, I essentially want to give the clu...
[10/11/2025 12:33:40.211 AM] Message  || User: austinbaustinb      || Channel: #executive-board                     || Content: But I do want to ig know where to aim for it all and I haven’t reall...
[10/11/2025 12:35:41.749 AM] Message  || User: austinbaustinb      || Channel: #logging                             || Content: Ok maybe some trouble
[10/11/2025 12:37:39.339 AM] Message  || User: celeryiscelery      || Channel: #executive-board                     || Content: right now it’s not the wisest for us to pay, we’re the lowest we’ve ...
[10/11/2025 12:45:27.278 AM] Message  || User: austinbaustinb      || Channel: #executive-board                     || Content: Right yeah I figure not now, and we don’t really need it, but there ...
[10/11/2025 12:47:06.420 AM] Message  || User: celeryiscelery      || Channel: #executive-board                     || Content: tbh anywhere from under 100 to 150 seems reasonable and if need be w...
[10/11/2025 12:48:21.498 AM] React+   || User: .s3j                || Channel: #yapper-committee                    || emoji=‼️; msg="if I could get just the broth and drink ..." by cici4f3
[10/11/2025 12:50:44.484 AM] Message  || User: a1darek             || Channel: #purrley-pawsitive-pussy-pals        || Content: I think my mom knows about my piercings but just hasn't said anything
[10/11/2025 12:50:46.507 AM] Message  || User: a1darek             || Channel: #purrley-pawsitive-pussy-pals        || Content: I'm horrified
[10/11/2025 12:50:52.371 AM] React+   || User: a1darek             || Channel: #executive-board                     || emoji=‼️; msg="tbh anywhere from under 100 to 150 seems..." by celeryiscelery
[10/11/2025 12:54:05.273 AM] Message  || User: austinbaustinb      || Channel: #executive-board                     || Content: Aye aye I’ll aim for max 100
[10/11/2025 01:07:37.939 AM] React+   || User: cici4f3             || Channel: #pet-pictures                        || emoji=<:smilecat:836868602220380160>; msg=1426415528058290236
[10/11/2025 02:10:00.034 AM] Action   || Name: profiles_error      || Trigger: sheet_read                           || Output: HTTPSConnectionPool(host='oauth2.googleapis.com', port=443): Max retr...
[10/11/2025 02:10:00.035 AM] Action   || Name: profiles_scheduler  || Trigger: update_all                           || Output: ran
[10/11/2025 03:00:00.013 AM] Action   || Name: dues_portal_hist... || Trigger: ch=928060549089087538                || Output: Cannot connect to host discord.com:443 ssl:default [getaddrinfo failed]
[10/11/2025 03:00:00.013 AM] Action   || Name: dues_membership_... || Trigger: sheet=1PBvCd6gTwc1_aqlCtn93xPW7XJ... || Output: ws=Membership Application List
[10/11/2025 03:00:00.039 AM] Action   || Name: dues_membership_... || Trigger: read                                 || Output: HTTPSConnectionPool(host='oauth2.googleapis.com', port=443): Max retr...
[10/11/2025 03:00:00.039 AM] Action   || Name: dues_scheduler      || Trigger: count=0                              || Output: done
[10/11/2025 03:56:38.145 AM] Action   || Name: gmail_log_scheduler || Trigger: auth                                 || Output: pending
[10/11/2025 05:07:49.712 AM] Online   || User: Tom Cat#8337        || Guilds: 2                                    
[10/11/2025 05:07:51.020 AM] Health   || Component: image_tab      || Status: ok                                    || channel_id=551084964318543904 tab=TCBPicsInput
[10/11/2025 05:07:51.394 AM] Health   || Component: image_tab      || Status: ok                                    || channel_id=639882573199441930 tab=TCBPicsInput
[10/11/2025 05:07:51.772 AM] Health   || Component: image_tab      || Status: ok                                    || channel_id=1341696618688286720 tab=TCBPicsInput
[10/11/2025 05:07:52.145 AM] Health   || Component: image_tab      || Status: ok                                    || channel_id=1344745306620694558 tab=TCBVetBillInput
[10/11/2025 05:07:52.352 AM] Health   || Component: feeding_tab    || Status: ok                                   
[10/11/2025 06:59:19.940 AM] React+   || User: slayc127            || Channel: #purrley-pawsitive-pussy-pals        || emoji=😭; msg="She walked up to me and took a nap" by a1darek
[10/11/2025 06:59:21.142 AM] React+   || User: slayc127            || Channel: #purrley-pawsitive-pussy-pals        || emoji=😭; msg=1426427652679536711
[10/11/2025 07:03:25.784 AM] React-   || User: unknown             || Channel: #get-roles                           || emoji=🟢; msg="**Role Menu: Color**
Please select the c..." by Carl-bot
[10/11/2025 07:03:25.824 AM] Roles    || User: racerdg             || Guild: Campus Cat Coalition                   || added=[]; removed=['green [color]']
[10/11/2025 07:03:41.982 AM] React+   || User: racerdg             || Channel: #get-roles                           || emoji=🍎; msg="**Role Menu: Color**
Please select the c..." by Carl-bot
[10/11/2025 07:03:42.050 AM] Roles    || User: racerdg             || Guild: Campus Cat Coalition                   || added=['mahogany [color]']; removed=[]
[10/11/2025 07:24:40.698 AM] Message  || User: mochenoch           || Channel: #yapper-committee                    || Content: Yeah I did and they told me it’s on their website via points
[10/11/2025 07:26:44.745 AM] Message  || User: mochenoch           || Channel: #yapper-committee                    || Content: My experience was overall great as a donor because they took very go...
[10/11/2025 07:55:13.670 AM] Message  || User: slayc127            || Channel: #yapper-committee                    || Content: i mean its false advertising if theyre not giving u the 50$
[10/11/2025 07:55:55.685 AM] Message  || User: slayc127            || Channel: #yapper-committee                    || Content: id possibly call them, unsure how thatd work but if thats the whole ...
[10/11/2025 07:56:28.639 AM] Message  || User: slayc127            || Channel: #purrley-pawsitive-pussy-pals        || Content: deleting tiktok for the rest of the sem was prob my smartest decisio...
[10/11/2025 08:01:12.269 AM] Message  || User: racerdg             || Channel: #yapper-committee                    || Content: being out on campus at 8pm on a saturday is lowk more scary than bei...
[10/11/2025 08:01:17.960 AM] Message  || User: racerdg             || Channel: #yapper-committee                    || Content: there is NOBODY
[10/11/2025 08:03:04.175 AM] Message  || User: racerdg             || Channel: #yapper-committee                    || Content: i cant even find any business cats
[10/11/2025 08:04:35.202 AM] Message  || User: ludavis             || Channel: #yapper-committee                    || Content: Only old people wake up early 🫵 😭
[10/11/2025 08:04:56.308 AM] Message  || User: ludavis             || Channel: #yapper-committee                    || Content: Oh wait you said 8pm lol
[10/11/2025 08:05:33.628 AM] Message  || User: racerdg             || Channel: #yapper-committee                    || Content: oh i meant 8 am
[10/11/2025 08:05:36.878 AM] Message  || User: racerdg             || Channel: #yapper-committee                    || Content: whoops!
[10/11/2025 08:05:49.688 AM] Message  || User: racerdg             || Channel: #yapper-committee                    || Content: also i didnt wake up early i stayed up late ❤️
[10/11/2025 08:06:06.881 AM] Message  || User: racerdg             || Channel: #yapper-committee                    || Content: i needed to change my sleep schedule so i went the old fashioned way
[10/11/2025 08:06:13.506 AM] Edit     || User: racerdg             || Channel: #yapper-committee                    || being out on campus at 8pm on a saturday is lowk more scary than being out he...
[10/11/2025 08:07:44.645 AM] React+   || User: slayc127            || Channel: #yapper-committee                    || emoji=😭; msg="i needed to change my sleep schedule so ..." by racerdg
[10/11/2025 08:08:20.548 AM] Message  || User: racerdg             || Channel: #pictures-of-the-cats                || Content: first time ive seen bro actually affectionate
[10/11/2025 08:08:20.850 AM] Action   || Name: image_intake        || Trigger: channel=551084964318543904           || Output: rows=1
[10/11/2025 08:08:22.411 AM] Message  || User: slayc127            || Channel: #yapper-committee                    || Content: whenever id get off work from waffle house at 7am last fall id somet...
[10/11/2025 08:08:43.995 AM] Message  || User: slayc127            || Channel: #yapper-committee                    || Content: only on weekends so i think itd usually be like 7am on sunday mornin...
[10/11/2025 08:08:49.463 AM] React+   || User: slayc127            || Channel: #pictures-of-the-cats                || emoji=😆; msg="first time ive seen bro actually affecti..." by racerdg
[10/11/2025 08:09:47.173 AM] Message  || User: racerdg             || Channel: #pictures-of-the-cats                || Content: (no text; attachments=1)
[10/11/2025 08:11:12.988 AM] Message  || User: racerdg             || Channel: #pictures-of-the-cats                || Content: taking this video made me realize i have two mosquitoes bites on my ...
[10/11/2025 08:12:26.334 AM] React+   || User: simplyshadow171295  || Channel: #yapper-committee                    || emoji=‼️; msg="i mean its false advertising if theyre n..." by slayc127
[10/11/2025 08:12:41.135 AM] React+   || User: simplyshadow171295  || Channel: #yapper-committee                    || emoji=😭; msg="i needed to change my sleep schedule so ..." by racerdg
[10/11/2025 08:43:24.828 AM] React+   || User: reyesthighs         || Channel: #yapper-committee                    || emoji=‼️; msg="i mean its false advertising if theyre n..." by slayc127
[10/11/2025 10:01:04.084 AM] React+   || User: moineau_l.oiseau    || Channel: #pet-pictures                        || emoji=<:happycat:834819172546510868>; msg=1426358318347321397
[10/11/2025 10:01:08.752 AM] React+   || User: moineau_l.oiseau    || Channel: #pet-pictures                        || emoji=❤️; msg=1426367712082395289
[10/11/2025 10:01:13.812 AM] React+   || User: moineau_l.oiseau    || Channel: #pet-pictures                        || emoji=❤️; msg=1426358318347321397
[10/11/2025 10:01:19.083 AM] React+   || User: moineau_l.oiseau    || Channel: #pet-pictures                        || emoji=<:smilecat:836868602220380160>; msg=1426415528058290236
[10/11/2025 10:01:48.320 AM] React+   || User: moineau_l.oiseau    || Channel: #pictures-of-the-cats                || emoji=‼️; msg="shes so beautiful" by racerdg
[10/11/2025 10:01:50.514 AM] React+   || User: moineau_l.oiseau    || Channel: #pictures-of-the-cats                || emoji=😭; msg="shes so beautiful" by racerdg
[10/11/2025 10:02:08.021 AM] React+   || User: moineau_l.oiseau    || Channel: #pictures-of-the-cats                || emoji=<:sobbing:828777375876907038>; msg="thank you eggs" by racerdg
[10/11/2025 10:02:15.380 AM] React+   || User: moineau_l.oiseau    || Channel: #pictures-of-the-cats                || emoji=‼️; msg=1426397097292201984
[10/11/2025 10:02:19.827 AM] React+   || User: moineau_l.oiseau    || Channel: #pictures-of-the-cats                || emoji=😆; msg="first time ive seen bro actually affecti..." by racerdg
[10/11/2025 10:02:48.637 AM] React+   || User: moineau_l.oiseau    || Channel: #external-promotions                 || emoji=🤣; msg="rainbow dash that one time" by spitonme
[10/11/2025 10:07:07.987 AM] React+   || User: moineau_l.oiseau    || Channel: #executive-board                     || emoji=‼️; msg="tbh anywhere from under 100 to 150 seems..." by celeryiscelery
[10/11/2025 10:08:00.227 AM] React+   || User: moineau_l.oiseau    || Channel: #purrley-pawsitive-pussy-pals        || emoji=😭; msg="She walked up to me and took a nap" by a1darek
[10/11/2025 10:08:04.827 AM] React+   || User: moineau_l.oiseau    || Channel: #purrley-pawsitive-pussy-pals        || emoji=😭; msg=1426427652679536711
[10/11/2025 10:08:07.075 AM] React+   || User: moineau_l.oiseau    || Channel: #purrley-pawsitive-pussy-pals        || emoji=<:sobbing:828777375876907038>; msg=1426427652679536711
[10/11/2025 10:08:08.933 AM] React+   || User: moineau_l.oiseau    || Channel: #purrley-pawsitive-pussy-pals        || emoji=‼️; msg="wtffff she’s so babeyy" by nostalgicsapphic
[10/11/2025 10:08:13.020 AM] React+   || User: moineau_l.oiseau    || Channel: #purrley-pawsitive-pussy-pals        || emoji=<:sobbing:828777375876907038>; msg="wtffff she’s so babeyy" by nostalgi...
[10/11/2025 10:08:13.906 AM] React-   || User: unknown             || Channel: #purrley-pawsitive-pussy-pals        || emoji=<:sobbing:828777375876907038>; msg=1426427652679536711
[10/11/2025 10:08:45.213 AM] React+   || User: moineau_l.oiseau    || Channel: #logging                             || emoji=‼️; msg="Ok maybe some trouble" by austinbaustinb
[10/11/2025 10:08:56.472 AM] Message  || User: moineau_l.oiseau    || Channel: #logging                             || Content: How many accounts does that person have 😭
[10/11/2025 10:40:33.167 AM] Message  || User: austinbaustinb      || Channel: #logging                             || Content: I think they made extras
[10/11/2025 10:40:44.566 AM] Message  || User: austinbaustinb      || Channel: #logging                             || Content: Maybe they didn’t see the “acknowledged rules” role thing but idk
[10/11/2025 11:02:07.980 AM] React+   || User: pancakemixteamdj    || Channel: #pictures-of-the-cats                || emoji=😆; msg="first time ive seen bro actually affecti..." by racerdg
[10/11/2025 11:14:37.054 AM] Message  || User: racerdg             || Channel: #pictures-of-the-cats                || Content: (no text; attachments=1)
[10/11/2025 11:18:21.503 AM] React+   || User: gupguppy            || Channel: #cat-name-ideas                      || emoji=😭; msg="next litter of kittens we find im naming..." by m_digio
[10/11/2025 11:18:23.835 AM] React+   || User: gupguppy            || Channel: #cat-name-ideas                      || emoji=‼️; msg="rhythm heaven mention ‼️‼️" by cici4f3
[10/11/2025 11:18:29.335 AM] React+   || User: gupguppy            || Channel: #cat-name-ideas                      || emoji=😭; msg="he's an old man give him some slack smh" by cici4f3
[10/11/2025 11:18:30.517 AM] React+   || User: gupguppy            || Channel: #cat-name-ideas                      || emoji=❤️; msg="peanut mention" by cici4f3
[10/11/2025 11:18:42.331 AM] React+   || User: gupguppy            || Channel: #cat-name-ideas                      || emoji=🔥; msg="Chat have I said Scarfelius yet? Pronoun..." by reyesthighs
[10/11/2025 11:19:52.831 AM] React+   || User: gupguppy            || Channel: #pictures-of-the-cats                || emoji=😆; msg="first time ive seen bro actually affecti..." by racerdg
[10/11/2025 11:26:02.190 AM] Message  || User: _rambone_           || Channel: #purrley-pawsitive-pussy-pals        || Content: (no text; attachments=1)
[10/11/2025 11:32:10.875 AM] React+   || User: slayc127            || Channel: #purrley-pawsitive-pussy-pals        || emoji=😭; msg=1426606786399567943
[10/11/2025 11:42:58.690 AM] React+   || User: nostalgicsapphic    || Channel: #purrley-pawsitive-pussy-pals        || emoji=😭; msg=1426606786399567943
[10/11/2025 11:43:00.903 AM] Message  || User: nostalgicsapphic    || Channel: #purrley-pawsitive-pussy-pals        || Content: BABEYY
[10/11/2025 11:43:22.130 AM] Message  || User: m_digio             || Channel: #purrley-pawsitive-pussy-pals        || Content: Who tf is that???
[10/11/2025 11:43:30.521 AM] Message  || User: _rambone_           || Channel: #purrley-pawsitive-pussy-pals        || Content: Baby someone brought to work
[10/11/2025 11:43:39.751 AM] Message  || User: nostalgicsapphic    || Channel: #purrley-pawsitive-pussy-pals        || Content: steal
[10/11/2025 11:44:07.934 AM] Message  || User: m_digio             || Channel: #bot-spam                            || Content: Oh okay
[10/11/2025 11:44:26.146 AM] React+   || User: m_digio             || Channel: #pictures-of-the-cats                || emoji=😆; msg="first time ive seen bro actually affecti..." by racerdg
[10/11/2025 11:44:44.909 AM] Message  || User: m_digio             || Channel: #pictures-of-the-cats                || Content: Its a Saturday, he likes ppl more when theres less around
[10/11/2025 12:01:56.305 PM] Message  || User: slayc127            || Channel: #purrley-pawsitive-pussy-pals        || Content: A TORTIE HAS ENTERED DA BUILDINH
[10/11/2025 12:02:01.967 PM] Message  || User: slayc127            || Channel: #purrley-pawsitive-pussy-pals        || Content: (no text; attachments=1)
[10/11/2025 12:02:26.261 PM] Message  || User: slayc127            || Channel: #purrley-pawsitive-pussy-pals        || Content: (no text; attachments=2)
[10/11/2025 12:05:48.399 PM] Message  || User: nostalgicsapphic    || Channel: #purrley-pawsitive-pussy-pals        || Content: GASSPPPPP
[10/11/2025 12:05:49.742 PM] Message  || User: nostalgicsapphic    || Channel: #purrley-pawsitive-pussy-pals        || Content: AGHHDHDHSHS
[10/11/2025 12:06:41.901 PM] Message  || User: slayc127            || Channel: #purrley-pawsitive-pussy-pals        || Content: I HEART HER
[10/11/2025 12:06:51.679 PM] Message  || User: slayc127            || Channel: #purrley-pawsitive-pussy-pals        || Content: HER NAME IS KIWI
[10/11/2025 12:07:16.497 PM] Message  || User: slayc127            || Channel: #purrley-pawsitive-pussy-pals        || Content: (no text; attachments=1)
[10/11/2025 12:09:47.094 PM] React+   || User: simplyshadow171295  || Channel: #bot-spam                            || emoji=😭; msg="Oh okay" by m_digio
[10/11/2025 12:14:58.857 PM] Message  || User: cici4f3             || Channel: #feeding-team                        || Content: just making sure, I'm covering for someone and feeding Mike today co...
[10/11/2025 12:14:59.373 PM] Action   || Name: feed_pending_set    || Trigger: ch=643586809166561310; user=34238... || Output: Microwave
[10/11/2025 12:21:26.689 PM] React+   || User: moineau_l.oiseau    || Channel: #pictures-of-the-cats                || emoji=‼️; msg="Its a Saturday, he likes ppl more when t..." by m_digio
[10/11/2025 12:21:33.140 PM] React+   || User: moineau_l.oiseau    || Channel: #pictures-of-the-cats                || emoji=🤝; msg="Its a Saturday, he likes ppl more when t..." by m_digio
[10/11/2025 12:21:42.393 PM] React+   || User: moineau_l.oiseau    || Channel: #purrley-pawsitive-pussy-pals        || emoji=😭; msg=1426606786399567943
[10/11/2025 12:21:47.769 PM] React+   || User: moineau_l.oiseau    || Channel: #purrley-pawsitive-pussy-pals        || emoji=‼️; msg="BABEYY" by nostalgicsapphic
[10/11/2025 12:21:50.259 PM] React+   || User: moineau_l.oiseau    || Channel: #purrley-pawsitive-pussy-pals        || emoji=<:sobbing:828777375876907038>; msg="BABEYY" by nostalgicsapphic
[10/11/2025 12:21:58.090 PM] React+   || User: moineau_l.oiseau    || Channel: #purrley-pawsitive-pussy-pals        || emoji=🔥; msg="steal" by nostalgicsapphic
[10/11/2025 12:22:08.030 PM] React+   || User: moineau_l.oiseau    || Channel: #purrley-pawsitive-pussy-pals        || emoji=<:happycat:834819172546510868>; msg=1426615946985865413
[10/11/2025 12:22:10.448 PM] React+   || User: moineau_l.oiseau    || Channel: #purrley-pawsitive-pussy-pals        || emoji=<:ree:813284570161086465>; msg=1426615946985865413
[10/11/2025 12:22:17.961 PM] React+   || User: moineau_l.oiseau    || Channel: #purrley-pawsitive-pussy-pals        || emoji=<:sad_cat:828777514335600641>; msg=1426617164541984769
[10/11/2025 12:23:18.732 PM] Message  || User: spitonme            || Channel: #memes                               || Content: https://www.instagram.com/reel/DOfKroljiOB/?igsh=MWZ4bm9uaGlpZmQxZg==
[10/11/2025 12:23:20.299 PM] Edit     || User: spitonme            || Channel: #memes                               || https://www.instagram.com/reel/DOfKroljiOB/?igsh=MWZ4bm9uaGlpZmQxZg== -> http...
[10/11/2025 12:23:47.913 PM] React+   || User: spitonme            || Channel: #pictures-of-the-cats                || emoji=🐙; msg="Its a Saturday, he likes ppl more when t..." by m_digio
[10/11/2025 12:23:59.843 PM] Message  || User: spitonme            || Channel: #pictures-of-the-cats                || Content: there was SO many mosquitoes around microwave on friday
[10/11/2025 12:26:53.234 PM] React+   || User: kitadan             || Channel: #pictures-of-the-cats                || emoji=🤝; msg="Its a Saturday, he likes ppl more when t..." by m_digio
[10/11/2025 12:27:21.088 PM] React+   || User: kitadan             || Channel: #bot-spam                            || emoji=😭; msg="Oh okay" by m_digio
[10/11/2025 12:28:51.588 PM] React+   || User: celeryiscelery      || Channel: #itty-bitty-kitty-commitee           || emoji=<:sideeye:1412870825907851296>; msg="https://tenor.com/view/freaky-dog-...
[10/11/2025 12:29:41.290 PM] Message  || User: mochenoch           || Channel: #yapper-committee                    || Content: Probably will ngl
[10/11/2025 12:30:36.213 PM] Message  || User: slayc127            || Channel: #purrley-pawsitive-pussy-pals        || Content: someone should bring me a treat
[10/11/2025 12:30:47.860 PM] Message  || User: slayc127            || Channel: #purrley-pawsitive-pussy-pals        || Content: @mckayla this is ur task
[10/11/2025 12:30:53.139 PM] React+   || User: nostalgicsapphic    || Channel: #purrley-pawsitive-pussy-pals        || emoji=😆; msg="@mckayla this is ur task" by slayc127
[10/11/2025 12:31:20.051 PM] Message  || User: nostalgicsapphic    || Channel: #purrley-pawsitive-pussy-pals        || Content: i was considering stopping somewhere b4 work actually do u have any ...
[10/11/2025 12:31:55.378 PM] Message  || User: slayc127            || Channel: #purrley-pawsitive-pussy-pals        || Content: not particularly!
[10/11/2025 12:32:13.299 PM] React+   || User: nostalgicsapphic    || Channel: #purrley-pawsitive-pussy-pals        || emoji=🫡; msg="not particularly!" by slayc127
[10/11/2025 12:33:14.919 PM] Message  || User: celeryiscelery      || Channel: #memes                               || Content: @Derek [TNR]
[10/11/2025 12:35:07.933 PM] Message  || User: slayc127            || Channel: #purrley-pawsitive-pussy-pals        || Content: we see some very rude people working retail
[10/11/2025 12:35:18.534 PM] React+   || User: nostalgicsapphic    || Channel: #purrley-pawsitive-pussy-pals        || emoji=‼️; msg="we see some very rude people working ret..." by slayc127
[10/11/2025 12:35:19.420 PM] Message  || User: slayc127            || Channel: #purrley-pawsitive-pussy-pals        || Content: this woman was otp harassing another store abt a specific item
[10/11/2025 12:35:26.858 PM] Message  || User: nostalgicsapphic    || Channel: #purrley-pawsitive-pussy-pals        || Content: needlessly rude one might even say
[10/11/2025 12:35:28.730 PM] Message  || User: slayc127            || Channel: #purrley-pawsitive-pussy-pals        || Content: kept clarifying it was one product and what flavor they had
[10/11/2025 12:35:30.560 PM] Message  || User: slayc127            || Channel: #purrley-pawsitive-pussy-pals        || Content: one moment
[10/11/2025 12:37:56.638 PM] Message  || User: slayc127            || Channel: #purrley-pawsitive-pussy-pals        || Content: fr was needling this man
[10/11/2025 12:37:58.309 PM] React+   || User: _rambone_           || Channel: #purrley-pawsitive-pussy-pals        || emoji=‼️; msg="we see some very rude people working ret..." by slayc127
[10/11/2025 12:38:01.643 PM] Message  || User: slayc127            || Channel: #purrley-pawsitive-pussy-pals        || Content: over wholehearted meal toppers
[10/11/2025 12:38:01.915 PM] Message  || User: _rambone_           || Channel: #purrley-pawsitive-pussy-pals        || Content: Guys
[10/11/2025 12:38:05.989 PM] React+   || User: nostalgicsapphic    || Channel: #purrley-pawsitive-pussy-pals        || emoji=😭; msg="fr was needling this man" by slayc127
[10/11/2025 12:38:23.469 PM] Message  || User: slayc127            || Channel: #purrley-pawsitive-pussy-pals        || Content: and then got an attitude when he said their online inventory doesnt ...
[10/11/2025 12:38:24.722 PM] Message  || User: slayc127            || Channel: #purrley-pawsitive-pussy-pals        || Content: gr
[10/11/2025 12:38:26.043 PM] Message  || User: slayc127            || Channel: #purrley-pawsitive-pussy-pals        || Content: Yes
[10/11/2025 12:39:24.535 PM] Message  || User: _rambone_           || Channel: #purrley-pawsitive-pussy-pals        || Content: My Petco is being so picky about signing up people
[10/11/2025 12:39:30.887 PM] Message  || User: nostalgicsapphic    || Channel: #purrley-pawsitive-pussy-pals        || Content: bruhhhh
[10/11/2025 12:39:38.967 PM] Message  || User: _rambone_           || Channel: #purrley-pawsitive-pussy-pals        || Content: They have this shit at the register
[10/11/2025 12:39:46.399 PM] Message  || User: _rambone_           || Channel: #purrley-pawsitive-pussy-pals        || Content: AND IT'S BASED ON PERCENTAGES
[10/11/2025 12:39:47.662 PM] React+   || User: slayc127            || Channel: #purrley-pawsitive-pussy-pals        || emoji=😭; msg="They have this shit at the register" by _rambone_
[10/11/2025 12:39:49.608 PM] Message  || User: slayc127            || Channel: #purrley-pawsitive-pussy-pals        || Content: ew
[10/11/2025 12:39:57.500 PM] Message  || User: _rambone_           || Channel: #purrley-pawsitive-pussy-pals        || Content: SO IT FUCKS PEOPLE AT THE REGISTER
[10/11/2025 12:39:57.726 PM] Message  || User: slayc127            || Channel: #purrley-pawsitive-pussy-pals        || Content: killing them
[10/11/2025 12:39:58.822 PM] Message  || User: nostalgicsapphic    || Channel: #purrley-pawsitive-pussy-pals        || Content: that’s Evil
[10/11/2025 12:40:00.926 PM] Message  || User: _rambone_           || Channel: #purrley-pawsitive-pussy-pals        || Content: AKA ME
[10/11/2025 12:40:05.487 PM] Message  || User: _rambone_           || Channel: #purrley-pawsitive-pussy-pals        || Content: LIKE WHAT
[10/11/2025 12:40:13.246 PM] Message  || User: nostalgicsapphic    || Channel: #purrley-pawsitive-pussy-pals        || Content: if kenneth ever did that i’d be so mad
[10/11/2025 12:40:18.042 PM] React+   || User: slayc127            || Channel: #purrley-pawsitive-pussy-pals        || emoji=‼️; msg="if kenneth ever did that i’d be so mad" by nostalgicsapphic
[10/11/2025 12:40:39.925 PM] Message  || User: slayc127            || Channel: #purrley-pawsitive-pussy-pals        || Content: sallys pulled that shit and its part of why i left
[10/11/2025 12:40:41.759 PM] Message  || User: slayc127            || Channel: #purrley-pawsitive-pussy-pals        || Content: #never
[10/11/2025 12:40:58.171 PM] Message  || User: slayc127            || Channel: #purrley-pawsitive-pussy-pals        || Content: jacob come back to arlington!
[10/11/2025 12:41:04.729 PM] React+   || User: nostalgicsapphic    || Channel: #purrley-pawsitive-pussy-pals        || emoji=‼️; msg="jacob come back to arlington!" by slayc127
[10/11/2025 12:42:37.672 PM] Message  || User: _rambone_           || Channel: #purrley-pawsitive-pussy-pals        || Content: Real
[10/11/2025 12:42:40.697 PM] Message  || User: _rambone_           || Channel: #purrley-pawsitive-pussy-pals        || Content: Shitttttt
[10/11/2025 12:42:43.576 PM] React+   || User: _rambone_           || Channel: #purrley-pawsitive-pussy-pals        || emoji=❤️; msg="jacob come back to arlington!" by slayc127
[10/11/2025 12:50:38.302 PM] Message  || User: slayc127            || Channel: #purrley-pawsitive-pussy-pals        || Content: i need neil newbon to come back to the us asap
[10/11/2025 12:50:47.804 PM] Message  || User: slayc127            || Channel: #purrley-pawsitive-pussy-pals        || Content: preferably as a full bg3 cast reunion (they have one once a month)
[10/11/2025 12:53:06.873 PM] Message  || User: a1darek             || Channel: #memes                               || Content: They're right
[10/11/2025 12:56:40.286 PM] Message  || User: racerdg             || Channel: #memes                               || Content: i wish we could decorate our dorm doors
[10/11/2025 12:56:58.010 PM] Message  || User: racerdg             || Channel: #memes                               || Content: my roommates are like normal though id have to chill
[10/11/2025 01:05:18.865 PM] Message  || User: slayc127            || Channel: #purrley-pawsitive-pussy-pals        || Content: im BORED
[10/11/2025 01:05:22.123 PM] Message  || User: slayc127            || Channel: #purrley-pawsitive-pussy-pals        || Content: someone entertain kazius
[10/11/2025 01:14:43.035 PM] Message  || User: slayc127            || Channel: #purrley-pawsitive-pussy-pals        || Content: https://tenor.com/view/no-gif-23548728
[10/11/2025 01:33:38.646 PM] Message  || User: a1darek             || Channel: #purrley-pawsitive-pussy-pals        || Content: Download tiktok
[10/11/2025 01:34:49.550 PM] React+   || User: nicoleguajardo      || Channel: #feeding-team                        || emoji=❤️; msg=1426395593223180371
[10/11/2025 01:35:48.912 PM] React+   || User: yaeji               || Channel: #bot-spam                            || emoji=😭; msg="Oh okay" by m_digio
[10/11/2025 01:36:14.224 PM] React+   || User: skelehusk           || Channel: #pictures-of-the-cats                || emoji=🐙; msg=1426309098936205333
[10/11/2025 01:36:14.553 PM] React+   || User: skelehusk           || Channel: #pictures-of-the-cats                || emoji=❤️; msg=1426309098936205333
[10/11/2025 01:36:23.985 PM] React+   || User: skelehusk           || Channel: #pictures-of-the-cats                || emoji=‼️; msg="shes so beautiful" by racerdg
[10/11/2025 01:36:24.408 PM] React+   || User: skelehusk           || Channel: #pictures-of-the-cats                || emoji=😭; msg="shes so beautiful" by racerdg
[10/11/2025 01:36:24.634 PM] Message  || User: spitonme            || Channel: #memes                               || Content: dont let that stop u
[10/11/2025 01:36:55.620 PM] React+   || User: skelehusk           || Channel: #external-adoption-ads               || emoji=💙; msg="neonatal kitten help needed ! our neighb..." by figgybeans
[10/11/2025 01:36:55.958 PM] React+   || User: skelehusk           || Channel: #external-adoption-ads               || emoji=🥺; msg="neonatal kitten help needed ! our neighb..." by figgybeans
[10/11/2025 01:39:07.452 PM] Message  || User: slayc127            || Channel: #purrley-pawsitive-pussy-pals        || Content: NO!!!!!!!!!!!!!
[10/11/2025 01:44:37.245 PM] React+   || User: .s3j                || Channel: #pictures-of-the-cats                || emoji=‼️; msg="Its a Saturday, he likes ppl more when t..." by m_digio
[10/11/2025 01:48:37.912 PM] Message  || User: austinbaustinb      || Channel: #purrley-pawsitive-pussy-pals        || Content: 3d printing is cool here’s a mouthpiece
[10/11/2025 01:54:54.743 PM] React+   || User: a1darek             || Channel: #purrley-pawsitive-pussy-pals        || emoji=🔥; msg="3d printing is cool here’s a mouthpiece" by austinbaustinb
[10/11/2025 01:55:02.528 PM] Message  || User: a1darek             || Channel: #purrley-pawsitive-pussy-pals        || Content: Today is homework day
[10/11/2025 01:55:08.876 PM] Message  || User: a1darek             || Channel: #purrley-pawsitive-pussy-pals        || Content: And study for zoology day
[10/11/2025 01:55:45.835 PM] React+   || User: slayc127            || Channel: #purrley-pawsitive-pussy-pals        || emoji=🔥; msg="3d printing is cool here’s a mouthpiece" by austinbaustinb
[10/11/2025 02:03:25.901 PM] Message  || User: austinbaustinb      || Channel: #purrley-pawsitive-pussy-pals        || Content: Woah trigger warning plz
[10/11/2025 02:03:34.834 PM] React+   || User: nostalgicsapphic    || Channel: #purrley-pawsitive-pussy-pals        || emoji=🔥; msg="3d printing is cool here’s a mouthpiece" by austinbaustinb
[10/11/2025 02:03:39.457 PM] React+   || User: nostalgicsapphic    || Channel: #purrley-pawsitive-pussy-pals        || emoji=😆; msg="Woah trigger warning plz" by austinbaustinb
[10/11/2025 02:08:41.485 PM] Message  || User: lemonelon_          || Channel: #pet-pictures                        || Content: eep
[10/11/2025 02:13:45.290 PM] Message  || User: slayc127            || Channel: #purrley-pawsitive-pussy-pals        || Content: i fear i will be staying up late tonight
[10/11/2025 02:13:55.878 PM] Message  || User: slayc127            || Channel: #purrley-pawsitive-pussy-pals        || Content: didnt realize one of my assignments is due monday night 😔
[10/11/2025 02:29:11.206 PM] Message  || User: cici4f3             || Channel: #feeding-team                        || Content: guys please I need to know before I go to work at 5 😥
[10/11/2025 02:31:02.294 PM] Message  || User: simplyshadow171295  || Channel: #feeding-team                        || Content: it should be yours for today
[10/11/2025 02:31:40.247 PM] Message  || User: pancakemixteamdj    || Channel: #feeding-team                        || Content: @Cici
[10/11/2025 02:32:21.076 PM] Message  || User: pancakemixteamdj    || Channel: #feeding-team                        || Content: I think thst gonna do it
[10/11/2025 02:32:22.772 PM] Message  || User: pancakemixteamdj    || Channel: #feeding-team                        || Content: Idk
[10/11/2025 02:32:42.535 PM] Message  || User: pancakemixteamdj    || Channel: #feeding-team                        || Content: @Lifeye
[10/11/2025 02:33:24.570 PM] Edit     || User: pancakemixteamdj    || Channel: #feeding-team                        || I think thst gonna do it -> I think they are  gonna do it
[10/11/2025 02:36:53.334 PM] Message  || User: a1darek             || Channel: #purrley-pawsitive-pussy-pals        || Content: WHY IS SIENNA ALREADY JUMPING ON SHIT
[10/11/2025 02:36:57.168 PM] React+   || User: nostalgicsapphic    || Channel: #purrley-pawsitive-pussy-pals        || emoji=😭; msg="didnt realize one of my assignments is d..." by slayc127
[10/11/2025 02:37:12.655 PM] Message  || User: a1darek             || Channel: #purrley-pawsitive-pussy-pals        || Content: she just tried to jump onto the couch dude ur the size of a children...
[10/11/2025 02:38:18.818 PM] Message  || User: a1darek             || Channel: #pet-pictures                        || Content: (no text; attachments=1)
[10/11/2025 02:38:59.542 PM] Message  || User: astro_db            || Channel: #yapper-committee                    || Content: https://www.youtube.com/watch?v=USdnZ6F45H4
[10/11/2025 02:38:59.904 PM] Edit     || User: astro_db            || Channel: #yapper-committee                    || https://www.youtube.com/watch?v=USdnZ6F45H4 -> https://www.youtube.com/watch?...
[10/11/2025 02:39:06.033 PM] Message  || User: astro_db            || Channel: #yapper-committee                    || Content: I'm cooked chat
[10/11/2025 02:39:28.884 PM] Message  || User: a1darek             || Channel: #yapper-committee                    || Content: it's almost like prolonged use of our ears slowly deteriorate our he...
[10/11/2025 02:39:36.757 PM] Message  || User: a1darek             || Channel: #yapper-committee                    || Content: (I'm half joking but I am not watching allat)
[10/11/2025 02:40:00.901 PM] React+   || User: nostalgicsapphic    || Channel: #purrley-pawsitive-pussy-pals        || emoji=😆; msg="she just tried to jump onto the couch du..." by a1darek
[10/11/2025 02:40:27.567 PM] Message  || User: simplyshadow171295  || Channel: #feeding-team                        || Content: they saw cici’s message though
[10/11/2025 02:40:38.962 PM] React+   || User: simplyshadow171295  || Channel: #pet-pictures                        || emoji=‼️; msg=1426655175312936990
[10/11/2025 02:40:42.087 PM] Message  || User: astro_db            || Channel: #yapper-committee                    || Content: the average nightclub/concert is 100 Decibels? we can safely listen ...
[10/11/2025 02:40:47.309 PM] Message  || User: simplyshadow171295  || Channel: #pet-pictures                        || Content: ITTY BITTY MA’AM
[10/11/2025 02:40:53.952 PM] Message  || User: astro_db            || Channel: #yapper-committee                    || Content: 80 Decibels is 40 hrs a week?
[10/11/2025 02:40:57.783 PM] Message  || User: astro_db            || Channel: #yapper-committee                    || Content: iirc
[10/11/2025 02:43:40.421 PM] React+   || User: astro_db            || Channel: #introductions                       || emoji=💜; msg=1422280521827745882
[10/11/2025 02:45:16.881 PM] React+   || User: slayc127            || Channel: #purrley-pawsitive-pussy-pals        || emoji=😆; msg="she just tried to jump onto the couch du..." by a1darek
[10/11/2025 02:46:43.441 PM] React+   || User: kitadan             || Channel: #pet-pictures                        || emoji=‼️; msg=1426655175312936990
[10/11/2025 03:00:25.746 PM] Message  || User: lifeye              || Channel: #feeding-team                        || Content: bro i have no idea
[10/11/2025 03:00:30.967 PM] Message  || User: lifeye              || Channel: #feeding-team                        || Content: i’m heading back home soon
[10/11/2025 03:00:38.940 PM] Message  || User: lifeye              || Channel: #feeding-team                        || Content: if he isn’t fed by then i’ll feed him but i’ll ask
[10/11/2025 03:00:38.940 PM] Intent   || feed_update               ||                                               || station=Microwave; dates=['2025-10-11']
[10/11/2025 03:00:40.277 PM] Action   || Name: sheet_mark          || Trigger: station=Microwave date=2025-10-11    || Output: ok
[10/11/2025 03:00:40.278 PM] Action   || Name: feed_update         || Trigger: station=Microwave; dates=2025-10-11  || Output: ok
[10/11/2025 03:06:40.672 PM] React+   || User: racerdg             || Channel: #pet-pictures                        || emoji=‼️; msg=1426655175312936990
[10/11/2025 03:07:06.493 PM] Message  || User: racerdg             || Channel: #pet-pictures                        || Content: neighbors cat
[10/11/2025 03:09:17.326 PM] Message  || User: racerdg             || Channel: #yapper-committee                    || Content: always wear ear protection at concerts
[10/11/2025 03:09:25.829 PM] Message  || User: racerdg             || Channel: #yapper-committee                    || Content: it makes everything sound better too
[10/11/2025 03:10:11.276 PM] Message  || User: racerdg             || Channel: #yapper-committee                    || Content: im uncooked i always listen to stuff quiet if i can
[10/11/2025 03:10:37.185 PM] Message  || User: racerdg             || Channel: #yapper-committee                    || Content: yessir
[10/11/2025 03:12:08.906 PM] React+   || User: m_digio             || Channel: #purrley-pawsitive-pussy-pals        || emoji=🔥; msg="3d printing is cool here’s a mouthpiece" by austinbaustinb
[10/11/2025 03:13:24.847 PM] React+   || User: m_digio             || Channel: #pet-pictures                        || emoji=‼️; msg=1426655175312936990
[10/11/2025 03:13:27.884 PM] React+   || User: m_digio             || Channel: #pet-pictures                        || emoji=❤️; msg="neighbors cat" by racerdg
[10/11/2025 03:15:31.156 PM] React+   || User: astro_db            || Channel: #yapper-committee                    || emoji=👍; msg="always wear ear protection at concerts" by racerdg
[10/11/2025 03:15:38.685 PM] Message  || User: astro_db            || Channel: #yapper-committee                    || Content: lol I will now
[10/11/2025 03:18:41.850 PM] Message  || User: melennui            || Channel: #itty-bitty-kitty-commitee           || Content: I WAS BABY LOCKED OUT OF SAYING THINGS ON HERE BECAUSE MY PHONE NUMB...
[10/11/2025 03:19:02.544 PM] Message  || User: melennui            || Channel: #itty-bitty-kitty-commitee           || Content: i had so many cat pics i wanted to send D:
[10/11/2025 03:29:19.088 PM] Message  || User: spitonme            || Channel: #memes                               || Content: https://www.instagram.com/reel/DOto4nNEg8z/?igsh=a2wyM2lyaGE2OWcz
[10/11/2025 03:29:20.380 PM] Edit     || User: spitonme            || Channel: #memes                               || https://www.instagram.com/reel/DOto4nNEg8z/?igsh=a2wyM2lyaGE2OWcz -> https://...
[10/11/2025 03:30:21.754 PM] Message  || User: lemonelon_          || Channel: #pet-pictures                        || Content: (no text; attachments=2)
[10/11/2025 03:41:28.962 PM] Message  || User: emiximez            || Channel: #pictures-of-the-cats                || Content: angel could be a model if she wasn't so affectionate i try to get a ...
[10/11/2025 03:41:29.399 PM] Action   || Name: image_intake        || Trigger: channel=551084964318543904           || Output: rows=3
[10/11/2025 03:41:41.525 PM] Message  || User: emiximez            || Channel: #pictures-of-the-cats                || Content: those were the only photogenic photos i could get lol
[10/11/2025 03:51:42.951 PM] Message  || User: slayc127            || Channel: #pictures-of-the-cats                || Content: angel is a male :3 (not a big deal idc just a heads up!)
[10/11/2025 03:51:49.795 PM] Message  || User: slayc127            || Channel: #pictures-of-the-cats                || Content: angel is da babiest of all our babies
[10/11/2025 03:52:45.001 PM] Message  || User: emiximez            || Channel: #pictures-of-the-cats                || Content: OOOHHHH
[10/11/2025 03:53:02.026 PM] Message  || User: emiximez            || Channel: #pictures-of-the-cats                || Content: (no text; attachments=1)
[10/11/2025 03:53:02.427 PM] Action   || Name: image_intake        || Trigger: channel=551084964318543904           || Output: rows=1
[10/11/2025 03:53:06.837 PM] Message  || User: emiximez            || Channel: #pictures-of-the-cats                || Content: which car it's this
[10/11/2025 03:54:03.421 PM] React+   || User: _rambone_           || Channel: #purrley-pawsitive-pussy-pals        || emoji=😆; msg="Woah trigger warning plz" by austinbaustinb
[10/11/2025 03:54:07.098 PM] React+   || User: _rambone_           || Channel: #purrley-pawsitive-pussy-pals        || emoji=😆; msg="she just tried to jump onto the couch du..." by a1darek
[10/11/2025 03:54:34.121 PM] Message  || User: _rambone_           || Channel: #purrley-pawsitive-pussy-pals        || Content: These longer shifts are killing me man
[10/11/2025 03:54:43.907 PM] Message  || User: slayc127            || Channel: #pictures-of-the-cats                || Content: OMG?
[10/11/2025 03:54:44.156 PM] Message  || User: _rambone_           || Channel: #purrley-pawsitive-pussy-pals        || Content: They have me begging to take my lunch
[10/11/2025 03:54:49.278 PM] Message  || User: slayc127            || Channel: #pictures-of-the-cats                || Content: @Kitadan sawry for ping
[10/11/2025 03:55:03.876 PM] Message  || User: slayc127            || Channel: #purrley-pawsitive-pussy-pals        || Content: (no text; attachments=1)
[10/11/2025 03:55:05.988 PM] Message  || User: slayc127            || Channel: #purrley-pawsitive-pussy-pals        || Content: real.
[10/11/2025 03:55:13.214 PM] React+   || User: _rambone_           || Channel: #purrley-pawsitive-pussy-pals        || emoji=❤️; msg=1426674490535841957
[10/11/2025 03:55:19.634 PM] Message  || User: void_now            || Channel: #pictures-of-the-cats                || Content: That’s Mr Stinky, unneutered male who wanders from Lot 50 to Zen
[10/11/2025 03:55:30.546 PM] Message  || User: void_now            || Channel: #bot-spam                            || Content: Tomcat show me Mr stinky
[10/11/2025 03:55:30.546 PM] Intent   || show_photo                ||                                               || cat=Mr Stinky
[10/11/2025 03:55:34.039 PM] Action   || Name: show_cache_downl... || Trigger: https://drive.google.com/uc?expor... || Output: sn=0442 attempt=1 size=1533076
[10/11/2025 03:56:14.042 PM] Message  || User: slayc127            || Channel: #purrley-pawsitive-pussy-pals        || Content: (no text; attachments=2)
[10/11/2025 03:57:11.679 PM] Message  || User: slayc127            || Channel: #purrley-pawsitive-pussy-pals        || Content: working on the plano of pain and agony
[10/11/2025 03:57:23.239 PM] Message  || User: _rambone_           || Channel: #purrley-pawsitive-pussy-pals        || Content: (no text; attachments=1)
[10/11/2025 03:57:25.027 PM] Message  || User: _rambone_           || Channel: #purrley-pawsitive-pussy-pals        || Content: Which one)
[10/11/2025 03:57:25.657 PM] Message  || User: _rambone_           || Channel: #purrley-pawsitive-pussy-pals        || Content: ?
[10/11/2025 03:57:58.189 PM] React+   || User: nostalgicsapphic    || Channel: #purrley-pawsitive-pussy-pals        || emoji=😭; msg="They have me begging to take my lunch" by _rambone_
[10/11/2025 03:57:58.642 PM] React+   || User: nostalgicsapphic    || Channel: #purrley-pawsitive-pussy-pals        || emoji=❤️; msg=1426674490535841957
[10/11/2025 03:58:01.431 PM] React+   || User: nostalgicsapphic    || Channel: #purrley-pawsitive-pussy-pals        || emoji=🎉; msg=1426674784015618109
[10/11/2025 03:58:11.955 PM] React+   || User: nostalgicsapphic    || Channel: #purrley-pawsitive-pussy-pals        || emoji=😆; msg=1426675075125612544
[10/11/2025 03:59:11.004 PM] Message  || User: melennui            || Channel: #pictures-of-the-cats                || Content: those cheekpuffs are HUGE!
[10/11/2025 03:59:14.124 PM] Message  || User: slayc127            || Channel: #purrley-pawsitive-pussy-pals        || Content: cat toys
[10/11/2025 03:59:21.411 PM] React+   || User: slayc127            || Channel: #purrley-pawsitive-pussy-pals        || emoji=😆; msg=1426675075125612544
[10/11/2025 03:59:30.448 PM] Message  || User: slayc127            || Channel: #purrley-pawsitive-pussy-pals        || Content: toby also hasnt texted me back
[10/11/2025 03:59:38.781 PM] Message  || User: melennui            || Channel: #pet-pictures                        || Content: (no text; attachments=1)
[10/11/2025 03:59:44.391 PM] Message  || User: melennui            || Channel: #pet-pictures                        || Content: he jailed himself..
[10/11/2025 04:00:03.530 PM] Message  || User: _rambone_           || Channel: #purrley-pawsitive-pussy-pals        || Content: Haha
[10/11/2025 04:00:14.461 PM] Message  || User: _rambone_           || Channel: #purrley-pawsitive-pussy-pals        || Content: Gabe told me he was going to put you on that
[10/11/2025 04:00:15.329 PM] Message  || User: _rambone_           || Channel: #purrley-pawsitive-pussy-pals        || Content: Lol
[10/11/2025 04:00:56.209 PM] React+   || User: nostalgicsapphic    || Channel: #purrley-pawsitive-pussy-pals        || emoji=😭; msg="cat toys" by slayc127
[10/11/2025 04:00:57.529 PM] Message  || User: slayc127            || Channel: #purrley-pawsitive-pussy-pals        || Content: yeah 😔 kazius regrets
[10/11/2025 04:01:12.667 PM] Message  || User: nostalgicsapphic    || Channel: #purrley-pawsitive-pussy-pals        || Content: gah gabe was telling me about that reset yesterday and i literally g...
[10/11/2025 04:01:15.671 PM] React+   || User: nostalgicsapphic    || Channel: #purrley-pawsitive-pussy-pals        || emoji=😭; msg="yeah 😔 kazius regrets" by slayc127
[10/11/2025 04:01:28.484 PM] Message  || User: _rambone_           || Channel: #purrley-pawsitive-pussy-pals        || Content: Yea you're next
[10/11/2025 04:01:35.365 PM] Message  || User: kcreepertux04       || Channel: #yapper-committee                    || Content: just listened to dj got us falling in love again
[10/11/2025 04:01:36.381 PM] Message  || User: nostalgicsapphic    || Channel: #purrley-pawsitive-pussy-pals        || Content: omg also i took a zebra home last night 😭😭😭😭
[10/11/2025 04:01:39.927 PM] Message  || User: nostalgicsapphic    || Channel: #purrley-pawsitive-pussy-pals        || Content: hey now.
[10/11/2025 04:01:41.297 PM] Message  || User: kcreepertux04       || Channel: #yapper-committee                    || Content: felt so weird the entire time
[10/11/2025 04:01:45.776 PM] Message  || User: slayc127            || Channel: #purrley-pawsitive-pussy-pals        || Content: me
[10/11/2025 04:01:47.412 PM] Message  || User: _rambone_           || Channel: #purrley-pawsitive-pussy-pals        || Content: Bro
[10/11/2025 04:01:53.634 PM] React+   || User: moineau_l.oiseau    || Channel: #itty-bitty-kitty-commitee           || emoji=<:cute:933104767348134018>; msg="I WAS BABY LOCKED OUT OF SAYING THINGS...
[10/11/2025 04:01:55.684 PM] Message  || User: kcreepertux04       || Channel: #yapper-committee                    || Content: in my head i was hearing the right music but the wrong words
[10/11/2025 04:01:58.926 PM] Message  || User: _rambone_           || Channel: #purrley-pawsitive-pussy-pals        || Content: Gabe told me you were also going to get assigned cat
[10/11/2025 04:02:10.350 PM] React+   || User: moineau_l.oiseau    || Channel: #pet-pictures                        || emoji=‼️; msg=1426655175312936990
[10/11/2025 04:02:13.700 PM] React+   || User: moineau_l.oiseau    || Channel: #pet-pictures                        || emoji=❤️; msg="eep" by lemonelon_
[10/11/2025 04:02:26.177 PM] React+   || User: moineau_l.oiseau    || Channel: #pet-pictures                        || emoji=❤️; msg="neighbors cat" by racerdg
[10/11/2025 04:03:17.873 PM] React+   || User: slayc127            || Channel: #purrley-pawsitive-pussy-pals        || emoji=😆; msg="Gabe told me you were also going to get ..." by _rambone_
[10/11/2025 04:03:48.498 PM] React+   || User: moineau_l.oiseau    || Channel: #memes                               || emoji=‼️; msg="dont let that stop u" by spitonme
[10/11/2025 04:03:57.434 PM] React+   || User: moineau_l.oiseau    || Channel: #pictures-of-the-cats                || emoji=😭; msg="there was SO many mosquitoes around micr..." by spitonme
[10/11/2025 04:04:26.850 PM] React+   || User: moineau_l.oiseau    || Channel: #pictures-of-the-cats                || emoji=‼️; msg="those cheekpuffs are HUGE!" by melennui
[10/11/2025 04:04:28.795 PM] Message  || User: emiximez            || Channel: #pictures-of-the-cats                || Content: omg mr stinky 😭😭 i love that name
[10/11/2025 04:04:45.881 PM] Message  || User: moineau_l.oiseau    || Channel: #pictures-of-the-cats                || Content: Pencil flashbacks 🥲
[10/11/2025 04:05:04.611 PM] React+   || User: moineau_l.oiseau    || Channel: #purrley-pawsitive-pussy-pals        || emoji=😆; msg="she just tried to jump onto the couch du..." by a1darek
[10/11/2025 04:05:11.881 PM] React+   || User: emiximez            || Channel: #pictures-of-the-cats                || emoji=🩷; msg="That’s Mr Stinky, unneutered male who wa..." by void_now
[10/11/2025 04:05:12.590 PM] React+   || User: moineau_l.oiseau    || Channel: #purrley-pawsitive-pussy-pals        || emoji=❤️; msg=1426674490535841957
[10/11/2025 04:05:15.761 PM] React+   || User: moineau_l.oiseau    || Channel: #purrley-pawsitive-pussy-pals        || emoji=🎉; msg=1426674784015618109
[10/11/2025 04:06:12.065 PM] Message  || User: emiximez            || Channel: #feeding-team                        || Content: just realized i didn't take a pic at zen please take these pictures ...
[10/11/2025 04:06:12.071 PM] Intent   || feed_update               ||                                               || station=Mary Kay and Zen; dates=['2025-10-11']
[10/11/2025 04:06:13.369 PM] Action   || Name: sheet_mark          || Trigger: station=Mary Kay and Zen date=202... || Output: ok
[10/11/2025 04:06:13.369 PM] Action   || Name: feed_update         || Trigger: station=Mary Kay and Zen; dates=2... || Output: ok
[10/11/2025 04:06:28.372 PM] React+   || User: void_now            || Channel: #pictures-of-the-cats                || emoji=❤️; msg="omg mr stinky 😭😭 i love that name" by emiximez
[10/11/2025 04:09:24.513 PM] Message  || User: slayc127            || Channel: #purrley-pawsitive-pussy-pals        || Content: todays smosh reddit stories is killing me
[10/11/2025 04:10:07.469 PM] Message  || User: m_digio             || Channel: #feeding-team                        || Content: Angel is so sweet
[10/11/2025 04:12:23.065 PM] Message  || User: lifeye              || Channel: #feeding-team                        || Content: hey guys microwave is already fed
[10/11/2025 04:12:23.071 PM] Intent   || feed_update               ||                                               || station=Microwave; dates=['2025-10-11']
[10/11/2025 04:12:24.965 PM] Action   || Name: sheet_mark          || Trigger: station=Microwave date=2025-10-11    || Output: ok
[10/11/2025 04:12:24.965 PM] Action   || Name: feed_update         || Trigger: station=Microwave; dates=2025-10-11  || Output: ok
[10/11/2025 04:13:42.192 PM] Message  || User: cici4f3             || Channel: #feeding-team                        || Content: oh so therefore I should not feed
[10/11/2025 04:14:49.410 PM] Message  || User: adeyumii            || Channel: #yapper-committee                    || Content: creeper aw man
[10/11/2025 04:15:57.730 PM] React+   || User: ludavis             || Channel: #pet-pictures                        || emoji=‼️; msg=1426655175312936990
[10/11/2025 04:20:18.611 PM] React+   || User: kitadan             || Channel: #pictures-of-the-cats                || emoji=🩷; msg="That’s Mr Stinky, unneutered male who wa..." by void_now
[10/11/2025 04:20:22.829 PM] React+   || User: kitadan             || Channel: #pictures-of-the-cats                || emoji=❤️; msg="omg mr stinky 😭😭 i love that name" by emiximez
[10/11/2025 04:20:45.657 PM] React+   || User: kitadan             || Channel: #pictures-of-the-cats                || emoji=❤️; msg="angel could be a model if she wasn't so ..." by emiximez
[10/11/2025 04:21:33.897 PM] React+   || User: kitadan             || Channel: #itty-bitty-kitty-commitee           || emoji=<:cute:933104767348134018>; msg="I WAS BABY LOCKED OUT OF SAYING THINGS...
[10/11/2025 04:24:24.468 PM] Message  || User: slayc127            || Channel: #purrley-pawsitive-pussy-pals        || Content: laufey on petco radio
[10/11/2025 04:27:03.669 PM] React+   || User: nostalgicsapphic    || Channel: #purrley-pawsitive-pussy-pals        || emoji=🔥; msg="laufey on petco radio" by slayc127
[10/11/2025 04:27:24.471 PM] Message  || User: nostalgicsapphic    || Channel: #purrley-pawsitive-pussy-pals        || Content: of course they play laufey when i’m not there….and katy perry when i...
[10/11/2025 04:29:05.802 PM] Message  || User: slayc127            || Channel: #purrley-pawsitive-pussy-pals        || Content: hehehehehehe
[10/11/2025 04:31:44.414 PM] React+   || User: .bettercalljack     || Channel: #pet-pictures                        || emoji=‼️; msg=1426655175312936990
[10/11/2025 04:39:37.558 PM] React+   || User: cici4f3             || Channel: #pet-pictures                        || emoji=‼️; msg=1426655175312936990
[10/11/2025 04:39:49.082 PM] Message  || User: cici4f3             || Channel: #pet-pictures                        || Content: AWWW SHE ACTUALLY LOOKS LIKE A CAT NOW
[10/11/2025 04:40:06.208 PM] React+   || User: pancakemixteamdj    || Channel: #itty-bitty-kitty-commitee           || emoji=<:cute:933104767348134018>; msg="I WAS BABY LOCKED OUT OF SAYING THINGS...
[10/11/2025 04:41:37.740 PM] Message  || User: pancakemixteamdj    || Channel: #yapper-committee                    || Content: Standing on top of a ladder for hours is anguish
[10/11/2025 05:01:31.291 PM] Message  || User: emiximez            || Channel: #pictures-of-the-cats                || Content: was just about to say i never see cats at hop
[10/11/2025 05:01:31.613 PM] Action   || Name: image_intake        || Trigger: channel=551084964318543904           || Output: rows=3
[10/11/2025 05:01:32.197 PM] Message  || User: emiximez            || Channel: #pictures-of-the-cats                || Content: what car is this
[10/11/2025 05:02:14.616 PM] Message  || User: emiximez            || Channel: #feeding-team                        || Content: hop fed
[10/11/2025 05:02:14.616 PM] Intent   || feed_update               ||                                               || station=HOP; dates=['2025-10-11']
[10/11/2025 05:02:16.200 PM] Action   || Name: sheet_mark          || Trigger: station=HOP date=2025-10-11          || Output: ok
[10/11/2025 05:02:16.200 PM] Action   || Name: feed_update         || Trigger: station=HOP; dates=2025-10-11        || Output: ok
[10/11/2025 05:04:57.828 PM] Message  || User: a1darek             || Channel: #pet-pictures                        || Content: she's not allowed to do that tho 💔💔💔
[10/11/2025 05:05:05.876 PM] React+   || User: a1darek             || Channel: #purrley-pawsitive-pussy-pals        || emoji=🔥; msg="laufey on petco radio" by slayc127
[10/11/2025 05:05:07.971 PM] Message  || User: void_now            || Channel: #pictures-of-the-cats                || Content: Scringle!
[10/11/2025 05:13:10.449 PM] Message  || User: le_nuit_sans_fin    || Channel: #feeding-team                        || Content: Thank you again
[10/11/2025 05:13:14.979 PM] Message  || User: le_nuit_sans_fin    || Channel: #feeding-team                        || Content: <3333
[10/11/2025 05:14:19.676 PM] React+   || User: emiximez            || Channel: #pictures-of-the-cats                || emoji=🩷; msg="Scringle!" by void_now
[10/11/2025 05:23:35.177 PM] React+   || User: vasyline            || Channel: #pet-pictures                        || emoji=‼️; msg=1426655175312936990
[10/11/2025 05:35:22.804 PM] React+   || User: kitadan             || Channel: #pictures-of-the-cats                || emoji=🩷; msg="Scringle!" by void_now
[10/11/2025 05:40:49.438 PM] React+   || User: gupguppy            || Channel: #pictures-of-the-cats                || emoji=❤️; msg="angel could be a model if she wasn't so ..." by emiximez
[10/11/2025 05:41:37.030 PM] Message  || User: gupguppy            || Channel: #pictures-of-the-cats                || Content: He walks all the way to ZEN from LOT 50?!
[10/11/2025 05:42:02.795 PM] Message  || User: adeyumii            || Channel: #pictures-of-the-cats                || Content: bro is a fiend
[10/11/2025 05:47:05.480 PM] Message  || User: gupguppy            || Channel: #yapper-committee                    || Content: same but I’m also always at concerts without ear muffs so I guess im...
[10/11/2025 05:47:38.061 PM] Message  || User: littletechyyy       || Channel: #yapper-committee                    || Content: Never too late to start protecting your hearing.
[10/11/2025 05:48:32.229 PM] Message  || User: littletechyyy       || Channel: #yapper-committee                    || Content: they have high fidelity earplugs that are pretty low profile and you...
[10/11/2025 05:48:39.332 PM] Message  || User: littletechyyy       || Channel: #yapper-committee                    || Content: I use those at concerts and loud events
[10/11/2025 05:50:55.247 PM] Message  || User: hatshura            || Channel: #pictures-of-the-cats                || Content: Bro takes his cardio seriously
[10/11/2025 05:51:26.379 PM] React+   || User: gupguppy            || Channel: #itty-bitty-kitty-commitee           || emoji=<:cute:933104767348134018>; msg="I WAS BABY LOCKED OUT OF SAYING THINGS...
[10/11/2025 05:54:43.949 PM] Message  || User: cici4f3             || Channel: #pet-pictures                        || Content: she is only allowed to be a creature and nothing more
[10/11/2025 05:55:17.195 PM] Message  || User: austinbaustinb      || Channel: #thomas-cat-sandbox                  || Content: Tomcat who feeds today
[10/11/2025 05:55:17.195 PM] Intent   || feeding_today             ||                                              
[10/11/2025 05:55:18.637 PM] Action   || Name: feeding_today       || Trigger: by=624440365595754496                || Output: sent
[10/11/2025 05:59:09.332 PM] Message  || User: austinbaustinb      || Channel: #purrley-pawsitive-pussy-pals        || Content: Conversation with my band director
[10/11/2025 06:17:04.026 PM] React+   || User: emiximez            || Channel: #feeding-team                        || emoji=🩷; msg="<3333" by le_nuit_sans_fin
[10/11/2025 06:37:43.156 PM] React+   || User: hersheykatt         || Channel: #pet-pictures                        || emoji=‼️; msg=1426655175312936990
[10/11/2025 06:37:45.064 PM] React+   || User: hersheykatt         || Channel: #pet-pictures                        || emoji=❤️; msg="eep" by lemonelon_
[10/11/2025 06:37:46.835 PM] React+   || User: hersheykatt         || Channel: #pet-pictures                        || emoji=<:smilecat:836868602220380160>; msg=1426415528058290236
[10/11/2025 06:38:29.903 PM] Message  || User: hersheykatt         || Channel: #pet-pictures                        || Content: My sleepy babies ❤️
[10/11/2025 06:38:30.383 PM] Message  || User: hersheykatt         || Channel: #pet-pictures                        || Content: (no text; attachments=6)
[10/11/2025 06:50:29.972 PM] React+   || User: celeryiscelery      || Channel: #purrley-pawsitive-pussy-pals        || emoji=😭; msg="Conversation with my band director" by austinbaustinb
[10/11/2025 06:51:06.587 PM] React+   || User: m_digio             || Channel: #pet-pictures                        || emoji=<:sobbing:828777375876907038>; msg=1426715621504192552
[10/11/2025 06:56:18.607 PM] Message  || User: a1darek             || Channel: #purrley-pawsitive-pussy-pals        || Content: (no text; attachments=1)
[10/11/2025 06:58:26.109 PM] Message  || User: .bettercalljack     || Channel: #pet-pictures                        || Content: (no text; attachments=1)
[10/11/2025 06:59:00.008 PM] React+   || User: pancakemixteamdj    || Channel: #pet-pictures                        || emoji=‼️; msg=1426655175312936990
[10/11/2025 07:08:35.410 PM] Message  || User: kitadan             || Channel: #pictures-of-the-cats                || Content: Waiting on Greens feeder to see if Thor and Freya moved onto campus.
[10/11/2025 07:09:06.094 PM] Message  || User: _costco_wholesale_  || Channel: #pictures-of-the-cats                || Content: I’ll be there soon!
[10/11/2025 07:16:41.824 PM] Message  || User: _costco_wholesale_  || Channel: #pictures-of-the-cats                || Content: (no text; attachments=1)
[10/11/2025 07:16:42.527 PM] Action   || Name: image_intake        || Trigger: channel=551084964318543904           || Output: rows=1
[10/11/2025 07:18:50.726 PM] Message  || User: adeyumii            || Channel: #feeding-team                        || Content: ... i forgot about lot 50 💀
[10/11/2025 07:18:50.731 PM] Action   || Name: feed_pending_set    || Trigger: ch=643586809166561310; user=47432... || Output: Lot 50
[10/11/2025 07:20:06.910 PM] React+   || User: kitadan             || Channel: #pictures-of-the-cats                || emoji=❤️; msg="I’ll be there soon!" by _costco_wholesale_
[10/11/2025 07:23:41.926 PM] Message  || User: _costco_wholesale_  || Channel: #feeding-team                        || Content: snickers
[10/11/2025 07:23:41.926 PM] Intent   || feed_update               ||                                               || station=Snickers; dates=['2025-10-11']
[10/11/2025 07:23:43.550 PM] Action   || Name: sheet_mark          || Trigger: station=Snickers date=2025-10-11     || Output: ok
[10/11/2025 07:23:43.550 PM] Action   || Name: feed_update         || Trigger: station=Snickers; dates=2025-10-11   || Output: ok
[10/11/2025 07:24:09.552 PM] Message  || User: _costco_wholesale_  || Channel: #feeding-team                        || Content: she had food leftover so i just refilled her water
[10/11/2025 07:24:29.655 PM] Message  || User: adeyumii            || Channel: #feeding-team                        || Content: no more toothless means more food for her
[10/11/2025 07:56:40.116 PM] Action   || Name: gmail_log_scheduler || Trigger: auth                                 || Output: pending
[10/11/2025 08:00:00.013 PM] Action   || Name: feeding_sheet       || Trigger: open_error                           || Output: HTTPSConnectionPool(host='sheets.googleapis.com', port=443): Max retr...
[10/11/2025 08:00:00.013 PM] Action   || Name: feeding_sheet       || Trigger: open_error                           || Output: HTTPSConnectionPool(host='sheets.googleapis.com', port=443): Max retr...
[10/11/2025 08:00:00.013 PM] Action   || Name: feeding_8pm_error   || Trigger: unfed=0                              || Output: Cannot connect to host discord.com:443 ssl:default [getaddrinfo failed]
[10/11/2025 08:00:00.013 PM] Action   || Name: feeding_8pm_error   || Trigger: unfed=0                              || Output: Cannot connect to host discord.com:443 ssl:default [getaddrinfo failed]
[10/11/2025 08:07:16.503 PM] Online   || User: Tom Cat#8337        || Guilds: 2                                    
[10/11/2025 08:07:17.532 PM] Health   || Component: image_tab      || Status: ok                                    || channel_id=551084964318543904 tab=TCBPicsInput
[10/11/2025 08:07:17.846 PM] Health   || Component: image_tab      || Status: ok                                    || channel_id=639882573199441930 tab=TCBPicsInput
[10/11/2025 08:07:18.152 PM] Health   || Component: image_tab      || Status: ok                                    || channel_id=1341696618688286720 tab=TCBPicsInput
[10/11/2025 08:07:18.497 PM] Health   || Component: image_tab      || Status: ok                                    || channel_id=1344745306620694558 tab=TCBVetBillInput
[10/11/2025 08:07:18.757 PM] Health   || Component: feeding_tab    || Status: ok                                   
[10/11/2025 08:07:19.797 PM] Action   || Name: gmail_log_scheduler || Trigger: found=1                              || Output: logged=1
[10/11/2025 08:07:19.949 PM] Action   || Name: finance_skip_dup... || Trigger: buffer                               || Output: Sophia Herrera $6.00 on 2025-08-26
[10/11/2025 08:07:19.951 PM] Action   || Name: finance_skip_dup... || Trigger: buffer                               || Output: Jordin Baylee $5.00 on 2025-08-26
[10/11/2025 08:07:19.951 PM] Action   || Name: finance_skip_dup... || Trigger: buffer                               || Output: Axel Torres $24.25 on 2025-08-22
[10/11/2025 08:07:19.953 PM] Action   || Name: finance_skip_dup... || Trigger: buffer                               || Output: Megan Digiovanni $47.62 on 2025-08-26
[10/11/2025 08:07:19.953 PM] Action   || Name: finance_skip_dup... || Trigger: buffer                               || Output: M. Padron $20.00 on 2025-08-26
[10/11/2025 08:07:19.955 PM] Action   || Name: finance_skip_dup... || Trigger: buffer                               || Output: Sophia Herrera $6.00 on 2025-08-26
[10/11/2025 08:07:19.955 PM] Action   || Name: finance_skip_dup... || Trigger: buffer                               || Output: Addison Loera $8.00 on 2025-08-26
[10/11/2025 08:07:19.957 PM] Action   || Name: finance_skip_dup... || Trigger: buffer                               || Output: Amber Thomas $5.00 on 2025-08-26
[10/11/2025 08:07:19.957 PM] Action   || Name: finance_skip_dup... || Trigger: buffer                               || Output: Jordin Baylee $5.00 on 2025-08-26
[10/11/2025 08:07:19.959 PM] Action   || Name: finance_skip_dup... || Trigger: buffer                               || Output: Kathleen Cantu $1.00 on 2025-08-26
[10/11/2025 08:07:19.959 PM] Action   || Name: finance_skip_dup... || Trigger: buffer                               || Output: Amber Thomas $3.00 on 2025-08-26
[10/11/2025 08:07:19.961 PM] Action   || Name: finance_skip_dup... || Trigger: buffer                               || Output: Rob Jimenez $3.00 on 2025-08-26
[10/11/2025 08:07:19.961 PM] Action   || Name: finance_skip_dup... || Trigger: buffer                               || Output: Daniel Brantley $3.00 on 2025-08-26
[10/11/2025 08:07:19.963 PM] Action   || Name: finance_skip_dup... || Trigger: buffer                               || Output: Isabella Klein $9.70 on 2025-08-26
[10/11/2025 08:07:19.963 PM] Action   || Name: finance_skip_dup... || Trigger: buffer                               || Output: Wix $25.98 on 2025-08-26
[10/11/2025 08:07:19.965 PM] Action   || Name: finance_skip_dup... || Trigger: buffer                               || Output: Nelda Hernandez $2.00 on 2025-08-26
[10/11/2025 08:07:19.965 PM] Action   || Name: finance_skip_dup... || Trigger: buffer                               || Output: Troy Broome $1.00 on 2025-08-26
[10/11/2025 08:07:19.967 PM] Action   || Name: finance_skip_dup... || Trigger: buffer                               || Output: Div Bits $2.00 on 2025-08-26
[10/11/2025 08:07:19.967 PM] Action   || Name: finance_skip_dup... || Trigger: buffer                               || Output: Jacob Sandoval $1.00 on 2025-08-26
[10/11/2025 08:07:19.967 PM] Action   || Name: finance_skip_dup... || Trigger: buffer                               || Output: Aubrey Cunningham $10.00 on 2025-08-26
[10/11/2025 08:07:19.969 PM] Action   || Name: finance_skip_dup... || Trigger: buffer                               || Output: Maxwell Preston $5.00 on 2025-08-26
[10/11/2025 08:07:19.969 PM] Action   || Name: finance_skip_dup... || Trigger: buffer                               || Output: Sophia Herrera $6.00 on 2025-08-26
[10/11/2025 08:07:19.971 PM] Action   || Name: finance_skip_dup... || Trigger: buffer                               || Output: Derek Fuentes $25.98 on 2025-08-26
[10/11/2025 08:07:19.971 PM] Action   || Name: finance_skip_dup... || Trigger: buffer                               || Output: Miguel V $5.00 on 2025-08-26
[10/11/2025 08:07:19.973 PM] Action   || Name: finance_skip_dup... || Trigger: buffer                               || Output: Nelda Hernandez $3.00 on 2025-08-26
[10/11/2025 08:07:19.973 PM] Action   || Name: finance_skip_dup... || Trigger: buffer                               || Output: Megan Digiovanni $130.00 on 2025-08-26
[10/11/2025 08:07:19.975 PM] Action   || Name: finance_skip_dup... || Trigger: buffer                               || Output: Pedro Savala $5.00 on 2025-08-27
[10/11/2025 08:07:19.975 PM] Action   || Name: finance_skip_dup... || Trigger: buffer                               || Output: Jonathan Mcgeever $5.00 on 2025-08-27
[10/11/2025 08:07:19.977 PM] Action   || Name: finance_skip_dup... || Trigger: buffer                               || Output: NNT PETSMART # $32.46 on 2025-08-06
[10/11/2025 08:07:19.977 PM] Action   || Name: finance_skip_dup... || Trigger: buffer                               || Output: Py Store Here Pantego $54.00 on 2025-08-20
[10/11/2025 08:07:19.977 PM] Action   || Name: finance_skip_dup... || Trigger: buffer                               || Output: Megan Digiovanni $74.92 on 2025-07-30
[10/11/2025 08:07:19.979 PM] Action   || Name: finance_skip_dup... || Trigger: buffer                               || Output: TOMAHAWK LIVE TRAP $581.62 on 2025-05-12
[10/11/2025 08:07:19.979 PM] Action   || Name: finance_skip_dup... || Trigger: buffer                               || Output: TOMAHAWK LIVE TRAP $581.62 on 2025-05-12
[10/11/2025 08:07:22.768 PM] Action   || Name: finance_skip_dup... || Trigger: kind=income                          || Output: Cynthia griffith $10.00 on 2025-04-16
[10/11/2025 08:07:22.768 PM] Action   || Name: finance_skip_dup... || Trigger: kind=income                          || Output: Caleb Moran $4.00 on 2025-04-16
[10/11/2025 08:07:22.768 PM] Action   || Name: finance_skip_dup... || Trigger: kind=income                          || Output: Alberto $6.00 on 2025-04-16
[10/11/2025 08:07:22.768 PM] Action   || Name: finance_skip_dup... || Trigger: kind=income                          || Output: Jacob Sandoval $2.91 on 2025-04-16
[10/11/2025 08:07:22.768 PM] Action   || Name: finance_skip_dup... || Trigger: kind=income                          || Output: tay $5.00 on 2025-04-16
[10/11/2025 08:07:22.768 PM] Action   || Name: finance_skip_dup... || Trigger: kind=income                          || Output: Nelda Hernandez $2.00 on 2025-04-16
[10/11/2025 08:07:22.778 PM] Action   || Name: finance_skip_dup... || Trigger: kind=income                          || Output: Maria Olds $10.00 on 2025-04-16
[10/11/2025 08:07:22.778 PM] Action   || Name: finance_skip_dup... || Trigger: kind=income                          || Output: Mario Rodriguez $3.00 on 2025-04-16
[10/11/2025 08:07:22.778 PM] Action   || Name: finance_skip_dup... || Trigger: kind=income                          || Output: Elisha Taylor $5.00 on 2025-04-16
[10/11/2025 08:07:22.778 PM] Action   || Name: finance_skip_dup... || Trigger: kind=income                          || Output: Jacob Sandoval $3.00 on 2025-04-16
[10/11/2025 08:07:22.778 PM] Action   || Name: finance_skip_dup... || Trigger: kind=income                          || Output: Isabella Klein $9.70 on 2025-08-26
[10/11/2025 08:07:22.778 PM] Action   || Name: finance_skip_dup... || Trigger: kind=income                          || Output: Nelda Hernandez $2.00 on 2025-08-26
[10/11/2025 08:07:22.778 PM] Action   || Name: finance_skip_dup... || Trigger: kind=income                          || Output: Troy Broome $1.00 on 2025-08-26
[10/11/2025 08:07:22.778 PM] Action   || Name: finance_skip_dup... || Trigger: kind=income                          || Output: Div Bits $2.00 on 2025-08-26
[10/11/2025 08:07:22.778 PM] Action   || Name: finance_skip_dup... || Trigger: kind=income                          || Output: Jacob Sandoval $1.00 on 2025-08-26
[10/11/2025 08:07:22.778 PM] Action   || Name: finance_skip_dup... || Trigger: kind=income                          || Output: Aubrey Cunningham $10.00 on 2025-08-26
[10/11/2025 08:07:22.778 PM] Action   || Name: finance_skip_dup... || Trigger: kind=income                          || Output: Maxwell Preston $5.00 on 2025-08-26
[10/11/2025 08:07:22.778 PM] Action   || Name: finance_skip_dup... || Trigger: kind=income                          || Output: Sophia Herrera $6.00 on 2025-08-26
[10/11/2025 08:07:22.778 PM] Action   || Name: finance_skip_dup... || Trigger: kind=income                          || Output: Miguel V $5.00 on 2025-08-26
[10/11/2025 08:07:22.778 PM] Action   || Name: finance_skip_dup... || Trigger: kind=income                          || Output: Nelda Hernandez $3.00 on 2025-08-26
[10/11/2025 08:07:22.778 PM] Action   || Name: finance_skip_dup... || Trigger: kind=income                          || Output: Megan Digiovanni $130.00 on 2025-08-26
[10/11/2025 08:07:22.793 PM] Action   || Name: finance_skip_dup... || Trigger: kind=income                          || Output: Pedro Savala $5.00 on 2025-08-27
[10/11/2025 08:07:22.793 PM] Action   || Name: finance_skip_dup... || Trigger: kind=income                          || Output: Jonathan Mcgeever $5.00 on 2025-08-27
[10/11/2025 08:07:22.793 PM] Action   || Name: finance_skip_dup... || Trigger: kind=income                          || Output: Axel Torres $24.25 on 2025-08-22
[10/11/2025 08:07:22.793 PM] Action   || Name: finance_skip_dup... || Trigger: kind=income                          || Output: M. Padron $20.00 on 2025-08-26
[10/11/2025 08:07:22.793 PM] Action   || Name: finance_skip_dup... || Trigger: kind=income                          || Output: Addison Loera $8.00 on 2025-08-26
[10/11/2025 08:07:22.793 PM] Action   || Name: finance_skip_dup... || Trigger: kind=income                          || Output: Amber Thomas $5.00 on 2025-08-26
[10/11/2025 08:07:22.793 PM] Action   || Name: finance_skip_dup... || Trigger: kind=income                          || Output: Kathleen Cantu $1.00 on 2025-08-26
[10/11/2025 08:07:22.793 PM] Action   || Name: finance_skip_dup... || Trigger: kind=income                          || Output: Amber Thomas $3.00 on 2025-08-26
[10/11/2025 08:07:22.793 PM] Action   || Name: finance_skip_dup... || Trigger: kind=income                          || Output: Rob Jimenez $3.00 on 2025-08-26
[10/11/2025 08:07:22.793 PM] Action   || Name: finance_skip_dup... || Trigger: kind=income                          || Output: Daniel Brantley $3.00 on 2025-08-26
[10/11/2025 08:07:22.793 PM] Action   || Name: finance_skip_dup... || Trigger: kind=income                          || Output: Kylie Crook $5.00 on 2025-09-16
[10/11/2025 08:07:22.793 PM] Action   || Name: finance_skip_dup... || Trigger: kind=income                          || Output: Jenny Nguyen $9.70 on 2025-09-03
[10/11/2025 08:07:23.620 PM] Action   || Name: finance_skip_dup... || Trigger: kind=expense                         || Output: Py Store Here Pantego $54.00 on 2025-04-20
[10/11/2025 08:07:23.620 PM] Action   || Name: finance_skip_dup... || Trigger: kind=expense                         || Output: j s $11.68 on 2025-04-22
[10/11/2025 08:07:23.620 PM] Action   || Name: finance_skip_dup... || Trigger: kind=expense                         || Output: Wix $25.98 on 2025-04-26
[10/11/2025 08:07:23.620 PM] Action   || Name: finance_skip_dup... || Trigger: kind=expense                         || Output: Wix $25.98 on 2025-08-26
[10/11/2025 08:07:23.620 PM] Action   || Name: finance_skip_dup... || Trigger: kind=expense                         || Output: Derek Fuentes $25.98 on 2025-08-26
[10/11/2025 08:07:23.620 PM] Action   || Name: finance_skip_dup... || Trigger: kind=expense                         || Output: Py Store Here Pantego $54.00 on 2025-08-20
[10/11/2025 08:07:23.620 PM] Action   || Name: finance_skip_dup... || Trigger: kind=expense                         || Output: Megan Digiovanni $47.62 on 2025-08-26
[10/11/2025 08:07:23.620 PM] Action   || Name: finance_skip_dup... || Trigger: kind=expense                         || Output: NNT PETSMART # $32.46 on 2025-08-06
[10/11/2025 08:07:23.620 PM] Action   || Name: finance_skip_dup... || Trigger: kind=expense                         || Output: Megan Digiovanni $74.92 on 2025-07-30
[10/11/2025 08:07:23.620 PM] Action   || Name: finance_skip_dup... || Trigger: kind=expense                         || Output: TOMAHAWK LIVE TRAP $581.62 on 2025-05-11
[10/11/2025 08:07:23.620 PM] Action   || Name: finance_skip_dup... || Trigger: kind=expense                         || Output: Py Store Here Pantego $54.00 on 2025-05-20
[10/11/2025 08:07:23.620 PM] Action   || Name: finance_skip_dup... || Trigger: kind=expense                         || Output: Derek Fuentes $72.45 on 2025-05-23
[10/11/2025 08:07:23.620 PM] Action   || Name: finance_skip_dup... || Trigger: kind=expense                         || Output: Wix $25.98 on 2025-05-26
[10/11/2025 08:07:23.636 PM] Action   || Name: finance_skip_dup... || Trigger: kind=expense                         || Output: Megan Digiovanni $89.91 on 2025-10-05
[10/11/2025 08:07:23.636 PM] Action   || Name: finance_skip_dup... || Trigger: kind=expense                         || Output: DOMINO'S $60.57 on 2025-09-09
[10/11/2025 08:07:23.636 PM] Action   || Name: finance_skip_dup... || Trigger: kind=expense                         || Output: Derek Fuentes $20.00 on 2025-09-10
[10/11/2025 08:07:27.975 PM] Message  || User: austinbaustinb      || Channel: #thomas-cat-sandbox                  || Content: Meow
[10/11/2025 08:07:28.135 PM] Action   || Name: handle_misc         || Trigger: trigger=Meow                         || Output: *stretches*
[10/11/2025 08:07:41.776 PM] React+   || User: adeyumii            || Channel: #feeding-team                        || emoji=😆; msg="he didn’t react and just stared at eggs" by _costco_wholesale_
[10/11/2025 08:07:53.885 PM] Message  || User: racerdg             || Channel: #feeding-team                        || Content: Huh
[10/11/2025 08:08:08.000 PM] Message  || User: racerdg             || Channel: #feeding-team                        || Content: its not for me
[10/11/2025 08:08:08.245 PM] Message  || User: austinbaustinb      || Channel: #feeding-team                        || Content: Tomcat who’s been fed
[10/11/2025 08:08:08.247 PM] Intent   || feeding_status            ||                                              
[10/11/2025 08:08:39.970 PM] Message  || User: adeyumii            || Channel: #pictures-of-the-cats                || Content: Garf, I saw Freya once
[10/11/2025 08:08:41.269 PM] Message  || User: austinbaustinb      || Channel: #thomas-cat-sandbox                  || Content: West hall business greens fed
[10/11/2025 08:08:41.274 PM] Intent   || feed_update               ||                                               || station=West Hall; dates=['2025-10-11']
[10/11/2025 08:08:41.957 PM] Action   || Name: sheet_mark          || Trigger: station=West Hall date=2025-10-11    || Output: ok
[10/11/2025 08:08:41.957 PM] Action   || Name: feed_update         || Trigger: station=West Hall; dates=2025-10-11  || Output: ok
[10/11/2025 08:08:43.747 PM] Action   || Name: sheet_mark          || Trigger: station=Business date=2025-10-11     || Output: ok
[10/11/2025 08:08:43.747 PM] Action   || Name: feed_update         || Trigger: station=Business; dates=2025-10-11   || Output: ok
[10/11/2025 08:08:44.198 PM] Action   || Name: sheet_mark          || Trigger: station=Greens date=2025-10-11       || Output: ok
[10/11/2025 08:08:44.198 PM] Action   || Name: feed_update         || Trigger: station=Greens; dates=2025-10-11     || Output: ok
[10/11/2025 08:08:47.202 PM] Message  || User: austinbaustinb      || Channel: #thomas-cat-sandbox                  || Content: Tocat who’s been fed
[10/11/2025 08:08:47.203 PM] Intent   || feeding_status            ||                                              
[10/11/2025 08:09:01.356 PM] Message  || User: adeyumii            || Channel: #pictures-of-the-cats                || Content: I think cats only go over there super late at night/at like 3am
[10/11/2025 08:09:15.584 PM] Message  || User: simplyshadow171295  || Channel: #feeding-team                        || Content: bruhther
[10/11/2025 08:09:17.834 PM] Message  || User: austinbaustinb      || Channel: #feeding-team                        || Content: Internet went out
[10/11/2025 08:09:20.833 PM] Message  || User: austinbaustinb      || Channel: #feeding-team                        || Content: Wasn’t updated
[10/11/2025 08:09:25.717 PM] Message  || User: austinbaustinb      || Channel: #feeding-team                        || Content: Tomcat who feeds today
[10/11/2025 08:09:25.717 PM] Intent   || feeding_today             ||                                              
[10/11/2025 08:09:26.464 PM] Action   || Name: feeding_today       || Trigger: by=624440365595754496                || Output: sent
[10/11/2025 08:09:28.001 PM] React+   || User: simplyshadow171295  || Channel: #pictures-of-the-cats                || emoji=‼️; msg="I think cats only go over there super la..." by adeyumii
[10/11/2025 08:10:44.957 PM] Message  || User: adeyumii            || Channel: #feeding-team                        || Content: I completely forgot to get food and couldn't get onto campus today u...
[10/11/2025 08:10:44.957 PM] Action   || Name: feed_pending_set    || Trigger: ch=643586809166561310; user=47432... || Output: West Campus
[10/11/2025 08:10:52.356 PM] Message  || User: adeyumii            || Channel: #feeding-team                        || Content: lot 50 will survive
[10/11/2025 08:10:52.356 PM] Action   || Name: feed_pending_set    || Trigger: ch=643586809166561310; user=47432... || Output: Lot 50
[10/11/2025 08:14:54.488 PM] React+   || User: emiximez            || Channel: #feeding-team                        || emoji=❤️; msg="we r in the process of getting smaller c..." by slayc127
[10/11/2025 08:18:33.499 PM] Message  || User: emiximez            || Channel: #pictures-of-the-cats                || Content: it's a squirrel! it's a cat! it's.. a bunny!!!
[10/11/2025 08:18:34.203 PM] Action   || Name: image_intake        || Trigger: channel=551084964318543904           || Output: rows=1
[10/11/2025 08:19:43.372 PM] React+   || User: simplyshadow171295  || Channel: #pictures-of-the-cats                || emoji=⁉️; msg="it's a squirrel! it's a cat! it's.. a bu..." by emiximez
[10/11/2025 08:30:53.571 PM] React+   || User: _costco_wholesale_  || Channel: #pictures-of-the-cats                || emoji=⁉️; msg="it's a squirrel! it's a cat! it's.. a bu..." by emiximez
[10/11/2025 08:32:12.422 PM] Message  || User: austinbaustinb      || Channel: #feeding-team                        || Content: Fair
[10/11/2025 08:41:33.599 PM] Message  || User: lifeye              || Channel: #feeding-team                        || Content: imma go feed maintenance in a bit
[10/11/2025 08:41:33.599 PM] Action   || Name: feed_pending_set    || Trigger: ch=643586809166561310; user=80239... || Output: Maintenance
[10/11/2025 08:41:39.269 PM] Message  || User: lifeye              || Channel: #feeding-team                        || Content: i took a nap
[10/11/2025 08:42:27.851 PM] React+   || User: .bettercalljack     || Channel: #feeding-team                        || emoji=🩷; msg=1426732880670752860
[10/11/2025 09:02:02.857 PM] Message  || User: celeryiscelery      || Channel: #itty-bitty-kitty-commitee           || Content: you can still send them 👀
[10/11/2025 09:10:36.257 PM] Message  || User: mochenoch           || Channel: #external-promotions                 || Content: Hi, I’m about to sound like a horrible ass scam message rn but it’s ...
[10/11/2025 09:10:41.017 PM] Message  || User: mochenoch           || Channel: #external-promotions                 || Content: (no text; attachments=0)
[10/11/2025 09:12:03.440 PM] Message  || User: mochenoch           || Channel: #external-promotions                 || Content: I’m selling it for 65, it’s standing room admission
[10/11/2025 09:13:43.458 PM] React+   || User: slayc127            || Channel: #external-promotions                 || emoji=😭; msg="Hi, I’m about to sound like a horrible a..." by mochenoch
[10/11/2025 09:13:59.460 PM] React+   || User: slayc127            || Channel: #feeding-team                        || emoji=😆; msg="i took a nap" by lifeye
[10/11/2025 09:16:19.758 PM] Message  || User: mochenoch           || Channel: #external-promotions                 || Content: I’ll honestly haggle for the price I just really don’t want them to ...
[10/11/2025 09:20:11.448 PM] React+   || User: kitadan             || Channel: #pictures-of-the-cats                || emoji=⁉️; msg="it's a squirrel! it's a cat! it's.. a bu..." by emiximez
[10/11/2025 09:20:31.947 PM] Message  || User: slayc127            || Channel: #external-promotions                 || Content: i shall reach out if i feel like i have the emotional energy to go l...
[10/11/2025 09:20:40.513 PM] React+   || User: kitadan             || Channel: #external-promotions                 || emoji=😭; msg="Hi, I’m about to sound like a horrible a..." by mochenoch
[10/11/2025 09:20:53.849 PM] Message  || User: slayc127            || Channel: #external-promotions                 || Content: i was considering going i saw an ad on insta but i cant commit to an...
[10/11/2025 09:21:25.416 PM] React+   || User: kitadan             || Channel: #feeding-team                        || emoji=😆; msg="i took a nap" by lifeye
[10/11/2025 09:24:37.275 PM] React+   || User: .bettercalljack     || Channel: #external-promotions                 || emoji=😭; msg="Hi, I’m about to sound like a horrible a..." by mochenoch
[10/11/2025 09:24:58.249 PM] Message  || User: .bettercalljack     || Channel: #external-promotions                 || Content: Maybe ne in another universe (fucking broke rn)
[10/11/2025 09:25:03.187 PM] Edit     || User: .bettercalljack     || Channel: #external-promotions                 || Maybe ne in another universe (fucking broke rn) -> Maybe me in another univer...
[10/11/2025 09:26:33.205 PM] Message  || User: mochenoch           || Channel: #external-promotions                 || Content: You deserve it after all your exams
[10/11/2025 09:26:42.076 PM] Message  || User: mochenoch           || Channel: #external-promotions                 || Content: (no text; attachments=0)
[10/11/2025 09:26:42.978 PM] Message  || User: mochenoch           || Channel: #external-promotions                 || Content: (no text; attachments=0)
[10/11/2025 09:26:43.425 PM] Message  || User: mochenoch           || Channel: #external-promotions                 || Content: (no text; attachments=0)
[10/11/2025 09:26:48.159 PM] Delete   || User: mochenoch           || Channel: #external-promotions                 || Content: 
[10/11/2025 09:26:51.180 PM] Delete   || User: mochenoch           || Channel: #external-promotions                 || Content: 
[10/11/2025 09:27:08.637 PM] Message  || User: mochenoch           || Channel: #external-promotions                 || Content: OooOooOoOoOo you want a living tombstone ticket
[10/11/2025 09:38:04.322 PM] React+   || User: nostalgicsapphic    || Channel: #purrley-pawsitive-pussy-pals        || emoji=‼️; msg="pathetic, i love" by celeryiscelery
[10/11/2025 09:38:04.544 PM] React+   || User: nostalgicsapphic    || Channel: #purrley-pawsitive-pussy-pals        || emoji=😭; msg="they begin to itch my skin" by a1darek
[10/11/2025 09:38:33.563 PM] Message  || User: lifeye              || Channel: #feeding-team                        || Content: maintenance fed!!!
[10/11/2025 09:38:33.563 PM] Action   || Name: feed_pending_exp... || Trigger: ch=643586809166561310; user=80239... || Output: 
[10/11/2025 09:38:33.563 PM] Intent   || feed_update               ||                                               || station=Maintenance; dates=['2025-10-11']
[10/11/2025 09:38:34.922 PM] Action   || Name: sheet_mark          || Trigger: station=Maintenance date=2025-10-11  || Output: ok
[10/11/2025 09:38:34.922 PM] Action   || Name: feed_update         || Trigger: station=Maintenance; dates=2025-1... || Output: ok
[10/11/2025 09:39:16.603 PM] React+   || User: slayc127            || Channel: #feeding-team                        || emoji=‼️; msg="maintenance fed!!!" by lifeye
[10/11/2025 09:39:35.243 PM] React+   || User: .bettercalljack     || Channel: #feeding-team                        || emoji=‼️; msg="maintenance fed!!!" by lifeye
[10/11/2025 09:39:41.034 PM] Message  || User: slayc127            || Channel: #purrley-pawsitive-pussy-pals        || Content: i cannot take this (body temperature)
[10/11/2025 09:39:59.603 PM] Message  || User: slayc127            || Channel: #purrley-pawsitive-pussy-pals        || Content: i turn my fan off and i am sweltering, i turn my fan on and i am Fre...
[10/11/2025 10:06:46.457 PM] Message  || User: nostalgicsapphic    || Channel: #purrley-pawsitive-pussy-pals        || Content: easy: open ur window :3
[10/11/2025 10:08:05.069 PM] Message  || User: austinbaustinb      || Channel: #purrley-pawsitive-pussy-pals        || Content: Forever cursed by having multiple interests
[10/11/2025 10:08:25.823 PM] React+   || User: nostalgicsapphic    || Channel: #purrley-pawsitive-pussy-pals        || emoji=🤝; msg="Forever cursed by having multiple intere..." by austinbaustinb
[10/11/2025 10:08:43.712 PM] Message  || User: austinbaustinb      || Channel: #purrley-pawsitive-pussy-pals        || Content: I also have felt like I’m mildly bipolar for a bit cuz like I really...
[10/11/2025 10:09:14.271 PM] Message  || User: austinbaustinb      || Channel: #purrley-pawsitive-pussy-pals        || Content: Cuz maaaaan im talking to an aerospace friend and i kinda miss it….
...
[10/11/2025 10:09:19.604 PM] Message  || User: austinbaustinb      || Channel: #purrley-pawsitive-pussy-pals        || Content: But also I don’t want to NOT do music
[10/11/2025 10:12:31.204 PM] Message  || User: slayc127            || Channel: #purrley-pawsitive-pussy-pals        || Content: i got harassed by the housing people for having my windows open so i...
[10/11/2025 10:12:34.832 PM] React+   || User: slayc127            || Channel: #purrley-pawsitive-pussy-pals        || emoji=🤝; msg="Forever cursed by having multiple intere..." by austinbaustinb
[10/11/2025 10:13:28.781 PM] Message  || User: slayc127            || Channel: #purrley-pawsitive-pussy-pals        || Content: (i will open the window) (i like being annoying)
[10/11/2025 10:13:28.992 PM] Message  || User: maddoxrain3901      || Channel: #report-new-cats                     || Content: all black cat at arbor oaks, looks young
[10/11/2025 10:13:29.477 PM] Action   || Name: image_intake        || Trigger: channel=639882573199441930           || Output: rows=1
[10/11/2025 10:13:36.107 PM] Message  || User: slayc127            || Channel: #report-new-cats                     || Content: shut up
[10/11/2025 10:13:49.832 PM] Message  || User: slayc127            || Channel: #report-new-cats                     || Content: is it still out?? i think im right by this location
[10/11/2025 10:13:56.136 PM] React+   || User: slayc127            || Channel: #report-new-cats                     || emoji=😭; msg="all black cat at arbor oaks, looks young" by maddoxrain3901
[10/11/2025 10:15:20.042 PM] Message  || User: slayc127            || Channel: #purrley-pawsitive-pussy-pals        || Content: (nevermind Giant bug on window)
[10/11/2025 10:18:54.805 PM] React+   || User: nostalgicsapphic    || Channel: #purrley-pawsitive-pussy-pals        || emoji=😭; msg="(nevermind Giant bug on window)" by slayc127
[10/11/2025 10:19:09.284 PM] React+   || User: simplyshadow171295  || Channel: #report-new-cats                     || emoji=😭; msg="all black cat at arbor oaks, looks young" by maddoxrain3901
[10/11/2025 10:19:23.250 PM] Message  || User: simplyshadow171295  || Channel: #bot-spam                            || Content: tomcat who is nori
[10/11/2025 10:19:23.250 PM] Intent   || who_is                    ||                                               || cat=Nori
[10/11/2025 10:19:49.384 PM] Message  || User: maddoxrain3901      || Channel: #report-new-cats                     || Content: i wasn’t able to keep up with it because i’m doing rounds as an RA b...
[10/11/2025 10:19:50.072 PM] Message  || User: simplyshadow171295  || Channel: #bot-spam                            || Content: @kazius [membership+fundraising] perhaps the gal?
[10/11/2025 10:26:06.010 PM] Message  || User: slayc127            || Channel: #report-new-cats                     || Content: not to be weird but i actually think u might be my ra 💀
[10/11/2025 10:26:11.155 PM] Message  || User: slayc127            || Channel: #bot-spam                            || Content: perhaps!
[10/11/2025 10:26:21.044 PM] Message  || User: slayc127            || Channel: #bot-spam                            || Content: ive only seen one other kitty here before and that was a tuxedo, nev...
[10/11/2025 10:26:26.517 PM] Message  || User: slayc127            || Channel: #bot-spam                            || Content: was the first week of my being here
[10/11/2025 10:26:34.947 PM] Message  || User: simplyshadow171295  || Channel: #bot-spam                            || Content: hrm
[10/11/2025 10:26:53.889 PM] Message  || User: simplyshadow171295  || Channel: #bot-spam                            || Content: chimichanga? i thought they were maintenance
[10/11/2025 10:27:04.950 PM] Message  || User: slayc127            || Channel: #bot-spam                            || Content: tomcat who is chimichanga
[10/11/2025 10:27:04.950 PM] Intent   || who_is                    ||                                               || cat=Chimichanga
[10/11/2025 10:27:12.663 PM] Message  || User: slayc127            || Channel: #bot-spam                            || Content: oh actually perhaps!
[10/11/2025 10:27:34.155 PM] Message  || User: slayc127            || Channel: #bot-spam                            || Content: maintenance isnt that far from ao esp for an unfixed male (idk if th...
[10/11/2025 10:28:10.921 PM] React+   || User: vasyline            || Channel: #external-promotions                 || emoji=😭; msg="Hi, I’m about to sound like a horrible a..." by mochenoch
[10/11/2025 10:30:29.285 PM] Message  || User: maddoxrain3901      || Channel: #report-new-cats                     || Content: 💀 doxxed
[10/11/2025 10:31:06.490 PM] Message  || User: simplyshadow171295  || Channel: #bot-spam                            || Content: fluffy boy
[10/11/2025 10:33:59.901 PM] Message  || User: slayc127            || Channel: #report-new-cats                     || Content: NOO
[10/11/2025 10:37:07.009 PM] React+   || User: m_digio             || Channel: #purrley-pawsitive-pussy-pals        || emoji=<:sad_cat:828777514335600641>; msg=1426720102392529056
[10/11/2025 10:37:10.262 PM] React+   || User: m_digio             || Channel: #purrley-pawsitive-pussy-pals        || emoji=❤️; msg=1426730322749292554
[10/11/2025 10:37:35.380 PM] React+   || User: m_digio             || Channel: #pet-pictures                        || emoji=❤️; msg=1426720637052780634
[10/11/2025 10:45:35.761 PM] React+   || User: spitonme            || Channel: #pet-pictures                        || emoji=🐙; msg=1426655175312936990
[10/11/2025 10:45:43.722 PM] Message  || User: spitonme            || Channel: #pet-pictures                        || Content: fucking baby
[10/11/2025 10:46:17.370 PM] React+   || User: spitonme            || Channel: #yapper-committee                    || emoji=🐙; msg="always wear ear protection at concerts" by racerdg
[10/11/2025 10:46:44.737 PM] Message  || User: spitonme            || Channel: #yapper-committee                    || Content: yup even in band my directors were like ,,, invest in some earplugs pls
[10/11/2025 10:47:00.550 PM] React+   || User: spitonme            || Channel: #itty-bitty-kitty-commitee           || emoji=🐙; msg="I WAS BABY LOCKED OUT OF SAYING THINGS O..." by melennui
[10/11/2025 10:47:16.260 PM] React+   || User: spitonme            || Channel: #external-promotions                 || emoji=🐙; msg="Hi, I’m about to sound like a horrible a..." by mochenoch
[10/11/2025 10:47:53.133 PM] Message  || User: spitonme            || Channel: #external-promotions                 || Content: oh my god the living tombstone
[10/11/2025 10:47:58.399 PM] Message  || User: spitonme            || Channel: #external-promotions                 || Content: this is my chance to hear discord live
[10/11/2025 10:48:18.818 PM] Message  || User: spitonme            || Channel: #external-promotions                 || Content: what time is the concert
[10/11/2025 10:48:21.032 PM] Message  || User: a1darek             || Channel: #purrley-pawsitive-pussy-pals        || Content: i think i know what having a cat feels like know
[10/11/2025 10:48:30.546 PM] Message  || User: a1darek             || Channel: #purrley-pawsitive-pussy-pals        || Content: i just had the sudden urge to stop what i was doing to go fuck with ...
[10/11/2025 10:48:35.929 PM] Edit     || User: a1darek             || Channel: #purrley-pawsitive-pussy-pals        || i think i know what having a cat feels like know -> i think i know what havin...
[10/11/2025 10:48:49.315 PM] Message  || User: spitonme            || Channel: #external-promotions                 || Content: wait you’re not going 💔
[10/11/2025 10:48:57.885 PM] Message  || User: a1darek             || Channel: #purrley-pawsitive-pussy-pals        || Content: https://tenor.com/view/meme-mahoraga-jjk-brainrot-i-understand-it-no...
[10/11/2025 10:49:06.862 PM] React+   || User: nostalgicsapphic    || Channel: #purrley-pawsitive-pussy-pals        || emoji=🔥; msg="i just had the sudden urge to stop what ..." by a1darek
[10/11/2025 10:49:08.846 PM] Message  || User: spitonme            || Channel: #external-promotions                 || Content: nvm chat
[10/11/2025 10:50:04.798 PM] Message  || User: mochenoch           || Channel: #external-promotions                 || Content: Unfortunately not, just selling my ticket 😭
[10/11/2025 10:50:12.253 PM] Message  || User: spitonme            || Channel: #yapper-committee                    || Content: fuck my baka life seeing u guys pet eggs
[10/11/2025 10:50:27.822 PM] Message  || User: spitonme            || Channel: #yapper-committee                    || Content: summer happened and eggs and eraser r acting brand new
[10/11/2025 10:50:30.640 PM] Message  || User: mochenoch           || Channel: #yapper-committee                    || Content: I’m itching to go to like a good club
[10/11/2025 10:50:42.097 PM] Message  || User: spitonme            || Channel: #yapper-committee                    || Content: yea lowk me too
[10/11/2025 10:51:09.615 PM] Message  || User: mochenoch           || Channel: #yapper-committee                    || Content: Lowkey lowkey
[10/11/2025 10:51:19.942 PM] Message  || User: mochenoch           || Channel: #yapper-committee                    || Content: My 21st I’m hitting a club up immediately
[10/11/2025 10:51:26.374 PM] React+   || User: maddoxrain3901      || Channel: #report-new-cats                     || emoji=<:woahthere:1251730252607131718>; msg="NOO" by slayc127
[10/11/2025 10:51:50.905 PM] React+   || User: austinbaustinb      || Channel: #purrley-pawsitive-pussy-pals        || emoji=❤️; msg="i just had the sudden urge to stop what ..." by a1darek
[10/11/2025 10:51:59.817 PM] Message  || User: austinbaustinb      || Channel: #purrley-pawsitive-pussy-pals        || Content: Toothless sleeps on a shelf in our closet
[10/11/2025 10:52:00.733 PM] React+   || User: spitonme            || Channel: #yapper-committee                    || emoji=🐙; msg="My 21st I’m hitting a club up immediatel..." by mochenoch
[10/11/2025 10:52:02.661 PM] Message  || User: spitonme            || Channel: #yapper-committee                    || Content: 😭
[10/11/2025 10:52:05.127 PM] Message  || User: mochenoch           || Channel: #yapper-committee                    || Content: And if it’s dog water I’m just going to hit up a Waffle House
[10/11/2025 10:52:08.204 PM] React+   || User: nostalgicsapphic    || Channel: #purrley-pawsitive-pussy-pals        || emoji=😆; msg="Toothless sleeps on a shelf in our close..." by austinbaustinb
[10/11/2025 10:52:08.962 PM] Message  || User: spitonme            || Channel: #yapper-committee                    || Content: 😭😭
[10/11/2025 10:52:10.820 PM] Message  || User: austinbaustinb      || Channel: #purrley-pawsitive-pussy-pals        || Content: Perfect “grabbing and bringing him over here” location
[10/11/2025 10:52:27.749 PM] Message  || User: mochenoch           || Channel: #yapper-committee                    || Content: Fool proof plan
[10/11/2025 10:52:33.150 PM] Message  || User: mochenoch           || Channel: #yapper-committee                    || Content: Using my degree to good use
[10/11/2025 10:52:34.294 PM] Message  || User: nostalgicsapphic    || Channel: #purrley-pawsitive-pussy-pals        || Content: all y’all need to get cats i love hearing about the little things ge...
[10/11/2025 10:52:39.635 PM] Edit     || User: nostalgicsapphic    || Channel: #purrley-pawsitive-pussy-pals        || all y’all need to get cats i love hearing about the little things getting up ...
[10/11/2025 10:52:42.535 PM] Message  || User: austinbaustinb      || Channel: #purrley-pawsitive-pussy-pals        || Content: Innocent man doing nothing wrong but I wanna kiss his forehead
[10/11/2025 10:52:47.880 PM] React+   || User: nostalgicsapphic    || Channel: #purrley-pawsitive-pussy-pals        || emoji=‼️; msg="Innocent man doing nothing wrong but I w..." by austinbaustinb
[10/11/2025 10:54:54.171 PM] Message  || User: spitonme            || Channel: #yapper-committee                    || Content: ngl im going to see Twice next year and
[10/11/2025 10:55:07.423 PM] Message  || User: spitonme            || Channel: #yapper-committee                    || Content: im a lil sad i cant do the twice alcohol free challenge
[10/11/2025 10:55:30.789 PM] Message  || User: spitonme            || Channel: #yapper-committee                    || Content: methinks ill make my mom buy them for me next summer when my friend ...
[10/11/2025 10:55:43.803 PM] Message  || User: spitonme            || Channel: #yapper-committee                    || Content: (i bought tickets in boston bc she goes to BU)
[10/11/2025 10:56:20.060 PM] Message  || User: spitonme            || Channel: #yapper-committee                    || Content: bc its legal to drink underage if your parents are with you !! in th...
[10/11/2025 10:59:51.272 PM] Message  || User: spitonme            || Channel: #yapper-committee                    || Content: https://tenor.com/view/twice-jihyo-jihyo-jihyo-cute-cute-jihyo-gif-1...
[10/11/2025 11:05:38.840 PM] React+   || User: slayc127            || Channel: #purrley-pawsitive-pussy-pals        || emoji=🔥; msg="i just had the sudden urge to stop what ..." by a1darek
[10/11/2025 11:05:39.215 PM] React+   || User: slayc127            || Channel: #purrley-pawsitive-pussy-pals        || emoji=❤️; msg="i just had the sudden urge to stop what ..." by a1darek
[10/11/2025 11:05:42.192 PM] React+   || User: slayc127            || Channel: #purrley-pawsitive-pussy-pals        || emoji=😆; msg="Toothless sleeps on a shelf in our close..." by austinbaustinb
[10/11/2025 11:05:48.570 PM] React+   || User: slayc127            || Channel: #purrley-pawsitive-pussy-pals        || emoji=‼️; msg="Innocent man doing nothing wrong but I w..." by austinbaustinb
[10/11/2025 11:05:54.478 PM] Message  || User: slayc127            || Channel: #purrley-pawsitive-pussy-pals        || Content: >:(
[10/11/2025 11:06:02.786 PM] Message  || User: nostalgicsapphic    || Channel: #purrley-pawsitive-pussy-pals        || Content: :3
[10/11/2025 11:06:21.312 PM] Message  || User: slayc127            || Channel: #yapper-committee                    || Content: erm
[10/11/2025 11:06:33.695 PM] Message  || User: slayc127            || Channel: #yapper-committee                    || Content: jealous
[10/11/2025 11:06:39.527 PM] Message  || User: spitonme            || Channel: #yapper-committee                    || Content: ehehe
[10/11/2025 11:06:39.705 PM] React+   || User: coziidruid          || Channel: #purrley-pawsitive-pussy-pals        || emoji=❤️; msg=1426730322749292554
[10/11/2025 11:06:53.405 PM] Message  || User: slayc127            || Channel: #yapper-committee                    || Content: i didnt evem bother trying
[10/11/2025 11:07:27.960 PM] Message  || User: slayc127            || Channel: #yapper-committee                    || Content: already plotting going out of tx for a concert in march/april my ass...
[10/11/2025 11:07:41.835 PM] Message  || User: slayc127            || Channel: #purrley-pawsitive-pussy-pals        || Content: no kitty for kazius for at least a yr
[10/11/2025 11:07:42.368 PM] Message  || User: spitonme            || Channel: #yapper-committee                    || Content: bro
[10/11/2025 11:07:52.546 PM] Message  || User: spitonme            || Channel: #yapper-committee                    || Content: the difference in boston vs tx tickets
[10/11/2025 11:07:53.822 PM] Message  || User: spitonme            || Channel: #yapper-committee                    || Content: insane
[10/11/2025 11:08:07.771 PM] Message  || User: spitonme            || Channel: #yapper-committee                    || Content: u did it on the 9th and texas had like
[10/11/2025 11:08:12.867 PM] Message  || User: spitonme            || Channel: #yapper-committee                    || Content: 4 sections available
[10/11/2025 11:08:27.027 PM] Message  || User: spitonme            || Channel: #yapper-committee                    || Content: and the next day when i got confirmation from my friend that she can...
[10/11/2025 11:08:52.227 PM] Message  || User: spitonme            || Channel: #yapper-committee                    || Content: none of the sections were all sold out so i was able to get floor se...
[10/11/2025 11:09:01.052 PM] Message  || User: spitonme            || Channel: #yapper-committee                    || Content: and it was like $300 for both of us
[10/11/2025 11:09:08.414 PM] Message  || User: spitonme            || Channel: #yapper-committee                    || Content: still gotta get plane tickets tho 😥
[10/11/2025 11:09:20.802 PM] Message  || User: spitonme            || Channel: #yapper-committee                    || Content: #scared
[10/11/2025 11:09:22.499 PM] Message  || User: coziidruid          || Channel: #purrley-pawsitive-pussy-pals        || Content: my former psychiatrist asked if i was bipolar once and when i was ex...
[10/11/2025 11:09:30.304 PM] Message  || User: spitonme            || Channel: #yapper-committee                    || Content: never flown solo
[10/11/2025 11:09:34.415 PM] React+   || User: nostalgicsapphic    || Channel: #purrley-pawsitive-pussy-pals        || emoji=😭; msg="my former psychiatrist asked if i was bi..." by coziidruid
[10/11/2025 11:09:37.024 PM] Message  || User: slayc127            || Channel: #yapper-committee                    || Content: flying is fun
[10/11/2025 11:09:43.982 PM] Message  || User: slayc127            || Channel: #yapper-committee                    || Content: i wish i could afford 2 travel more
[10/11/2025 11:09:51.040 PM] React+   || User: slayc127            || Channel: #purrley-pawsitive-pussy-pals        || emoji=😭; msg="my former psychiatrist asked if i was bi..." by coziidruid
[10/11/2025 11:10:06.303 PM] Message  || User: spitonme            || Channel: #yapper-committee                    || Content: last time i was on a plane my highschool paid for it
[10/11/2025 11:10:12.729 PM] React+   || User: a1darek             || Channel: #purrley-pawsitive-pussy-pals        || emoji=😆; msg="Toothless sleeps on a shelf in our close..." by austinbaustinb
[10/11/2025 11:10:21.882 PM] Message  || User: spitonme            || Channel: #yapper-committee                    || Content: i didnt even sleep 💔
[10/11/2025 11:10:24.426 PM] Message  || User: celeryiscelery      || Channel: #purrley-pawsitive-pussy-pals        || Content: welcome to the cult
[10/11/2025 11:10:32.118 PM] React+   || User: coziidruid          || Channel: #purrley-pawsitive-pussy-pals        || emoji=‼️; msg="welcome to the cult" by celeryiscelery
[10/11/2025 11:10:42.926 PM] Message  || User: a1darek             || Channel: #purrley-pawsitive-pussy-pals        || Content: yeah man
[10/11/2025 11:10:58.933 PM] Message  || User: a1darek             || Channel: #purrley-pawsitive-pussy-pals        || Content: She's actually so stupid she hates being on her back but then gets o...
[10/11/2025 11:11:04.652 PM] React+   || User: nostalgicsapphic    || Channel: #purrley-pawsitive-pussy-pals        || emoji=😆; msg="She's actually so stupid she hates being..." by a1darek
[10/11/2025 11:11:19.410 PM] Message  || User: a1darek             || Channel: #purrley-pawsitive-pussy-pals        || Content: also she hates being picked up like she's so crazy to get out of my ...
[10/11/2025 11:11:20.269 PM] Message  || User: nostalgicsapphic    || Channel: #purrley-pawsitive-pussy-pals        || Content: need more photos am visual learner
[10/11/2025 11:12:06.504 PM] Message  || User: a1darek             || Channel: #purrley-pawsitive-pussy-pals        || Content: she ran under the couch
[10/11/2025 11:12:10.543 PM] Message  || User: nostalgicsapphic    || Channel: #purrley-pawsitive-pussy-pals        || Content: LAME
[10/11/2025 11:12:16.070 PM] Message  || User: celeryiscelery      || Channel: #purrley-pawsitive-pussy-pals        || Content: dumbass
[10/11/2025 11:12:18.055 PM] Message  || User: celeryiscelery      || Channel: #purrley-pawsitive-pussy-pals        || Content: not u
[10/11/2025 11:12:20.500 PM] Message  || User: celeryiscelery      || Channel: #purrley-pawsitive-pussy-pals        || Content: sienna
[10/11/2025 11:12:33.613 PM] Message  || User: .bettercalljack     || Channel: #pet-pictures                        || Content: (no text; attachments=2)
[10/11/2025 11:12:36.511 PM] Message  || User: a1darek             || Channel: #purrley-pawsitive-pussy-pals        || Content: (no text; attachments=1)
[10/11/2025 11:12:40.568 PM] Message  || User: a1darek             || Channel: #purrley-pawsitive-pussy-pals        || Content: The creature
[10/11/2025 11:13:07.186 PM] Message  || User: celeryiscelery      || Channel: #purrley-pawsitive-pussy-pals        || Content: how many calories do you think she is now?
[10/11/2025 11:13:25.290 PM] Message  || User: celeryiscelery      || Channel: #purrley-pawsitive-pussy-pals        || Content: i’d say a reasonable 700
[10/11/2025 11:13:33.370 PM] Message  || User: a1darek             || Channel: #purrley-pawsitive-pussy-pals        || Content: I think that's generous
[10/11/2025 11:13:37.689 PM] Message  || User: a1darek             || Channel: #purrley-pawsitive-pussy-pals        || Content: Id say 300-400
[10/11/2025 11:13:47.366 PM] Message  || User: celeryiscelery      || Channel: #purrley-pawsitive-pussy-pals        || Content: the photo gassing her up fr
[10/11/2025 11:14:57.010 PM] Message  || User: a1darek             || Channel: #purrley-pawsitive-pussy-pals        || Content: (no text; attachments=1)
[10/11/2025 11:22:21.092 PM] Message  || User: .bettercalljack     || Channel: #yapper-committee                    || Content: I can never sleep when sitting up and traveling somewhere
[10/11/2025 11:23:17.135 PM] Message  || User: yaeji               || Channel: #yapper-committee                    || Content: i have an irrational fear of being violated while sleeping in a publ...
[10/11/2025 11:24:36.220 PM] Message  || User: .bettercalljack     || Channel: #yapper-committee                    || Content: Unless i get desperate and be in the same position for at least half...
[10/11/2025 11:28:56.311 PM] React+   || User: kitadan             || Channel: #pet-pictures                        || emoji=🧡; msg=1426784590588284969
[10/11/2025 11:43:08.585 PM] React+   || User: simplyshadow171295  || Channel: #yapper-committee                    || emoji=🤝; msg="i have an irrational fear of being viola..." by yaeji
[10/11/2025 11:48:07.547 PM] React+   || User: slayc127            || Channel: #purrley-pawsitive-pussy-pals        || emoji=😆; msg="She's actually so stupid she hates being..." by a1darek
[10/11/2025 11:48:40.779 PM] React+   || User: austinbaustinb      || Channel: #purrley-pawsitive-pussy-pals        || emoji=❤️; msg="my former psychiatrist asked if i was bi..." by coziidruid
[10/11/2025 11:50:02.608 PM] Message  || User: austinbaustinb      || Channel: #purrley-pawsitive-pussy-pals        || Content: Toothless has unlimited water of his own and will drink it if I brin...
[10/11/2025 11:50:10.663 PM] React+   || User: nostalgicsapphic    || Channel: #purrley-pawsitive-pussy-pals        || emoji=😆; msg="Toothless has unlimited water of his own..." by austinbaustinb
[10/11/2025 11:50:25.896 PM] React+   || User: nostalgicsapphic    || Channel: #purrley-pawsitive-pussy-pals        || emoji=🎉; msg=1426785191535579146
[10/11/2025 11:50:27.525 PM] React+   || User: nostalgicsapphic    || Channel: #purrley-pawsitive-pussy-pals        || emoji=🔥; msg=1426785191535579146
[10/11/2025 11:50:42.409 PM] Message  || User: austinbaustinb      || Channel: #purrley-pawsitive-pussy-pals        || Content: But something about MY water in glasses, toilet water, and sink wate...
[10/11/2025 11:50:52.930 PM] Message  || User: austinbaustinb      || Channel: #purrley-pawsitive-pussy-pals        || Content: So I put a clean bowl into the sink with the dirty dishes
[10/11/2025 11:50:55.724 PM] React+   || User: nostalgicsapphic    || Channel: #purrley-pawsitive-pussy-pals        || emoji=😆; msg="But something about MY water in glasses,..." by austinbaustinb
[10/11/2025 11:51:01.060 PM] Message  || User: austinbaustinb      || Channel: #purrley-pawsitive-pussy-pals        || Content: And filled it with clean tap water like his actual bowl
[10/11/2025 11:51:01.072 PM] Intent   || feed_update               ||                                               || station=Mary Kay and Zen; dates=['2025-10-11']
[10/11/2025 11:51:01.073 PM] Action   || Name: feed_update_ignored || Trigger: station=Mary Kay and Zen             || Output: channel_blocked:830643125784412181
[10/11/2025 11:51:14.199 PM] Message  || User: austinbaustinb      || Channel: #purrley-pawsitive-pussy-pals        || Content: And he’s drinking it cuz he thinks he’s getting away with evil
[10/11/2025 11:51:24.406 PM] React+   || User: nostalgicsapphic    || Channel: #purrley-pawsitive-pussy-pals        || emoji=😆; msg="And he’s drinking it cuz he thinks he’s ..." by austinbaustinb
[10/11/2025 11:51:33.880 PM] Message  || User: nostalgicsapphic    || Channel: #purrley-pawsitive-pussy-pals        || Content: HEHEHE the little stanceeee
[10/11/2025 11:51:41.897 PM] React+   || User: austinbaustinb      || Channel: #purrley-pawsitive-pussy-pals        || emoji=❤️; msg="HEHEHE the little stanceeee" by nostalgicsapphic
